conflict_id,person_id,activity_1,activity_2,start_time_1,end_time_1,start_time_2,end_time_2,overlap_start,overlap_end,overlap_duration_minutes,conflict_type,severity,location_1,location_2
CONF_0001,P001,Team Building,Deployment,2025-09-19 10:30,2025-09-19 11:00,2025-09-19 09:30,2025-09-19 11:00,2025-09-19 10:30,2025-09-19 11:00,30.0,full overlap,Medium,Break Room,Online Meeting
CONF_0002,P001,One-on-One,Product Demo,2025-09-25 18:00,2025-09-25 19:00,2025-09-25 18:30,2025-09-25 19:15,2025-09-25 18:30,2025-09-25 19:00,30.0,partial overlap,Medium,Office Area 2,Office Area 1
CONF_0003,P001,One-on-One,Code Review,2025-09-25 18:00,2025-09-25 19:00,2025-09-25 17:30,2025-09-25 18:15,2025-09-25 18:00,2025-09-25 18:15,15.0,partial overlap,Low,Office Area 2,Client Reception
CONF_0004,P001,Code Review,Operations Check,2025-09-24 14:15,2025-09-24 15:15,2025-09-24 14:00,2025-09-24 14:45,2025-09-24 14:15,2025-09-24 14:45,30.0,partial overlap,Medium,Office Area 2,R&D Center
CONF_0005,P001,Testing Acceptance,Testing Acceptance,2025-09-23 11:30,2025-09-23 12:30,2025-09-23 11:00,2025-09-23 12:00,2025-09-23 11:30,2025-09-23 12:00,30.0,partial overlap,Medium,Office Area 2,Test Lab
CONF_0006,P001,Training,Operations Check,2025-09-25 11:07,2025-09-25 11:35,2025-09-25 10:45,2025-09-25 11:30,2025-09-25 11:07,2025-09-25 11:30,23.0,partial overlap,Low,Break Room,Demo Hall
CONF_0007,P001,Project Discussion,Product Demo,2025-09-20 13:29,2025-09-20 14:13,2025-09-20 13:15,2025-09-20 13:45,2025-09-20 13:29,2025-09-20 13:45,16.0,partial overlap,Low,Product Showcase,Conference Room C
CONF_0008,P001,Tech Sharing,Testing Acceptance,2025-09-23 11:48,2025-09-23 12:24,2025-09-23 11:30,2025-09-23 12:30,2025-09-23 11:48,2025-09-23 12:24,36.0,full overlap,Medium,Break Room,Office Area 2
CONF_0009,P001,Tech Sharing,Testing Acceptance,2025-09-23 11:48,2025-09-23 12:24,2025-09-23 11:00,2025-09-23 12:00,2025-09-23 11:48,2025-09-23 12:00,12.0,partial overlap,Low,Break Room,Test Lab
CONF_0010,P001,Code Review,One-on-One,2025-09-25 17:43,2025-09-25 18:09,2025-09-25 18:00,2025-09-25 19:00,2025-09-25 18:00,2025-09-25 18:09,9.0,partial overlap,Low,Client Reception,Office Area 2
CONF_0011,P001,Code Review,Code Review,2025-09-25 17:43,2025-09-25 18:09,2025-09-25 17:30,2025-09-25 18:15,2025-09-25 17:43,2025-09-25 18:09,26.0,full overlap,Low,Client Reception,Client Reception
CONF_0012,P001,Tech Sharing,One-on-One,2025-09-25 11:45,2025-09-25 12:30,2025-09-25 12:00,2025-09-25 12:45,2025-09-25 12:00,2025-09-25 12:30,30.0,partial overlap,Medium,Demo Hall,Client Reception
CONF_0013,P001,Design Review,Code Review,2025-09-25 17:15,2025-09-25 18:00,2025-09-25 17:30,2025-09-25 18:15,2025-09-25 17:30,2025-09-25 18:00,30.0,partial overlap,Medium,Break Room,Client Reception
CONF_0014,P001,Design Review,Code Review,2025-09-25 17:15,2025-09-25 18:00,2025-09-25 17:43,2025-09-25 18:09,2025-09-25 17:43,2025-09-25 18:00,17.0,partial overlap,Low,Break Room,Client Reception
CONF_0015,P001,Product Demo,One-on-One,2025-09-25 12:00,2025-09-25 12:45,2025-09-25 12:00,2025-09-25 12:45,2025-09-25 12:00,2025-09-25 12:45,45.0,full overlap,Medium,Client Reception,Client Reception
CONF_0016,P001,Product Demo,Tech Sharing,2025-09-25 12:00,2025-09-25 12:45,2025-09-25 11:45,2025-09-25 12:30,2025-09-25 12:00,2025-09-25 12:30,30.0,partial overlap,Medium,Client Reception,Demo Hall
CONF_0017,P001,Training,Training,2025-09-28 16:00,2025-09-28 16:30,2025-09-28 15:45,2025-09-28 16:30,2025-09-28 16:00,2025-09-28 16:30,30.0,full overlap,Medium,Product Showcase,Demo Hall
CONF_0018,P001,Operations Check,Operations Check,2025-10-02 09:00,2025-10-02 09:45,2025-10-02 08:30,2025-10-02 09:15,2025-10-02 09:00,2025-10-02 09:15,15.0,partial overlap,Low,Remote,Remote
CONF_0019,P001,Team Building,Operations Check,2025-10-02 08:30,2025-10-02 09:00,2025-10-02 08:30,2025-10-02 09:15,2025-10-02 08:30,2025-10-02 09:00,30.0,full overlap,Medium,Training Room,Remote
CONF_0020,P001,Deployment,Requirements Analysis,2025-09-30 14:15,2025-09-30 15:00,2025-09-30 14:00,2025-09-30 14:45,2025-09-30 14:15,2025-09-30 14:45,30.0,partial overlap,Medium,Test Lab,Demo Hall
CONF_0021,P001,Brainstorming,Tech Sharing,2025-10-03 13:15,2025-10-03 14:00,2025-10-03 13:15,2025-10-03 13:45,2025-10-03 13:15,2025-10-03 13:45,30.0,full overlap,Medium,Conference Room C,Cafe
CONF_0022,P001,Meeting,Code Review,2025-10-02 13:00,2025-10-02 13:30,2025-10-02 13:00,2025-10-02 13:45,2025-10-02 13:00,2025-10-02 13:30,30.0,full overlap,Medium,Office Area 1,Product Showcase
CONF_0023,P001,Client Visit,Testing Acceptance,2025-10-01 10:45,2025-10-01 11:30,2025-10-01 11:15,2025-10-01 11:30,2025-10-01 11:15,2025-10-01 11:30,15.0,full overlap,Low,Test Lab,Training Room
CONF_0024,P001,Deployment,Testing Acceptance,2025-10-01 11:15,2025-10-01 11:30,2025-10-01 11:15,2025-10-01 11:30,2025-10-01 11:15,2025-10-01 11:30,15.0,full overlap,Low,Conference Room B,Training Room
CONF_0025,P001,Deployment,Client Visit,2025-10-01 11:15,2025-10-01 11:30,2025-10-01 10:45,2025-10-01 11:30,2025-10-01 11:15,2025-10-01 11:30,15.0,full overlap,Low,Conference Room B,Test Lab
CONF_0026,P001,Operations Check,Design Review,2025-10-02 09:45,2025-10-02 10:30,2025-10-02 09:45,2025-10-02 10:00,2025-10-02 09:45,2025-10-02 10:00,15.0,full overlap,Low,Test Lab,R&D Center
CONF_0027,P001,Training,Brainstorming,2025-10-03 12:45,2025-10-03 13:30,2025-10-03 13:15,2025-10-03 14:00,2025-10-03 13:15,2025-10-03 13:30,15.0,partial overlap,Low,Remote,Conference Room C
CONF_0028,P001,Training,Tech Sharing,2025-10-03 12:45,2025-10-03 13:30,2025-10-03 13:15,2025-10-03 13:45,2025-10-03 13:15,2025-10-03 13:30,15.0,partial overlap,Low,Remote,Cafe
CONF_0029,P001,Deployment,Client Visit,2025-10-02 15:40,2025-10-02 16:19,2025-10-02 15:15,2025-10-02 16:00,2025-10-02 15:40,2025-10-02 16:00,20.0,partial overlap,Low,Online Meeting,Client Reception
CONF_0030,P001,Requirements Analysis,Training,2025-09-28 16:11,2025-09-28 16:40,2025-09-28 15:45,2025-09-28 16:30,2025-09-28 16:11,2025-09-28 16:30,19.0,partial overlap,Low,Conference Room A,Demo Hall
CONF_0031,P001,Requirements Analysis,Training,2025-09-28 16:11,2025-09-28 16:40,2025-09-28 16:00,2025-09-28 16:30,2025-09-28 16:11,2025-09-28 16:30,19.0,partial overlap,Low,Conference Room A,Product Showcase
CONF_0032,P001,Design Review,Tech Sharing,2025-10-02 18:51,2025-10-02 19:25,2025-10-02 18:30,2025-10-02 19:15,2025-10-02 18:51,2025-10-02 19:15,24.0,partial overlap,Low,Office Area 2,Cafe
CONF_0033,P001,Requirements Analysis,Tech Sharing,2025-09-26 11:11,2025-09-26 11:48,2025-09-26 11:00,2025-09-26 11:45,2025-09-26 11:11,2025-09-26 11:45,34.0,partial overlap,Medium,Product Showcase,Conference Room A
CONF_0034,P001,Training,Meeting,2025-10-08 13:57,2025-10-08 14:20,2025-10-08 13:30,2025-10-08 14:00,2025-10-08 13:57,2025-10-08 14:00,3.0,partial overlap,Low,Office Area 1,Product Showcase
CONF_0035,P001,Project Discussion,Project Discussion,2025-10-05 14:00,2025-10-05 15:00,2025-10-05 14:00,2025-10-05 14:45,2025-10-05 14:00,2025-10-05 14:45,45.0,full overlap,Medium,Conference Room C,Client Reception
CONF_0036,P001,Product Demo,Team Building,2025-10-08 11:00,2025-10-08 12:30,2025-10-08 11:00,2025-10-08 11:45,2025-10-08 11:00,2025-10-08 11:45,45.0,full overlap,Medium,Remote,Product Showcase
CONF_0037,P001,Brainstorming,Code Review,2025-10-16 14:41,2025-10-16 15:34,2025-10-16 14:15,2025-10-16 15:15,2025-10-16 14:41,2025-10-16 15:15,34.0,partial overlap,Medium,Client Reception,Office Area 1
CONF_0038,P001,Testing Acceptance,Team Building,2025-10-08 11:25,2025-10-08 11:45,2025-10-08 11:00,2025-10-08 11:45,2025-10-08 11:25,2025-10-08 11:45,20.0,full overlap,Low,Cafe,Product Showcase
CONF_0039,P001,Testing Acceptance,Product Demo,2025-10-08 11:25,2025-10-08 11:45,2025-10-08 11:00,2025-10-08 12:30,2025-10-08 11:25,2025-10-08 11:45,20.0,full overlap,Low,Cafe,Remote
CONF_0040,P001,Meeting,Project Discussion,2025-10-05 14:19,2025-10-05 15:18,2025-10-05 14:00,2025-10-05 14:45,2025-10-05 14:19,2025-10-05 14:45,26.0,partial overlap,Low,Conference Room A,Client Reception
CONF_0041,P001,Meeting,Project Discussion,2025-10-05 14:19,2025-10-05 15:18,2025-10-05 14:00,2025-10-05 15:00,2025-10-05 14:19,2025-10-05 15:00,41.0,partial overlap,Medium,Conference Room A,Conference Room C
CONF_0042,P001,Code Review,Team Building,2025-10-12 15:00,2025-10-12 15:45,2025-10-12 15:00,2025-10-12 15:30,2025-10-12 15:00,2025-10-12 15:30,30.0,full overlap,Medium,Office Area 1,Conference Room B
CONF_0043,P001,Meeting,Team Building,2025-10-12 12:15,2025-10-12 12:45,2025-10-12 11:30,2025-10-12 12:30,2025-10-12 12:15,2025-10-12 12:30,15.0,partial overlap,Low,Conference Room A,Office Area 2
CONF_0044,P001,Testing Acceptance,Requirements Analysis,2025-10-18 09:00,2025-10-18 10:00,2025-10-18 08:45,2025-10-18 09:45,2025-10-18 09:00,2025-10-18 09:45,45.0,partial overlap,Medium,Product Showcase,Test Lab
CONF_0045,P001,One-on-One,Operations Check,2025-10-15 15:45,2025-10-15 16:45,2025-10-15 16:30,2025-10-15 17:00,2025-10-15 16:30,2025-10-15 16:45,15.0,partial overlap,Low,Conference Room B,Conference Room C
CONF_0046,P001,Operations Check,Design Review,2025-10-15 09:00,2025-10-15 09:30,2025-10-15 08:15,2025-10-15 09:15,2025-10-15 09:00,2025-10-15 09:15,15.0,partial overlap,Low,Online Meeting,Product Showcase
CONF_0047,P001,Design Review,Project Discussion,2025-10-16 11:15,2025-10-16 11:45,2025-10-16 11:30,2025-10-16 12:30,2025-10-16 11:30,2025-10-16 11:45,15.0,partial overlap,Low,Conference Room A,Conference Room A
CONF_0048,P001,Product Demo,Design Review,2025-10-16 17:36,2025-10-16 18:10,2025-10-16 17:30,2025-10-16 18:30,2025-10-16 17:36,2025-10-16 18:10,34.0,full overlap,Medium,Online Meeting,Conference Room B
CONF_0049,P001,Design Review,Code Review,2025-10-21 11:31,2025-10-21 12:17,2025-10-21 11:15,2025-10-21 11:45,2025-10-21 11:31,2025-10-21 11:45,14.0,partial overlap,Low,Conference Room A,Break Room
CONF_0050,P001,Design Review,Design Review,2025-10-21 11:31,2025-10-21 12:17,2025-10-21 12:00,2025-10-21 12:30,2025-10-21 12:00,2025-10-21 12:17,17.0,partial overlap,Low,Conference Room A,Demo Hall
CONF_0051,P001,Operations Check,Operations Check,2025-10-15 16:43,2025-10-15 17:02,2025-10-15 16:30,2025-10-15 17:00,2025-10-15 16:43,2025-10-15 17:00,17.0,partial overlap,Low,Break Room,Conference Room C
CONF_0052,P001,Operations Check,One-on-One,2025-10-15 16:43,2025-10-15 17:02,2025-10-15 15:45,2025-10-15 16:45,2025-10-15 16:43,2025-10-15 16:45,2.0,partial overlap,Low,Break Room,Conference Room B
CONF_0053,P001,Client Visit,Product Demo,2025-10-15 09:50,2025-10-15 10:14,2025-10-15 09:30,2025-10-15 10:15,2025-10-15 09:50,2025-10-15 10:14,24.0,full overlap,Low,Cafe,Cafe
CONF_0054,P001,Design Review,Tech Sharing,2025-10-23 18:50,2025-10-23 19:21,2025-10-23 18:30,2025-10-23 19:15,2025-10-23 18:50,2025-10-23 19:15,25.0,partial overlap,Low,Break Room,Cafe
CONF_0055,P001,Design Review,Code Review,2025-10-23 15:30,2025-10-23 16:00,2025-10-23 15:45,2025-10-23 16:00,2025-10-23 15:45,2025-10-23 16:00,15.0,full overlap,Low,Conference Room C,Conference Room A
CONF_0056,P001,Project Discussion,Client Visit,2025-10-24 10:45,2025-10-24 11:30,2025-10-24 10:45,2025-10-24 11:30,2025-10-24 10:45,2025-10-24 11:30,45.0,full overlap,Medium,Remote,Client Reception
CONF_0057,P001,Training,Client Visit,2025-10-23 08:45,2025-10-23 09:30,2025-10-23 09:00,2025-10-23 09:30,2025-10-23 09:00,2025-10-23 09:30,30.0,full overlap,Medium,Conference Room B,Break Room
CONF_0058,P001,Client Visit,Project Discussion,2025-10-23 09:30,2025-10-23 10:00,2025-10-23 09:30,2025-10-23 10:30,2025-10-23 09:30,2025-10-23 10:00,30.0,full overlap,Medium,Conference Room C,Remote
CONF_0059,P001,Requirements Analysis,Client Visit,2025-10-22 08:30,2025-10-22 09:15,2025-10-22 08:15,2025-10-22 09:15,2025-10-22 08:30,2025-10-22 09:15,45.0,full overlap,Medium,Cafe,Test Lab
CONF_0060,P001,One-on-One,Requirements Analysis,2025-10-24 18:00,2025-10-24 18:45,2025-10-24 18:15,2025-10-24 18:30,2025-10-24 18:15,2025-10-24 18:30,15.0,full overlap,Low,Break Room,Office Area 2
CONF_0061,P001,Training,Requirements Analysis,2025-10-25 13:45,2025-10-25 14:15,2025-10-25 13:30,2025-10-25 14:00,2025-10-25 13:45,2025-10-25 14:00,15.0,partial overlap,Low,Conference Room C,Office Area 1
CONF_0062,P001,Deployment,Code Review,2025-10-24 16:28,2025-10-24 16:59,2025-10-24 16:15,2025-10-24 16:45,2025-10-24 16:28,2025-10-24 16:45,17.0,partial overlap,Low,Office Area 2,Client Reception
CONF_0063,P001,One-on-One,Client Visit,2025-10-31 18:14,2025-10-31 19:02,2025-10-31 18:00,2025-10-31 18:45,2025-10-31 18:14,2025-10-31 18:45,31.0,partial overlap,Medium,Client Reception,Online Meeting
CONF_0064,P001,Tech Sharing,Product Demo,2025-10-25 15:28,2025-10-25 15:56,2025-10-25 15:30,2025-10-25 16:15,2025-10-25 15:30,2025-10-25 15:56,26.0,partial overlap,Low,Conference Room C,Test Lab
CONF_0065,P001,Tech Sharing,Design Review,2025-10-23 15:15,2025-10-23 15:31,2025-10-23 15:30,2025-10-23 16:00,2025-10-23 15:30,2025-10-23 15:31,1.0,partial overlap,Low,Conference Room C,Conference Room C
CONF_0066,P001,Team Building,Tech Sharing,2025-10-30 13:15,2025-10-30 14:45,2025-10-30 13:17,2025-10-30 14:01,2025-10-30 13:17,2025-10-30 14:01,44.0,full overlap,Medium,R&D Center,Office Area 1
CONF_0067,P001,Requirements Analysis,Team Building,2025-11-02 17:30,2025-11-02 18:00,2025-11-02 16:45,2025-11-02 18:15,2025-11-02 17:30,2025-11-02 18:00,30.0,full overlap,Medium,Conference Room A,Online Meeting
CONF_0068,P001,One-on-One,Requirements Analysis,2025-11-02 17:45,2025-11-02 18:45,2025-11-02 17:30,2025-11-02 18:00,2025-11-02 17:45,2025-11-02 18:00,15.0,partial overlap,Low,Conference Room C,Conference Room A
CONF_0069,P001,One-on-One,Team Building,2025-11-02 17:45,2025-11-02 18:45,2025-11-02 16:45,2025-11-02 18:15,2025-11-02 17:45,2025-11-02 18:15,30.0,partial overlap,Medium,Conference Room C,Online Meeting
CONF_0070,P001,Design Review,One-on-One,2025-11-05 19:05,2025-11-05 19:57,2025-11-05 18:45,2025-11-05 19:45,2025-11-05 19:05,2025-11-05 19:45,40.0,partial overlap,Medium,Office Area 2,Cafe
CONF_0071,P001,Training,Design Review,2025-11-05 19:17,2025-11-05 19:35,2025-11-05 19:05,2025-11-05 19:57,2025-11-05 19:17,2025-11-05 19:35,18.0,full overlap,Low,Conference Room B,Office Area 2
CONF_0072,P001,Training,One-on-One,2025-11-05 19:17,2025-11-05 19:35,2025-11-05 18:45,2025-11-05 19:45,2025-11-05 19:17,2025-11-05 19:35,18.0,full overlap,Low,Conference Room B,Cafe
CONF_0073,P001,Training,One-on-One,2025-11-08 14:45,2025-11-08 15:15,2025-11-08 15:00,2025-11-08 15:45,2025-11-08 15:00,2025-11-08 15:15,15.0,partial overlap,Low,R&D Center,Conference Room A
CONF_0074,P001,Operations Check,Code Review,2025-11-13 14:15,2025-11-13 15:00,2025-11-13 14:15,2025-11-13 14:45,2025-11-13 14:15,2025-11-13 14:45,30.0,full overlap,Medium,Demo Hall,R&D Center
CONF_0075,P001,Design Review,Training,2025-11-11 16:15,2025-11-11 17:15,2025-11-11 16:45,2025-11-11 17:45,2025-11-11 16:45,2025-11-11 17:15,30.0,partial overlap,Medium,Break Room,Office Area 1
CONF_0076,P001,Requirements Analysis,Design Review,2025-11-14 17:45,2025-11-14 18:45,2025-11-14 17:00,2025-11-14 18:00,2025-11-14 17:45,2025-11-14 18:00,15.0,partial overlap,Low,Product Showcase,R&D Center
CONF_0077,P001,Deployment,Training,2025-11-12 11:00,2025-11-12 11:45,2025-11-12 10:45,2025-11-12 11:15,2025-11-12 11:00,2025-11-12 11:15,15.0,partial overlap,Low,Client Reception,R&D Center
CONF_0078,P001,Project Discussion,Deployment,2025-11-12 11:17,2025-11-12 12:17,2025-11-12 11:00,2025-11-12 11:45,2025-11-12 11:17,2025-11-12 11:45,28.0,partial overlap,Low,Office Area 1,Client Reception
CONF_0079,P001,Product Demo,Training,2025-11-16 12:14,2025-11-16 13:02,2025-11-16 12:00,2025-11-16 12:30,2025-11-16 12:14,2025-11-16 12:30,16.0,partial overlap,Low,Office Area 1,Remote
CONF_0080,P001,Design Review,Brainstorming,2025-11-12 16:11,2025-11-12 16:35,2025-11-12 15:45,2025-11-12 16:15,2025-11-12 16:11,2025-11-12 16:15,4.0,partial overlap,Low,Break Room,Office Area 2
CONF_0081,P001,Design Review,Requirements Analysis,2025-11-13 08:15,2025-11-13 08:30,2025-11-13 08:00,2025-11-13 08:45,2025-11-13 08:15,2025-11-13 08:30,15.0,full overlap,Low,Test Lab,Training Room
CONF_0082,P001,Product Demo,Requirements Analysis,2025-11-14 18:30,2025-11-14 19:15,2025-11-14 17:45,2025-11-14 18:45,2025-11-14 18:30,2025-11-14 18:45,15.0,partial overlap,Low,R&D Center,Product Showcase
CONF_0083,P001,Team Building,Brainstorming,2025-11-20 13:30,2025-11-20 13:45,2025-11-20 13:30,2025-11-20 13:45,2025-11-20 13:30,2025-11-20 13:45,15.0,full overlap,Low,Break Room,Cafe
CONF_0084,P001,Training,Client Visit,2025-11-15 09:27,2025-11-15 09:51,2025-11-15 09:00,2025-11-15 09:45,2025-11-15 09:27,2025-11-15 09:45,18.0,partial overlap,Low,Client Reception,Test Lab
CONF_0085,P001,Brainstorming,Client Visit,2025-11-15 09:05,2025-11-15 09:39,2025-11-15 09:00,2025-11-15 09:45,2025-11-15 09:05,2025-11-15 09:39,34.0,full overlap,Medium,Conference Room C,Test Lab
CONF_0086,P001,Brainstorming,Training,2025-11-15 09:05,2025-11-15 09:39,2025-11-15 09:27,2025-11-15 09:51,2025-11-15 09:27,2025-11-15 09:39,12.0,partial overlap,Low,Conference Room C,Client Reception
CONF_0087,P001,Requirements Analysis,Client Visit,2025-11-15 09:39,2025-11-15 10:31,2025-11-15 09:00,2025-11-15 09:45,2025-11-15 09:39,2025-11-15 09:45,6.0,partial overlap,Low,Demo Hall,Test Lab
CONF_0088,P001,Requirements Analysis,Training,2025-11-15 09:39,2025-11-15 10:31,2025-11-15 09:27,2025-11-15 09:51,2025-11-15 09:39,2025-11-15 09:51,12.0,partial overlap,Low,Demo Hall,Client Reception
CONF_0089,P001,Training,One-on-One,2025-11-14 08:56,2025-11-14 09:53,2025-11-14 08:45,2025-11-14 09:30,2025-11-14 08:56,2025-11-14 09:30,34.0,partial overlap,Medium,Client Reception,Online Meeting
CONF_0090,P001,Deployment,Client Visit,2025-11-19 09:07,2025-11-19 09:58,2025-11-19 09:00,2025-11-19 09:45,2025-11-19 09:07,2025-11-19 09:45,38.0,partial overlap,Medium,Cafe,Online Meeting
CONF_0091,P001,Team Building,Requirements Analysis,2025-11-15 09:33,2025-11-15 10:33,2025-11-15 09:39,2025-11-15 10:31,2025-11-15 09:39,2025-11-15 10:31,52.0,full overlap,Medium,Break Room,Demo Hall
CONF_0092,P001,Team Building,Brainstorming,2025-11-15 09:33,2025-11-15 10:33,2025-11-15 09:05,2025-11-15 09:39,2025-11-15 09:33,2025-11-15 09:39,6.0,partial overlap,Low,Break Room,Conference Room C
CONF_0093,P001,Team Building,Training,2025-11-15 09:33,2025-11-15 10:33,2025-11-15 09:27,2025-11-15 09:51,2025-11-15 09:33,2025-11-15 09:51,18.0,partial overlap,Low,Break Room,Client Reception
CONF_0094,P001,Team Building,Client Visit,2025-11-15 09:33,2025-11-15 10:33,2025-11-15 09:00,2025-11-15 09:45,2025-11-15 09:33,2025-11-15 09:45,12.0,partial overlap,Low,Break Room,Test Lab
CONF_0095,P002,Requirements Analysis,Team Building,2025-09-14 16:45,2025-09-14 17:45,2025-09-14 16:45,2025-09-14 18:15,2025-09-14 16:45,2025-09-14 17:45,60.0,full overlap,High,Office Area 2,Remote
CONF_0096,P002,Operations Check,Training,2025-09-13 12:30,2025-09-13 13:29,2025-09-13 12:15,2025-09-13 13:15,2025-09-13 12:30,2025-09-13 13:15,45.0,partial overlap,Medium,Online Meeting,Office Area 1
CONF_0097,P002,Deployment,Brainstorming,2025-09-21 12:22,2025-09-21 12:47,2025-09-21 12:15,2025-09-21 13:45,2025-09-21 12:22,2025-09-21 12:47,25.0,full overlap,Low,Remote,Test Lab
CONF_0098,P002,One-on-One,Training,2025-09-26 09:00,2025-09-26 09:45,2025-09-26 09:15,2025-09-26 10:15,2025-09-26 09:15,2025-09-26 09:45,30.0,partial overlap,Medium,Online Meeting,Office Area 2
CONF_0099,P002,Client Visit,Testing Acceptance,2025-09-21 10:00,2025-09-21 10:45,2025-09-21 10:15,2025-09-21 11:00,2025-09-21 10:15,2025-09-21 10:45,30.0,partial overlap,Medium,Product Showcase,Demo Hall
CONF_0100,P002,Testing Acceptance,Tech Sharing,2025-09-23 16:45,2025-09-23 17:45,2025-09-23 17:15,2025-09-23 18:00,2025-09-23 17:15,2025-09-23 17:45,30.0,partial overlap,Medium,Product Showcase,Office Area 1
CONF_0101,P002,Team Building,Brainstorming,2025-09-25 13:15,2025-09-25 14:00,2025-09-25 13:00,2025-09-25 13:45,2025-09-25 13:15,2025-09-25 13:45,30.0,partial overlap,Medium,Training Room,Product Showcase
CONF_0102,P002,Project Discussion,Requirements Analysis,2025-09-25 17:30,2025-09-25 18:15,2025-09-25 17:45,2025-09-25 18:15,2025-09-25 17:45,2025-09-25 18:15,30.0,full overlap,Medium,Training Room,Office Area 1
CONF_0103,P002,Testing Acceptance,One-on-One,2025-09-26 09:00,2025-09-26 09:45,2025-09-26 09:00,2025-09-26 09:45,2025-09-26 09:00,2025-09-26 09:45,45.0,full overlap,Medium,Client Reception,Online Meeting
CONF_0104,P002,Testing Acceptance,Training,2025-09-26 09:00,2025-09-26 09:45,2025-09-26 09:15,2025-09-26 10:15,2025-09-26 09:15,2025-09-26 09:45,30.0,partial overlap,Medium,Client Reception,Office Area 2
CONF_0105,P002,Client Visit,Code Review,2025-09-28 11:15,2025-09-28 12:00,2025-09-28 11:15,2025-09-28 12:00,2025-09-28 11:15,2025-09-28 12:00,45.0,full overlap,Medium,Cafe,Client Reception
CONF_0106,P002,Deployment,Training,2025-09-24 12:40,2025-09-24 13:14,2025-09-24 12:15,2025-09-24 12:45,2025-09-24 12:40,2025-09-24 12:45,5.0,partial overlap,Low,Test Lab,Break Room
CONF_0107,P002,Code Review,One-on-One,2025-09-26 09:12,2025-09-26 09:45,2025-09-26 09:00,2025-09-26 09:45,2025-09-26 09:12,2025-09-26 09:45,33.0,full overlap,Medium,Test Lab,Online Meeting
CONF_0108,P002,Code Review,Testing Acceptance,2025-09-26 09:12,2025-09-26 09:45,2025-09-26 09:00,2025-09-26 09:45,2025-09-26 09:12,2025-09-26 09:45,33.0,full overlap,Medium,Test Lab,Client Reception
CONF_0109,P002,Code Review,Training,2025-09-26 09:12,2025-09-26 09:45,2025-09-26 09:15,2025-09-26 10:15,2025-09-26 09:15,2025-09-26 09:45,30.0,partial overlap,Medium,Test Lab,Office Area 2
CONF_0110,P002,Client Visit,Deployment,2025-09-21 08:16,2025-09-21 09:06,2025-09-21 08:00,2025-09-21 09:00,2025-09-21 08:16,2025-09-21 09:00,44.0,partial overlap,Medium,Conference Room A,Product Showcase
CONF_0111,P002,Meeting,Design Review,2025-09-24 16:35,2025-09-24 16:50,2025-09-24 16:15,2025-09-24 17:00,2025-09-24 16:35,2025-09-24 16:50,15.0,full overlap,Low,Online Meeting,Product Showcase
CONF_0112,P002,Tech Sharing,Deployment,2025-09-24 12:20,2025-09-24 13:01,2025-09-24 12:40,2025-09-24 13:14,2025-09-24 12:40,2025-09-24 13:01,21.0,partial overlap,Low,Cafe,Test Lab
CONF_0113,P002,Tech Sharing,Training,2025-09-24 12:20,2025-09-24 13:01,2025-09-24 12:15,2025-09-24 12:45,2025-09-24 12:20,2025-09-24 12:45,25.0,partial overlap,Low,Cafe,Break Room
CONF_0114,P002,Product Demo,Design Review,2025-09-26 14:30,2025-09-26 15:15,2025-09-26 14:45,2025-09-26 15:15,2025-09-26 14:45,2025-09-26 15:15,30.0,full overlap,Medium,Office Area 1,Remote
CONF_0115,P002,Brainstorming,Code Review,2025-09-28 11:15,2025-09-28 11:30,2025-09-28 11:15,2025-09-28 12:00,2025-09-28 11:15,2025-09-28 11:30,15.0,full overlap,Low,Office Area 2,Client Reception
CONF_0116,P002,Brainstorming,Client Visit,2025-09-28 11:15,2025-09-28 11:30,2025-09-28 11:15,2025-09-28 12:00,2025-09-28 11:15,2025-09-28 11:30,15.0,full overlap,Low,Office Area 2,Cafe
CONF_0117,P002,Operations Check,Deployment,2025-09-29 09:30,2025-09-29 10:15,2025-09-29 10:00,2025-09-29 10:30,2025-09-29 10:00,2025-09-29 10:15,15.0,partial overlap,Low,Online Meeting,Product Showcase
CONF_0118,P002,Testing Acceptance,Brainstorming,2025-09-30 15:15,2025-09-30 15:45,2025-09-30 15:00,2025-09-30 15:30,2025-09-30 15:15,2025-09-30 15:30,15.0,partial overlap,Low,Office Area 2,Conference Room A
CONF_0119,P002,Code Review,Brainstorming,2025-10-01 15:45,2025-10-01 16:15,2025-10-01 16:00,2025-10-01 16:15,2025-10-01 16:00,2025-10-01 16:15,15.0,full overlap,Low,Demo Hall,Remote
CONF_0120,P002,Team Building,Testing Acceptance,2025-09-28 15:59,2025-09-28 16:59,2025-09-28 15:45,2025-09-28 16:15,2025-09-28 15:59,2025-09-28 16:15,16.0,partial overlap,Low,Training Room,Remote
CONF_0121,P002,Design Review,Testing Acceptance,2025-09-28 16:00,2025-09-28 17:00,2025-09-28 15:45,2025-09-28 16:15,2025-09-28 16:00,2025-09-28 16:15,15.0,partial overlap,Low,Office Area 1,Remote
CONF_0122,P002,Design Review,Team Building,2025-09-28 16:00,2025-09-28 17:00,2025-09-28 15:59,2025-09-28 16:59,2025-09-28 16:00,2025-09-28 16:59,59.0,partial overlap,Medium,Office Area 1,Training Room
CONF_0123,P002,Operations Check,One-on-One,2025-10-03 09:04,2025-10-03 09:48,2025-10-03 08:45,2025-10-03 09:30,2025-10-03 09:04,2025-10-03 09:30,26.0,partial overlap,Low,Remote,Online Meeting
CONF_0124,P002,Deployment,Code Review,2025-10-01 15:09,2025-10-01 16:09,2025-10-01 15:45,2025-10-01 16:15,2025-10-01 15:45,2025-10-01 16:09,24.0,partial overlap,Low,Remote,Demo Hall
CONF_0125,P002,Deployment,Brainstorming,2025-10-01 15:09,2025-10-01 16:09,2025-10-01 16:00,2025-10-01 16:15,2025-10-01 16:00,2025-10-01 16:09,9.0,partial overlap,Low,Remote,Remote
CONF_0126,P002,Meeting,Requirements Analysis,2025-10-04 13:16,2025-10-04 13:37,2025-10-04 13:00,2025-10-04 13:45,2025-10-04 13:16,2025-10-04 13:37,21.0,full overlap,Low,Office Area 1,R&D Center
CONF_0127,P002,Requirements Analysis,Product Demo,2025-10-01 17:12,2025-10-01 18:04,2025-10-01 17:30,2025-10-01 17:45,2025-10-01 17:30,2025-10-01 17:45,15.0,full overlap,Low,Training Room,Product Showcase
CONF_0128,P002,Requirements Analysis,Product Demo,2025-10-01 17:12,2025-10-01 18:04,2025-10-01 16:45,2025-10-01 17:15,2025-10-01 17:12,2025-10-01 17:15,3.0,partial overlap,Low,Training Room,Conference Room A
CONF_0129,P002,Requirements Analysis,Training,2025-10-01 17:12,2025-10-01 18:04,2025-10-01 17:15,2025-10-01 17:30,2025-10-01 17:15,2025-10-01 17:30,15.0,full overlap,Low,Training Room,R&D Center
CONF_0130,P002,Design Review,Brainstorming,2025-10-06 14:30,2025-10-06 15:00,2025-10-06 14:45,2025-10-06 15:00,2025-10-06 14:45,2025-10-06 15:00,15.0,full overlap,Low,Demo Hall,Conference Room A
CONF_0131,P002,Brainstorming,Testing Acceptance,2025-10-07 17:30,2025-10-07 19:00,2025-10-07 18:00,2025-10-07 18:45,2025-10-07 18:00,2025-10-07 18:45,45.0,full overlap,Medium,Break Room,Demo Hall
CONF_0132,P002,Design Review,Testing Acceptance,2025-10-09 16:15,2025-10-09 17:15,2025-10-09 15:45,2025-10-09 16:30,2025-10-09 16:15,2025-10-09 16:30,15.0,partial overlap,Low,R&D Center,R&D Center
CONF_0133,P002,Requirements Analysis,Testing Acceptance,2025-10-13 16:45,2025-10-13 17:15,2025-10-13 16:15,2025-10-13 17:15,2025-10-13 16:45,2025-10-13 17:15,30.0,full overlap,Medium,Break Room,Product Showcase
CONF_0134,P002,Product Demo,Requirements Analysis,2025-10-14 08:15,2025-10-14 08:45,2025-10-14 08:15,2025-10-14 08:45,2025-10-14 08:15,2025-10-14 08:45,30.0,full overlap,Medium,R&D Center,Office Area 1
CONF_0135,P002,Meeting,Project Discussion,2025-10-15 13:30,2025-10-15 14:15,2025-10-15 13:30,2025-10-15 14:30,2025-10-15 13:30,2025-10-15 14:15,45.0,full overlap,Medium,Office Area 1,Office Area 1
CONF_0136,P002,Team Building,Project Discussion,2025-10-15 14:00,2025-10-15 15:00,2025-10-15 13:30,2025-10-15 14:30,2025-10-15 14:00,2025-10-15 14:30,30.0,partial overlap,Medium,Remote,Office Area 1
CONF_0137,P002,Team Building,Meeting,2025-10-15 14:00,2025-10-15 15:00,2025-10-15 13:30,2025-10-15 14:15,2025-10-15 14:00,2025-10-15 14:15,15.0,partial overlap,Low,Remote,Office Area 1
CONF_0138,P002,Requirements Analysis,Project Discussion,2025-10-18 18:15,2025-10-18 18:45,2025-10-18 18:00,2025-10-18 18:30,2025-10-18 18:15,2025-10-18 18:30,15.0,partial overlap,Low,Break Room,Client Reception
CONF_0139,P002,Requirements Analysis,Brainstorming,2025-10-18 18:15,2025-10-18 18:45,2025-10-18 18:30,2025-10-18 19:00,2025-10-18 18:30,2025-10-18 18:45,15.0,partial overlap,Low,Break Room,Online Meeting
CONF_0140,P002,Code Review,Testing Acceptance,2025-10-18 11:47,2025-10-18 12:07,2025-10-18 11:30,2025-10-18 12:15,2025-10-18 11:47,2025-10-18 12:07,20.0,full overlap,Low,Office Area 1,Remote
CONF_0141,P002,Tech Sharing,Project Discussion,2025-10-18 12:30,2025-10-18 13:30,2025-10-18 12:15,2025-10-18 13:15,2025-10-18 12:30,2025-10-18 13:15,45.0,partial overlap,Medium,R&D Center,Office Area 1
CONF_0142,P002,Operations Check,Client Visit,2025-10-22 14:00,2025-10-22 14:30,2025-10-22 14:00,2025-10-22 14:45,2025-10-22 14:00,2025-10-22 14:30,30.0,full overlap,Medium,Product Showcase,Break Room
CONF_0143,P002,Design Review,Client Visit,2025-10-22 14:15,2025-10-22 14:30,2025-10-22 14:00,2025-10-22 14:45,2025-10-22 14:15,2025-10-22 14:30,15.0,full overlap,Low,Online Meeting,Break Room
CONF_0144,P002,Design Review,Operations Check,2025-10-22 14:15,2025-10-22 14:30,2025-10-22 14:00,2025-10-22 14:30,2025-10-22 14:15,2025-10-22 14:30,15.0,full overlap,Low,Online Meeting,Product Showcase
CONF_0145,P002,Meeting,Team Building,2025-10-25 13:45,2025-10-25 14:15,2025-10-25 13:30,2025-10-25 14:00,2025-10-25 13:45,2025-10-25 14:00,15.0,partial overlap,Low,R&D Center,Conference Room B
CONF_0146,P002,Training,Team Building,2025-10-25 13:30,2025-10-25 14:00,2025-10-25 13:30,2025-10-25 14:00,2025-10-25 13:30,2025-10-25 14:00,30.0,full overlap,Medium,Office Area 2,Conference Room B
CONF_0147,P002,Training,Meeting,2025-10-25 13:30,2025-10-25 14:00,2025-10-25 13:45,2025-10-25 14:15,2025-10-25 13:45,2025-10-25 14:00,15.0,partial overlap,Low,Office Area 2,R&D Center
CONF_0148,P002,Operations Check,Deployment,2025-10-22 18:15,2025-10-22 19:13,2025-10-22 17:45,2025-10-22 18:30,2025-10-22 18:15,2025-10-22 18:30,15.0,partial overlap,Low,Conference Room A,Product Showcase
CONF_0149,P002,Training,Operations Check,2025-10-22 14:24,2025-10-22 15:09,2025-10-22 14:00,2025-10-22 14:30,2025-10-22 14:24,2025-10-22 14:30,6.0,partial overlap,Low,R&D Center,Product Showcase
CONF_0150,P002,Training,Design Review,2025-10-22 14:24,2025-10-22 15:09,2025-10-22 14:15,2025-10-22 14:30,2025-10-22 14:24,2025-10-22 14:30,6.0,partial overlap,Low,R&D Center,Online Meeting
CONF_0151,P002,Training,Client Visit,2025-10-22 14:24,2025-10-22 15:09,2025-10-22 14:00,2025-10-22 14:45,2025-10-22 14:24,2025-10-22 14:45,21.0,partial overlap,Low,R&D Center,Break Room
CONF_0152,P002,Deployment,Project Discussion,2025-10-30 11:59,2025-10-30 12:46,2025-10-30 11:45,2025-10-30 12:30,2025-10-30 11:59,2025-10-30 12:30,31.0,partial overlap,Medium,Conference Room A,Conference Room A
CONF_0153,P002,Team Building,Operations Check,2025-10-25 11:52,2025-10-25 12:20,2025-10-25 11:30,2025-10-25 12:00,2025-10-25 11:52,2025-10-25 12:00,8.0,partial overlap,Low,Break Room,Office Area 1
CONF_0154,P002,Team Building,Product Demo,2025-10-25 11:52,2025-10-25 12:20,2025-10-25 12:00,2025-10-25 12:45,2025-10-25 12:00,2025-10-25 12:20,20.0,partial overlap,Low,Break Room,Demo Hall
CONF_0155,P002,Tech Sharing,Deployment,2025-10-30 12:45,2025-10-30 13:15,2025-10-30 11:59,2025-10-30 12:46,2025-10-30 12:45,2025-10-30 12:46,1.0,partial overlap,Low,R&D Center,Conference Room A
CONF_0156,P002,Training,Brainstorming,2025-10-29 16:45,2025-10-29 17:45,2025-10-29 17:30,2025-10-29 18:15,2025-10-29 17:30,2025-10-29 17:45,15.0,partial overlap,Low,Test Lab,Product Showcase
CONF_0157,P002,Project Discussion,Brainstorming,2025-10-29 17:45,2025-10-29 19:15,2025-10-29 17:30,2025-10-29 18:15,2025-10-29 17:45,2025-10-29 18:15,30.0,partial overlap,Medium,Online Meeting,Product Showcase
CONF_0158,P002,Team Building,Client Visit,2025-11-01 14:15,2025-11-01 15:15,2025-11-01 14:00,2025-11-01 14:45,2025-11-01 14:15,2025-11-01 14:45,30.0,partial overlap,Medium,Conference Room C,Remote
CONF_0159,P002,Team Building,Design Review,2025-11-01 11:20,2025-11-01 12:16,2025-11-01 11:00,2025-11-01 12:30,2025-11-01 11:20,2025-11-01 12:16,56.0,full overlap,Medium,Office Area 1,Training Room
CONF_0160,P002,Project Discussion,Project Discussion,2025-10-29 18:14,2025-10-29 18:37,2025-10-29 17:45,2025-10-29 19:15,2025-10-29 18:14,2025-10-29 18:37,23.0,full overlap,Low,R&D Center,Online Meeting
CONF_0161,P002,Project Discussion,Brainstorming,2025-10-29 18:14,2025-10-29 18:37,2025-10-29 17:30,2025-10-29 18:15,2025-10-29 18:14,2025-10-29 18:15,1.0,partial overlap,Low,R&D Center,Product Showcase
CONF_0162,P002,Code Review,Project Discussion,2025-11-03 15:24,2025-11-03 16:08,2025-11-03 15:00,2025-11-03 16:30,2025-11-03 15:24,2025-11-03 16:08,44.0,full overlap,Medium,Demo Hall,R&D Center
CONF_0163,P002,Meeting,Design Review,2025-11-08 14:46,2025-11-08 15:11,2025-11-08 14:30,2025-11-08 15:15,2025-11-08 14:46,2025-11-08 15:11,25.0,full overlap,Low,R&D Center,Client Reception
CONF_0164,P002,Team Building,Client Visit,2025-11-07 18:45,2025-11-07 19:45,2025-11-07 18:15,2025-11-07 19:15,2025-11-07 18:45,2025-11-07 19:15,30.0,partial overlap,Medium,Conference Room A,Conference Room B
CONF_0165,P002,Brainstorming,Testing Acceptance,2025-11-09 14:30,2025-11-09 15:15,2025-11-09 14:45,2025-11-09 15:15,2025-11-09 14:45,2025-11-09 15:15,30.0,full overlap,Medium,Conference Room C,Remote
CONF_0166,P002,Tech Sharing,Design Review,2025-11-12 12:15,2025-11-12 12:45,2025-11-12 12:30,2025-11-12 13:15,2025-11-12 12:30,2025-11-12 12:45,15.0,partial overlap,Low,Test Lab,Test Lab
CONF_0167,P002,Testing Acceptance,Team Building,2025-11-10 18:00,2025-11-10 18:30,2025-11-10 18:15,2025-11-10 19:15,2025-11-10 18:15,2025-11-10 18:30,15.0,partial overlap,Low,Client Reception,R&D Center
CONF_0168,P002,Testing Acceptance,Training,2025-11-13 10:45,2025-11-13 11:30,2025-11-13 10:30,2025-11-13 11:30,2025-11-13 10:45,2025-11-13 11:30,45.0,full overlap,Medium,Conference Room C,Test Lab
CONF_0169,P002,Brainstorming,Team Building,2025-11-10 18:44,2025-11-10 19:43,2025-11-10 18:15,2025-11-10 19:15,2025-11-10 18:44,2025-11-10 19:15,31.0,partial overlap,Medium,Cafe,R&D Center
CONF_0170,P002,Tech Sharing,Testing Acceptance,2025-11-13 10:52,2025-11-13 11:09,2025-11-13 10:45,2025-11-13 11:30,2025-11-13 10:52,2025-11-13 11:09,17.0,full overlap,Low,Break Room,Conference Room C
CONF_0171,P002,Tech Sharing,Training,2025-11-13 10:52,2025-11-13 11:09,2025-11-13 10:30,2025-11-13 11:30,2025-11-13 10:52,2025-11-13 11:09,17.0,full overlap,Low,Break Room,Test Lab
CONF_0172,P002,Design Review,Testing Acceptance,2025-11-13 11:16,2025-11-13 11:39,2025-11-13 10:45,2025-11-13 11:30,2025-11-13 11:16,2025-11-13 11:30,14.0,partial overlap,Low,Online Meeting,Conference Room C
CONF_0173,P002,Design Review,Training,2025-11-13 11:16,2025-11-13 11:39,2025-11-13 10:30,2025-11-13 11:30,2025-11-13 11:16,2025-11-13 11:30,14.0,partial overlap,Low,Online Meeting,Test Lab
CONF_0174,P002,Team Building,Requirements Analysis,2025-11-14 14:15,2025-11-14 14:30,2025-11-14 13:30,2025-11-14 14:30,2025-11-14 14:15,2025-11-14 14:30,15.0,full overlap,Low,Client Reception,Conference Room C
CONF_0175,P002,Deployment,Brainstorming,2025-11-14 18:45,2025-11-14 19:15,2025-11-14 18:45,2025-11-14 19:30,2025-11-14 18:45,2025-11-14 19:15,30.0,full overlap,Medium,Office Area 2,Conference Room C
CONF_0176,P002,Testing Acceptance,Brainstorming,2025-11-21 08:30,2025-11-21 09:00,2025-11-21 08:30,2025-11-21 09:15,2025-11-21 08:30,2025-11-21 09:00,30.0,full overlap,Medium,Demo Hall,Demo Hall
CONF_0177,P002,Client Visit,Client Visit,2025-11-16 16:00,2025-11-16 16:45,2025-11-16 16:30,2025-11-16 17:15,2025-11-16 16:30,2025-11-16 16:45,15.0,partial overlap,Low,Cafe,Conference Room B
CONF_0178,P002,Client Visit,Operations Check,2025-11-16 16:00,2025-11-16 16:45,2025-11-16 16:00,2025-11-16 16:15,2025-11-16 16:00,2025-11-16 16:15,15.0,full overlap,Low,Cafe,Client Reception
CONF_0179,P002,Tech Sharing,Client Visit,2025-11-16 16:15,2025-11-16 17:00,2025-11-16 16:30,2025-11-16 17:15,2025-11-16 16:30,2025-11-16 17:00,30.0,partial overlap,Medium,Client Reception,Conference Room B
CONF_0180,P002,Tech Sharing,Client Visit,2025-11-16 16:15,2025-11-16 17:00,2025-11-16 16:00,2025-11-16 16:45,2025-11-16 16:15,2025-11-16 16:45,30.0,partial overlap,Medium,Client Reception,Cafe
CONF_0181,P002,Team Building,Training,2025-11-20 16:45,2025-11-20 17:15,2025-11-20 16:30,2025-11-20 17:15,2025-11-20 16:45,2025-11-20 17:15,30.0,full overlap,Medium,Client Reception,Client Reception
CONF_0182,P002,Client Visit,Deployment,2025-11-23 09:00,2025-11-23 09:30,2025-11-23 08:45,2025-11-23 09:15,2025-11-23 09:00,2025-11-23 09:15,15.0,partial overlap,Low,Break Room,Test Lab
CONF_0183,P002,Requirements Analysis,Client Visit,2025-11-16 16:25,2025-11-16 17:25,2025-11-16 16:30,2025-11-16 17:15,2025-11-16 16:30,2025-11-16 17:15,45.0,full overlap,Medium,Test Lab,Conference Room B
CONF_0184,P002,Requirements Analysis,Client Visit,2025-11-16 16:25,2025-11-16 17:25,2025-11-16 16:00,2025-11-16 16:45,2025-11-16 16:25,2025-11-16 16:45,20.0,partial overlap,Low,Test Lab,Cafe
CONF_0185,P002,Requirements Analysis,Tech Sharing,2025-11-16 16:25,2025-11-16 17:25,2025-11-16 16:15,2025-11-16 17:00,2025-11-16 16:25,2025-11-16 17:00,35.0,partial overlap,Medium,Test Lab,Client Reception
CONF_0186,P002,Training,Requirements Analysis,2025-11-14 14:20,2025-11-14 15:17,2025-11-14 13:30,2025-11-14 14:30,2025-11-14 14:20,2025-11-14 14:30,10.0,partial overlap,Low,Conference Room A,Conference Room C
CONF_0187,P002,Training,Team Building,2025-11-14 14:20,2025-11-14 15:17,2025-11-14 14:15,2025-11-14 14:30,2025-11-14 14:20,2025-11-14 14:30,10.0,partial overlap,Low,Conference Room A,Client Reception
CONF_0188,P002,Deployment,Team Building,2025-11-20 17:00,2025-11-20 17:32,2025-11-20 16:45,2025-11-20 17:15,2025-11-20 17:00,2025-11-20 17:15,15.0,partial overlap,Low,Remote,Client Reception
CONF_0189,P002,Deployment,Training,2025-11-20 17:00,2025-11-20 17:32,2025-11-20 16:30,2025-11-20 17:15,2025-11-20 17:00,2025-11-20 17:15,15.0,partial overlap,Low,Remote,Client Reception
CONF_0190,P002,Operations Check,Team Building,2025-11-23 13:10,2025-11-23 13:48,2025-11-23 13:00,2025-11-23 13:45,2025-11-23 13:10,2025-11-23 13:45,35.0,partial overlap,Medium,Product Showcase,Demo Hall
CONF_0191,P002,Team Building,One-on-One,2025-11-18 09:35,2025-11-18 10:09,2025-11-18 09:30,2025-11-18 09:45,2025-11-18 09:35,2025-11-18 09:45,10.0,partial overlap,Low,Conference Room A,Break Room
CONF_0192,P003,Team Building,Product Demo,2025-09-14 17:00,2025-09-14 17:30,2025-09-14 17:15,2025-09-14 17:45,2025-09-14 17:15,2025-09-14 17:30,15.0,partial overlap,Low,Conference Room C,Test Lab
CONF_0193,P003,Testing Acceptance,Team Building,2025-09-11 13:13,2025-09-11 13:58,2025-09-11 12:45,2025-09-11 13:15,2025-09-11 13:13,2025-09-11 13:15,2.0,partial overlap,Low,Conference Room A,R&D Center
CONF_0194,P003,Requirements Analysis,Meeting,2025-09-23 09:00,2025-09-23 09:45,2025-09-23 08:45,2025-09-23 09:45,2025-09-23 09:00,2025-09-23 09:45,45.0,full overlap,Medium,Online Meeting,Client Reception
CONF_0195,P003,Requirements Analysis,Code Review,2025-09-24 17:30,2025-09-24 18:00,2025-09-24 17:30,2025-09-24 18:30,2025-09-24 17:30,2025-09-24 18:00,30.0,full overlap,Medium,Training Room,Training Room
CONF_0196,P003,Meeting,One-on-One,2025-09-25 16:30,2025-09-25 17:30,2025-09-25 16:45,2025-09-25 17:15,2025-09-25 16:45,2025-09-25 17:15,30.0,full overlap,Medium,Break Room,Conference Room C
CONF_0197,P003,Brainstorming,Client Visit,2025-09-24 16:15,2025-09-24 17:07,2025-09-24 16:00,2025-09-24 16:30,2025-09-24 16:15,2025-09-24 16:30,15.0,partial overlap,Low,R&D Center,Training Room
CONF_0198,P003,Client Visit,Meeting,2025-09-23 08:59,2025-09-23 09:30,2025-09-23 08:45,2025-09-23 09:45,2025-09-23 08:59,2025-09-23 09:30,31.0,full overlap,Medium,Conference Room C,Client Reception
CONF_0199,P003,Client Visit,Requirements Analysis,2025-09-23 08:59,2025-09-23 09:30,2025-09-23 09:00,2025-09-23 09:45,2025-09-23 09:00,2025-09-23 09:30,30.0,partial overlap,Medium,Conference Room C,Online Meeting
CONF_0200,P003,Team Building,Deployment,2025-09-24 13:38,2025-09-24 14:30,2025-09-24 13:30,2025-09-24 14:00,2025-09-24 13:38,2025-09-24 14:00,22.0,partial overlap,Low,Conference Room C,Conference Room A
CONF_0201,P003,Code Review,Brainstorming,2025-09-20 10:24,2025-09-20 11:04,2025-09-20 10:15,2025-09-20 11:15,2025-09-20 10:24,2025-09-20 11:04,40.0,full overlap,Medium,Conference Room C,Office Area 1
CONF_0202,P003,Project Discussion,Brainstorming,2025-09-26 15:15,2025-09-26 15:30,2025-09-26 15:00,2025-09-26 15:30,2025-09-26 15:15,2025-09-26 15:30,15.0,full overlap,Low,Training Room,Test Lab
CONF_0203,P003,Training,Meeting,2025-09-27 08:45,2025-09-27 09:30,2025-09-27 08:30,2025-09-27 09:30,2025-09-27 08:45,2025-09-27 09:30,45.0,full overlap,Medium,Conference Room A,Break Room
CONF_0204,P003,Project Discussion,Code Review,2025-09-29 09:45,2025-09-29 10:30,2025-09-29 09:15,2025-09-29 10:00,2025-09-29 09:45,2025-09-29 10:00,15.0,partial overlap,Low,R&D Center,Conference Room B
CONF_0205,P003,Deployment,Deployment,2025-10-03 09:00,2025-10-03 09:15,2025-10-03 08:45,2025-10-03 09:30,2025-10-03 09:00,2025-10-03 09:15,15.0,full overlap,Low,Conference Room C,Test Lab
CONF_0206,P003,Brainstorming,Team Building,2025-10-01 16:30,2025-10-01 17:00,2025-10-01 16:30,2025-10-01 17:00,2025-10-01 16:30,2025-10-01 17:00,30.0,full overlap,Medium,Office Area 1,R&D Center
CONF_0207,P003,Product Demo,Training,2025-09-30 12:42,2025-09-30 13:04,2025-09-30 12:15,2025-09-30 12:45,2025-09-30 12:42,2025-09-30 12:45,3.0,partial overlap,Low,Conference Room C,Cafe
CONF_0208,P003,Meeting,Brainstorming,2025-09-29 13:43,2025-09-29 14:07,2025-09-29 13:30,2025-09-29 14:15,2025-09-29 13:43,2025-09-29 14:07,24.0,full overlap,Low,Remote,Break Room
CONF_0209,P003,Tech Sharing,Operations Check,2025-10-05 09:05,2025-10-05 09:53,2025-10-05 08:45,2025-10-05 09:15,2025-10-05 09:05,2025-10-05 09:15,10.0,partial overlap,Low,Test Lab,Conference Room C
CONF_0210,P003,Tech Sharing,Testing Acceptance,2025-10-06 18:08,2025-10-06 18:34,2025-10-06 18:15,2025-10-06 19:00,2025-10-06 18:15,2025-10-06 18:34,19.0,partial overlap,Low,Demo Hall,Conference Room C
CONF_0211,P003,Tech Sharing,Meeting,2025-10-06 18:08,2025-10-06 18:34,2025-10-06 17:45,2025-10-06 18:15,2025-10-06 18:08,2025-10-06 18:15,7.0,partial overlap,Low,Demo Hall,Office Area 2
CONF_0212,P003,One-on-One,Product Demo,2025-09-30 12:47,2025-09-30 13:02,2025-09-30 12:42,2025-09-30 13:04,2025-09-30 12:47,2025-09-30 13:02,15.0,full overlap,Low,Conference Room A,Conference Room C
CONF_0213,P003,Team Building,Tech Sharing,2025-10-06 18:24,2025-10-06 19:16,2025-10-06 18:08,2025-10-06 18:34,2025-10-06 18:24,2025-10-06 18:34,10.0,partial overlap,Low,Test Lab,Demo Hall
CONF_0214,P003,Team Building,Testing Acceptance,2025-10-06 18:24,2025-10-06 19:16,2025-10-06 18:15,2025-10-06 19:00,2025-10-06 18:24,2025-10-06 19:00,36.0,partial overlap,Medium,Test Lab,Conference Room C
CONF_0215,P003,Project Discussion,Training,2025-09-25 18:07,2025-09-25 19:00,2025-09-25 18:00,2025-09-25 18:45,2025-09-25 18:07,2025-09-25 18:45,38.0,partial overlap,Medium,Conference Room B,Demo Hall
CONF_0216,P003,Tech Sharing,Training,2025-09-30 12:34,2025-09-30 13:17,2025-09-30 12:15,2025-09-30 12:45,2025-09-30 12:34,2025-09-30 12:45,11.0,partial overlap,Low,Cafe,Cafe
CONF_0217,P003,Tech Sharing,Product Demo,2025-09-30 12:34,2025-09-30 13:17,2025-09-30 12:42,2025-09-30 13:04,2025-09-30 12:42,2025-09-30 13:04,22.0,full overlap,Low,Cafe,Conference Room C
CONF_0218,P003,Tech Sharing,One-on-One,2025-09-30 12:34,2025-09-30 13:17,2025-09-30 12:47,2025-09-30 13:02,2025-09-30 12:47,2025-09-30 13:02,15.0,full overlap,Low,Cafe,Conference Room A
CONF_0219,P003,Operations Check,Testing Acceptance,2025-10-06 14:00,2025-10-06 14:45,2025-10-06 14:00,2025-10-06 14:45,2025-10-06 14:00,2025-10-06 14:45,45.0,full overlap,Medium,Training Room,Conference Room B
CONF_0220,P003,One-on-One,Code Review,2025-10-12 08:21,2025-10-12 08:40,2025-10-12 08:15,2025-10-12 08:45,2025-10-12 08:21,2025-10-12 08:40,19.0,full overlap,Low,Conference Room C,R&D Center
CONF_0221,P003,Client Visit,Project Discussion,2025-10-14 16:00,2025-10-14 16:45,2025-10-14 16:00,2025-10-14 16:45,2025-10-14 16:00,2025-10-14 16:45,45.0,full overlap,Medium,Break Room,R&D Center
CONF_0222,P003,Operations Check,Project Discussion,2025-10-21 09:15,2025-10-21 09:45,2025-10-21 09:15,2025-10-21 10:00,2025-10-21 09:15,2025-10-21 09:45,30.0,full overlap,Medium,Training Room,Conference Room C
CONF_0223,P003,Operations Check,Project Discussion,2025-10-19 10:30,2025-10-19 11:26,2025-10-19 10:00,2025-10-19 10:45,2025-10-19 10:30,2025-10-19 10:45,15.0,partial overlap,Low,Conference Room A,Demo Hall
CONF_0224,P003,One-on-One,Training,2025-10-14 14:56,2025-10-14 15:25,2025-10-14 14:30,2025-10-14 15:00,2025-10-14 14:56,2025-10-14 15:00,4.0,partial overlap,Low,Test Lab,Training Room
CONF_0225,P003,One-on-One,Testing Acceptance,2025-10-14 14:56,2025-10-14 15:25,2025-10-14 15:15,2025-10-14 16:00,2025-10-14 15:15,2025-10-14 15:25,10.0,partial overlap,Low,Test Lab,Conference Room A
CONF_0226,P003,Tech Sharing,Operations Check,2025-10-18 09:23,2025-10-18 09:53,2025-10-18 09:00,2025-10-18 10:00,2025-10-18 09:23,2025-10-18 09:53,30.0,full overlap,Medium,Demo Hall,Training Room
CONF_0227,P003,One-on-One,Operations Check,2025-10-18 09:23,2025-10-18 09:56,2025-10-18 09:00,2025-10-18 10:00,2025-10-18 09:23,2025-10-18 09:56,33.0,full overlap,Medium,Remote,Training Room
CONF_0228,P003,One-on-One,Tech Sharing,2025-10-18 09:23,2025-10-18 09:56,2025-10-18 09:23,2025-10-18 09:53,2025-10-18 09:23,2025-10-18 09:53,30.0,full overlap,Medium,Remote,Demo Hall
CONF_0229,P003,Operations Check,Design Review,2025-10-15 19:03,2025-10-15 19:34,2025-10-15 18:45,2025-10-15 19:45,2025-10-15 19:03,2025-10-15 19:34,31.0,full overlap,Medium,Training Room,Conference Room C
CONF_0230,P003,Team Building,Operations Check,2025-10-16 09:09,2025-10-16 09:49,2025-10-16 09:00,2025-10-16 09:30,2025-10-16 09:09,2025-10-16 09:30,21.0,partial overlap,Low,Break Room,Client Reception
CONF_0231,P003,One-on-One,Operations Check,2025-10-15 19:08,2025-10-15 19:32,2025-10-15 19:03,2025-10-15 19:34,2025-10-15 19:08,2025-10-15 19:32,24.0,full overlap,Low,Client Reception,Training Room
CONF_0232,P003,One-on-One,Design Review,2025-10-15 19:08,2025-10-15 19:32,2025-10-15 18:45,2025-10-15 19:45,2025-10-15 19:08,2025-10-15 19:32,24.0,full overlap,Low,Client Reception,Conference Room C
CONF_0233,P003,Tech Sharing,Tech Sharing,2025-10-21 09:00,2025-10-21 09:15,2025-10-21 08:30,2025-10-21 09:15,2025-10-21 09:00,2025-10-21 09:15,15.0,full overlap,Low,Client Reception,Conference Room C
CONF_0234,P003,Team Building,Product Demo,2025-10-23 11:15,2025-10-23 11:45,2025-10-23 11:15,2025-10-23 11:30,2025-10-23 11:15,2025-10-23 11:30,15.0,full overlap,Low,Remote,Demo Hall
CONF_0235,P003,Operations Check,One-on-One,2025-10-24 12:30,2025-10-24 13:15,2025-10-24 13:00,2025-10-24 13:45,2025-10-24 13:00,2025-10-24 13:15,15.0,partial overlap,Low,Conference Room A,Office Area 1
CONF_0236,P003,Brainstorming,Project Discussion,2025-10-21 09:28,2025-10-21 09:57,2025-10-21 09:15,2025-10-21 10:00,2025-10-21 09:28,2025-10-21 09:57,29.0,full overlap,Low,Online Meeting,Conference Room C
CONF_0237,P003,Brainstorming,Operations Check,2025-10-21 09:28,2025-10-21 09:57,2025-10-21 09:15,2025-10-21 09:45,2025-10-21 09:28,2025-10-21 09:45,17.0,partial overlap,Low,Online Meeting,Training Room
CONF_0238,P003,Brainstorming,Brainstorming,2025-10-23 18:20,2025-10-23 18:36,2025-10-23 18:15,2025-10-23 19:00,2025-10-23 18:20,2025-10-23 18:36,16.0,full overlap,Low,Remote,Conference Room B
CONF_0239,P003,Deployment,Deployment,2025-10-27 09:24,2025-10-27 10:08,2025-10-27 09:00,2025-10-27 09:45,2025-10-27 09:24,2025-10-27 09:45,21.0,partial overlap,Low,Conference Room C,Demo Hall
CONF_0240,P003,Brainstorming,Product Demo,2025-10-26 14:26,2025-10-26 15:17,2025-10-26 14:00,2025-10-26 14:30,2025-10-26 14:26,2025-10-26 14:30,4.0,partial overlap,Low,Remote,Conference Room C
CONF_0241,P003,Brainstorming,Operations Check,2025-10-26 14:26,2025-10-26 15:17,2025-10-26 15:15,2025-10-26 15:30,2025-10-26 15:15,2025-10-26 15:17,2.0,partial overlap,Low,Remote,Demo Hall
CONF_0242,P003,Deployment,Code Review,2025-10-30 16:15,2025-10-30 16:45,2025-10-30 16:15,2025-10-30 16:45,2025-10-30 16:15,2025-10-30 16:45,30.0,full overlap,Medium,Conference Room C,Cafe
CONF_0243,P003,Requirements Analysis,Meeting,2025-11-05 14:00,2025-11-05 14:45,2025-11-05 14:15,2025-11-05 14:45,2025-11-05 14:15,2025-11-05 14:45,30.0,full overlap,Medium,Conference Room A,Training Room
CONF_0244,P003,Design Review,Testing Acceptance,2025-11-02 13:30,2025-11-02 14:15,2025-11-02 13:45,2025-11-02 14:45,2025-11-02 13:45,2025-11-02 14:15,30.0,partial overlap,Medium,Office Area 2,Client Reception
CONF_0245,P003,Project Discussion,Training,2025-11-02 18:15,2025-11-02 18:50,2025-11-02 17:45,2025-11-02 18:30,2025-11-02 18:15,2025-11-02 18:30,15.0,partial overlap,Low,Remote,Cafe
CONF_0246,P003,Client Visit,Meeting,2025-11-04 10:31,2025-11-04 10:46,2025-11-04 10:15,2025-11-04 11:00,2025-11-04 10:31,2025-11-04 10:46,15.0,full overlap,Low,Online Meeting,Conference Room B
CONF_0247,P003,Operations Check,Deployment,2025-11-05 15:00,2025-11-05 15:45,2025-11-05 14:45,2025-11-05 15:30,2025-11-05 15:00,2025-11-05 15:30,30.0,partial overlap,Medium,Conference Room B,Product Showcase
CONF_0248,P003,Deployment,Brainstorming,2025-11-07 08:45,2025-11-07 09:45,2025-11-07 09:30,2025-11-07 10:30,2025-11-07 09:30,2025-11-07 09:45,15.0,partial overlap,Low,Break Room,Conference Room C
CONF_0249,P003,One-on-One,Deployment,2025-11-13 17:00,2025-11-13 17:45,2025-11-13 17:15,2025-11-13 17:45,2025-11-13 17:15,2025-11-13 17:45,30.0,full overlap,Medium,R&D Center,Test Lab
CONF_0250,P003,Training,Brainstorming,2025-11-13 18:10,2025-11-13 18:51,2025-11-13 18:00,2025-11-13 19:00,2025-11-13 18:10,2025-11-13 18:51,41.0,full overlap,Medium,Online Meeting,Conference Room B
CONF_0251,P003,Training,Training,2025-11-13 18:39,2025-11-13 19:13,2025-11-13 18:10,2025-11-13 18:51,2025-11-13 18:39,2025-11-13 18:51,12.0,partial overlap,Low,Online Meeting,Online Meeting
CONF_0252,P003,Training,Brainstorming,2025-11-13 18:39,2025-11-13 19:13,2025-11-13 18:00,2025-11-13 19:00,2025-11-13 18:39,2025-11-13 19:00,21.0,partial overlap,Low,Online Meeting,Conference Room B
CONF_0253,P003,Brainstorming,Project Discussion,2025-11-15 12:00,2025-11-15 12:15,2025-11-15 12:00,2025-11-15 12:45,2025-11-15 12:00,2025-11-15 12:15,15.0,full overlap,Low,Training Room,Break Room
CONF_0254,P003,Design Review,Tech Sharing,2025-11-15 16:00,2025-11-15 16:45,2025-11-15 16:30,2025-11-15 17:30,2025-11-15 16:30,2025-11-15 16:45,15.0,partial overlap,Low,Cafe,Cafe
CONF_0255,P003,Operations Check,Tech Sharing,2025-11-15 16:30,2025-11-15 17:00,2025-11-15 16:30,2025-11-15 17:30,2025-11-15 16:30,2025-11-15 17:00,30.0,full overlap,Medium,Product Showcase,Cafe
CONF_0256,P003,Operations Check,Design Review,2025-11-15 16:30,2025-11-15 17:00,2025-11-15 16:00,2025-11-15 16:45,2025-11-15 16:30,2025-11-15 16:45,15.0,partial overlap,Low,Product Showcase,Cafe
CONF_0257,P003,Code Review,Operations Check,2025-11-16 10:00,2025-11-16 10:15,2025-11-16 09:45,2025-11-16 10:15,2025-11-16 10:00,2025-11-16 10:15,15.0,full overlap,Low,Break Room,Break Room
CONF_0258,P003,Deployment,Deployment,2025-11-20 10:15,2025-11-20 10:45,2025-11-20 09:45,2025-11-20 10:30,2025-11-20 10:15,2025-11-20 10:30,15.0,partial overlap,Low,Office Area 1,Client Reception
CONF_0259,P003,Tech Sharing,Project Discussion,2025-11-22 14:45,2025-11-22 15:30,2025-11-22 15:00,2025-11-22 15:45,2025-11-22 15:00,2025-11-22 15:30,30.0,partial overlap,Medium,Conference Room B,R&D Center
CONF_0260,P003,Deployment,Tech Sharing,2025-11-22 15:00,2025-11-22 15:30,2025-11-22 14:45,2025-11-22 15:30,2025-11-22 15:00,2025-11-22 15:30,30.0,full overlap,Medium,Client Reception,Conference Room B
CONF_0261,P003,Deployment,Project Discussion,2025-11-22 15:00,2025-11-22 15:30,2025-11-22 15:00,2025-11-22 15:45,2025-11-22 15:00,2025-11-22 15:30,30.0,full overlap,Medium,Client Reception,R&D Center
CONF_0262,P003,Testing Acceptance,Brainstorming,2025-11-18 11:16,2025-11-18 11:36,2025-11-18 11:00,2025-11-18 11:45,2025-11-18 11:16,2025-11-18 11:36,20.0,full overlap,Low,Office Area 1,Demo Hall
CONF_0263,P003,Operations Check,Code Review,2025-11-19 15:51,2025-11-19 16:35,2025-11-19 15:45,2025-11-19 16:15,2025-11-19 15:51,2025-11-19 16:15,24.0,partial overlap,Low,Demo Hall,Office Area 2
CONF_0264,P003,Tech Sharing,Product Demo,2025-11-18 08:51,2025-11-18 09:31,2025-11-18 08:30,2025-11-18 09:15,2025-11-18 08:51,2025-11-18 09:15,24.0,partial overlap,Low,Demo Hall,Test Lab
CONF_0265,P003,Training,Training,2025-11-16 17:00,2025-11-16 17:49,2025-11-16 17:30,2025-11-16 18:15,2025-11-16 17:30,2025-11-16 17:49,19.0,partial overlap,Low,Client Reception,Office Area 1
CONF_0266,P003,Training,Client Visit,2025-11-16 17:00,2025-11-16 17:49,2025-11-16 16:45,2025-11-16 17:15,2025-11-16 17:00,2025-11-16 17:15,15.0,partial overlap,Low,Client Reception,Conference Room B
CONF_0267,P003,Training,Testing Acceptance,2025-11-16 17:00,2025-11-16 17:49,2025-11-16 17:15,2025-11-16 17:30,2025-11-16 17:15,2025-11-16 17:30,15.0,full overlap,Low,Client Reception,Remote
CONF_0268,P004,Design Review,Requirements Analysis,2025-09-17 19:02,2025-09-17 19:48,2025-09-17 18:45,2025-09-17 19:15,2025-09-17 19:02,2025-09-17 19:15,13.0,partial overlap,Low,Break Room,Office Area 2
CONF_0269,P004,Project Discussion,One-on-One,2025-09-18 17:35,2025-09-18 18:13,2025-09-18 17:15,2025-09-18 18:00,2025-09-18 17:35,2025-09-18 18:00,25.0,partial overlap,Low,Test Lab,Office Area 1
CONF_0270,P004,Operations Check,Training,2025-09-12 15:40,2025-09-12 16:05,2025-09-12 15:15,2025-09-12 16:45,2025-09-12 15:40,2025-09-12 16:05,25.0,full overlap,Low,Office Area 1,Office Area 2
CONF_0271,P004,Meeting,Tech Sharing,2025-09-20 11:45,2025-09-20 12:30,2025-09-20 11:30,2025-09-20 12:15,2025-09-20 11:45,2025-09-20 12:15,30.0,partial overlap,Medium,Conference Room C,Remote
CONF_0272,P004,Design Review,Meeting,2025-09-25 13:00,2025-09-25 13:45,2025-09-25 13:15,2025-09-25 14:00,2025-09-25 13:15,2025-09-25 13:45,30.0,partial overlap,Medium,Online Meeting,R&D Center
CONF_0273,P004,Code Review,Training,2025-09-26 16:30,2025-09-26 17:30,2025-09-26 17:15,2025-09-26 18:15,2025-09-26 17:15,2025-09-26 17:30,15.0,partial overlap,Low,Conference Room C,Break Room
CONF_0274,P004,Team Building,Brainstorming,2025-09-30 11:15,2025-09-30 11:45,2025-09-30 11:15,2025-09-30 12:15,2025-09-30 11:15,2025-09-30 11:45,30.0,full overlap,Medium,Demo Hall,Office Area 2
CONF_0275,P004,Training,Meeting,2025-09-20 11:53,2025-09-20 12:48,2025-09-20 11:45,2025-09-20 12:30,2025-09-20 11:53,2025-09-20 12:30,37.0,partial overlap,Medium,R&D Center,Conference Room C
CONF_0276,P004,Training,Tech Sharing,2025-09-20 11:53,2025-09-20 12:48,2025-09-20 11:30,2025-09-20 12:15,2025-09-20 11:53,2025-09-20 12:15,22.0,partial overlap,Low,R&D Center,Remote
CONF_0277,P004,Deployment,Tech Sharing,2025-09-23 10:45,2025-09-23 11:14,2025-09-23 10:15,2025-09-23 11:15,2025-09-23 10:45,2025-09-23 11:14,29.0,full overlap,Low,Cafe,Client Reception
CONF_0278,P004,Deployment,Project Discussion,2025-09-24 16:00,2025-09-24 16:34,2025-09-24 15:30,2025-09-24 16:15,2025-09-24 16:00,2025-09-24 16:15,15.0,partial overlap,Low,Conference Room C,Break Room
CONF_0279,P004,Requirements Analysis,Product Demo,2025-09-22 11:06,2025-09-22 11:27,2025-09-22 10:45,2025-09-22 11:45,2025-09-22 11:06,2025-09-22 11:27,21.0,full overlap,Low,Break Room,Online Meeting
CONF_0280,P004,Deployment,Meeting,2025-09-25 13:45,2025-09-25 14:15,2025-09-25 13:15,2025-09-25 14:00,2025-09-25 13:45,2025-09-25 14:00,15.0,partial overlap,Low,Remote,R&D Center
CONF_0281,P004,Brainstorming,Project Discussion,2025-09-28 17:15,2025-09-28 18:00,2025-09-28 17:00,2025-09-28 17:45,2025-09-28 17:15,2025-09-28 17:45,30.0,partial overlap,Medium,Product Showcase,Online Meeting
CONF_0282,P004,Project Discussion,Project Discussion,2025-10-05 08:15,2025-10-05 09:00,2025-10-05 08:00,2025-10-05 08:45,2025-10-05 08:15,2025-10-05 08:45,30.0,partial overlap,Medium,Conference Room C,Training Room
CONF_0283,P004,Tech Sharing,Testing Acceptance,2025-10-01 17:00,2025-10-01 17:15,2025-10-01 16:45,2025-10-01 17:15,2025-10-01 17:00,2025-10-01 17:15,15.0,full overlap,Low,R&D Center,Office Area 2
CONF_0284,P004,One-on-One,Operations Check,2025-10-04 13:30,2025-10-04 13:45,2025-10-04 13:15,2025-10-04 13:45,2025-10-04 13:30,2025-10-04 13:45,15.0,full overlap,Low,Office Area 1,Cafe
CONF_0285,P004,One-on-One,Client Visit,2025-10-04 11:30,2025-10-04 12:00,2025-10-04 11:30,2025-10-04 12:15,2025-10-04 11:30,2025-10-04 12:00,30.0,full overlap,Medium,Office Area 2,Conference Room C
CONF_0286,P004,Code Review,Client Visit,2025-09-30 15:15,2025-09-30 15:45,2025-09-30 15:30,2025-09-30 16:15,2025-09-30 15:30,2025-09-30 15:45,15.0,partial overlap,Low,Break Room,Conference Room A
CONF_0287,P004,Product Demo,Meeting,2025-10-01 11:30,2025-10-01 12:15,2025-10-01 11:30,2025-10-01 11:45,2025-10-01 11:30,2025-10-01 11:45,15.0,full overlap,Low,Office Area 1,Online Meeting
CONF_0288,P004,Product Demo,Design Review,2025-10-03 11:24,2025-10-03 12:16,2025-10-03 11:15,2025-10-03 11:45,2025-10-03 11:24,2025-10-03 11:45,21.0,partial overlap,Low,Client Reception,Training Room
CONF_0289,P004,Product Demo,Tech Sharing,2025-10-03 11:24,2025-10-03 12:16,2025-10-03 12:15,2025-10-03 12:45,2025-10-03 12:15,2025-10-03 12:16,1.0,partial overlap,Low,Client Reception,Remote
CONF_0290,P004,Meeting,Product Demo,2025-09-28 13:44,2025-09-28 14:05,2025-09-28 13:30,2025-09-28 13:45,2025-09-28 13:44,2025-09-28 13:45,1.0,partial overlap,Low,Training Room,Remote
CONF_0291,P004,Client Visit,Product Demo,2025-09-29 10:10,2025-09-29 10:58,2025-09-29 09:45,2025-09-29 10:15,2025-09-29 10:10,2025-09-29 10:15,5.0,partial overlap,Low,Conference Room B,Remote
CONF_0292,P004,Meeting,Team Building,2025-10-03 19:06,2025-10-03 19:30,2025-10-03 18:45,2025-10-03 19:30,2025-10-03 19:06,2025-10-03 19:30,24.0,full overlap,Low,Remote,R&D Center
CONF_0293,P004,Training,Client Visit,2025-09-29 18:41,2025-09-29 19:08,2025-09-29 18:47,2025-09-29 19:27,2025-09-29 18:47,2025-09-29 19:08,21.0,partial overlap,Low,Office Area 1,R&D Center
CONF_0294,P004,Training,Brainstorming,2025-09-29 18:41,2025-09-29 19:08,2025-09-29 18:30,2025-09-29 18:45,2025-09-29 18:41,2025-09-29 18:45,4.0,partial overlap,Low,Office Area 1,Cafe
CONF_0295,P004,Project Discussion,Client Visit,2025-10-04 09:23,2025-10-04 09:52,2025-10-04 09:45,2025-10-04 10:00,2025-10-04 09:45,2025-10-04 09:52,7.0,partial overlap,Low,Online Meeting,Cafe
CONF_0296,P004,Project Discussion,Tech Sharing,2025-10-04 09:23,2025-10-04 09:52,2025-10-04 09:15,2025-10-04 09:45,2025-10-04 09:23,2025-10-04 09:45,22.0,partial overlap,Low,Online Meeting,R&D Center
CONF_0297,P004,One-on-One,Team Building,2025-10-03 19:27,2025-10-03 20:01,2025-10-03 18:45,2025-10-03 19:30,2025-10-03 19:27,2025-10-03 19:30,3.0,partial overlap,Low,Demo Hall,R&D Center
CONF_0298,P004,One-on-One,Meeting,2025-10-03 19:27,2025-10-03 20:01,2025-10-03 19:06,2025-10-03 19:30,2025-10-03 19:27,2025-10-03 19:30,3.0,partial overlap,Low,Demo Hall,Remote
CONF_0299,P004,Tech Sharing,Client Visit,2025-09-30 15:51,2025-09-30 16:28,2025-09-30 15:30,2025-09-30 16:15,2025-09-30 15:51,2025-09-30 16:15,24.0,partial overlap,Low,Conference Room C,Conference Room A
CONF_0300,P004,Product Demo,Training,2025-09-29 18:45,2025-09-29 19:00,2025-09-29 18:41,2025-09-29 19:08,2025-09-29 18:45,2025-09-29 19:00,15.0,full overlap,Low,Product Showcase,Office Area 1
CONF_0301,P004,Product Demo,Client Visit,2025-09-29 18:45,2025-09-29 19:00,2025-09-29 18:47,2025-09-29 19:27,2025-09-29 18:47,2025-09-29 19:00,13.0,partial overlap,Low,Product Showcase,R&D Center
CONF_0302,P004,Product Demo,Testing Acceptance,2025-10-10 14:45,2025-10-10 15:45,2025-10-10 15:15,2025-10-10 16:15,2025-10-10 15:15,2025-10-10 15:45,30.0,partial overlap,Medium,Conference Room B,Client Reception
CONF_0303,P004,Tech Sharing,Code Review,2025-10-06 17:26,2025-10-06 18:10,2025-10-06 17:15,2025-10-06 18:00,2025-10-06 17:26,2025-10-06 18:00,34.0,partial overlap,Medium,R&D Center,Remote
CONF_0304,P004,Code Review,Design Review,2025-10-07 11:59,2025-10-07 12:38,2025-10-07 11:30,2025-10-07 12:15,2025-10-07 11:59,2025-10-07 12:15,16.0,partial overlap,Low,R&D Center,R&D Center
CONF_0305,P004,Meeting,Tech Sharing,2025-10-06 17:55,2025-10-06 18:41,2025-10-06 17:26,2025-10-06 18:10,2025-10-06 17:55,2025-10-06 18:10,15.0,partial overlap,Low,R&D Center,R&D Center
CONF_0306,P004,Meeting,Code Review,2025-10-06 17:55,2025-10-06 18:41,2025-10-06 17:15,2025-10-06 18:00,2025-10-06 17:55,2025-10-06 18:00,5.0,partial overlap,Low,R&D Center,Remote
CONF_0307,P004,Project Discussion,Product Demo,2025-10-10 12:10,2025-10-10 13:09,2025-10-10 11:45,2025-10-10 12:45,2025-10-10 12:10,2025-10-10 12:45,35.0,partial overlap,Medium,Test Lab,Training Room
CONF_0308,P004,One-on-One,One-on-One,2025-10-16 15:15,2025-10-16 16:15,2025-10-16 15:30,2025-10-16 16:00,2025-10-16 15:30,2025-10-16 16:00,30.0,full overlap,Medium,Office Area 1,Online Meeting
CONF_0309,P004,Project Discussion,Product Demo,2025-10-15 10:00,2025-10-15 10:45,2025-10-15 09:30,2025-10-15 10:30,2025-10-15 10:00,2025-10-15 10:30,30.0,partial overlap,Medium,Office Area 1,Conference Room C
CONF_0310,P004,Operations Check,Deployment,2025-10-18 13:45,2025-10-18 14:30,2025-10-18 13:45,2025-10-18 14:30,2025-10-18 13:45,2025-10-18 14:30,45.0,full overlap,Medium,Test Lab,Conference Room B
CONF_0311,P004,Requirements Analysis,Project Discussion,2025-10-15 10:10,2025-10-15 10:54,2025-10-15 10:00,2025-10-15 10:45,2025-10-15 10:10,2025-10-15 10:45,35.0,partial overlap,Medium,Test Lab,Office Area 1
CONF_0312,P004,Requirements Analysis,Product Demo,2025-10-15 10:10,2025-10-15 10:54,2025-10-15 09:30,2025-10-15 10:30,2025-10-15 10:10,2025-10-15 10:30,20.0,partial overlap,Low,Test Lab,Conference Room C
CONF_0313,P004,Requirements Analysis,Team Building,2025-10-20 14:14,2025-10-20 15:06,2025-10-20 13:45,2025-10-20 14:45,2025-10-20 14:14,2025-10-20 14:45,31.0,partial overlap,Medium,Online Meeting,Conference Room A
CONF_0314,P004,Project Discussion,Meeting,2025-10-16 14:08,2025-10-16 14:28,2025-10-16 14:00,2025-10-16 15:00,2025-10-16 14:08,2025-10-16 14:28,20.0,full overlap,Low,Test Lab,Remote
CONF_0315,P004,Meeting,Project Discussion,2025-10-24 14:30,2025-10-24 14:45,2025-10-24 14:15,2025-10-24 14:45,2025-10-24 14:30,2025-10-24 14:45,15.0,full overlap,Low,Conference Room A,Training Room
CONF_0316,P004,Tech Sharing,Meeting,2025-10-22 15:30,2025-10-22 16:15,2025-10-22 15:45,2025-10-22 16:15,2025-10-22 15:45,2025-10-22 16:15,30.0,full overlap,Medium,Cafe,Training Room
CONF_0317,P004,Training,Operations Check,2025-10-27 11:15,2025-10-27 11:45,2025-10-27 11:00,2025-10-27 11:45,2025-10-27 11:15,2025-10-27 11:45,30.0,full overlap,Medium,Break Room,R&D Center
CONF_0318,P004,Project Discussion,Meeting,2025-10-26 09:30,2025-10-26 10:15,2025-10-26 10:00,2025-10-26 10:15,2025-10-26 10:00,2025-10-26 10:15,15.0,full overlap,Low,Conference Room C,Test Lab
CONF_0319,P004,Training,Testing Acceptance,2025-10-25 08:30,2025-10-25 09:00,2025-10-25 08:00,2025-10-25 08:45,2025-10-25 08:30,2025-10-25 08:45,15.0,partial overlap,Low,Office Area 1,Demo Hall
CONF_0320,P004,Project Discussion,Requirements Analysis,2025-10-25 19:11,2025-10-25 19:58,2025-10-25 18:45,2025-10-25 19:15,2025-10-25 19:11,2025-10-25 19:15,4.0,partial overlap,Low,Remote,Remote
CONF_0321,P004,Requirements Analysis,One-on-One,2025-10-25 08:45,2025-10-25 09:04,2025-10-25 09:00,2025-10-25 09:15,2025-10-25 09:00,2025-10-25 09:04,4.0,partial overlap,Low,Conference Room B,Online Meeting
CONF_0322,P004,Requirements Analysis,Training,2025-10-25 08:45,2025-10-25 09:04,2025-10-25 08:30,2025-10-25 09:00,2025-10-25 08:45,2025-10-25 09:00,15.0,partial overlap,Low,Conference Room B,Office Area 1
CONF_0323,P004,Product Demo,Code Review,2025-10-31 13:30,2025-10-31 14:30,2025-10-31 13:45,2025-10-31 14:15,2025-10-31 13:45,2025-10-31 14:15,30.0,full overlap,Medium,Remote,Online Meeting
CONF_0324,P004,Product Demo,Product Demo,2025-10-31 13:30,2025-10-31 14:30,2025-10-31 13:30,2025-10-31 13:45,2025-10-31 13:30,2025-10-31 13:45,15.0,full overlap,Low,Remote,Office Area 2
CONF_0325,P004,Requirements Analysis,Brainstorming,2025-11-03 08:30,2025-11-03 09:00,2025-11-03 08:30,2025-11-03 09:15,2025-11-03 08:30,2025-11-03 09:00,30.0,full overlap,Medium,Office Area 1,Remote
CONF_0326,P004,Brainstorming,One-on-One,2025-11-02 18:00,2025-11-02 19:00,2025-11-02 18:15,2025-11-02 19:45,2025-11-02 18:15,2025-11-02 19:00,45.0,partial overlap,Medium,Office Area 2,Training Room
CONF_0327,P004,Meeting,Design Review,2025-11-06 13:45,2025-11-06 14:15,2025-11-06 13:30,2025-11-06 14:15,2025-11-06 13:45,2025-11-06 14:15,30.0,full overlap,Medium,Conference Room C,R&D Center
CONF_0328,P004,Design Review,Operations Check,2025-11-12 09:30,2025-11-12 10:15,2025-11-12 09:30,2025-11-12 10:30,2025-11-12 09:30,2025-11-12 10:15,45.0,full overlap,Medium,Product Showcase,Conference Room B
CONF_0329,P004,Code Review,Team Building,2025-11-10 17:15,2025-11-10 18:00,2025-11-10 16:45,2025-11-10 17:45,2025-11-10 17:15,2025-11-10 17:45,30.0,partial overlap,Medium,Cafe,R&D Center
CONF_0330,P004,Testing Acceptance,Testing Acceptance,2025-11-10 13:00,2025-11-10 14:00,2025-11-10 13:15,2025-11-10 13:45,2025-11-10 13:15,2025-11-10 13:45,30.0,full overlap,Medium,Training Room,Conference Room B
CONF_0331,P004,Brainstorming,Design Review,2025-11-09 17:00,2025-11-09 17:45,2025-11-09 17:30,2025-11-09 18:15,2025-11-09 17:30,2025-11-09 17:45,15.0,partial overlap,Low,Office Area 2,Cafe
CONF_0332,P004,Team Building,Training,2025-11-17 12:41,2025-11-17 13:34,2025-11-17 12:30,2025-11-17 13:30,2025-11-17 12:41,2025-11-17 13:30,49.0,partial overlap,Medium,Remote,Conference Room C
CONF_0333,P004,Deployment,Deployment,2025-11-09 11:11,2025-11-09 11:34,2025-11-09 10:45,2025-11-09 11:30,2025-11-09 11:11,2025-11-09 11:30,19.0,partial overlap,Low,Conference Room A,Office Area 2
CONF_0334,P004,Brainstorming,Operations Check,2025-11-07 13:30,2025-11-07 13:48,2025-11-07 13:15,2025-11-07 14:15,2025-11-07 13:30,2025-11-07 13:48,18.0,full overlap,Low,Office Area 1,Cafe
CONF_0335,P004,One-on-One,Design Review,2025-11-06 13:47,2025-11-06 14:04,2025-11-06 13:30,2025-11-06 14:15,2025-11-06 13:47,2025-11-06 14:04,17.0,full overlap,Low,Product Showcase,R&D Center
CONF_0336,P004,One-on-One,Meeting,2025-11-06 13:47,2025-11-06 14:04,2025-11-06 13:45,2025-11-06 14:15,2025-11-06 13:47,2025-11-06 14:04,17.0,full overlap,Low,Product Showcase,Conference Room C
CONF_0337,P004,Product Demo,Deployment,2025-11-09 11:20,2025-11-09 11:51,2025-11-09 10:45,2025-11-09 11:30,2025-11-09 11:20,2025-11-09 11:30,10.0,partial overlap,Low,Test Lab,Office Area 2
CONF_0338,P004,Product Demo,Deployment,2025-11-09 11:20,2025-11-09 11:51,2025-11-09 11:11,2025-11-09 11:34,2025-11-09 11:20,2025-11-09 11:34,14.0,partial overlap,Low,Test Lab,Conference Room A
CONF_0339,P004,Project Discussion,Design Review,2025-11-09 17:48,2025-11-09 18:04,2025-11-09 17:30,2025-11-09 18:15,2025-11-09 17:48,2025-11-09 18:04,16.0,full overlap,Low,Break Room,Cafe
CONF_0340,P004,Deployment,Team Building,2025-11-17 12:30,2025-11-17 13:00,2025-11-17 12:41,2025-11-17 13:34,2025-11-17 12:41,2025-11-17 13:00,19.0,partial overlap,Low,Conference Room C,Remote
CONF_0341,P004,Deployment,Training,2025-11-17 12:30,2025-11-17 13:00,2025-11-17 12:30,2025-11-17 13:30,2025-11-17 12:30,2025-11-17 13:00,30.0,full overlap,Medium,Conference Room C,Conference Room C
CONF_0342,P004,Design Review,One-on-One,2025-11-22 10:45,2025-11-22 11:15,2025-11-22 11:00,2025-11-22 11:30,2025-11-22 11:00,2025-11-22 11:15,15.0,partial overlap,Low,Demo Hall,Test Lab
CONF_0343,P004,Meeting,Requirements Analysis,2025-11-20 15:45,2025-11-20 16:30,2025-11-20 15:30,2025-11-20 16:00,2025-11-20 15:45,2025-11-20 16:00,15.0,partial overlap,Low,Training Room,Product Showcase
CONF_0344,P004,Design Review,Brainstorming,2025-11-20 10:52,2025-11-20 11:25,2025-11-20 10:30,2025-11-20 11:15,2025-11-20 10:52,2025-11-20 11:15,23.0,partial overlap,Low,Demo Hall,Office Area 2
CONF_0345,P004,Requirements Analysis,Team Building,2025-11-17 11:09,2025-11-17 11:40,2025-11-17 11:00,2025-11-17 11:30,2025-11-17 11:09,2025-11-17 11:30,21.0,partial overlap,Low,Office Area 1,Conference Room C
CONF_0346,P004,One-on-One,Team Building,2025-11-15 15:35,2025-11-15 16:08,2025-11-15 15:30,2025-11-15 15:45,2025-11-15 15:35,2025-11-15 15:45,10.0,partial overlap,Low,Client Reception,Product Showcase
CONF_0347,P004,Product Demo,Requirements Analysis,2025-11-16 13:44,2025-11-16 14:16,2025-11-16 13:15,2025-11-16 13:45,2025-11-16 13:44,2025-11-16 13:45,1.0,partial overlap,Low,Training Room,Training Room
CONF_0348,P004,Brainstorming,Operations Check,2025-11-22 14:37,2025-11-22 14:57,2025-11-22 14:15,2025-11-22 15:00,2025-11-22 14:37,2025-11-22 14:57,20.0,full overlap,Low,Client Reception,Client Reception
CONF_0349,P005,One-on-One,One-on-One,2025-09-16 18:00,2025-09-16 19:00,2025-09-16 17:45,2025-09-16 18:15,2025-09-16 18:00,2025-09-16 18:15,15.0,partial overlap,Low,Office Area 2,Online Meeting
CONF_0350,P005,Testing Acceptance,One-on-One,2025-09-16 17:30,2025-09-16 18:00,2025-09-16 17:45,2025-09-16 18:15,2025-09-16 17:45,2025-09-16 18:00,15.0,partial overlap,Low,R&D Center,Online Meeting
CONF_0351,P005,Product Demo,Tech Sharing,2025-09-19 14:15,2025-09-19 14:57,2025-09-19 14:00,2025-09-19 14:45,2025-09-19 14:15,2025-09-19 14:45,30.0,partial overlap,Medium,Conference Room C,Product Showcase
CONF_0352,P005,Design Review,Project Discussion,2025-09-15 10:28,2025-09-15 11:25,2025-09-15 10:15,2025-09-15 11:15,2025-09-15 10:28,2025-09-15 11:15,47.0,partial overlap,Medium,Office Area 1,Break Room
CONF_0353,P005,Design Review,Product Demo,2025-09-17 08:22,2025-09-17 09:09,2025-09-17 08:15,2025-09-17 08:45,2025-09-17 08:22,2025-09-17 08:45,23.0,partial overlap,Low,Test Lab,Online Meeting
CONF_0354,P005,Operations Check,One-on-One,2025-09-16 18:11,2025-09-16 18:45,2025-09-16 17:45,2025-09-16 18:15,2025-09-16 18:11,2025-09-16 18:15,4.0,partial overlap,Low,Office Area 2,Online Meeting
CONF_0355,P005,Operations Check,One-on-One,2025-09-16 18:11,2025-09-16 18:45,2025-09-16 18:00,2025-09-16 19:00,2025-09-16 18:11,2025-09-16 18:45,34.0,full overlap,Medium,Office Area 2,Office Area 2
CONF_0356,P005,Client Visit,Client Visit,2025-09-18 18:15,2025-09-18 19:00,2025-09-18 18:45,2025-09-18 19:30,2025-09-18 18:45,2025-09-18 19:00,15.0,partial overlap,Low,Break Room,Office Area 2
CONF_0357,P005,Operations Check,Deployment,2025-09-26 10:30,2025-09-26 11:00,2025-09-26 10:15,2025-09-26 10:45,2025-09-26 10:30,2025-09-26 10:45,15.0,partial overlap,Low,Office Area 2,Remote
CONF_0358,P005,Product Demo,Product Demo,2025-09-22 13:30,2025-09-22 14:15,2025-09-22 13:30,2025-09-22 14:15,2025-09-22 13:30,2025-09-22 14:15,45.0,full overlap,Medium,Product Showcase,Break Room
CONF_0359,P005,Product Demo,Client Visit,2025-09-27 12:45,2025-09-27 13:45,2025-09-27 12:30,2025-09-27 13:15,2025-09-27 12:45,2025-09-27 13:15,30.0,partial overlap,Medium,Training Room,Break Room
CONF_0360,P005,Code Review,Product Demo,2025-09-22 13:52,2025-09-22 14:09,2025-09-22 13:30,2025-09-22 14:15,2025-09-22 13:52,2025-09-22 14:09,17.0,full overlap,Low,Office Area 1,Break Room
CONF_0361,P005,Code Review,Product Demo,2025-09-22 13:52,2025-09-22 14:09,2025-09-22 13:30,2025-09-22 14:15,2025-09-22 13:52,2025-09-22 14:09,17.0,full overlap,Low,Office Area 1,Product Showcase
CONF_0362,P005,Product Demo,Code Review,2025-09-20 08:36,2025-09-20 09:20,2025-09-20 08:15,2025-09-20 09:00,2025-09-20 08:36,2025-09-20 09:00,24.0,partial overlap,Low,Conference Room C,Cafe
CONF_0363,P005,Meeting,Tech Sharing,2025-09-27 18:41,2025-09-27 19:24,2025-09-27 18:15,2025-09-27 18:45,2025-09-27 18:41,2025-09-27 18:45,4.0,partial overlap,Low,Remote,Demo Hall
CONF_0364,P005,Testing Acceptance,Operations Check,2025-09-25 18:35,2025-09-25 19:14,2025-09-25 18:30,2025-09-25 19:00,2025-09-25 18:35,2025-09-25 19:00,25.0,partial overlap,Low,Cafe,Cafe
CONF_0365,P005,Team Building,Operations Check,2025-09-26 11:30,2025-09-26 12:15,2025-09-26 12:00,2025-09-26 12:30,2025-09-26 12:00,2025-09-26 12:15,15.0,partial overlap,Low,Conference Room C,Office Area 1
CONF_0366,P005,One-on-One,Deployment,2025-09-26 09:45,2025-09-26 10:30,2025-09-26 10:15,2025-09-26 10:45,2025-09-26 10:15,2025-09-26 10:30,15.0,partial overlap,Low,Cafe,Remote
CONF_0367,P005,Requirements Analysis,Project Discussion,2025-10-02 18:00,2025-10-02 18:45,2025-10-02 18:00,2025-10-02 18:15,2025-10-02 18:00,2025-10-02 18:15,15.0,full overlap,Low,Break Room,Demo Hall
CONF_0368,P005,Client Visit,Project Discussion,2025-10-02 09:30,2025-10-02 10:15,2025-10-02 09:00,2025-10-02 09:45,2025-10-02 09:30,2025-10-02 09:45,15.0,partial overlap,Low,R&D Center,Training Room
CONF_0369,P005,Code Review,Meeting,2025-10-04 10:00,2025-10-04 10:30,2025-10-04 10:00,2025-10-04 10:30,2025-10-04 10:00,2025-10-04 10:30,30.0,full overlap,Medium,Cafe,Conference Room A
CONF_0370,P005,Tech Sharing,Requirements Analysis,2025-10-03 13:45,2025-10-03 14:30,2025-10-03 14:15,2025-10-03 14:45,2025-10-03 14:15,2025-10-03 14:30,15.0,partial overlap,Low,Conference Room A,Office Area 2
CONF_0371,P005,Meeting,Requirements Analysis,2025-10-02 18:27,2025-10-02 18:43,2025-10-02 18:00,2025-10-02 18:45,2025-10-02 18:27,2025-10-02 18:43,16.0,full overlap,Low,Test Lab,Break Room
CONF_0372,P005,Meeting,Code Review,2025-10-05 15:30,2025-10-05 16:00,2025-10-05 15:00,2025-10-05 15:45,2025-10-05 15:30,2025-10-05 15:45,15.0,partial overlap,Low,Demo Hall,Office Area 2
CONF_0373,P005,Tech Sharing,Meeting,2025-10-07 17:00,2025-10-07 18:30,2025-10-07 18:15,2025-10-07 18:30,2025-10-07 18:15,2025-10-07 18:30,15.0,full overlap,Low,Demo Hall,Break Room
CONF_0374,P005,Training,Design Review,2025-10-10 15:00,2025-10-10 16:30,2025-10-10 15:15,2025-10-10 16:00,2025-10-10 15:15,2025-10-10 16:00,45.0,full overlap,Medium,Cafe,Conference Room C
CONF_0375,P005,Deployment,Design Review,2025-10-10 15:15,2025-10-10 16:00,2025-10-10 15:15,2025-10-10 16:00,2025-10-10 15:15,2025-10-10 16:00,45.0,full overlap,Medium,Cafe,Conference Room C
CONF_0376,P005,Deployment,Training,2025-10-10 15:15,2025-10-10 16:00,2025-10-10 15:00,2025-10-10 16:30,2025-10-10 15:15,2025-10-10 16:00,45.0,full overlap,Medium,Cafe,Cafe
CONF_0377,P005,Operations Check,Design Review,2025-10-10 15:36,2025-10-10 16:04,2025-10-10 15:15,2025-10-10 16:00,2025-10-10 15:36,2025-10-10 16:00,24.0,partial overlap,Low,Conference Room C,Conference Room C
CONF_0378,P005,Operations Check,Deployment,2025-10-10 15:36,2025-10-10 16:04,2025-10-10 15:15,2025-10-10 16:00,2025-10-10 15:36,2025-10-10 16:00,24.0,partial overlap,Low,Conference Room C,Cafe
CONF_0379,P005,Operations Check,Training,2025-10-10 15:36,2025-10-10 16:04,2025-10-10 15:00,2025-10-10 16:30,2025-10-10 15:36,2025-10-10 16:04,28.0,full overlap,Low,Conference Room C,Cafe
CONF_0380,P005,One-on-One,Product Demo,2025-10-18 13:45,2025-10-18 14:15,2025-10-18 14:00,2025-10-18 14:30,2025-10-18 14:00,2025-10-18 14:15,15.0,partial overlap,Low,Office Area 2,Online Meeting
CONF_0381,P005,Meeting,Testing Acceptance,2025-10-20 12:00,2025-10-20 12:30,2025-10-20 11:45,2025-10-20 12:45,2025-10-20 12:00,2025-10-20 12:30,30.0,full overlap,Medium,Conference Room B,Conference Room C
CONF_0382,P005,Tech Sharing,One-on-One,2025-10-17 10:00,2025-10-17 11:00,2025-10-17 10:30,2025-10-17 11:15,2025-10-17 10:30,2025-10-17 11:00,30.0,partial overlap,Medium,Cafe,Training Room
CONF_0383,P005,Product Demo,Testing Acceptance,2025-10-19 17:30,2025-10-19 18:00,2025-10-19 17:45,2025-10-19 18:15,2025-10-19 17:45,2025-10-19 18:00,15.0,partial overlap,Low,Client Reception,Cafe
CONF_0384,P005,Meeting,Requirements Analysis,2025-10-17 18:00,2025-10-17 18:45,2025-10-17 17:30,2025-10-17 18:15,2025-10-17 18:00,2025-10-17 18:15,15.0,partial overlap,Low,Office Area 1,Product Showcase
CONF_0385,P005,Requirements Analysis,Product Demo,2025-10-19 17:15,2025-10-19 17:45,2025-10-19 17:30,2025-10-19 18:00,2025-10-19 17:30,2025-10-19 17:45,15.0,partial overlap,Low,Conference Room A,Client Reception
CONF_0386,P005,Team Building,One-on-One,2025-10-17 10:49,2025-10-17 11:45,2025-10-17 10:30,2025-10-17 11:15,2025-10-17 10:49,2025-10-17 11:15,26.0,partial overlap,Low,R&D Center,Training Room
CONF_0387,P005,Team Building,Tech Sharing,2025-10-17 10:49,2025-10-17 11:45,2025-10-17 10:00,2025-10-17 11:00,2025-10-17 10:49,2025-10-17 11:00,11.0,partial overlap,Low,R&D Center,Cafe
CONF_0388,P005,Design Review,Training,2025-10-17 16:08,2025-10-17 16:46,2025-10-17 15:45,2025-10-17 16:30,2025-10-17 16:08,2025-10-17 16:30,22.0,partial overlap,Low,Break Room,Test Lab
CONF_0389,P005,Testing Acceptance,Client Visit,2025-10-20 14:35,2025-10-20 15:25,2025-10-20 14:30,2025-10-20 15:00,2025-10-20 14:35,2025-10-20 15:00,25.0,partial overlap,Low,Office Area 1,Client Reception
CONF_0390,P005,One-on-One,Deployment,2025-10-11 15:03,2025-10-11 16:00,2025-10-11 14:45,2025-10-11 15:30,2025-10-11 15:03,2025-10-11 15:30,27.0,partial overlap,Low,Client Reception,Office Area 1
CONF_0391,P005,Training,Brainstorming,2025-10-13 16:54,2025-10-13 17:22,2025-10-13 16:45,2025-10-13 17:15,2025-10-13 16:54,2025-10-13 17:15,21.0,partial overlap,Low,Client Reception,Conference Room C
CONF_0392,P005,Training,Code Review,2025-10-13 18:19,2025-10-13 19:10,2025-10-13 18:00,2025-10-13 18:30,2025-10-13 18:19,2025-10-13 18:30,11.0,partial overlap,Low,Conference Room C,Demo Hall
CONF_0393,P005,Design Review,Product Demo,2025-10-18 14:06,2025-10-18 14:45,2025-10-18 14:00,2025-10-18 14:30,2025-10-18 14:06,2025-10-18 14:30,24.0,partial overlap,Low,Demo Hall,Online Meeting
CONF_0394,P005,Design Review,One-on-One,2025-10-18 14:06,2025-10-18 14:45,2025-10-18 13:45,2025-10-18 14:15,2025-10-18 14:06,2025-10-18 14:15,9.0,partial overlap,Low,Demo Hall,Office Area 2
CONF_0395,P005,Tech Sharing,Testing Acceptance,2025-10-19 17:49,2025-10-19 18:26,2025-10-19 17:45,2025-10-19 18:15,2025-10-19 17:49,2025-10-19 18:15,26.0,partial overlap,Low,Test Lab,Cafe
CONF_0396,P005,Tech Sharing,Product Demo,2025-10-19 17:49,2025-10-19 18:26,2025-10-19 17:30,2025-10-19 18:00,2025-10-19 17:49,2025-10-19 18:00,11.0,partial overlap,Low,Test Lab,Client Reception
CONF_0397,P005,Product Demo,Testing Acceptance,2025-10-19 17:52,2025-10-19 18:13,2025-10-19 17:45,2025-10-19 18:15,2025-10-19 17:52,2025-10-19 18:13,21.0,full overlap,Low,Test Lab,Cafe
CONF_0398,P005,Product Demo,Product Demo,2025-10-19 17:52,2025-10-19 18:13,2025-10-19 17:30,2025-10-19 18:00,2025-10-19 17:52,2025-10-19 18:00,8.0,partial overlap,Low,Test Lab,Client Reception
CONF_0399,P005,Product Demo,Tech Sharing,2025-10-19 17:52,2025-10-19 18:13,2025-10-19 17:49,2025-10-19 18:26,2025-10-19 17:52,2025-10-19 18:13,21.0,full overlap,Low,Test Lab,Test Lab
CONF_0400,P005,Operations Check,Requirements Analysis,2025-10-19 17:30,2025-10-19 18:15,2025-10-19 17:15,2025-10-19 17:45,2025-10-19 17:30,2025-10-19 17:45,15.0,partial overlap,Low,Office Area 1,Conference Room A
CONF_0401,P005,Operations Check,Testing Acceptance,2025-10-19 17:30,2025-10-19 18:15,2025-10-19 17:45,2025-10-19 18:15,2025-10-19 17:45,2025-10-19 18:15,30.0,full overlap,Medium,Office Area 1,Cafe
CONF_0402,P005,Operations Check,Product Demo,2025-10-19 17:30,2025-10-19 18:15,2025-10-19 17:30,2025-10-19 18:00,2025-10-19 17:30,2025-10-19 18:00,30.0,full overlap,Medium,Office Area 1,Client Reception
CONF_0403,P005,Operations Check,Tech Sharing,2025-10-19 17:30,2025-10-19 18:15,2025-10-19 17:49,2025-10-19 18:26,2025-10-19 17:49,2025-10-19 18:15,26.0,partial overlap,Low,Office Area 1,Test Lab
CONF_0404,P005,Operations Check,Product Demo,2025-10-19 17:30,2025-10-19 18:15,2025-10-19 17:52,2025-10-19 18:13,2025-10-19 17:52,2025-10-19 18:13,21.0,full overlap,Low,Office Area 1,Test Lab
CONF_0405,P005,Client Visit,Project Discussion,2025-10-21 15:30,2025-10-21 15:45,2025-10-21 15:30,2025-10-21 16:00,2025-10-21 15:30,2025-10-21 15:45,15.0,full overlap,Low,Remote,Cafe
CONF_0406,P005,One-on-One,Testing Acceptance,2025-10-23 11:00,2025-10-23 11:45,2025-10-23 11:00,2025-10-23 11:45,2025-10-23 11:00,2025-10-23 11:45,45.0,full overlap,Medium,Break Room,Cafe
CONF_0407,P005,Testing Acceptance,Tech Sharing,2025-10-24 14:00,2025-10-24 14:45,2025-10-24 13:45,2025-10-24 14:30,2025-10-24 14:00,2025-10-24 14:30,30.0,partial overlap,Medium,Online Meeting,Break Room
CONF_0408,P005,Training,Brainstorming,2025-10-25 18:00,2025-10-25 18:45,2025-10-25 18:00,2025-10-25 18:30,2025-10-25 18:00,2025-10-25 18:30,30.0,full overlap,Medium,Online Meeting,Client Reception
CONF_0409,P005,One-on-One,Client Visit,2025-10-28 17:15,2025-10-28 18:00,2025-10-28 17:30,2025-10-28 18:15,2025-10-28 17:30,2025-10-28 18:00,30.0,partial overlap,Medium,Test Lab,Cafe
CONF_0410,P005,Design Review,Deployment,2025-10-28 15:51,2025-10-28 16:17,2025-10-28 15:45,2025-10-28 16:30,2025-10-28 15:51,2025-10-28 16:17,26.0,full overlap,Low,Office Area 1,R&D Center
CONF_0411,P005,Deployment,Testing Acceptance,2025-10-26 16:25,2025-10-26 17:23,2025-10-26 16:00,2025-10-26 16:30,2025-10-26 16:25,2025-10-26 16:30,5.0,partial overlap,Low,Conference Room B,Cafe
CONF_0412,P005,Code Review,Deployment,2025-10-28 16:02,2025-10-28 16:57,2025-10-28 15:45,2025-10-28 16:30,2025-10-28 16:02,2025-10-28 16:30,28.0,partial overlap,Low,Office Area 2,R&D Center
CONF_0413,P005,Code Review,Design Review,2025-10-28 16:02,2025-10-28 16:57,2025-10-28 15:51,2025-10-28 16:17,2025-10-28 16:02,2025-10-28 16:17,15.0,partial overlap,Low,Office Area 2,Office Area 1
CONF_0414,P005,Training,Team Building,2025-10-27 12:25,2025-10-27 13:19,2025-10-27 12:00,2025-10-27 12:30,2025-10-27 12:25,2025-10-27 12:30,5.0,partial overlap,Low,Client Reception,Online Meeting
CONF_0415,P005,Design Review,Product Demo,2025-10-29 17:13,2025-10-29 17:47,2025-10-29 16:45,2025-10-29 17:30,2025-10-29 17:13,2025-10-29 17:30,17.0,partial overlap,Low,Office Area 1,Test Lab
CONF_0416,P005,Design Review,Design Review,2025-10-29 10:28,2025-10-29 11:19,2025-10-29 10:00,2025-10-29 10:30,2025-10-29 10:28,2025-10-29 10:30,2.0,partial overlap,Low,Conference Room A,Remote
CONF_0417,P005,Code Review,Code Review,2025-10-23 17:45,2025-10-23 18:18,2025-10-23 17:30,2025-10-23 18:15,2025-10-23 17:45,2025-10-23 18:15,30.0,partial overlap,Medium,Break Room,Conference Room B
CONF_0418,P005,Tech Sharing,Deployment,2025-10-28 16:08,2025-10-28 17:03,2025-10-28 15:45,2025-10-28 16:30,2025-10-28 16:08,2025-10-28 16:30,22.0,partial overlap,Low,Demo Hall,R&D Center
CONF_0419,P005,Tech Sharing,Code Review,2025-10-28 16:08,2025-10-28 17:03,2025-10-28 16:02,2025-10-28 16:57,2025-10-28 16:08,2025-10-28 16:57,49.0,partial overlap,Medium,Demo Hall,Office Area 2
CONF_0420,P005,Tech Sharing,Design Review,2025-10-28 16:08,2025-10-28 17:03,2025-10-28 15:51,2025-10-28 16:17,2025-10-28 16:08,2025-10-28 16:17,9.0,partial overlap,Low,Demo Hall,Office Area 1
CONF_0421,P005,Tech Sharing,Deployment,2025-10-29 15:45,2025-10-29 16:45,2025-10-29 16:00,2025-10-29 16:15,2025-10-29 16:00,2025-10-29 16:15,15.0,full overlap,Low,Product Showcase,Product Showcase
CONF_0422,P005,One-on-One,Product Demo,2025-11-02 17:00,2025-11-02 18:30,2025-11-02 17:00,2025-11-02 17:45,2025-11-02 17:00,2025-11-02 17:45,45.0,full overlap,Medium,R&D Center,Conference Room A
CONF_0423,P005,Requirements Analysis,Training,2025-11-05 14:05,2025-11-05 14:37,2025-11-05 13:45,2025-11-05 14:45,2025-11-05 14:05,2025-11-05 14:37,32.0,full overlap,Medium,Conference Room B,Break Room
CONF_0424,P005,Deployment,Tech Sharing,2025-11-07 16:57,2025-11-07 17:22,2025-11-07 16:45,2025-11-07 17:45,2025-11-07 16:57,2025-11-07 17:22,25.0,full overlap,Low,Break Room,Conference Room A
CONF_0425,P005,Project Discussion,Project Discussion,2025-10-30 09:44,2025-10-30 10:36,2025-10-30 09:30,2025-10-30 11:00,2025-10-30 09:44,2025-10-30 10:36,52.0,full overlap,Medium,Test Lab,Online Meeting
CONF_0426,P005,Product Demo,Product Demo,2025-11-04 09:00,2025-11-04 10:00,2025-11-04 09:30,2025-11-04 10:15,2025-11-04 09:30,2025-11-04 10:00,30.0,partial overlap,Medium,Conference Room C,Cafe
CONF_0427,P005,Meeting,Client Visit,2025-11-09 11:00,2025-11-09 11:30,2025-11-09 11:15,2025-11-09 12:00,2025-11-09 11:15,2025-11-09 11:30,15.0,partial overlap,Low,Training Room,Office Area 1
CONF_0428,P005,Meeting,Deployment,2025-11-13 16:45,2025-11-13 17:30,2025-11-13 16:30,2025-11-13 17:15,2025-11-13 16:45,2025-11-13 17:15,30.0,partial overlap,Medium,Demo Hall,Online Meeting
CONF_0429,P005,Requirements Analysis,Operations Check,2025-11-13 13:30,2025-11-13 14:30,2025-11-13 12:45,2025-11-13 13:45,2025-11-13 13:30,2025-11-13 13:45,15.0,partial overlap,Low,Remote,Office Area 2
CONF_0430,P005,Brainstorming,Brainstorming,2025-11-09 10:19,2025-11-09 10:47,2025-11-09 10:00,2025-11-09 11:00,2025-11-09 10:19,2025-11-09 10:47,28.0,full overlap,Low,Conference Room A,Demo Hall
CONF_0431,P005,Deployment,Team Building,2025-11-11 14:39,2025-11-11 15:37,2025-11-11 14:30,2025-11-11 15:00,2025-11-11 14:39,2025-11-11 15:00,21.0,partial overlap,Low,Client Reception,Product Showcase
CONF_0432,P005,Meeting,Deployment,2025-11-13 16:53,2025-11-13 17:32,2025-11-13 16:30,2025-11-13 17:15,2025-11-13 16:53,2025-11-13 17:15,22.0,partial overlap,Low,Training Room,Online Meeting
CONF_0433,P005,Meeting,Meeting,2025-11-13 16:53,2025-11-13 17:32,2025-11-13 16:45,2025-11-13 17:30,2025-11-13 16:53,2025-11-13 17:30,37.0,partial overlap,Medium,Training Room,Demo Hall
CONF_0434,P005,One-on-One,Testing Acceptance,2025-11-11 11:05,2025-11-11 11:29,2025-11-11 10:45,2025-11-11 11:15,2025-11-11 11:05,2025-11-11 11:15,10.0,partial overlap,Low,Remote,Office Area 1
CONF_0435,P005,Project Discussion,Operations Check,2025-11-16 12:00,2025-11-16 12:45,2025-11-16 12:00,2025-11-16 12:45,2025-11-16 12:00,2025-11-16 12:45,45.0,full overlap,Medium,Demo Hall,Demo Hall
CONF_0436,P005,Code Review,Tech Sharing,2025-11-18 08:45,2025-11-18 09:30,2025-11-18 08:45,2025-11-18 09:00,2025-11-18 08:45,2025-11-18 09:00,15.0,full overlap,Low,R&D Center,Conference Room A
CONF_0437,P005,Team Building,Project Discussion,2025-11-21 13:45,2025-11-21 14:15,2025-11-21 14:00,2025-11-21 14:15,2025-11-21 14:00,2025-11-21 14:15,15.0,full overlap,Low,Office Area 2,Online Meeting
CONF_0438,P005,Client Visit,Team Building,2025-11-22 14:29,2025-11-22 14:58,2025-11-22 14:00,2025-11-22 14:30,2025-11-22 14:29,2025-11-22 14:30,1.0,partial overlap,Low,Product Showcase,Online Meeting
CONF_0439,P005,Meeting,Meeting,2025-11-23 08:14,2025-11-23 08:44,2025-11-23 08:00,2025-11-23 08:15,2025-11-23 08:14,2025-11-23 08:15,1.0,partial overlap,Low,Break Room,Training Room
CONF_0440,P005,Training,Meeting,2025-11-23 08:28,2025-11-23 09:17,2025-11-23 08:14,2025-11-23 08:44,2025-11-23 08:28,2025-11-23 08:44,16.0,partial overlap,Low,Conference Room A,Break Room
CONF_0441,P005,Testing Acceptance,Team Building,2025-11-20 10:54,2025-11-20 11:46,2025-11-20 10:45,2025-11-20 11:15,2025-11-20 10:54,2025-11-20 11:15,21.0,partial overlap,Low,Break Room,Office Area 2
CONF_0442,P005,Client Visit,Team Building,2025-11-20 11:10,2025-11-20 11:36,2025-11-20 10:45,2025-11-20 11:15,2025-11-20 11:10,2025-11-20 11:15,5.0,partial overlap,Low,Test Lab,Office Area 2
CONF_0443,P005,Client Visit,Testing Acceptance,2025-11-20 11:10,2025-11-20 11:36,2025-11-20 10:54,2025-11-20 11:46,2025-11-20 11:10,2025-11-20 11:36,26.0,full overlap,Low,Test Lab,Break Room
CONF_0444,P005,Team Building,Code Review,2025-11-19 10:47,2025-11-19 11:12,2025-11-19 10:30,2025-11-19 11:00,2025-11-19 10:47,2025-11-19 11:00,13.0,partial overlap,Low,Office Area 1,Demo Hall
CONF_0445,P005,Brainstorming,Tech Sharing,2025-11-12 11:38,2025-11-12 12:14,2025-11-12 11:30,2025-11-12 11:45,2025-11-12 11:38,2025-11-12 11:45,7.0,partial overlap,Low,Break Room,Online Meeting
CONF_0446,P005,Team Building,Meeting,2025-11-20 09:09,2025-11-20 09:36,2025-11-20 09:30,2025-11-20 10:00,2025-11-20 09:30,2025-11-20 09:36,6.0,partial overlap,Low,Office Area 2,Break Room
CONF_0447,P005,Team Building,One-on-One,2025-11-20 09:09,2025-11-20 09:36,2025-11-20 08:45,2025-11-20 09:15,2025-11-20 09:09,2025-11-20 09:15,6.0,partial overlap,Low,Office Area 2,Online Meeting
CONF_0448,P006,Project Discussion,Testing Acceptance,2025-10-07 11:45,2025-10-07 13:15,2025-10-07 12:30,2025-10-07 13:30,2025-10-07 12:30,2025-10-07 13:15,45.0,partial overlap,Medium,Training Room,Product Showcase
CONF_0449,P006,Project Discussion,Team Building,2025-10-07 11:45,2025-10-07 13:15,2025-10-07 11:00,2025-10-07 12:30,2025-10-07 11:45,2025-10-07 12:30,45.0,partial overlap,Medium,Training Room,Conference Room B
CONF_0450,P006,Training,Testing Acceptance,2025-10-07 11:58,2025-10-07 12:55,2025-10-07 12:30,2025-10-07 13:30,2025-10-07 12:30,2025-10-07 12:55,25.0,partial overlap,Low,R&D Center,Product Showcase
CONF_0451,P006,Training,Team Building,2025-10-07 11:58,2025-10-07 12:55,2025-10-07 11:00,2025-10-07 12:30,2025-10-07 11:58,2025-10-07 12:30,32.0,partial overlap,Medium,R&D Center,Conference Room B
CONF_0452,P006,Training,Project Discussion,2025-10-07 11:58,2025-10-07 12:55,2025-10-07 11:45,2025-10-07 13:15,2025-10-07 11:58,2025-10-07 12:55,57.0,full overlap,Medium,R&D Center,Training Room
CONF_0453,P006,Project Discussion,Tech Sharing,2025-10-14 12:33,2025-10-14 12:54,2025-10-14 12:15,2025-10-14 13:15,2025-10-14 12:33,2025-10-14 12:54,21.0,full overlap,Low,Client Reception,Cafe
CONF_0454,P006,Product Demo,Team Building,2025-10-11 15:45,2025-10-11 16:15,2025-10-11 14:30,2025-10-11 16:00,2025-10-11 15:45,2025-10-11 16:00,15.0,partial overlap,Low,Training Room,R&D Center
CONF_0455,P006,Testing Acceptance,Project Discussion,2025-10-15 09:15,2025-10-15 10:00,2025-10-15 09:45,2025-10-15 10:30,2025-10-15 09:45,2025-10-15 10:00,15.0,partial overlap,Low,Office Area 1,Break Room
CONF_0456,P006,Requirements Analysis,Tech Sharing,2025-10-22 11:45,2025-10-22 12:15,2025-10-22 11:15,2025-10-22 12:15,2025-10-22 11:45,2025-10-22 12:15,30.0,full overlap,Medium,Remote,Office Area 1
CONF_0457,P006,Product Demo,Brainstorming,2025-10-14 16:56,2025-10-14 17:37,2025-10-14 16:45,2025-10-14 17:15,2025-10-14 16:56,2025-10-14 17:15,19.0,partial overlap,Low,Training Room,Training Room
CONF_0458,P006,Code Review,Design Review,2025-10-19 15:58,2025-10-19 16:39,2025-10-19 15:30,2025-10-19 16:30,2025-10-19 15:58,2025-10-19 16:30,32.0,partial overlap,Medium,Client Reception,Conference Room B
CONF_0459,P006,Team Building,Brainstorming,2025-10-21 17:45,2025-10-21 18:30,2025-10-21 18:00,2025-10-21 18:30,2025-10-21 18:00,2025-10-21 18:30,30.0,full overlap,Medium,Test Lab,Cafe
CONF_0460,P006,Code Review,Code Review,2025-10-19 16:15,2025-10-19 16:30,2025-10-19 15:58,2025-10-19 16:39,2025-10-19 16:15,2025-10-19 16:30,15.0,full overlap,Low,Conference Room A,Client Reception
CONF_0461,P006,Code Review,Design Review,2025-10-19 16:15,2025-10-19 16:30,2025-10-19 15:30,2025-10-19 16:30,2025-10-19 16:15,2025-10-19 16:30,15.0,full overlap,Low,Conference Room A,Conference Room B
CONF_0462,P006,Tech Sharing,Team Building,2025-10-21 17:45,2025-10-21 18:00,2025-10-21 17:45,2025-10-21 18:30,2025-10-21 17:45,2025-10-21 18:00,15.0,full overlap,Low,Remote,Test Lab
CONF_0463,P006,Requirements Analysis,Design Review,2025-10-24 15:30,2025-10-24 15:45,2025-10-24 15:30,2025-10-24 16:00,2025-10-24 15:30,2025-10-24 15:45,15.0,full overlap,Low,Product Showcase,Test Lab
CONF_0464,P006,Requirements Analysis,One-on-One,2025-10-23 14:00,2025-10-23 14:15,2025-10-23 13:45,2025-10-23 14:30,2025-10-23 14:00,2025-10-23 14:15,15.0,full overlap,Low,Client Reception,Conference Room B
CONF_0465,P006,Brainstorming,Design Review,2025-10-24 15:15,2025-10-24 15:45,2025-10-24 15:30,2025-10-24 16:00,2025-10-24 15:30,2025-10-24 15:45,15.0,partial overlap,Low,Office Area 2,Test Lab
CONF_0466,P006,Brainstorming,Requirements Analysis,2025-10-24 15:15,2025-10-24 15:45,2025-10-24 15:30,2025-10-24 15:45,2025-10-24 15:30,2025-10-24 15:45,15.0,full overlap,Low,Office Area 2,Product Showcase
CONF_0467,P006,Deployment,One-on-One,2025-10-23 17:00,2025-10-23 17:15,2025-10-23 16:30,2025-10-23 17:15,2025-10-23 17:00,2025-10-23 17:15,15.0,full overlap,Low,Test Lab,Client Reception
CONF_0468,P006,Code Review,Meeting,2025-10-26 08:45,2025-10-26 09:15,2025-10-26 08:15,2025-10-26 09:00,2025-10-26 08:45,2025-10-26 09:00,15.0,partial overlap,Low,Online Meeting,Product Showcase
CONF_0469,P006,Code Review,Deployment,2025-10-26 08:45,2025-10-26 09:15,2025-10-26 09:00,2025-10-26 09:45,2025-10-26 09:00,2025-10-26 09:15,15.0,partial overlap,Low,Online Meeting,Client Reception
CONF_0470,P006,Meeting,Deployment,2025-10-31 11:00,2025-10-31 11:15,2025-10-31 11:00,2025-10-31 11:15,2025-10-31 11:00,2025-10-31 11:15,15.0,full overlap,Low,Demo Hall,R&D Center
CONF_0471,P006,Deployment,Training,2025-10-28 17:41,2025-10-28 18:28,2025-10-28 17:15,2025-10-28 18:00,2025-10-28 17:41,2025-10-28 18:00,19.0,partial overlap,Low,Office Area 1,Office Area 1
CONF_0472,P006,Code Review,One-on-One,2025-10-24 08:21,2025-10-24 08:45,2025-10-24 08:00,2025-10-24 08:30,2025-10-24 08:21,2025-10-24 08:30,9.0,partial overlap,Low,Break Room,Office Area 1
CONF_0473,P006,Deployment,Project Discussion,2025-10-30 14:39,2025-10-30 15:38,2025-10-30 15:30,2025-10-30 16:15,2025-10-30 15:30,2025-10-30 15:38,8.0,partial overlap,Low,Test Lab,Office Area 2
CONF_0474,P006,Deployment,Code Review,2025-10-30 14:39,2025-10-30 15:38,2025-10-30 14:30,2025-10-30 14:45,2025-10-30 14:39,2025-10-30 14:45,6.0,partial overlap,Low,Test Lab,Conference Room C
CONF_0475,P006,Training,Requirements Analysis,2025-10-26 11:56,2025-10-26 12:43,2025-10-26 12:30,2025-10-26 12:45,2025-10-26 12:30,2025-10-26 12:43,13.0,partial overlap,Low,Cafe,Online Meeting
CONF_0476,P006,Training,Team Building,2025-10-26 11:56,2025-10-26 12:43,2025-10-26 11:45,2025-10-26 12:30,2025-10-26 11:56,2025-10-26 12:30,34.0,partial overlap,Medium,Cafe,Product Showcase
CONF_0477,P006,Product Demo,Design Review,2025-10-31 15:08,2025-10-31 15:33,2025-10-31 14:45,2025-10-31 15:30,2025-10-31 15:08,2025-10-31 15:30,22.0,partial overlap,Low,Office Area 2,Test Lab
CONF_0478,P006,Design Review,Code Review,2025-10-23 08:48,2025-10-23 09:43,2025-10-23 09:00,2025-10-23 09:45,2025-10-23 09:00,2025-10-23 09:43,43.0,partial overlap,Medium,Online Meeting,Office Area 2
CONF_0479,P006,Requirements Analysis,Product Demo,2025-10-24 10:21,2025-10-24 11:02,2025-10-24 10:15,2025-10-24 11:00,2025-10-24 10:21,2025-10-24 11:00,39.0,partial overlap,Medium,Break Room,Cafe
CONF_0480,P006,Requirements Analysis,One-on-One,2025-10-23 16:37,2025-10-23 17:04,2025-10-23 16:30,2025-10-23 17:15,2025-10-23 16:37,2025-10-23 17:04,27.0,full overlap,Low,R&D Center,Client Reception
CONF_0481,P006,Requirements Analysis,Deployment,2025-10-23 16:37,2025-10-23 17:04,2025-10-23 17:00,2025-10-23 17:15,2025-10-23 17:00,2025-10-23 17:04,4.0,partial overlap,Low,R&D Center,Test Lab
CONF_0482,P006,Design Review,One-on-One,2025-11-06 18:21,2025-11-06 18:38,2025-11-06 18:15,2025-11-06 19:45,2025-11-06 18:21,2025-11-06 18:38,17.0,full overlap,Low,Conference Room A,R&D Center
CONF_0483,P006,Design Review,Client Visit,2025-11-07 10:45,2025-11-07 11:15,2025-11-07 10:45,2025-11-07 11:45,2025-11-07 10:45,2025-11-07 11:15,30.0,full overlap,Medium,Break Room,Office Area 1
CONF_0484,P006,Meeting,Code Review,2025-11-11 14:15,2025-11-11 15:15,2025-11-11 13:45,2025-11-11 14:45,2025-11-11 14:15,2025-11-11 14:45,30.0,partial overlap,Medium,Office Area 1,Conference Room A
CONF_0485,P006,Meeting,Deployment,2025-11-11 14:15,2025-11-11 15:15,2025-11-11 15:00,2025-11-11 15:45,2025-11-11 15:00,2025-11-11 15:15,15.0,partial overlap,Low,Office Area 1,Client Reception
CONF_0486,P006,Operations Check,Tech Sharing,2025-11-10 17:15,2025-11-10 18:00,2025-11-10 17:30,2025-11-10 18:15,2025-11-10 17:30,2025-11-10 18:00,30.0,partial overlap,Medium,Conference Room A,R&D Center
CONF_0487,P006,Operations Check,Deployment,2025-11-10 17:15,2025-11-10 18:00,2025-11-10 16:30,2025-11-10 17:30,2025-11-10 17:15,2025-11-10 17:30,15.0,partial overlap,Low,Conference Room A,Demo Hall
CONF_0488,P006,Design Review,Code Review,2025-11-11 17:15,2025-11-11 17:45,2025-11-11 17:30,2025-11-11 18:00,2025-11-11 17:30,2025-11-11 17:45,15.0,partial overlap,Low,Break Room,Product Showcase
CONF_0489,P006,Training,Product Demo,2025-11-15 16:00,2025-11-15 16:30,2025-11-15 16:15,2025-11-15 17:00,2025-11-15 16:15,2025-11-15 16:30,15.0,partial overlap,Low,Conference Room A,Product Showcase
CONF_0490,P006,Brainstorming,Deployment,2025-11-10 11:56,2025-11-10 12:43,2025-11-10 11:30,2025-11-10 12:00,2025-11-10 11:56,2025-11-10 12:00,4.0,partial overlap,Low,Cafe,Product Showcase
CONF_0491,P006,Training,Client Visit,2025-11-10 10:40,2025-11-10 11:28,2025-11-10 10:15,2025-11-10 11:00,2025-11-10 10:40,2025-11-10 11:00,20.0,partial overlap,Low,Conference Room C,Remote
CONF_0492,P006,Operations Check,Operations Check,2025-11-10 16:55,2025-11-10 17:27,2025-11-10 17:15,2025-11-10 18:00,2025-11-10 17:15,2025-11-10 17:27,12.0,partial overlap,Low,Remote,Conference Room A
CONF_0493,P006,Operations Check,Deployment,2025-11-10 16:55,2025-11-10 17:27,2025-11-10 16:30,2025-11-10 17:30,2025-11-10 16:55,2025-11-10 17:27,32.0,full overlap,Medium,Remote,Demo Hall
CONF_0494,P006,Project Discussion,Client Visit,2025-11-16 14:35,2025-11-16 15:03,2025-11-16 14:15,2025-11-16 14:45,2025-11-16 14:35,2025-11-16 14:45,10.0,partial overlap,Low,Test Lab,Product Showcase
CONF_0495,P006,Project Discussion,Deployment,2025-11-14 11:00,2025-11-14 11:45,2025-11-14 10:15,2025-11-14 11:15,2025-11-14 11:00,2025-11-14 11:15,15.0,partial overlap,Low,Conference Room C,Break Room
CONF_0496,P006,Meeting,Project Discussion,2025-11-16 14:45,2025-11-16 15:30,2025-11-16 14:35,2025-11-16 15:03,2025-11-16 14:45,2025-11-16 15:03,18.0,partial overlap,Low,Training Room,Test Lab
CONF_0497,P006,Testing Acceptance,Client Visit,2025-11-19 10:45,2025-11-19 11:30,2025-11-19 11:00,2025-11-19 11:15,2025-11-19 11:00,2025-11-19 11:15,15.0,full overlap,Low,Remote,Cafe
CONF_0498,P006,Tech Sharing,Training,2025-11-21 11:30,2025-11-21 12:00,2025-11-21 11:45,2025-11-21 12:00,2025-11-21 11:45,2025-11-21 12:00,15.0,full overlap,Low,Conference Room A,Break Room
CONF_0499,P006,One-on-One,Training,2025-11-21 17:30,2025-11-21 18:00,2025-11-21 17:30,2025-11-21 17:45,2025-11-21 17:30,2025-11-21 17:45,15.0,full overlap,Low,Break Room,Test Lab
CONF_0500,P006,Code Review,Testing Acceptance,2025-11-18 12:30,2025-11-18 13:00,2025-11-18 12:45,2025-11-18 13:15,2025-11-18 12:45,2025-11-18 13:00,15.0,partial overlap,Low,Cafe,Test Lab
CONF_0501,P006,Requirements Analysis,Team Building,2025-11-18 15:30,2025-11-18 15:45,2025-11-18 15:00,2025-11-18 15:45,2025-11-18 15:30,2025-11-18 15:45,15.0,full overlap,Low,Conference Room A,Demo Hall
CONF_0502,P006,Project Discussion,Operations Check,2025-11-21 14:53,2025-11-21 15:27,2025-11-21 14:30,2025-11-21 15:15,2025-11-21 14:53,2025-11-21 15:15,22.0,partial overlap,Low,Office Area 1,Office Area 2
CONF_0503,P006,Operations Check,Meeting,2025-11-18 17:03,2025-11-18 17:57,2025-11-18 16:45,2025-11-18 17:30,2025-11-18 17:03,2025-11-18 17:30,27.0,partial overlap,Low,Cafe,Product Showcase
CONF_0504,P006,Team Building,Product Demo,2025-11-19 08:39,2025-11-19 09:05,2025-11-19 08:15,2025-11-19 08:45,2025-11-19 08:39,2025-11-19 08:45,6.0,partial overlap,Low,Office Area 2,Demo Hall
CONF_0505,P006,One-on-One,Testing Acceptance,2025-11-20 09:56,2025-11-20 10:15,2025-11-20 09:35,2025-11-20 10:30,2025-11-20 09:56,2025-11-20 10:15,19.0,full overlap,Low,Office Area 2,Product Showcase
CONF_0506,P006,One-on-One,Tech Sharing,2025-11-21 12:21,2025-11-21 13:09,2025-11-21 12:15,2025-11-21 12:30,2025-11-21 12:21,2025-11-21 12:30,9.0,partial overlap,Low,Break Room,Conference Room A
CONF_0507,P007,Design Review,Meeting,2025-10-14 18:30,2025-10-14 20:00,2025-10-14 18:30,2025-10-14 20:00,2025-10-14 18:30,2025-10-14 20:00,90.0,full overlap,High,R&D Center,Conference Room A
CONF_0508,P007,Brainstorming,Meeting,2025-10-14 18:53,2025-10-14 19:30,2025-10-14 18:30,2025-10-14 20:00,2025-10-14 18:53,2025-10-14 19:30,37.0,full overlap,Medium,Conference Room A,Conference Room A
CONF_0509,P007,Brainstorming,Design Review,2025-10-14 18:53,2025-10-14 19:30,2025-10-14 18:30,2025-10-14 20:00,2025-10-14 18:53,2025-10-14 19:30,37.0,full overlap,Medium,Conference Room A,R&D Center
CONF_0510,P007,Testing Acceptance,Code Review,2025-10-13 17:45,2025-10-13 18:30,2025-10-13 17:00,2025-10-13 18:00,2025-10-13 17:45,2025-10-13 18:00,15.0,partial overlap,Low,Remote,Office Area 2
CONF_0511,P007,Project Discussion,Code Review,2025-10-14 16:00,2025-10-14 16:45,2025-10-14 15:15,2025-10-14 16:45,2025-10-14 16:00,2025-10-14 16:45,45.0,full overlap,Medium,Client Reception,Conference Room A
CONF_0512,P007,Training,Tech Sharing,2025-10-21 12:30,2025-10-21 13:15,2025-10-21 12:30,2025-10-21 13:30,2025-10-21 12:30,2025-10-21 13:15,45.0,full overlap,Medium,Test Lab,Training Room
CONF_0513,P007,Operations Check,Meeting,2025-10-19 17:30,2025-10-19 18:30,2025-10-19 17:30,2025-10-19 18:00,2025-10-19 17:30,2025-10-19 18:00,30.0,full overlap,Medium,Client Reception,Office Area 2
CONF_0514,P007,Brainstorming,Deployment,2025-10-21 09:40,2025-10-21 10:16,2025-10-21 09:15,2025-10-21 10:00,2025-10-21 09:40,2025-10-21 10:00,20.0,partial overlap,Low,Cafe,Online Meeting
CONF_0515,P007,Meeting,Requirements Analysis,2025-10-17 10:20,2025-10-17 10:57,2025-10-17 10:15,2025-10-17 11:00,2025-10-17 10:20,2025-10-17 10:57,37.0,full overlap,Medium,Training Room,Conference Room B
CONF_0516,P007,Training,Project Discussion,2025-10-15 14:47,2025-10-15 15:08,2025-10-15 14:30,2025-10-15 15:15,2025-10-15 14:47,2025-10-15 15:08,21.0,full overlap,Low,Conference Room B,Training Room
CONF_0517,P007,Design Review,Tech Sharing,2025-10-21 12:50,2025-10-21 13:17,2025-10-21 12:30,2025-10-21 13:30,2025-10-21 12:50,2025-10-21 13:17,27.0,full overlap,Low,Conference Room B,Training Room
CONF_0518,P007,Design Review,Training,2025-10-21 12:50,2025-10-21 13:17,2025-10-21 12:30,2025-10-21 13:15,2025-10-21 12:50,2025-10-21 13:15,25.0,partial overlap,Low,Conference Room B,Test Lab
CONF_0519,P007,Product Demo,Design Review,2025-10-18 15:04,2025-10-18 15:52,2025-10-18 14:45,2025-10-18 15:15,2025-10-18 15:04,2025-10-18 15:15,11.0,partial overlap,Low,Client Reception,R&D Center
CONF_0520,P007,Training,Design Review,2025-10-21 13:15,2025-10-21 13:30,2025-10-21 12:50,2025-10-21 13:17,2025-10-21 13:15,2025-10-21 13:17,2.0,partial overlap,Low,R&D Center,Conference Room B
CONF_0521,P007,Training,Tech Sharing,2025-10-21 13:15,2025-10-21 13:30,2025-10-21 12:30,2025-10-21 13:30,2025-10-21 13:15,2025-10-21 13:30,15.0,full overlap,Low,R&D Center,Training Room
CONF_0522,P007,One-on-One,Brainstorming,2025-10-21 09:15,2025-10-21 09:45,2025-10-21 09:40,2025-10-21 10:16,2025-10-21 09:40,2025-10-21 09:45,5.0,partial overlap,Low,R&D Center,Cafe
CONF_0523,P007,One-on-One,Deployment,2025-10-21 09:15,2025-10-21 09:45,2025-10-21 09:15,2025-10-21 10:00,2025-10-21 09:15,2025-10-21 09:45,30.0,full overlap,Medium,R&D Center,Online Meeting
CONF_0524,P007,Tech Sharing,Team Building,2025-10-26 18:45,2025-10-26 19:00,2025-10-26 18:45,2025-10-26 19:00,2025-10-26 18:45,2025-10-26 19:00,15.0,full overlap,Low,Demo Hall,Test Lab
CONF_0525,P007,Tech Sharing,Code Review,2025-10-29 13:00,2025-10-29 13:45,2025-10-29 13:30,2025-10-29 14:00,2025-10-29 13:30,2025-10-29 13:45,15.0,partial overlap,Low,Remote,Office Area 2
CONF_0526,P007,Tech Sharing,One-on-One,2025-10-30 08:30,2025-10-30 09:15,2025-10-30 08:30,2025-10-30 09:15,2025-10-30 08:30,2025-10-30 09:15,45.0,full overlap,Medium,Training Room,Break Room
CONF_0527,P007,One-on-One,Project Discussion,2025-10-26 09:15,2025-10-26 10:00,2025-10-26 09:45,2025-10-26 10:00,2025-10-26 09:45,2025-10-26 10:00,15.0,full overlap,Low,Conference Room A,R&D Center
CONF_0528,P007,Product Demo,Operations Check,2025-10-28 10:45,2025-10-28 11:15,2025-10-28 11:00,2025-10-28 11:45,2025-10-28 11:00,2025-10-28 11:15,15.0,partial overlap,Low,R&D Center,Remote
CONF_0529,P007,Product Demo,One-on-One,2025-10-28 08:21,2025-10-28 08:51,2025-10-28 08:15,2025-10-28 09:00,2025-10-28 08:21,2025-10-28 08:51,30.0,full overlap,Medium,Client Reception,Online Meeting
CONF_0530,P007,Code Review,Team Building,2025-11-01 11:55,2025-11-01 12:42,2025-11-01 11:30,2025-11-01 12:00,2025-11-01 11:55,2025-11-01 12:00,5.0,partial overlap,Low,Break Room,Product Showcase
CONF_0531,P007,Product Demo,One-on-One,2025-10-30 08:40,2025-10-30 09:26,2025-10-30 08:30,2025-10-30 09:15,2025-10-30 08:40,2025-10-30 09:15,35.0,partial overlap,Medium,Client Reception,Break Room
CONF_0532,P007,Product Demo,Tech Sharing,2025-10-30 08:40,2025-10-30 09:26,2025-10-30 08:30,2025-10-30 09:15,2025-10-30 08:40,2025-10-30 09:15,35.0,partial overlap,Medium,Client Reception,Training Room
CONF_0533,P007,Requirements Analysis,Training,2025-10-27 15:30,2025-10-27 16:29,2025-10-27 15:15,2025-10-27 15:45,2025-10-27 15:30,2025-10-27 15:45,15.0,partial overlap,Low,R&D Center,Conference Room C
CONF_0534,P007,Code Review,One-on-One,2025-10-30 08:55,2025-10-30 09:14,2025-10-30 08:30,2025-10-30 09:15,2025-10-30 08:55,2025-10-30 09:14,19.0,full overlap,Low,Online Meeting,Break Room
CONF_0535,P007,Code Review,Tech Sharing,2025-10-30 08:55,2025-10-30 09:14,2025-10-30 08:30,2025-10-30 09:15,2025-10-30 08:55,2025-10-30 09:14,19.0,full overlap,Low,Online Meeting,Training Room
CONF_0536,P007,Code Review,Product Demo,2025-10-30 08:55,2025-10-30 09:14,2025-10-30 08:40,2025-10-30 09:26,2025-10-30 08:55,2025-10-30 09:14,19.0,full overlap,Low,Online Meeting,Client Reception
CONF_0537,P007,Team Building,Team Building,2025-11-01 10:15,2025-11-01 11:45,2025-11-01 11:30,2025-11-01 12:00,2025-11-01 11:30,2025-11-01 11:45,15.0,partial overlap,Low,Client Reception,Product Showcase
CONF_0538,P007,Team Building,Code Review,2025-11-01 10:15,2025-11-01 11:45,2025-11-01 10:30,2025-11-01 10:45,2025-11-01 10:30,2025-11-01 10:45,15.0,full overlap,Low,Client Reception,Conference Room B
CONF_0539,P007,Project Discussion,Team Building,2025-11-04 17:00,2025-11-04 17:45,2025-11-04 17:30,2025-11-04 18:00,2025-11-04 17:30,2025-11-04 17:45,15.0,partial overlap,Low,Conference Room B,Demo Hall
CONF_0540,P007,Product Demo,Tech Sharing,2025-11-02 08:41,2025-11-02 09:15,2025-11-02 08:15,2025-11-02 09:45,2025-11-02 08:41,2025-11-02 09:15,34.0,full overlap,Medium,Conference Room B,Product Showcase
CONF_0541,P007,Code Review,Team Building,2025-11-04 17:00,2025-11-04 17:45,2025-11-04 17:30,2025-11-04 18:00,2025-11-04 17:30,2025-11-04 17:45,15.0,partial overlap,Low,Conference Room B,Demo Hall
CONF_0542,P007,Code Review,Project Discussion,2025-11-04 17:00,2025-11-04 17:45,2025-11-04 17:00,2025-11-04 17:45,2025-11-04 17:00,2025-11-04 17:45,45.0,full overlap,Medium,Conference Room B,Conference Room B
CONF_0543,P007,Requirements Analysis,Brainstorming,2025-11-08 16:00,2025-11-08 17:00,2025-11-08 16:45,2025-11-08 17:30,2025-11-08 16:45,2025-11-08 17:00,15.0,partial overlap,Low,Remote,Office Area 2
CONF_0544,P007,Project Discussion,Brainstorming,2025-11-08 10:45,2025-11-08 11:45,2025-11-08 10:30,2025-11-08 11:15,2025-11-08 10:45,2025-11-08 11:15,30.0,partial overlap,Medium,Test Lab,Training Room
CONF_0545,P007,Tech Sharing,Deployment,2025-11-10 12:15,2025-11-10 12:45,2025-11-10 12:00,2025-11-10 12:30,2025-11-10 12:15,2025-11-10 12:30,15.0,partial overlap,Low,Client Reception,Demo Hall
CONF_0546,P007,Code Review,Tech Sharing,2025-11-10 17:15,2025-11-10 18:00,2025-11-10 17:15,2025-11-10 17:45,2025-11-10 17:15,2025-11-10 17:45,30.0,full overlap,Medium,Office Area 1,Online Meeting
CONF_0547,P007,Design Review,Tech Sharing,2025-11-13 08:15,2025-11-13 09:15,2025-11-13 08:30,2025-11-13 09:30,2025-11-13 08:30,2025-11-13 09:15,45.0,partial overlap,Medium,Office Area 2,Office Area 1
CONF_0548,P007,Design Review,Project Discussion,2025-11-08 11:15,2025-11-08 11:33,2025-11-08 10:45,2025-11-08 11:45,2025-11-08 11:15,2025-11-08 11:33,18.0,full overlap,Low,R&D Center,Test Lab
CONF_0549,P007,Project Discussion,Project Discussion,2025-11-04 17:07,2025-11-04 17:47,2025-11-04 17:00,2025-11-04 17:45,2025-11-04 17:07,2025-11-04 17:45,38.0,partial overlap,Medium,Break Room,Conference Room B
CONF_0550,P007,Project Discussion,Team Building,2025-11-04 17:07,2025-11-04 17:47,2025-11-04 17:30,2025-11-04 18:00,2025-11-04 17:30,2025-11-04 17:47,17.0,partial overlap,Low,Break Room,Demo Hall
CONF_0551,P007,Project Discussion,Code Review,2025-11-04 17:07,2025-11-04 17:47,2025-11-04 17:00,2025-11-04 17:45,2025-11-04 17:07,2025-11-04 17:45,38.0,partial overlap,Medium,Break Room,Conference Room B
CONF_0552,P007,Client Visit,Project Discussion,2025-11-04 17:07,2025-11-04 17:36,2025-11-04 17:00,2025-11-04 17:45,2025-11-04 17:07,2025-11-04 17:36,29.0,full overlap,Low,R&D Center,Conference Room B
CONF_0553,P007,Client Visit,Team Building,2025-11-04 17:07,2025-11-04 17:36,2025-11-04 17:30,2025-11-04 18:00,2025-11-04 17:30,2025-11-04 17:36,6.0,partial overlap,Low,R&D Center,Demo Hall
CONF_0554,P007,Client Visit,Project Discussion,2025-11-04 17:07,2025-11-04 17:36,2025-11-04 17:07,2025-11-04 17:47,2025-11-04 17:07,2025-11-04 17:36,29.0,full overlap,Low,R&D Center,Break Room
CONF_0555,P007,Client Visit,Code Review,2025-11-04 17:07,2025-11-04 17:36,2025-11-04 17:00,2025-11-04 17:45,2025-11-04 17:07,2025-11-04 17:36,29.0,full overlap,Low,R&D Center,Conference Room B
CONF_0556,P007,Product Demo,Code Review,2025-11-04 17:29,2025-11-04 17:48,2025-11-04 17:00,2025-11-04 17:45,2025-11-04 17:29,2025-11-04 17:45,16.0,partial overlap,Low,Conference Room B,Conference Room B
CONF_0557,P007,Product Demo,Team Building,2025-11-04 17:29,2025-11-04 17:48,2025-11-04 17:30,2025-11-04 18:00,2025-11-04 17:30,2025-11-04 17:48,18.0,partial overlap,Low,Conference Room B,Demo Hall
CONF_0558,P007,Product Demo,Project Discussion,2025-11-04 17:29,2025-11-04 17:48,2025-11-04 17:07,2025-11-04 17:47,2025-11-04 17:29,2025-11-04 17:47,18.0,partial overlap,Low,Conference Room B,Break Room
CONF_0559,P007,Product Demo,Project Discussion,2025-11-04 17:29,2025-11-04 17:48,2025-11-04 17:00,2025-11-04 17:45,2025-11-04 17:29,2025-11-04 17:45,16.0,partial overlap,Low,Conference Room B,Conference Room B
CONF_0560,P007,Product Demo,Client Visit,2025-11-04 17:29,2025-11-04 17:48,2025-11-04 17:07,2025-11-04 17:36,2025-11-04 17:29,2025-11-04 17:36,7.0,partial overlap,Low,Conference Room B,R&D Center
CONF_0561,P007,Training,Requirements Analysis,2025-11-14 18:30,2025-11-14 19:00,2025-11-14 18:30,2025-11-14 19:00,2025-11-14 18:30,2025-11-14 19:00,30.0,full overlap,Medium,Conference Room A,Conference Room A
CONF_0562,P007,Brainstorming,Training,2025-11-21 09:15,2025-11-21 09:30,2025-11-21 09:15,2025-11-21 09:30,2025-11-21 09:15,2025-11-21 09:30,15.0,full overlap,Low,R&D Center,Office Area 2
CONF_0563,P007,Meeting,Brainstorming,2025-11-17 10:45,2025-11-17 11:30,2025-11-17 10:45,2025-11-17 11:45,2025-11-17 10:45,2025-11-17 11:30,45.0,full overlap,Medium,Demo Hall,Break Room
CONF_0564,P007,Project Discussion,Brainstorming,2025-11-16 18:15,2025-11-16 18:30,2025-11-16 18:15,2025-11-16 19:00,2025-11-16 18:15,2025-11-16 18:30,15.0,full overlap,Low,Client Reception,Remote
CONF_0565,P007,Team Building,Code Review,2025-11-20 08:30,2025-11-20 09:15,2025-11-20 09:00,2025-11-20 09:45,2025-11-20 09:00,2025-11-20 09:15,15.0,partial overlap,Low,Break Room,Conference Room A
CONF_0566,P007,Deployment,Product Demo,2025-11-23 10:00,2025-11-23 10:45,2025-11-23 10:30,2025-11-23 10:45,2025-11-23 10:30,2025-11-23 10:45,15.0,full overlap,Low,Break Room,Conference Room B
CONF_0567,P007,Tech Sharing,Brainstorming,2025-11-17 10:45,2025-11-17 11:00,2025-11-17 10:45,2025-11-17 11:45,2025-11-17 10:45,2025-11-17 11:00,15.0,full overlap,Low,Office Area 2,Break Room
CONF_0568,P007,Tech Sharing,Meeting,2025-11-17 10:45,2025-11-17 11:00,2025-11-17 10:45,2025-11-17 11:30,2025-11-17 10:45,2025-11-17 11:00,15.0,full overlap,Low,Office Area 2,Demo Hall
CONF_0569,P007,Deployment,Project Discussion,2025-11-18 16:30,2025-11-18 17:15,2025-11-18 16:30,2025-11-18 17:15,2025-11-18 16:30,2025-11-18 17:15,45.0,full overlap,Medium,Break Room,Office Area 2
CONF_0570,P007,Meeting,Testing Acceptance,2025-11-18 16:00,2025-11-18 16:30,2025-11-18 15:45,2025-11-18 16:30,2025-11-18 16:00,2025-11-18 16:30,30.0,full overlap,Medium,Conference Room B,Training Room
CONF_0571,P007,Training,Meeting,2025-11-23 11:30,2025-11-23 12:15,2025-11-23 11:45,2025-11-23 12:00,2025-11-23 11:45,2025-11-23 12:00,15.0,full overlap,Low,Break Room,Online Meeting
CONF_0572,P007,Operations Check,One-on-One,2025-11-21 17:08,2025-11-21 17:25,2025-11-21 17:00,2025-11-21 17:30,2025-11-21 17:08,2025-11-21 17:25,17.0,full overlap,Low,Online Meeting,Online Meeting
CONF_0573,P007,Team Building,Brainstorming,2025-11-16 18:31,2025-11-16 19:21,2025-11-16 18:15,2025-11-16 19:00,2025-11-16 18:31,2025-11-16 19:00,29.0,partial overlap,Low,Test Lab,Remote
CONF_0574,P007,Client Visit,Deployment,2025-11-23 10:23,2025-11-23 10:50,2025-11-23 10:00,2025-11-23 10:45,2025-11-23 10:23,2025-11-23 10:45,22.0,partial overlap,Low,Conference Room B,Break Room
CONF_0575,P007,Client Visit,Product Demo,2025-11-23 10:23,2025-11-23 10:50,2025-11-23 10:30,2025-11-23 10:45,2025-11-23 10:30,2025-11-23 10:45,15.0,full overlap,Low,Conference Room B,Conference Room B
CONF_0576,P007,Team Building,Product Demo,2025-11-17 13:27,2025-11-17 14:26,2025-11-17 13:30,2025-11-17 14:15,2025-11-17 13:30,2025-11-17 14:15,45.0,full overlap,Medium,Online Meeting,Conference Room C
CONF_0577,P007,Team Building,Operations Check,2025-11-17 13:27,2025-11-17 14:26,2025-11-17 13:00,2025-11-17 13:30,2025-11-17 13:27,2025-11-17 13:30,3.0,partial overlap,Low,Online Meeting,Conference Room A
CONF_0578,P007,Design Review,Training,2025-11-13 16:58,2025-11-13 17:44,2025-11-13 16:30,2025-11-13 17:15,2025-11-13 16:58,2025-11-13 17:15,17.0,partial overlap,Low,Office Area 2,Office Area 2
CONF_0579,P007,Design Review,Training,2025-11-13 16:36,2025-11-13 17:32,2025-11-13 16:30,2025-11-13 17:15,2025-11-13 16:36,2025-11-13 17:15,39.0,partial overlap,Medium,Office Area 1,Office Area 2
CONF_0580,P007,Design Review,Design Review,2025-11-13 16:36,2025-11-13 17:32,2025-11-13 16:58,2025-11-13 17:44,2025-11-13 16:58,2025-11-13 17:32,34.0,partial overlap,Medium,Office Area 1,Office Area 2
CONF_0581,P007,Project Discussion,Brainstorming,2025-11-16 12:30,2025-11-16 13:15,2025-11-16 12:00,2025-11-16 12:45,2025-11-16 12:30,2025-11-16 12:45,15.0,partial overlap,Low,Demo Hall,Online Meeting
CONF_0582,P008,Requirements Analysis,Meeting,2025-10-14 16:23,2025-10-14 16:43,2025-10-14 16:15,2025-10-14 17:00,2025-10-14 16:23,2025-10-14 16:43,20.0,full overlap,Low,Conference Room B,Client Reception
CONF_0583,P008,Code Review,Operations Check,2025-10-03 18:56,2025-10-03 19:14,2025-10-03 18:45,2025-10-03 19:30,2025-10-03 18:56,2025-10-03 19:14,18.0,full overlap,Low,Conference Room C,Demo Hall
CONF_0584,P008,Project Discussion,Design Review,2025-10-07 10:28,2025-10-07 11:10,2025-10-07 10:00,2025-10-07 11:00,2025-10-07 10:28,2025-10-07 11:00,32.0,partial overlap,Medium,Client Reception,Conference Room B
CONF_0585,P008,Product Demo,Testing Acceptance,2025-10-09 16:54,2025-10-09 17:44,2025-10-09 16:30,2025-10-09 17:15,2025-10-09 16:54,2025-10-09 17:15,21.0,partial overlap,Low,Test Lab,Demo Hall
CONF_0586,P008,Brainstorming,Training,2025-10-13 17:15,2025-10-13 18:15,2025-10-13 17:45,2025-10-13 18:30,2025-10-13 17:45,2025-10-13 18:15,30.0,partial overlap,Medium,Conference Room B,Product Showcase
CONF_0587,P008,Testing Acceptance,Client Visit,2025-10-16 13:30,2025-10-16 14:15,2025-10-16 13:30,2025-10-16 14:00,2025-10-16 13:30,2025-10-16 14:00,30.0,full overlap,Medium,Online Meeting,Remote
CONF_0588,P008,Product Demo,Product Demo,2025-10-20 08:15,2025-10-20 09:15,2025-10-20 08:00,2025-10-20 08:45,2025-10-20 08:15,2025-10-20 08:45,30.0,partial overlap,Medium,Office Area 1,Demo Hall
CONF_0589,P008,Code Review,Client Visit,2025-10-16 13:45,2025-10-16 14:30,2025-10-16 13:30,2025-10-16 14:00,2025-10-16 13:45,2025-10-16 14:00,15.0,partial overlap,Low,Cafe,Remote
CONF_0590,P008,Code Review,Testing Acceptance,2025-10-16 13:45,2025-10-16 14:30,2025-10-16 13:30,2025-10-16 14:15,2025-10-16 13:45,2025-10-16 14:15,30.0,partial overlap,Medium,Cafe,Online Meeting
CONF_0591,P008,Product Demo,Operations Check,2025-10-22 16:45,2025-10-22 17:15,2025-10-22 16:15,2025-10-22 17:00,2025-10-22 16:45,2025-10-22 17:00,15.0,partial overlap,Low,Remote,Client Reception
CONF_0592,P008,Client Visit,Deployment,2025-10-16 15:58,2025-10-16 16:38,2025-10-16 15:45,2025-10-16 16:15,2025-10-16 15:58,2025-10-16 16:15,17.0,partial overlap,Low,Conference Room B,Conference Room B
CONF_0593,P008,Deployment,Design Review,2025-10-23 11:00,2025-10-23 11:30,2025-10-23 10:45,2025-10-23 11:30,2025-10-23 11:00,2025-10-23 11:30,30.0,full overlap,Medium,Product Showcase,Conference Room B
CONF_0594,P008,Operations Check,Design Review,2025-10-23 11:00,2025-10-23 11:30,2025-10-23 10:45,2025-10-23 11:30,2025-10-23 11:00,2025-10-23 11:30,30.0,full overlap,Medium,Cafe,Conference Room B
CONF_0595,P008,Operations Check,Deployment,2025-10-23 11:00,2025-10-23 11:30,2025-10-23 11:00,2025-10-23 11:30,2025-10-23 11:00,2025-10-23 11:30,30.0,full overlap,Medium,Cafe,Product Showcase
CONF_0596,P008,Meeting,Design Review,2025-10-26 11:00,2025-10-26 11:15,2025-10-26 10:45,2025-10-26 11:15,2025-10-26 11:00,2025-10-26 11:15,15.0,full overlap,Low,R&D Center,Online Meeting
CONF_0597,P008,Requirements Analysis,Meeting,2025-10-25 09:42,2025-10-25 10:27,2025-10-25 10:15,2025-10-25 11:00,2025-10-25 10:15,2025-10-25 10:27,12.0,partial overlap,Low,Cafe,Training Room
CONF_0598,P008,Requirements Analysis,Project Discussion,2025-10-25 09:42,2025-10-25 10:27,2025-10-25 09:30,2025-10-25 10:15,2025-10-25 09:42,2025-10-25 10:15,33.0,partial overlap,Medium,Cafe,Demo Hall
CONF_0599,P008,Deployment,Deployment,2025-10-23 11:22,2025-10-23 11:52,2025-10-23 11:00,2025-10-23 11:30,2025-10-23 11:22,2025-10-23 11:30,8.0,partial overlap,Low,Product Showcase,Product Showcase
CONF_0600,P008,Deployment,Design Review,2025-10-23 11:22,2025-10-23 11:52,2025-10-23 10:45,2025-10-23 11:30,2025-10-23 11:22,2025-10-23 11:30,8.0,partial overlap,Low,Product Showcase,Conference Room B
CONF_0601,P008,Deployment,Operations Check,2025-10-23 11:22,2025-10-23 11:52,2025-10-23 11:00,2025-10-23 11:30,2025-10-23 11:22,2025-10-23 11:30,8.0,partial overlap,Low,Product Showcase,Cafe
CONF_0602,P008,Tech Sharing,Design Review,2025-10-25 16:21,2025-10-25 16:56,2025-10-25 16:15,2025-10-25 17:00,2025-10-25 16:21,2025-10-25 16:56,35.0,full overlap,Medium,Remote,Test Lab
CONF_0603,P008,Product Demo,Tech Sharing,2025-10-25 16:36,2025-10-25 17:11,2025-10-25 16:21,2025-10-25 16:56,2025-10-25 16:36,2025-10-25 16:56,20.0,partial overlap,Low,Office Area 2,Remote
CONF_0604,P008,Product Demo,Design Review,2025-10-25 16:36,2025-10-25 17:11,2025-10-25 16:15,2025-10-25 17:00,2025-10-25 16:36,2025-10-25 17:00,24.0,partial overlap,Low,Office Area 2,Test Lab
CONF_0605,P008,Brainstorming,Meeting,2025-10-28 16:32,2025-10-28 17:17,2025-10-28 16:15,2025-10-28 17:00,2025-10-28 16:32,2025-10-28 17:00,28.0,partial overlap,Low,Training Room,Training Room
CONF_0606,P008,Testing Acceptance,Requirements Analysis,2025-10-25 10:01,2025-10-25 10:43,2025-10-25 09:42,2025-10-25 10:27,2025-10-25 10:01,2025-10-25 10:27,26.0,partial overlap,Low,Conference Room A,Cafe
CONF_0607,P008,Testing Acceptance,Meeting,2025-10-25 10:01,2025-10-25 10:43,2025-10-25 10:15,2025-10-25 11:00,2025-10-25 10:15,2025-10-25 10:43,28.0,partial overlap,Low,Conference Room A,Training Room
CONF_0608,P008,Testing Acceptance,Project Discussion,2025-10-25 10:01,2025-10-25 10:43,2025-10-25 09:30,2025-10-25 10:15,2025-10-25 10:01,2025-10-25 10:15,14.0,partial overlap,Low,Conference Room A,Demo Hall
CONF_0609,P008,Deployment,Brainstorming,2025-10-24 12:14,2025-10-24 12:34,2025-10-24 12:00,2025-10-24 12:45,2025-10-24 12:14,2025-10-24 12:34,20.0,full overlap,Low,Product Showcase,Demo Hall
CONF_0610,P008,Team Building,Meeting,2025-10-28 15:44,2025-10-28 16:08,2025-10-28 15:30,2025-10-28 16:15,2025-10-28 15:44,2025-10-28 16:08,24.0,full overlap,Low,Remote,Break Room
CONF_0611,P008,Brainstorming,Project Discussion,2025-10-22 14:10,2025-10-22 14:29,2025-10-22 14:00,2025-10-22 14:15,2025-10-22 14:10,2025-10-22 14:15,5.0,partial overlap,Low,Office Area 1,Online Meeting
CONF_0612,P008,Client Visit,Design Review,2025-10-31 12:15,2025-10-31 13:00,2025-10-31 12:45,2025-10-31 13:30,2025-10-31 12:45,2025-10-31 13:00,15.0,partial overlap,Low,Office Area 1,Training Room
CONF_0613,P008,Tech Sharing,Team Building,2025-10-29 09:30,2025-10-29 11:00,2025-10-29 10:30,2025-10-29 11:00,2025-10-29 10:30,2025-10-29 11:00,30.0,full overlap,Medium,Conference Room C,Break Room
CONF_0614,P008,Client Visit,Training,2025-10-30 15:15,2025-10-30 16:15,2025-10-30 15:30,2025-10-30 16:15,2025-10-30 15:30,2025-10-30 16:15,45.0,full overlap,Medium,Training Room,Conference Room B
CONF_0615,P008,Operations Check,Testing Acceptance,2025-11-01 17:15,2025-11-01 18:00,2025-11-01 16:45,2025-11-01 17:30,2025-11-01 17:15,2025-11-01 17:30,15.0,partial overlap,Low,Remote,Conference Room A
CONF_0616,P008,Client Visit,Tech Sharing,2025-10-30 10:56,2025-10-30 11:42,2025-10-30 11:30,2025-10-30 12:15,2025-10-30 11:30,2025-10-30 11:42,12.0,partial overlap,Low,Break Room,Office Area 1
CONF_0617,P008,Client Visit,Operations Check,2025-10-30 10:56,2025-10-30 11:42,2025-10-30 10:45,2025-10-30 11:15,2025-10-30 10:56,2025-10-30 11:15,19.0,partial overlap,Low,Break Room,Test Lab
CONF_0618,P008,Design Review,Project Discussion,2025-10-31 16:30,2025-10-31 17:09,2025-10-31 16:00,2025-10-31 17:00,2025-10-31 16:30,2025-10-31 17:00,30.0,partial overlap,Medium,Office Area 2,Break Room
CONF_0619,P008,Design Review,Team Building,2025-11-09 10:15,2025-11-09 11:15,2025-11-09 10:15,2025-11-09 11:15,2025-11-09 10:15,2025-11-09 11:15,60.0,full overlap,High,Conference Room C,Remote
CONF_0620,P008,Team Building,Code Review,2025-11-11 13:15,2025-11-11 13:45,2025-11-11 13:30,2025-11-11 14:00,2025-11-11 13:30,2025-11-11 13:45,15.0,partial overlap,Low,R&D Center,Cafe
CONF_0621,P008,Brainstorming,Operations Check,2025-11-10 17:01,2025-11-10 17:38,2025-11-10 16:45,2025-11-10 17:15,2025-11-10 17:01,2025-11-10 17:15,14.0,partial overlap,Low,Conference Room B,Product Showcase
CONF_0622,P008,Brainstorming,Client Visit,2025-11-10 17:01,2025-11-10 17:38,2025-11-10 17:15,2025-11-10 18:00,2025-11-10 17:15,2025-11-10 17:38,23.0,partial overlap,Low,Conference Room B,Training Room
CONF_0623,P008,Testing Acceptance,Design Review,2025-11-08 10:45,2025-11-08 11:30,2025-11-08 11:15,2025-11-08 12:45,2025-11-08 11:15,2025-11-08 11:30,15.0,partial overlap,Low,Remote,Conference Room C
CONF_0624,P008,Testing Acceptance,Brainstorming,2025-11-08 10:45,2025-11-08 11:30,2025-11-08 10:15,2025-11-08 11:00,2025-11-08 10:45,2025-11-08 11:00,15.0,partial overlap,Low,Remote,Product Showcase
CONF_0625,P008,Deployment,Requirements Analysis,2025-11-08 08:05,2025-11-08 08:25,2025-11-08 08:00,2025-11-08 09:00,2025-11-08 08:05,2025-11-08 08:25,20.0,full overlap,Low,Training Room,Training Room
CONF_0626,P008,Training,Brainstorming,2025-11-10 16:59,2025-11-10 17:58,2025-11-10 17:01,2025-11-10 17:38,2025-11-10 17:01,2025-11-10 17:38,37.0,full overlap,Medium,Test Lab,Conference Room B
CONF_0627,P008,Training,Operations Check,2025-11-10 16:59,2025-11-10 17:58,2025-11-10 16:45,2025-11-10 17:15,2025-11-10 16:59,2025-11-10 17:15,16.0,partial overlap,Low,Test Lab,Product Showcase
CONF_0628,P008,Training,Client Visit,2025-11-10 16:59,2025-11-10 17:58,2025-11-10 17:15,2025-11-10 18:00,2025-11-10 17:15,2025-11-10 17:58,43.0,partial overlap,Medium,Test Lab,Training Room
CONF_0629,P008,Brainstorming,Meeting,2025-11-14 16:45,2025-11-14 17:15,2025-11-14 16:30,2025-11-14 17:30,2025-11-14 16:45,2025-11-14 17:15,30.0,full overlap,Medium,Office Area 1,R&D Center
CONF_0630,P008,Deployment,Client Visit,2025-11-19 14:15,2025-11-19 15:00,2025-11-19 14:45,2025-11-19 15:15,2025-11-19 14:45,2025-11-19 15:00,15.0,partial overlap,Low,Office Area 2,Conference Room B
CONF_0631,P008,Deployment,Deployment,2025-11-19 14:15,2025-11-19 14:45,2025-11-19 14:15,2025-11-19 15:00,2025-11-19 14:15,2025-11-19 14:45,30.0,full overlap,Medium,Conference Room A,Office Area 2
CONF_0632,P008,Design Review,Testing Acceptance,2025-11-23 18:15,2025-11-23 18:45,2025-11-23 18:30,2025-11-23 19:00,2025-11-23 18:30,2025-11-23 18:45,15.0,partial overlap,Low,Training Room,Training Room
CONF_0633,P008,One-on-One,One-on-One,2025-11-22 09:15,2025-11-22 10:00,2025-11-22 09:15,2025-11-22 10:00,2025-11-22 09:15,2025-11-22 10:00,45.0,full overlap,Medium,Office Area 1,Product Showcase
CONF_0634,P008,Team Building,Meeting,2025-11-14 17:13,2025-11-14 18:02,2025-11-14 16:30,2025-11-14 17:30,2025-11-14 17:13,2025-11-14 17:30,17.0,partial overlap,Low,Conference Room C,R&D Center
CONF_0635,P008,Team Building,Brainstorming,2025-11-14 17:13,2025-11-14 18:02,2025-11-14 16:45,2025-11-14 17:15,2025-11-14 17:13,2025-11-14 17:15,2.0,partial overlap,Low,Conference Room C,Office Area 1
CONF_0636,P008,Requirements Analysis,Deployment,2025-11-15 18:54,2025-11-15 19:23,2025-11-15 18:45,2025-11-15 19:30,2025-11-15 18:54,2025-11-15 19:23,29.0,full overlap,Low,Office Area 1,Product Showcase
CONF_0637,P008,Deployment,Deployment,2025-11-15 18:51,2025-11-15 19:31,2025-11-15 18:45,2025-11-15 19:30,2025-11-15 18:51,2025-11-15 19:30,39.0,partial overlap,Medium,Cafe,Product Showcase
CONF_0638,P008,Deployment,Requirements Analysis,2025-11-15 18:51,2025-11-15 19:31,2025-11-15 18:54,2025-11-15 19:23,2025-11-15 18:54,2025-11-15 19:23,29.0,full overlap,Low,Cafe,Office Area 1
CONF_0639,P008,Testing Acceptance,Meeting,2025-11-21 14:19,2025-11-21 14:47,2025-11-21 14:00,2025-11-21 14:30,2025-11-21 14:19,2025-11-21 14:30,11.0,partial overlap,Low,Office Area 1,Conference Room B
CONF_0640,P008,Deployment,Brainstorming,2025-11-14 17:10,2025-11-14 17:38,2025-11-14 16:45,2025-11-14 17:15,2025-11-14 17:10,2025-11-14 17:15,5.0,partial overlap,Low,Product Showcase,Office Area 1
CONF_0641,P008,Deployment,Team Building,2025-11-14 17:10,2025-11-14 17:38,2025-11-14 17:13,2025-11-14 18:02,2025-11-14 17:13,2025-11-14 17:38,25.0,partial overlap,Low,Product Showcase,Conference Room C
CONF_0642,P008,Deployment,Meeting,2025-11-14 17:10,2025-11-14 17:38,2025-11-14 16:30,2025-11-14 17:30,2025-11-14 17:10,2025-11-14 17:30,20.0,partial overlap,Low,Product Showcase,R&D Center
CONF_0643,P008,Client Visit,Brainstorming,2025-11-19 17:58,2025-11-19 18:20,2025-11-19 17:30,2025-11-19 18:00,2025-11-19 17:58,2025-11-19 18:00,2.0,partial overlap,Low,R&D Center,Demo Hall
CONF_0644,P008,Product Demo,Design Review,2025-11-20 08:13,2025-11-20 08:34,2025-11-20 08:00,2025-11-20 08:15,2025-11-20 08:13,2025-11-20 08:15,2.0,partial overlap,Low,R&D Center,Product Showcase
CONF_0645,P009,Requirements Analysis,Deployment,2025-10-11 10:30,2025-10-11 11:15,2025-10-11 10:15,2025-10-11 10:45,2025-10-11 10:30,2025-10-11 10:45,15.0,partial overlap,Low,Break Room,Cafe
CONF_0646,P009,Product Demo,Product Demo,2025-10-13 13:30,2025-10-13 14:15,2025-10-13 13:15,2025-10-13 14:15,2025-10-13 13:30,2025-10-13 14:15,45.0,full overlap,Medium,Remote,Office Area 1
CONF_0647,P009,Project Discussion,Testing Acceptance,2025-10-18 11:15,2025-10-18 12:00,2025-10-18 11:45,2025-10-18 12:45,2025-10-18 11:45,2025-10-18 12:00,15.0,partial overlap,Low,Product Showcase,Remote
CONF_0648,P009,Brainstorming,Training,2025-10-16 18:45,2025-10-16 19:45,2025-10-16 18:15,2025-10-16 19:15,2025-10-16 18:45,2025-10-16 19:15,30.0,partial overlap,Medium,Online Meeting,Online Meeting
CONF_0649,P009,Client Visit,Operations Check,2025-10-20 11:45,2025-10-20 12:30,2025-10-20 11:45,2025-10-20 12:15,2025-10-20 11:45,2025-10-20 12:15,30.0,full overlap,Medium,Conference Room C,Break Room
CONF_0650,P009,Code Review,Training,2025-10-16 18:51,2025-10-16 19:23,2025-10-16 18:15,2025-10-16 19:15,2025-10-16 18:51,2025-10-16 19:15,24.0,partial overlap,Low,Break Room,Online Meeting
CONF_0651,P009,Code Review,Brainstorming,2025-10-16 18:51,2025-10-16 19:23,2025-10-16 18:45,2025-10-16 19:45,2025-10-16 18:51,2025-10-16 19:23,32.0,full overlap,Medium,Break Room,Online Meeting
CONF_0652,P009,Code Review,Brainstorming,2025-10-16 19:20,2025-10-16 20:20,2025-10-16 18:45,2025-10-16 19:45,2025-10-16 19:20,2025-10-16 19:45,25.0,partial overlap,Low,Demo Hall,Online Meeting
CONF_0653,P009,Code Review,Code Review,2025-10-16 19:20,2025-10-16 20:20,2025-10-16 18:51,2025-10-16 19:23,2025-10-16 19:20,2025-10-16 19:23,3.0,partial overlap,Low,Demo Hall,Break Room
CONF_0654,P009,Brainstorming,Product Demo,2025-10-21 12:00,2025-10-21 12:30,2025-10-21 12:15,2025-10-21 13:15,2025-10-21 12:15,2025-10-21 12:30,15.0,partial overlap,Low,R&D Center,Remote
CONF_0655,P009,Requirements Analysis,Operations Check,2025-10-28 15:00,2025-10-28 15:45,2025-10-28 15:15,2025-10-28 15:45,2025-10-28 15:15,2025-10-28 15:45,30.0,full overlap,Medium,Test Lab,Client Reception
CONF_0656,P009,Operations Check,Operations Check,2025-10-29 16:15,2025-10-29 17:00,2025-10-29 16:30,2025-10-29 17:15,2025-10-29 16:30,2025-10-29 17:00,30.0,partial overlap,Medium,Conference Room A,Client Reception
CONF_0657,P009,Project Discussion,One-on-One,2025-10-26 09:00,2025-10-26 09:30,2025-10-26 09:15,2025-10-26 09:45,2025-10-26 09:15,2025-10-26 09:30,15.0,partial overlap,Low,Conference Room A,Product Showcase
CONF_0658,P009,Team Building,Meeting,2025-10-24 12:24,2025-10-24 13:02,2025-10-24 12:00,2025-10-24 12:30,2025-10-24 12:24,2025-10-24 12:30,6.0,partial overlap,Low,Online Meeting,Conference Room C
CONF_0659,P009,Design Review,Team Building,2025-10-22 14:40,2025-10-22 15:38,2025-10-22 14:15,2025-10-22 15:00,2025-10-22 14:40,2025-10-22 15:00,20.0,partial overlap,Low,Test Lab,Conference Room A
CONF_0660,P009,Operations Check,Operations Check,2025-10-28 15:35,2025-10-28 16:00,2025-10-28 15:15,2025-10-28 15:45,2025-10-28 15:35,2025-10-28 15:45,10.0,partial overlap,Low,Conference Room A,Client Reception
CONF_0661,P009,Operations Check,Requirements Analysis,2025-10-28 15:35,2025-10-28 16:00,2025-10-28 15:00,2025-10-28 15:45,2025-10-28 15:35,2025-10-28 15:45,10.0,partial overlap,Low,Conference Room A,Test Lab
CONF_0662,P009,Meeting,Product Demo,2025-10-28 09:30,2025-10-28 10:16,2025-10-28 10:00,2025-10-28 10:15,2025-10-28 10:00,2025-10-28 10:15,15.0,full overlap,Low,Office Area 1,Conference Room B
CONF_0663,P009,Product Demo,Training,2025-10-27 13:45,2025-10-27 14:45,2025-10-27 14:30,2025-10-27 15:15,2025-10-27 14:30,2025-10-27 14:45,15.0,partial overlap,Low,Client Reception,Remote
CONF_0664,P009,Team Building,Meeting,2025-10-30 15:15,2025-10-30 16:00,2025-10-30 15:15,2025-10-30 16:00,2025-10-30 15:15,2025-10-30 16:00,45.0,full overlap,Medium,Cafe,Conference Room C
CONF_0665,P009,One-on-One,Code Review,2025-11-01 12:00,2025-11-01 12:45,2025-11-01 12:15,2025-11-01 12:30,2025-11-01 12:15,2025-11-01 12:30,15.0,full overlap,Low,R&D Center,Conference Room C
CONF_0666,P009,Deployment,Code Review,2025-11-01 12:17,2025-11-01 12:40,2025-11-01 12:15,2025-11-01 12:30,2025-11-01 12:17,2025-11-01 12:30,13.0,partial overlap,Low,Test Lab,Conference Room C
CONF_0667,P009,Deployment,One-on-One,2025-11-01 12:17,2025-11-01 12:40,2025-11-01 12:00,2025-11-01 12:45,2025-11-01 12:17,2025-11-01 12:40,23.0,full overlap,Low,Test Lab,R&D Center
CONF_0668,P009,Requirements Analysis,Training,2025-11-05 17:30,2025-11-05 18:15,2025-11-05 17:15,2025-11-05 18:15,2025-11-05 17:30,2025-11-05 18:15,45.0,full overlap,Medium,Conference Room C,Remote
CONF_0669,P009,Requirements Analysis,Code Review,2025-11-05 16:00,2025-11-05 16:30,2025-11-05 15:15,2025-11-05 16:45,2025-11-05 16:00,2025-11-05 16:30,30.0,full overlap,Medium,Office Area 1,Test Lab
CONF_0670,P009,Brainstorming,Deployment,2025-11-10 08:00,2025-11-10 08:30,2025-11-10 08:15,2025-11-10 08:45,2025-11-10 08:15,2025-11-10 08:30,15.0,partial overlap,Low,Demo Hall,Conference Room C
CONF_0671,P009,Client Visit,Training,2025-11-12 10:45,2025-11-12 11:45,2025-11-12 11:30,2025-11-12 12:15,2025-11-12 11:30,2025-11-12 11:45,15.0,partial overlap,Low,Product Showcase,Demo Hall
CONF_0672,P009,Brainstorming,Deployment,2025-11-10 14:00,2025-11-10 14:45,2025-11-10 14:15,2025-11-10 15:15,2025-11-10 14:15,2025-11-10 14:45,30.0,partial overlap,Medium,Conference Room A,Demo Hall
CONF_0673,P009,Brainstorming,Requirements Analysis,2025-11-05 16:28,2025-11-05 17:09,2025-11-05 16:00,2025-11-05 16:30,2025-11-05 16:28,2025-11-05 16:30,2.0,partial overlap,Low,R&D Center,Office Area 1
CONF_0674,P009,Brainstorming,Code Review,2025-11-05 16:28,2025-11-05 17:09,2025-11-05 15:15,2025-11-05 16:45,2025-11-05 16:28,2025-11-05 16:45,17.0,partial overlap,Low,R&D Center,Test Lab
CONF_0675,P009,Deployment,Tech Sharing,2025-11-09 17:28,2025-11-09 18:08,2025-11-09 17:15,2025-11-09 18:15,2025-11-09 17:28,2025-11-09 18:08,40.0,full overlap,Medium,Training Room,Cafe
CONF_0676,P009,Brainstorming,Training,2025-11-08 10:48,2025-11-08 11:22,2025-11-08 10:30,2025-11-08 11:15,2025-11-08 10:48,2025-11-08 11:15,27.0,partial overlap,Low,Online Meeting,Client Reception
CONF_0677,P009,Team Building,Tech Sharing,2025-11-09 17:31,2025-11-09 17:59,2025-11-09 17:15,2025-11-09 18:15,2025-11-09 17:31,2025-11-09 17:59,28.0,full overlap,Low,Conference Room A,Cafe
CONF_0678,P009,Team Building,Deployment,2025-11-09 17:31,2025-11-09 17:59,2025-11-09 17:28,2025-11-09 18:08,2025-11-09 17:31,2025-11-09 17:59,28.0,full overlap,Low,Conference Room A,Training Room
CONF_0679,P009,Brainstorming,Deployment,2025-11-10 14:06,2025-11-10 14:37,2025-11-10 14:15,2025-11-10 15:15,2025-11-10 14:15,2025-11-10 14:37,22.0,partial overlap,Low,Test Lab,Demo Hall
CONF_0680,P009,Brainstorming,Brainstorming,2025-11-10 14:06,2025-11-10 14:37,2025-11-10 14:00,2025-11-10 14:45,2025-11-10 14:06,2025-11-10 14:37,31.0,full overlap,Medium,Test Lab,Conference Room A
CONF_0681,P009,Design Review,Client Visit,2025-11-12 10:30,2025-11-12 11:15,2025-11-12 10:45,2025-11-12 11:45,2025-11-12 10:45,2025-11-12 11:15,30.0,partial overlap,Medium,Online Meeting,Product Showcase
CONF_0682,P009,One-on-One,Training,2025-11-15 14:15,2025-11-15 14:45,2025-11-15 14:15,2025-11-15 15:00,2025-11-15 14:15,2025-11-15 14:45,30.0,full overlap,Medium,R&D Center,Cafe
CONF_0683,P009,Requirements Analysis,Meeting,2025-11-17 14:30,2025-11-17 14:45,2025-11-17 14:30,2025-11-17 15:00,2025-11-17 14:30,2025-11-17 14:45,15.0,full overlap,Low,Remote,Cafe
CONF_0684,P009,Meeting,Client Visit,2025-11-21 16:30,2025-11-21 17:00,2025-11-21 16:30,2025-11-21 17:15,2025-11-21 16:30,2025-11-21 17:00,30.0,full overlap,Medium,Online Meeting,Conference Room B
CONF_0685,P009,Client Visit,Meeting,2025-11-19 14:30,2025-11-19 15:00,2025-11-19 14:30,2025-11-19 15:00,2025-11-19 14:30,2025-11-19 15:00,30.0,full overlap,Medium,Training Room,Conference Room A
CONF_0686,P009,Client Visit,Code Review,2025-11-17 17:26,2025-11-17 18:01,2025-11-17 17:00,2025-11-17 17:45,2025-11-17 17:26,2025-11-17 17:45,19.0,partial overlap,Low,Demo Hall,Office Area 1
CONF_0687,P009,Training,Team Building,2025-11-15 18:55,2025-11-15 19:45,2025-11-15 18:30,2025-11-15 19:00,2025-11-15 18:55,2025-11-15 19:00,5.0,partial overlap,Low,Conference Room C,Office Area 2
CONF_0688,P009,Testing Acceptance,Deployment,2025-11-17 18:38,2025-11-17 19:30,2025-11-17 18:15,2025-11-17 19:00,2025-11-17 18:38,2025-11-17 19:00,22.0,partial overlap,Low,Test Lab,Training Room
CONF_0689,P009,Operations Check,Testing Acceptance,2025-11-17 12:00,2025-11-17 12:39,2025-11-17 11:45,2025-11-17 12:15,2025-11-17 12:00,2025-11-17 12:15,15.0,partial overlap,Low,Break Room,Cafe
CONF_0690,P009,Deployment,Meeting,2025-11-24 17:19,2025-11-24 17:57,2025-11-24 17:00,2025-11-24 17:45,2025-11-24 17:19,2025-11-24 17:45,26.0,partial overlap,Low,Demo Hall,Office Area 1
CONF_0691,P009,Team Building,Meeting,2025-11-16 12:41,2025-11-16 13:16,2025-11-16 12:15,2025-11-16 13:00,2025-11-16 12:41,2025-11-16 13:00,19.0,partial overlap,Low,R&D Center,Product Showcase
CONF_0692,P009,Operations Check,Client Visit,2025-11-21 16:58,2025-11-21 17:18,2025-11-21 16:30,2025-11-21 17:15,2025-11-21 16:58,2025-11-21 17:15,17.0,partial overlap,Low,Office Area 2,Conference Room B
CONF_0693,P009,Operations Check,Meeting,2025-11-21 16:58,2025-11-21 17:18,2025-11-21 16:30,2025-11-21 17:00,2025-11-21 16:58,2025-11-21 17:00,2.0,partial overlap,Low,Office Area 2,Online Meeting
CONF_0694,P009,Operations Check,Team Building,2025-11-23 11:44,2025-11-23 12:12,2025-11-23 11:30,2025-11-23 11:45,2025-11-23 11:44,2025-11-23 11:45,1.0,partial overlap,Low,Test Lab,Client Reception
CONF_0695,P009,Code Review,Deployment,2025-11-18 09:48,2025-11-18 10:24,2025-11-18 10:00,2025-11-18 10:30,2025-11-18 10:00,2025-11-18 10:24,24.0,partial overlap,Low,Conference Room C,Product Showcase
CONF_0696,P010,Training,Code Review,2025-10-06 12:00,2025-10-06 12:45,2025-10-06 11:30,2025-10-06 13:00,2025-10-06 12:00,2025-10-06 12:45,45.0,full overlap,Medium,Test Lab,Conference Room B
CONF_0697,P010,Project Discussion,Design Review,2025-10-11 09:30,2025-10-11 11:00,2025-10-11 10:45,2025-10-11 11:45,2025-10-11 10:45,2025-10-11 11:00,15.0,partial overlap,Low,Remote,Training Room
CONF_0698,P010,Testing Acceptance,Operations Check,2025-10-03 12:24,2025-10-03 13:18,2025-10-03 12:15,2025-10-03 13:45,2025-10-03 12:24,2025-10-03 13:18,54.0,full overlap,Medium,Online Meeting,Conference Room A
CONF_0699,P010,Deployment,Brainstorming,2025-10-05 10:43,2025-10-05 11:05,2025-10-05 10:30,2025-10-05 11:30,2025-10-05 10:43,2025-10-05 11:05,22.0,full overlap,Low,R&D Center,R&D Center
CONF_0700,P010,Training,Meeting,2025-10-15 14:15,2025-10-15 14:45,2025-10-15 13:30,2025-10-15 14:30,2025-10-15 14:15,2025-10-15 14:30,15.0,partial overlap,Low,Test Lab,Demo Hall
CONF_0701,P010,Deployment,Operations Check,2025-10-17 10:00,2025-10-17 11:00,2025-10-17 10:00,2025-10-17 10:30,2025-10-17 10:00,2025-10-17 10:30,30.0,full overlap,Medium,Demo Hall,Cafe
CONF_0702,P010,Design Review,One-on-One,2025-10-20 11:30,2025-10-20 12:30,2025-10-20 11:45,2025-10-20 12:30,2025-10-20 11:45,2025-10-20 12:30,45.0,full overlap,Medium,Office Area 2,Cafe
CONF_0703,P010,Testing Acceptance,Product Demo,2025-10-18 18:57,2025-10-18 19:13,2025-10-18 18:30,2025-10-18 19:15,2025-10-18 18:57,2025-10-18 19:13,16.0,full overlap,Low,Remote,Break Room
CONF_0704,P010,Meeting,Meeting,2025-10-15 13:37,2025-10-15 14:01,2025-10-15 13:30,2025-10-15 14:30,2025-10-15 13:37,2025-10-15 14:01,24.0,full overlap,Low,Training Room,Demo Hall
CONF_0705,P010,Brainstorming,Code Review,2025-10-18 17:18,2025-10-18 17:37,2025-10-18 17:30,2025-10-18 18:09,2025-10-18 17:30,2025-10-18 17:37,7.0,partial overlap,Low,R&D Center,Online Meeting
CONF_0706,P010,Brainstorming,Requirements Analysis,2025-10-18 17:18,2025-10-18 17:37,2025-10-18 17:00,2025-10-18 17:30,2025-10-18 17:18,2025-10-18 17:30,12.0,partial overlap,Low,R&D Center,Cafe
CONF_0707,P010,One-on-One,Code Review,2025-10-18 17:42,2025-10-18 18:22,2025-10-18 17:30,2025-10-18 18:09,2025-10-18 17:42,2025-10-18 18:09,27.0,partial overlap,Low,Training Room,Online Meeting
CONF_0708,P010,Brainstorming,Deployment,2025-10-13 18:22,2025-10-13 19:04,2025-10-13 18:15,2025-10-13 19:15,2025-10-13 18:22,2025-10-13 19:04,42.0,full overlap,Medium,R&D Center,Product Showcase
CONF_0709,P010,Project Discussion,Deployment,2025-10-17 10:30,2025-10-17 10:51,2025-10-17 10:00,2025-10-17 11:00,2025-10-17 10:30,2025-10-17 10:51,21.0,full overlap,Low,R&D Center,Demo Hall
CONF_0710,P010,Brainstorming,Team Building,2025-10-15 11:55,2025-10-15 12:30,2025-10-15 11:45,2025-10-15 12:30,2025-10-15 11:55,2025-10-15 12:30,35.0,full overlap,Medium,Office Area 1,Product Showcase
CONF_0711,P010,Code Review,Requirements Analysis,2025-10-13 09:21,2025-10-13 09:41,2025-10-13 09:00,2025-10-13 10:00,2025-10-13 09:21,2025-10-13 09:41,20.0,full overlap,Low,Office Area 2,Office Area 2
CONF_0712,P010,Meeting,Team Building,2025-10-15 12:11,2025-10-15 12:44,2025-10-15 11:45,2025-10-15 12:30,2025-10-15 12:11,2025-10-15 12:30,19.0,partial overlap,Low,R&D Center,Product Showcase
CONF_0713,P010,Meeting,Brainstorming,2025-10-15 12:11,2025-10-15 12:44,2025-10-15 11:55,2025-10-15 12:30,2025-10-15 12:11,2025-10-15 12:30,19.0,partial overlap,Low,R&D Center,Office Area 1
CONF_0714,P010,Training,Code Review,2025-10-21 16:07,2025-10-21 16:51,2025-10-21 15:45,2025-10-21 16:30,2025-10-21 16:07,2025-10-21 16:30,23.0,partial overlap,Low,Conference Room A,Break Room
CONF_0715,P010,Client Visit,Deployment,2025-10-24 18:00,2025-10-24 18:15,2025-10-24 18:00,2025-10-24 18:15,2025-10-24 18:00,2025-10-24 18:15,15.0,full overlap,Low,Office Area 2,Cafe
CONF_0716,P010,Meeting,Meeting,2025-10-26 09:15,2025-10-26 09:45,2025-10-26 08:45,2025-10-26 09:30,2025-10-26 09:15,2025-10-26 09:30,15.0,partial overlap,Low,R&D Center,Conference Room B
CONF_0717,P010,Design Review,Design Review,2025-10-25 08:45,2025-10-25 09:15,2025-10-25 09:00,2025-10-25 09:45,2025-10-25 09:00,2025-10-25 09:15,15.0,partial overlap,Low,Demo Hall,R&D Center
CONF_0718,P010,Tech Sharing,Project Discussion,2025-10-26 14:45,2025-10-26 15:15,2025-10-26 14:15,2025-10-26 15:00,2025-10-26 14:45,2025-10-26 15:00,15.0,partial overlap,Low,Online Meeting,Office Area 2
CONF_0719,P010,Code Review,Brainstorming,2025-10-31 12:27,2025-10-31 13:06,2025-10-31 12:15,2025-10-31 12:45,2025-10-31 12:27,2025-10-31 12:45,18.0,partial overlap,Low,Office Area 1,Conference Room A
CONF_0720,P010,Project Discussion,Training,2025-10-23 14:58,2025-10-23 15:44,2025-10-23 14:30,2025-10-23 15:15,2025-10-23 14:58,2025-10-23 15:15,17.0,partial overlap,Low,Remote,Remote
CONF_0721,P010,Meeting,Project Discussion,2025-11-04 08:00,2025-11-04 08:45,2025-11-04 08:00,2025-11-04 09:30,2025-11-04 08:00,2025-11-04 08:45,45.0,full overlap,Medium,Office Area 2,Client Reception
CONF_0722,P010,Meeting,Project Discussion,2025-10-31 09:15,2025-10-31 10:13,2025-10-31 08:45,2025-10-31 09:30,2025-10-31 09:15,2025-10-31 09:30,15.0,partial overlap,Low,Product Showcase,Test Lab
CONF_0723,P010,Team Building,One-on-One,2025-10-31 18:41,2025-10-31 19:09,2025-10-31 18:15,2025-10-31 19:00,2025-10-31 18:41,2025-10-31 19:00,19.0,partial overlap,Low,Demo Hall,Conference Room A
CONF_0724,P010,Tech Sharing,Requirements Analysis,2025-11-10 15:15,2025-11-10 15:45,2025-11-10 15:15,2025-11-10 16:15,2025-11-10 15:15,2025-11-10 15:45,30.0,full overlap,Medium,Conference Room A,Break Room
CONF_0725,P010,Deployment,Project Discussion,2025-11-11 10:45,2025-11-11 11:15,2025-11-11 10:30,2025-11-11 11:15,2025-11-11 10:45,2025-11-11 11:15,30.0,full overlap,Medium,Conference Room B,Training Room
CONF_0726,P010,Testing Acceptance,Design Review,2025-11-10 09:15,2025-11-10 10:15,2025-11-10 08:45,2025-11-10 09:45,2025-11-10 09:15,2025-11-10 09:45,30.0,partial overlap,Medium,Client Reception,Training Room
CONF_0727,P010,Testing Acceptance,Team Building,2025-11-09 12:45,2025-11-09 13:15,2025-11-09 13:00,2025-11-09 14:00,2025-11-09 13:00,2025-11-09 13:15,15.0,partial overlap,Low,Remote,Cafe
CONF_0728,P010,Deployment,Deployment,2025-11-11 10:30,2025-11-11 11:00,2025-11-11 10:45,2025-11-11 11:15,2025-11-11 10:45,2025-11-11 11:00,15.0,partial overlap,Low,Conference Room A,Conference Room B
CONF_0729,P010,Deployment,Project Discussion,2025-11-11 10:30,2025-11-11 11:00,2025-11-11 10:30,2025-11-11 11:15,2025-11-11 10:30,2025-11-11 11:00,30.0,full overlap,Medium,Conference Room A,Training Room
CONF_0730,P010,Team Building,Design Review,2025-11-10 09:31,2025-11-10 10:30,2025-11-10 08:45,2025-11-10 09:45,2025-11-10 09:31,2025-11-10 09:45,14.0,partial overlap,Low,Remote,Training Room
CONF_0731,P010,Team Building,Testing Acceptance,2025-11-10 09:31,2025-11-10 10:30,2025-11-10 09:15,2025-11-10 10:15,2025-11-10 09:31,2025-11-10 10:15,44.0,partial overlap,Medium,Remote,Client Reception
CONF_0732,P010,Operations Check,One-on-One,2025-11-13 12:36,2025-11-13 13:33,2025-11-13 12:15,2025-11-13 13:00,2025-11-13 12:36,2025-11-13 13:00,24.0,partial overlap,Low,Conference Room C,Break Room
CONF_0733,P010,Brainstorming,Brainstorming,2025-11-07 14:35,2025-11-07 14:52,2025-11-07 14:30,2025-11-07 15:15,2025-11-07 14:35,2025-11-07 14:52,17.0,full overlap,Low,Office Area 1,Client Reception
CONF_0734,P010,Operations Check,Deployment,2025-11-11 11:01,2025-11-11 11:27,2025-11-11 10:45,2025-11-11 11:15,2025-11-11 11:01,2025-11-11 11:15,14.0,partial overlap,Low,Conference Room A,Conference Room B
CONF_0735,P010,Operations Check,Project Discussion,2025-11-11 11:01,2025-11-11 11:27,2025-11-11 10:30,2025-11-11 11:15,2025-11-11 11:01,2025-11-11 11:15,14.0,partial overlap,Low,Conference Room A,Training Room
CONF_0736,P010,Design Review,Code Review,2025-11-16 10:00,2025-11-16 10:30,2025-11-16 10:00,2025-11-16 11:00,2025-11-16 10:00,2025-11-16 10:30,30.0,full overlap,Medium,Cafe,Client Reception
CONF_0737,P010,One-on-One,Testing Acceptance,2025-11-16 12:30,2025-11-16 13:15,2025-11-16 13:00,2025-11-16 13:45,2025-11-16 13:00,2025-11-16 13:15,15.0,partial overlap,Low,Cafe,Test Lab
CONF_0738,P010,Operations Check,Code Review,2025-11-16 10:45,2025-11-16 11:00,2025-11-16 10:00,2025-11-16 11:00,2025-11-16 10:45,2025-11-16 11:00,15.0,full overlap,Low,Online Meeting,Client Reception
CONF_0739,P010,Code Review,Training,2025-11-19 08:15,2025-11-19 08:45,2025-11-19 08:15,2025-11-19 08:45,2025-11-19 08:15,2025-11-19 08:45,30.0,full overlap,Medium,Conference Room A,Break Room
CONF_0740,P010,Product Demo,Team Building,2025-11-17 14:59,2025-11-17 15:56,2025-11-17 14:30,2025-11-17 15:15,2025-11-17 14:59,2025-11-17 15:15,16.0,partial overlap,Low,Break Room,Online Meeting
CONF_0741,P010,Testing Acceptance,One-on-One,2025-11-13 11:29,2025-11-13 12:25,2025-11-13 12:15,2025-11-13 13:00,2025-11-13 12:15,2025-11-13 12:25,10.0,partial overlap,Low,Test Lab,Break Room
CONF_0742,P010,Requirements Analysis,One-on-One,2025-11-20 18:16,2025-11-20 18:42,2025-11-20 18:00,2025-11-20 18:30,2025-11-20 18:16,2025-11-20 18:30,14.0,partial overlap,Low,Product Showcase,Client Reception
CONF_0743,P010,Code Review,Team Building,2025-11-17 14:42,2025-11-17 15:39,2025-11-17 14:30,2025-11-17 15:15,2025-11-17 14:42,2025-11-17 15:15,33.0,partial overlap,Medium,Client Reception,Online Meeting
CONF_0744,P010,Code Review,Product Demo,2025-11-17 14:42,2025-11-17 15:39,2025-11-17 14:59,2025-11-17 15:56,2025-11-17 14:59,2025-11-17 15:39,40.0,partial overlap,Medium,Client Reception,Break Room
CONF_0745,P010,Client Visit,Team Building,2025-11-17 10:52,2025-11-17 11:35,2025-11-17 10:45,2025-11-17 11:30,2025-11-17 10:52,2025-11-17 11:30,38.0,partial overlap,Medium,Break Room,Office Area 2
CONF_0746,P010,Operations Check,Product Demo,2025-11-13 15:46,2025-11-13 16:40,2025-11-13 15:30,2025-11-13 16:15,2025-11-13 15:46,2025-11-13 16:15,29.0,partial overlap,Low,Client Reception,Test Lab
CONF_0747,P010,Brainstorming,Product Demo,2025-11-21 12:49,2025-11-21 13:34,2025-11-21 12:30,2025-11-21 13:15,2025-11-21 12:49,2025-11-21 13:15,26.0,partial overlap,Low,Conference Room A,Office Area 1
CONF_0748,P010,One-on-One,Product Demo,2025-11-13 15:46,2025-11-13 16:07,2025-11-13 15:30,2025-11-13 16:15,2025-11-13 15:46,2025-11-13 16:07,21.0,full overlap,Low,Break Room,Test Lab
CONF_0749,P010,One-on-One,Operations Check,2025-11-13 15:46,2025-11-13 16:07,2025-11-13 15:46,2025-11-13 16:40,2025-11-13 15:46,2025-11-13 16:07,21.0,full overlap,Low,Break Room,Client Reception
CONF_0750,P011,Project Discussion,Requirements Analysis,2025-10-13 09:06,2025-10-13 09:57,2025-10-13 09:00,2025-10-13 09:30,2025-10-13 09:06,2025-10-13 09:30,24.0,partial overlap,Low,Conference Room A,Remote
CONF_0751,P011,Product Demo,Team Building,2025-10-15 16:25,2025-10-15 16:59,2025-10-15 16:15,2025-10-15 16:45,2025-10-15 16:25,2025-10-15 16:45,20.0,partial overlap,Low,Conference Room C,Conference Room B
CONF_0752,P011,Meeting,Testing Acceptance,2025-10-05 15:49,2025-10-05 16:18,2025-10-05 15:30,2025-10-05 17:00,2025-10-05 15:49,2025-10-05 16:18,29.0,full overlap,Low,Office Area 1,Product Showcase
CONF_0753,P011,One-on-One,Brainstorming,2025-10-10 14:59,2025-10-10 15:36,2025-10-10 14:30,2025-10-10 15:00,2025-10-10 14:59,2025-10-10 15:00,1.0,partial overlap,Low,Online Meeting,Demo Hall
CONF_0754,P011,One-on-One,Product Demo,2025-10-17 16:30,2025-10-17 17:30,2025-10-17 17:15,2025-10-17 17:45,2025-10-17 17:15,2025-10-17 17:30,15.0,partial overlap,Low,R&D Center,Demo Hall
CONF_0755,P011,Testing Acceptance,Project Discussion,2025-10-18 13:30,2025-10-18 14:15,2025-10-18 13:30,2025-10-18 14:15,2025-10-18 13:30,2025-10-18 14:15,45.0,full overlap,Medium,Client Reception,Training Room
CONF_0756,P011,Meeting,Client Visit,2025-10-15 17:30,2025-10-15 18:15,2025-10-15 18:00,2025-10-15 19:00,2025-10-15 18:00,2025-10-15 18:15,15.0,partial overlap,Low,Client Reception,Demo Hall
CONF_0757,P011,Training,Operations Check,2025-10-20 09:00,2025-10-20 09:30,2025-10-20 09:00,2025-10-20 09:45,2025-10-20 09:00,2025-10-20 09:30,30.0,full overlap,Medium,Office Area 2,Office Area 1
CONF_0758,P011,Client Visit,Training,2025-10-18 15:15,2025-10-18 15:45,2025-10-18 15:15,2025-10-18 16:00,2025-10-18 15:15,2025-10-18 15:45,30.0,full overlap,Medium,Remote,Demo Hall
CONF_0759,P011,Brainstorming,Training,2025-10-18 14:45,2025-10-18 15:30,2025-10-18 15:15,2025-10-18 16:00,2025-10-18 15:15,2025-10-18 15:30,15.0,partial overlap,Low,Product Showcase,Demo Hall
CONF_0760,P011,Brainstorming,Client Visit,2025-10-18 14:45,2025-10-18 15:30,2025-10-18 15:15,2025-10-18 15:45,2025-10-18 15:15,2025-10-18 15:30,15.0,partial overlap,Low,Product Showcase,Remote
CONF_0761,P011,Training,Project Discussion,2025-10-22 12:01,2025-10-22 13:00,2025-10-22 11:45,2025-10-22 12:15,2025-10-22 12:01,2025-10-22 12:15,14.0,partial overlap,Low,Office Area 2,R&D Center
CONF_0762,P011,Brainstorming,Team Building,2025-10-16 10:17,2025-10-16 11:10,2025-10-16 10:00,2025-10-16 10:30,2025-10-16 10:17,2025-10-16 10:30,13.0,partial overlap,Low,Product Showcase,Online Meeting
CONF_0763,P011,Client Visit,Team Building,2025-10-19 15:00,2025-10-19 15:30,2025-10-19 14:45,2025-10-19 15:15,2025-10-19 15:00,2025-10-19 15:15,15.0,partial overlap,Low,Break Room,R&D Center
CONF_0764,P011,Client Visit,Client Visit,2025-10-19 15:00,2025-10-19 15:30,2025-10-19 15:15,2025-10-19 16:15,2025-10-19 15:15,2025-10-19 15:30,15.0,partial overlap,Low,Break Room,R&D Center
CONF_0765,P011,Code Review,Deployment,2025-10-26 14:15,2025-10-26 14:45,2025-10-26 14:30,2025-10-26 15:15,2025-10-26 14:30,2025-10-26 14:45,15.0,partial overlap,Low,Remote,Conference Room A
CONF_0766,P011,Design Review,Deployment,2025-10-24 15:45,2025-10-24 16:00,2025-10-24 15:30,2025-10-24 16:15,2025-10-24 15:45,2025-10-24 16:00,15.0,full overlap,Low,Product Showcase,Office Area 1
CONF_0767,P011,Brainstorming,Operations Check,2025-10-24 13:15,2025-10-24 14:00,2025-10-24 13:45,2025-10-24 14:00,2025-10-24 13:45,2025-10-24 14:00,15.0,full overlap,Low,Training Room,Conference Room A
CONF_0768,P011,Deployment,Deployment,2025-10-24 15:00,2025-10-24 15:45,2025-10-24 15:30,2025-10-24 16:15,2025-10-24 15:30,2025-10-24 15:45,15.0,partial overlap,Low,Conference Room A,Office Area 1
CONF_0769,P011,Deployment,Testing Acceptance,2025-10-24 15:00,2025-10-24 15:45,2025-10-24 15:15,2025-10-24 15:30,2025-10-24 15:15,2025-10-24 15:30,15.0,full overlap,Low,Conference Room A,Demo Hall
CONF_0770,P011,Brainstorming,Code Review,2025-10-31 15:30,2025-10-31 16:15,2025-10-31 15:30,2025-10-31 16:00,2025-10-31 15:30,2025-10-31 16:00,30.0,full overlap,Medium,Test Lab,Office Area 2
CONF_0771,P011,Deployment,Brainstorming,2025-10-28 09:15,2025-10-28 09:45,2025-10-28 09:30,2025-10-28 10:00,2025-10-28 09:30,2025-10-28 09:45,15.0,partial overlap,Low,Break Room,Client Reception
CONF_0772,P011,Training,Brainstorming,2025-10-28 09:53,2025-10-28 10:13,2025-10-28 09:30,2025-10-28 10:00,2025-10-28 09:53,2025-10-28 10:00,7.0,partial overlap,Low,Conference Room A,Client Reception
CONF_0773,P011,Tech Sharing,Team Building,2025-10-26 08:50,2025-10-26 09:33,2025-10-26 08:30,2025-10-26 09:00,2025-10-26 08:50,2025-10-26 09:00,10.0,partial overlap,Low,Training Room,Online Meeting
CONF_0774,P011,One-on-One,Tech Sharing,2025-10-23 10:45,2025-10-23 11:12,2025-10-23 10:15,2025-10-23 11:00,2025-10-23 10:45,2025-10-23 11:00,15.0,partial overlap,Low,Demo Hall,Office Area 2
CONF_0775,P011,Operations Check,One-on-One,2025-11-01 09:43,2025-11-01 10:32,2025-11-01 09:15,2025-11-01 10:15,2025-11-01 09:43,2025-11-01 10:15,32.0,partial overlap,Medium,Conference Room C,Product Showcase
CONF_0776,P011,Project Discussion,Code Review,2025-11-07 09:45,2025-11-07 10:41,2025-11-07 09:30,2025-11-07 10:15,2025-11-07 09:45,2025-11-07 10:15,30.0,partial overlap,Medium,Conference Room A,Conference Room C
CONF_0777,P011,One-on-One,Client Visit,2025-10-29 11:10,2025-10-29 11:53,2025-10-29 11:00,2025-10-29 11:45,2025-10-29 11:10,2025-10-29 11:45,35.0,partial overlap,Medium,Demo Hall,Test Lab
CONF_0778,P011,Testing Acceptance,Tech Sharing,2025-11-03 16:38,2025-11-03 16:53,2025-11-03 16:15,2025-11-03 16:45,2025-11-03 16:38,2025-11-03 16:45,7.0,partial overlap,Low,Test Lab,Office Area 2
CONF_0779,P011,Project Discussion,One-on-One,2025-11-01 10:01,2025-11-01 11:00,2025-11-01 09:15,2025-11-01 10:15,2025-11-01 10:01,2025-11-01 10:15,14.0,partial overlap,Low,Client Reception,Product Showcase
CONF_0780,P011,Project Discussion,Operations Check,2025-11-01 10:01,2025-11-01 11:00,2025-11-01 09:43,2025-11-01 10:32,2025-11-01 10:01,2025-11-01 10:32,31.0,partial overlap,Medium,Client Reception,Conference Room C
CONF_0781,P011,Operations Check,One-on-One,2025-11-01 10:12,2025-11-01 10:39,2025-11-01 09:15,2025-11-01 10:15,2025-11-01 10:12,2025-11-01 10:15,3.0,partial overlap,Low,Office Area 1,Product Showcase
CONF_0782,P011,Operations Check,Project Discussion,2025-11-01 10:12,2025-11-01 10:39,2025-11-01 10:01,2025-11-01 11:00,2025-11-01 10:12,2025-11-01 10:39,27.0,full overlap,Low,Office Area 1,Client Reception
CONF_0783,P011,Operations Check,Operations Check,2025-11-01 10:12,2025-11-01 10:39,2025-11-01 09:43,2025-11-01 10:32,2025-11-01 10:12,2025-11-01 10:32,20.0,partial overlap,Low,Office Area 1,Conference Room C
CONF_0784,P011,Brainstorming,Operations Check,2025-11-10 08:15,2025-11-10 09:15,2025-11-10 08:00,2025-11-10 09:00,2025-11-10 08:15,2025-11-10 09:00,45.0,partial overlap,Medium,Training Room,Product Showcase
CONF_0785,P011,Product Demo,Client Visit,2025-11-08 10:30,2025-11-08 11:30,2025-11-08 11:00,2025-11-08 11:30,2025-11-08 11:00,2025-11-08 11:30,30.0,full overlap,Medium,Client Reception,Conference Room A
CONF_0786,P011,Product Demo,Code Review,2025-11-08 10:30,2025-11-08 11:30,2025-11-08 09:45,2025-11-08 10:45,2025-11-08 10:30,2025-11-08 10:45,15.0,partial overlap,Low,Client Reception,Conference Room C
CONF_0787,P011,Tech Sharing,Client Visit,2025-11-09 10:00,2025-11-09 10:45,2025-11-09 09:15,2025-11-09 10:15,2025-11-09 10:00,2025-11-09 10:15,15.0,partial overlap,Low,Online Meeting,Office Area 1
CONF_0788,P011,Deployment,Operations Check,2025-11-10 08:30,2025-11-10 09:00,2025-11-10 08:00,2025-11-10 09:00,2025-11-10 08:30,2025-11-10 09:00,30.0,full overlap,Medium,Conference Room C,Product Showcase
CONF_0789,P011,Deployment,Brainstorming,2025-11-10 08:30,2025-11-10 09:00,2025-11-10 08:15,2025-11-10 09:15,2025-11-10 08:30,2025-11-10 09:00,30.0,full overlap,Medium,Conference Room C,Training Room
CONF_0790,P011,Requirements Analysis,Deployment,2025-11-11 13:00,2025-11-11 14:00,2025-11-11 13:15,2025-11-11 14:00,2025-11-11 13:15,2025-11-11 14:00,45.0,full overlap,Medium,R&D Center,Cafe
CONF_0791,P011,Brainstorming,Tech Sharing,2025-11-13 13:41,2025-11-13 14:15,2025-11-13 13:15,2025-11-13 13:45,2025-11-13 13:41,2025-11-13 13:45,4.0,partial overlap,Low,Client Reception,Break Room
CONF_0792,P011,Design Review,Deployment,2025-11-11 13:23,2025-11-11 14:10,2025-11-11 13:15,2025-11-11 14:00,2025-11-11 13:23,2025-11-11 14:00,37.0,partial overlap,Medium,R&D Center,Cafe
CONF_0793,P011,Design Review,Requirements Analysis,2025-11-11 13:23,2025-11-11 14:10,2025-11-11 13:00,2025-11-11 14:00,2025-11-11 13:23,2025-11-11 14:00,37.0,partial overlap,Medium,R&D Center,R&D Center
CONF_0794,P011,Training,Deployment,2025-11-10 08:43,2025-11-10 09:32,2025-11-10 08:30,2025-11-10 09:00,2025-11-10 08:43,2025-11-10 09:00,17.0,partial overlap,Low,Conference Room B,Conference Room C
CONF_0795,P011,Training,Operations Check,2025-11-10 08:43,2025-11-10 09:32,2025-11-10 08:00,2025-11-10 09:00,2025-11-10 08:43,2025-11-10 09:00,17.0,partial overlap,Low,Conference Room B,Product Showcase
CONF_0796,P011,Training,Brainstorming,2025-11-10 08:43,2025-11-10 09:32,2025-11-10 08:15,2025-11-10 09:15,2025-11-10 08:43,2025-11-10 09:15,32.0,partial overlap,Medium,Conference Room B,Training Room
CONF_0797,P011,Requirements Analysis,One-on-One,2025-11-11 16:42,2025-11-11 17:09,2025-11-11 16:15,2025-11-11 17:00,2025-11-11 16:42,2025-11-11 17:00,18.0,partial overlap,Low,Training Room,Online Meeting
CONF_0798,P011,Operations Check,Training,2025-11-10 08:23,2025-11-10 09:08,2025-11-10 08:43,2025-11-10 09:32,2025-11-10 08:43,2025-11-10 09:08,25.0,partial overlap,Low,Remote,Conference Room B
CONF_0799,P011,Operations Check,Operations Check,2025-11-10 08:23,2025-11-10 09:08,2025-11-10 08:00,2025-11-10 09:00,2025-11-10 08:23,2025-11-10 09:00,37.0,partial overlap,Medium,Remote,Product Showcase
CONF_0800,P011,Operations Check,Brainstorming,2025-11-10 08:23,2025-11-10 09:08,2025-11-10 08:15,2025-11-10 09:15,2025-11-10 08:23,2025-11-10 09:08,45.0,full overlap,Medium,Remote,Training Room
CONF_0801,P011,Operations Check,Deployment,2025-11-10 08:23,2025-11-10 09:08,2025-11-10 08:30,2025-11-10 09:00,2025-11-10 08:30,2025-11-10 09:00,30.0,full overlap,Medium,Remote,Conference Room C
CONF_0802,P011,Training,Product Demo,2025-11-08 09:55,2025-11-08 10:45,2025-11-08 10:30,2025-11-08 11:30,2025-11-08 10:30,2025-11-08 10:45,15.0,partial overlap,Low,Online Meeting,Client Reception
CONF_0803,P011,Training,Code Review,2025-11-08 09:55,2025-11-08 10:45,2025-11-08 09:45,2025-11-08 10:45,2025-11-08 09:55,2025-11-08 10:45,50.0,full overlap,Medium,Online Meeting,Conference Room C
CONF_0804,P011,Operations Check,Code Review,2025-11-18 18:45,2025-11-18 19:30,2025-11-18 18:30,2025-11-18 19:15,2025-11-18 18:45,2025-11-18 19:15,30.0,partial overlap,Medium,Client Reception,Online Meeting
CONF_0805,P011,One-on-One,Meeting,2025-11-17 17:45,2025-11-17 18:00,2025-11-17 17:45,2025-11-17 18:00,2025-11-17 17:45,2025-11-17 18:00,15.0,full overlap,Low,R&D Center,Break Room
CONF_0806,P011,Operations Check,Training,2025-11-19 10:15,2025-11-19 11:00,2025-11-19 10:00,2025-11-19 10:45,2025-11-19 10:15,2025-11-19 10:45,30.0,partial overlap,Medium,Office Area 2,Conference Room B
CONF_0807,P011,Operations Check,Team Building,2025-11-19 10:15,2025-11-19 11:00,2025-11-19 10:45,2025-11-19 11:15,2025-11-19 10:45,2025-11-19 11:00,15.0,partial overlap,Low,Office Area 2,Conference Room A
CONF_0808,P011,Client Visit,Deployment,2025-11-20 12:45,2025-11-20 13:30,2025-11-20 12:45,2025-11-20 13:15,2025-11-20 12:45,2025-11-20 13:15,30.0,full overlap,Medium,Remote,Cafe
CONF_0809,P011,Tech Sharing,Client Visit,2025-11-19 08:40,2025-11-19 09:26,2025-11-19 09:15,2025-11-19 09:45,2025-11-19 09:15,2025-11-19 09:26,11.0,partial overlap,Low,Conference Room B,Demo Hall
CONF_0810,P011,Tech Sharing,Deployment,2025-11-19 08:40,2025-11-19 09:26,2025-11-19 08:15,2025-11-19 09:00,2025-11-19 08:40,2025-11-19 09:00,20.0,partial overlap,Low,Conference Room B,Office Area 2
CONF_0811,P011,Deployment,Operations Check,2025-11-21 11:24,2025-11-21 11:47,2025-11-21 11:15,2025-11-21 12:00,2025-11-21 11:24,2025-11-21 11:47,23.0,full overlap,Low,Online Meeting,Break Room
CONF_0812,P011,One-on-One,Meeting,2025-11-13 11:35,2025-11-13 11:56,2025-11-13 11:15,2025-11-13 12:00,2025-11-13 11:35,2025-11-13 11:56,21.0,full overlap,Low,Client Reception,Product Showcase
CONF_0813,P011,Brainstorming,One-on-One,2025-11-24 17:52,2025-11-24 18:52,2025-11-24 17:45,2025-11-24 18:00,2025-11-24 17:52,2025-11-24 18:00,8.0,partial overlap,Low,Client Reception,Break Room
CONF_0814,P012,Team Building,Operations Check,2025-10-13 18:15,2025-10-13 19:00,2025-10-13 18:45,2025-10-13 19:15,2025-10-13 18:45,2025-10-13 19:00,15.0,partial overlap,Low,Demo Hall,Office Area 1
CONF_0815,P012,Client Visit,Client Visit,2025-10-06 12:27,2025-10-06 12:57,2025-10-06 12:15,2025-10-06 13:00,2025-10-06 12:27,2025-10-06 12:57,30.0,full overlap,Medium,Demo Hall,Break Room
CONF_0816,P012,Project Discussion,Client Visit,2025-10-09 18:11,2025-10-09 18:44,2025-10-09 18:00,2025-10-09 18:30,2025-10-09 18:11,2025-10-09 18:30,19.0,partial overlap,Low,Demo Hall,Conference Room A
CONF_0817,P012,Code Review,Requirements Analysis,2025-10-20 14:30,2025-10-20 15:30,2025-10-20 15:00,2025-10-20 15:45,2025-10-20 15:00,2025-10-20 15:30,30.0,partial overlap,Medium,Test Lab,Cafe
CONF_0818,P012,Client Visit,Code Review,2025-10-21 12:00,2025-10-21 12:45,2025-10-21 11:30,2025-10-21 12:15,2025-10-21 12:00,2025-10-21 12:15,15.0,partial overlap,Low,Break Room,Product Showcase
CONF_0819,P012,Testing Acceptance,Code Review,2025-10-22 16:24,2025-10-22 17:16,2025-10-22 16:15,2025-10-22 16:45,2025-10-22 16:24,2025-10-22 16:45,21.0,partial overlap,Low,Conference Room B,Training Room
CONF_0820,P012,Meeting,Deployment,2025-10-15 16:05,2025-10-15 17:03,2025-10-15 17:00,2025-10-15 17:30,2025-10-15 17:00,2025-10-15 17:03,3.0,partial overlap,Low,Conference Room A,Test Lab
CONF_0821,P012,Meeting,Tech Sharing,2025-10-15 16:05,2025-10-15 17:03,2025-10-15 15:45,2025-10-15 16:15,2025-10-15 16:05,2025-10-15 16:15,10.0,partial overlap,Low,Conference Room A,Training Room
CONF_0822,P012,Design Review,Product Demo,2025-10-14 12:18,2025-10-14 12:54,2025-10-14 12:00,2025-10-14 13:00,2025-10-14 12:18,2025-10-14 12:54,36.0,full overlap,Medium,Conference Room A,Conference Room B
CONF_0823,P012,One-on-One,Requirements Analysis,2025-10-20 15:09,2025-10-20 15:54,2025-10-20 15:00,2025-10-20 15:45,2025-10-20 15:09,2025-10-20 15:45,36.0,partial overlap,Medium,Client Reception,Cafe
CONF_0824,P012,One-on-One,Code Review,2025-10-20 15:09,2025-10-20 15:54,2025-10-20 14:30,2025-10-20 15:30,2025-10-20 15:09,2025-10-20 15:30,21.0,partial overlap,Low,Client Reception,Test Lab
CONF_0825,P012,One-on-One,Project Discussion,2025-10-20 15:09,2025-10-20 15:54,2025-10-20 15:45,2025-10-20 16:15,2025-10-20 15:45,2025-10-20 15:54,9.0,partial overlap,Low,Client Reception,Client Reception
CONF_0826,P012,Code Review,Design Review,2025-10-12 13:03,2025-10-12 13:55,2025-10-12 12:45,2025-10-12 13:30,2025-10-12 13:03,2025-10-12 13:30,27.0,partial overlap,Low,Test Lab,Test Lab
CONF_0827,P012,Client Visit,Design Review,2025-10-14 12:23,2025-10-14 13:15,2025-10-14 12:18,2025-10-14 12:54,2025-10-14 12:23,2025-10-14 12:54,31.0,partial overlap,Medium,Office Area 1,Conference Room A
CONF_0828,P012,Client Visit,Product Demo,2025-10-14 12:23,2025-10-14 13:15,2025-10-14 12:00,2025-10-14 13:00,2025-10-14 12:23,2025-10-14 13:00,37.0,partial overlap,Medium,Office Area 1,Conference Room B
CONF_0829,P012,Brainstorming,Code Review,2025-10-15 08:38,2025-10-15 09:21,2025-10-15 08:30,2025-10-15 09:00,2025-10-15 08:38,2025-10-15 09:00,22.0,partial overlap,Low,Conference Room B,Conference Room A
CONF_0830,P012,Deployment,Operations Check,2025-10-20 16:39,2025-10-20 17:21,2025-10-20 16:30,2025-10-20 17:00,2025-10-20 16:39,2025-10-20 17:00,21.0,partial overlap,Low,Office Area 2,Break Room
CONF_0831,P012,Meeting,Training,2025-10-23 16:15,2025-10-23 16:30,2025-10-23 15:45,2025-10-23 16:30,2025-10-23 16:15,2025-10-23 16:30,15.0,full overlap,Low,Online Meeting,Office Area 2
CONF_0832,P012,Product Demo,Requirements Analysis,2025-10-23 12:30,2025-10-23 13:15,2025-10-23 12:00,2025-10-23 12:45,2025-10-23 12:30,2025-10-23 12:45,15.0,partial overlap,Low,Online Meeting,Cafe
CONF_0833,P012,Product Demo,Operations Check,2025-10-23 12:30,2025-10-23 13:15,2025-10-23 13:00,2025-10-23 13:30,2025-10-23 13:00,2025-10-23 13:15,15.0,partial overlap,Low,Online Meeting,Conference Room C
CONF_0834,P012,Design Review,Requirements Analysis,2025-10-23 12:30,2025-10-23 13:00,2025-10-23 12:00,2025-10-23 12:45,2025-10-23 12:30,2025-10-23 12:45,15.0,partial overlap,Low,Online Meeting,Cafe
CONF_0835,P012,Design Review,Product Demo,2025-10-23 12:30,2025-10-23 13:00,2025-10-23 12:30,2025-10-23 13:15,2025-10-23 12:30,2025-10-23 13:00,30.0,full overlap,Medium,Online Meeting,Online Meeting
CONF_0836,P012,Requirements Analysis,Tech Sharing,2025-10-26 10:45,2025-10-26 11:30,2025-10-26 11:15,2025-10-26 12:00,2025-10-26 11:15,2025-10-26 11:30,15.0,partial overlap,Low,Training Room,Product Showcase
CONF_0837,P012,Deployment,Code Review,2025-10-23 18:58,2025-10-23 19:30,2025-10-23 18:30,2025-10-23 19:00,2025-10-23 18:58,2025-10-23 19:00,2.0,partial overlap,Low,Break Room,Conference Room B
CONF_0838,P012,Client Visit,Project Discussion,2025-10-28 14:06,2025-10-28 15:01,2025-10-28 13:45,2025-10-28 14:30,2025-10-28 14:06,2025-10-28 14:30,24.0,partial overlap,Low,Online Meeting,Client Reception
CONF_0839,P012,Deployment,Deployment,2025-10-26 12:27,2025-10-26 12:56,2025-10-26 12:15,2025-10-26 12:30,2025-10-26 12:27,2025-10-26 12:30,3.0,partial overlap,Low,Break Room,Remote
CONF_0840,P012,Client Visit,Product Demo,2025-10-23 12:36,2025-10-23 13:01,2025-10-23 12:30,2025-10-23 13:15,2025-10-23 12:36,2025-10-23 13:01,25.0,full overlap,Low,Break Room,Online Meeting
CONF_0841,P012,Client Visit,Operations Check,2025-10-23 12:36,2025-10-23 13:01,2025-10-23 13:00,2025-10-23 13:30,2025-10-23 13:00,2025-10-23 13:01,1.0,partial overlap,Low,Break Room,Conference Room C
CONF_0842,P012,Client Visit,Requirements Analysis,2025-10-23 12:36,2025-10-23 13:01,2025-10-23 12:00,2025-10-23 12:45,2025-10-23 12:36,2025-10-23 12:45,9.0,partial overlap,Low,Break Room,Cafe
CONF_0843,P012,Client Visit,Design Review,2025-10-23 12:36,2025-10-23 13:01,2025-10-23 12:30,2025-10-23 13:00,2025-10-23 12:36,2025-10-23 13:00,24.0,partial overlap,Low,Break Room,Online Meeting
CONF_0844,P012,Requirements Analysis,Tech Sharing,2025-10-30 09:52,2025-10-30 10:38,2025-10-30 09:45,2025-10-30 10:30,2025-10-30 09:52,2025-10-30 10:30,38.0,partial overlap,Medium,Remote,Conference Room B
CONF_0845,P012,Meeting,Design Review,2025-10-23 12:47,2025-10-23 13:22,2025-10-23 12:30,2025-10-23 13:00,2025-10-23 12:47,2025-10-23 13:00,13.0,partial overlap,Low,Test Lab,Online Meeting
CONF_0846,P012,Meeting,Operations Check,2025-10-23 12:47,2025-10-23 13:22,2025-10-23 13:00,2025-10-23 13:30,2025-10-23 13:00,2025-10-23 13:22,22.0,partial overlap,Low,Test Lab,Conference Room C
CONF_0847,P012,Meeting,Client Visit,2025-10-23 12:47,2025-10-23 13:22,2025-10-23 12:36,2025-10-23 13:01,2025-10-23 12:47,2025-10-23 13:01,14.0,partial overlap,Low,Test Lab,Break Room
CONF_0848,P012,Meeting,Product Demo,2025-10-23 12:47,2025-10-23 13:22,2025-10-23 12:30,2025-10-23 13:15,2025-10-23 12:47,2025-10-23 13:15,28.0,partial overlap,Low,Test Lab,Online Meeting
CONF_0849,P012,Tech Sharing,Project Discussion,2025-10-25 08:50,2025-10-25 09:33,2025-10-25 08:45,2025-10-25 09:30,2025-10-25 08:50,2025-10-25 09:30,40.0,partial overlap,Medium,Demo Hall,Break Room
CONF_0850,P012,Requirements Analysis,Client Visit,2025-10-27 08:30,2025-10-27 09:15,2025-10-27 09:00,2025-10-27 09:15,2025-10-27 09:00,2025-10-27 09:15,15.0,full overlap,Low,Break Room,Office Area 1
CONF_0851,P012,One-on-One,Project Discussion,2025-11-03 10:57,2025-11-03 11:40,2025-11-03 10:30,2025-11-03 11:00,2025-11-03 10:57,2025-11-03 11:00,3.0,partial overlap,Low,Office Area 2,Conference Room A
CONF_0852,P012,Tech Sharing,Product Demo,2025-11-05 17:45,2025-11-05 18:30,2025-11-05 17:45,2025-11-05 18:30,2025-11-05 17:45,2025-11-05 18:30,45.0,full overlap,Medium,Remote,Online Meeting
CONF_0853,P012,Training,Code Review,2025-11-09 12:30,2025-11-09 13:15,2025-11-09 13:00,2025-11-09 13:30,2025-11-09 13:00,2025-11-09 13:15,15.0,partial overlap,Low,Demo Hall,Office Area 2
CONF_0854,P012,Operations Check,Project Discussion,2025-11-13 13:45,2025-11-13 14:45,2025-11-13 13:30,2025-11-13 14:30,2025-11-13 13:45,2025-11-13 14:30,45.0,partial overlap,Medium,Break Room,Training Room
CONF_0855,P012,Operations Check,Code Review,2025-11-14 10:00,2025-11-14 11:00,2025-11-14 09:45,2025-11-14 10:15,2025-11-14 10:00,2025-11-14 10:15,15.0,partial overlap,Low,Online Meeting,Office Area 2
CONF_0856,P012,Meeting,Deployment,2025-11-13 11:30,2025-11-13 12:15,2025-11-13 11:00,2025-11-13 11:45,2025-11-13 11:30,2025-11-13 11:45,15.0,partial overlap,Low,Demo Hall,Conference Room C
CONF_0857,P012,Product Demo,Project Discussion,2025-11-12 13:48,2025-11-12 14:39,2025-11-12 13:30,2025-11-12 14:00,2025-11-12 13:48,2025-11-12 14:00,12.0,partial overlap,Low,Office Area 1,Client Reception
CONF_0858,P012,Design Review,Operations Check,2025-11-10 12:08,2025-11-10 13:01,2025-11-10 12:00,2025-11-10 12:45,2025-11-10 12:08,2025-11-10 12:45,37.0,partial overlap,Medium,Client Reception,Office Area 2
CONF_0859,P012,Operations Check,One-on-One,2025-11-11 13:44,2025-11-11 14:05,2025-11-11 13:30,2025-11-11 14:30,2025-11-11 13:44,2025-11-11 14:05,21.0,full overlap,Low,Conference Room A,R&D Center
CONF_0860,P012,Project Discussion,Design Review,2025-11-10 12:28,2025-11-10 12:52,2025-11-10 12:08,2025-11-10 13:01,2025-11-10 12:28,2025-11-10 12:52,24.0,full overlap,Low,Office Area 2,Client Reception
CONF_0861,P012,Project Discussion,Operations Check,2025-11-10 12:28,2025-11-10 12:52,2025-11-10 12:00,2025-11-10 12:45,2025-11-10 12:28,2025-11-10 12:45,17.0,partial overlap,Low,Office Area 2,Office Area 2
CONF_0862,P012,Code Review,Client Visit,2025-11-12 13:15,2025-11-12 13:45,2025-11-12 12:45,2025-11-12 13:30,2025-11-12 13:15,2025-11-12 13:30,15.0,partial overlap,Low,Remote,Break Room
CONF_0863,P012,Code Review,Project Discussion,2025-11-12 13:15,2025-11-12 13:45,2025-11-12 13:30,2025-11-12 14:00,2025-11-12 13:30,2025-11-12 13:45,15.0,partial overlap,Low,Remote,Client Reception
CONF_0864,P012,Client Visit,Project Discussion,2025-11-12 13:00,2025-11-12 13:45,2025-11-12 13:30,2025-11-12 14:00,2025-11-12 13:30,2025-11-12 13:45,15.0,partial overlap,Low,Office Area 2,Client Reception
CONF_0865,P012,Client Visit,Client Visit,2025-11-12 13:00,2025-11-12 13:45,2025-11-12 12:45,2025-11-12 13:30,2025-11-12 13:00,2025-11-12 13:30,30.0,partial overlap,Medium,Office Area 2,Break Room
CONF_0866,P012,Client Visit,Code Review,2025-11-12 13:00,2025-11-12 13:45,2025-11-12 13:15,2025-11-12 13:45,2025-11-12 13:15,2025-11-12 13:45,30.0,full overlap,Medium,Office Area 2,Remote
CONF_0867,P012,Meeting,Product Demo,2025-11-15 15:45,2025-11-15 16:30,2025-11-15 16:15,2025-11-15 17:00,2025-11-15 16:15,2025-11-15 16:30,15.0,partial overlap,Low,Client Reception,Remote
CONF_0868,P012,Operations Check,Deployment,2025-11-13 11:30,2025-11-13 12:15,2025-11-13 11:00,2025-11-13 11:45,2025-11-13 11:30,2025-11-13 11:45,15.0,partial overlap,Low,Product Showcase,Conference Room C
CONF_0869,P012,Operations Check,Meeting,2025-11-13 11:30,2025-11-13 12:15,2025-11-13 11:30,2025-11-13 12:15,2025-11-13 11:30,2025-11-13 12:15,45.0,full overlap,Medium,Product Showcase,Demo Hall
CONF_0870,P012,Design Review,Brainstorming,2025-11-19 13:15,2025-11-19 13:45,2025-11-19 13:15,2025-11-19 13:45,2025-11-19 13:15,2025-11-19 13:45,30.0,full overlap,Medium,Cafe,Office Area 1
CONF_0871,P012,Testing Acceptance,Deployment,2025-11-22 15:30,2025-11-22 15:45,2025-11-22 15:30,2025-11-22 16:00,2025-11-22 15:30,2025-11-22 15:45,15.0,full overlap,Low,Test Lab,Conference Room A
CONF_0872,P012,Brainstorming,Brainstorming,2025-11-19 13:37,2025-11-19 14:04,2025-11-19 13:15,2025-11-19 13:45,2025-11-19 13:37,2025-11-19 13:45,8.0,partial overlap,Low,R&D Center,Office Area 1
CONF_0873,P012,Brainstorming,Design Review,2025-11-19 13:37,2025-11-19 14:04,2025-11-19 13:15,2025-11-19 13:45,2025-11-19 13:37,2025-11-19 13:45,8.0,partial overlap,Low,R&D Center,Cafe
CONF_0874,P012,Brainstorming,Training,2025-11-18 18:58,2025-11-18 19:16,2025-11-18 18:45,2025-11-18 19:15,2025-11-18 18:58,2025-11-18 19:15,17.0,partial overlap,Low,Client Reception,Office Area 2
CONF_0875,P012,Requirements Analysis,Client Visit,2025-11-17 17:26,2025-11-17 18:04,2025-11-17 17:15,2025-11-17 17:45,2025-11-17 17:26,2025-11-17 17:45,19.0,partial overlap,Low,Online Meeting,Client Reception
CONF_0876,P012,Requirements Analysis,One-on-One,2025-11-17 17:26,2025-11-17 18:04,2025-11-17 18:00,2025-11-17 18:15,2025-11-17 18:00,2025-11-17 18:04,4.0,partial overlap,Low,Online Meeting,Conference Room C
CONF_0877,P012,Product Demo,Deployment,2025-11-22 15:50,2025-11-22 16:14,2025-11-22 15:30,2025-11-22 16:00,2025-11-22 15:50,2025-11-22 16:00,10.0,partial overlap,Low,Client Reception,Conference Room A
CONF_0878,P012,Meeting,Client Visit,2025-11-15 12:12,2025-11-15 13:11,2025-11-15 11:53,2025-11-15 12:33,2025-11-15 12:12,2025-11-15 12:33,21.0,partial overlap,Low,Product Showcase,Product Showcase
CONF_0879,P013,Tech Sharing,Project Discussion,2025-10-10 13:30,2025-10-10 14:30,2025-10-10 13:15,2025-10-10 14:45,2025-10-10 13:30,2025-10-10 14:30,60.0,full overlap,High,Cafe,Conference Room C
CONF_0880,P013,Testing Acceptance,One-on-One,2025-10-10 10:37,2025-10-10 11:27,2025-10-10 10:30,2025-10-10 11:15,2025-10-10 10:37,2025-10-10 11:15,38.0,partial overlap,Medium,Break Room,Cafe
CONF_0881,P013,Tech Sharing,Meeting,2025-10-16 14:45,2025-10-16 15:30,2025-10-16 14:15,2025-10-16 15:15,2025-10-16 14:45,2025-10-16 15:15,30.0,partial overlap,Medium,Client Reception,R&D Center
CONF_0882,P013,One-on-One,Client Visit,2025-10-13 15:00,2025-10-13 16:00,2025-10-13 15:15,2025-10-13 16:00,2025-10-13 15:15,2025-10-13 16:00,45.0,full overlap,Medium,Online Meeting,Office Area 2
CONF_0883,P013,Tech Sharing,Code Review,2025-10-19 16:00,2025-10-19 16:45,2025-10-19 16:30,2025-10-19 17:30,2025-10-19 16:30,2025-10-19 16:45,15.0,partial overlap,Low,R&D Center,Office Area 2
CONF_0884,P013,Design Review,Tech Sharing,2025-10-18 11:30,2025-10-18 12:00,2025-10-18 11:15,2025-10-18 12:00,2025-10-18 11:30,2025-10-18 12:00,30.0,full overlap,Medium,Cafe,Office Area 2
CONF_0885,P013,Design Review,Design Review,2025-10-18 11:41,2025-10-18 12:33,2025-10-18 11:30,2025-10-18 12:00,2025-10-18 11:41,2025-10-18 12:00,19.0,partial overlap,Low,Cafe,Cafe
CONF_0886,P013,Design Review,Tech Sharing,2025-10-18 11:41,2025-10-18 12:33,2025-10-18 11:15,2025-10-18 12:00,2025-10-18 11:41,2025-10-18 12:00,19.0,partial overlap,Low,Cafe,Office Area 2
CONF_0887,P013,Design Review,One-on-One,2025-10-13 15:12,2025-10-13 15:31,2025-10-13 15:00,2025-10-13 16:00,2025-10-13 15:12,2025-10-13 15:31,19.0,full overlap,Low,Product Showcase,Online Meeting
CONF_0888,P013,Design Review,Client Visit,2025-10-13 15:12,2025-10-13 15:31,2025-10-13 15:15,2025-10-13 16:00,2025-10-13 15:15,2025-10-13 15:31,16.0,partial overlap,Low,Product Showcase,Office Area 2
CONF_0889,P013,Product Demo,Design Review,2025-10-20 17:40,2025-10-20 17:55,2025-10-20 17:15,2025-10-20 18:00,2025-10-20 17:40,2025-10-20 17:55,15.0,full overlap,Low,Client Reception,Demo Hall
CONF_0890,P013,Team Building,Operations Check,2025-10-24 09:45,2025-10-24 10:15,2025-10-24 10:00,2025-10-24 10:15,2025-10-24 10:00,2025-10-24 10:15,15.0,full overlap,Low,Test Lab,Demo Hall
CONF_0891,P013,Training,Design Review,2025-10-23 09:45,2025-10-23 10:30,2025-10-23 10:00,2025-10-23 10:45,2025-10-23 10:00,2025-10-23 10:30,30.0,partial overlap,Medium,Conference Room A,Test Lab
CONF_0892,P013,Product Demo,Design Review,2025-10-27 16:00,2025-10-27 16:45,2025-10-27 16:15,2025-10-27 16:30,2025-10-27 16:15,2025-10-27 16:30,15.0,full overlap,Low,Conference Room B,Conference Room B
CONF_0893,P013,Meeting,Requirements Analysis,2025-10-27 11:15,2025-10-27 12:00,2025-10-27 11:30,2025-10-27 11:45,2025-10-27 11:30,2025-10-27 11:45,15.0,full overlap,Low,Demo Hall,R&D Center
CONF_0894,P013,Meeting,One-on-One,2025-10-27 11:15,2025-10-27 12:00,2025-10-27 10:45,2025-10-27 11:30,2025-10-27 11:15,2025-10-27 11:30,15.0,partial overlap,Low,Demo Hall,Remote
CONF_0895,P013,One-on-One,Product Demo,2025-10-24 18:15,2025-10-24 19:00,2025-10-24 18:45,2025-10-24 19:15,2025-10-24 18:45,2025-10-24 19:00,15.0,partial overlap,Low,Client Reception,Online Meeting
CONF_0896,P013,Product Demo,Tech Sharing,2025-10-30 09:30,2025-10-30 10:15,2025-10-30 09:15,2025-10-30 09:45,2025-10-30 09:30,2025-10-30 09:45,15.0,partial overlap,Low,Conference Room B,Office Area 1
CONF_0897,P013,Tech Sharing,Training,2025-10-26 09:23,2025-10-26 10:18,2025-10-26 09:00,2025-10-26 09:30,2025-10-26 09:23,2025-10-26 09:30,7.0,partial overlap,Low,Conference Room B,Test Lab
CONF_0898,P013,Project Discussion,Brainstorming,2025-10-29 08:50,2025-10-29 09:08,2025-10-29 08:45,2025-10-29 09:00,2025-10-29 08:50,2025-10-29 09:00,10.0,partial overlap,Low,Client Reception,Conference Room C
CONF_0899,P013,Team Building,Training,2025-10-28 13:55,2025-10-28 14:48,2025-10-28 13:30,2025-10-28 14:15,2025-10-28 13:55,2025-10-28 14:15,20.0,partial overlap,Low,Conference Room C,Office Area 2
CONF_0900,P013,Project Discussion,Brainstorming,2025-10-29 13:28,2025-10-29 14:01,2025-10-29 13:15,2025-10-29 14:00,2025-10-29 13:28,2025-10-29 14:00,32.0,partial overlap,Medium,R&D Center,Office Area 1
CONF_0901,P013,Tech Sharing,Product Demo,2025-10-27 16:09,2025-10-27 17:03,2025-10-27 16:00,2025-10-27 16:45,2025-10-27 16:09,2025-10-27 16:45,36.0,partial overlap,Medium,Training Room,Conference Room B
CONF_0902,P013,Tech Sharing,Design Review,2025-10-27 16:09,2025-10-27 17:03,2025-10-27 16:15,2025-10-27 16:30,2025-10-27 16:15,2025-10-27 16:30,15.0,full overlap,Low,Training Room,Conference Room B
CONF_0903,P013,Deployment,Project Discussion,2025-10-29 09:02,2025-10-29 10:02,2025-10-29 08:50,2025-10-29 09:08,2025-10-29 09:02,2025-10-29 09:08,6.0,partial overlap,Low,Demo Hall,Client Reception
CONF_0904,P013,Deployment,Deployment,2025-10-29 09:13,2025-10-29 10:02,2025-10-29 09:02,2025-10-29 10:02,2025-10-29 09:13,2025-10-29 10:02,49.0,full overlap,Medium,Online Meeting,Demo Hall
CONF_0905,P013,Product Demo,Code Review,2025-10-29 18:11,2025-10-29 18:36,2025-10-29 17:45,2025-10-29 18:30,2025-10-29 18:11,2025-10-29 18:30,19.0,partial overlap,Low,Client Reception,Demo Hall
CONF_0906,P013,Brainstorming,Meeting,2025-10-23 09:15,2025-10-23 09:32,2025-10-23 08:47,2025-10-23 09:32,2025-10-23 09:15,2025-10-23 09:32,17.0,full overlap,Low,Conference Room B,Demo Hall
CONF_0907,P013,Tech Sharing,Testing Acceptance,2025-10-22 13:43,2025-10-22 14:39,2025-10-22 13:30,2025-10-22 14:15,2025-10-22 13:43,2025-10-22 14:15,32.0,partial overlap,Medium,Training Room,Training Room
CONF_0908,P013,Client Visit,Meeting,2025-11-01 09:52,2025-11-01 10:48,2025-11-01 09:30,2025-11-01 10:30,2025-11-01 09:52,2025-11-01 10:30,38.0,partial overlap,Medium,Test Lab,R&D Center
CONF_0909,P013,Brainstorming,Brainstorming,2025-11-09 13:45,2025-11-09 14:15,2025-11-09 13:15,2025-11-09 14:00,2025-11-09 13:45,2025-11-09 14:00,15.0,partial overlap,Low,Training Room,Office Area 2
CONF_0910,P013,Requirements Analysis,Brainstorming,2025-11-09 13:26,2025-11-09 13:56,2025-11-09 13:15,2025-11-09 14:00,2025-11-09 13:26,2025-11-09 13:56,30.0,full overlap,Medium,Conference Room A,Office Area 2
CONF_0911,P013,Requirements Analysis,Brainstorming,2025-11-09 13:26,2025-11-09 13:56,2025-11-09 13:45,2025-11-09 14:15,2025-11-09 13:45,2025-11-09 13:56,11.0,partial overlap,Low,Conference Room A,Training Room
CONF_0912,P013,Team Building,Training,2025-11-07 18:40,2025-11-07 19:09,2025-11-07 18:15,2025-11-07 19:00,2025-11-07 18:40,2025-11-07 19:00,20.0,partial overlap,Low,Online Meeting,R&D Center
CONF_0913,P013,Tech Sharing,Testing Acceptance,2025-11-07 13:14,2025-11-07 13:58,2025-11-07 13:00,2025-11-07 13:45,2025-11-07 13:14,2025-11-07 13:45,31.0,partial overlap,Medium,Online Meeting,Test Lab
CONF_0914,P013,Team Building,Design Review,2025-11-13 16:30,2025-11-13 16:45,2025-11-13 16:15,2025-11-13 17:15,2025-11-13 16:30,2025-11-13 16:45,15.0,full overlap,Low,Training Room,Training Room
CONF_0915,P013,Operations Check,Design Review,2025-11-13 14:45,2025-11-13 15:30,2025-11-13 14:30,2025-11-13 15:15,2025-11-13 14:45,2025-11-13 15:15,30.0,partial overlap,Medium,Online Meeting,Cafe
CONF_0916,P013,Testing Acceptance,Requirements Analysis,2025-11-14 13:30,2025-11-14 13:45,2025-11-14 13:15,2025-11-14 13:45,2025-11-14 13:30,2025-11-14 13:45,15.0,full overlap,Low,Conference Room B,Training Room
CONF_0917,P013,Design Review,Deployment,2025-11-19 17:45,2025-11-19 18:30,2025-11-19 17:45,2025-11-19 18:00,2025-11-19 17:45,2025-11-19 18:00,15.0,full overlap,Low,Test Lab,Break Room
CONF_0918,P013,Tech Sharing,Design Review,2025-11-19 18:15,2025-11-19 18:45,2025-11-19 17:45,2025-11-19 18:30,2025-11-19 18:15,2025-11-19 18:30,15.0,partial overlap,Low,Office Area 2,Test Lab
CONF_0919,P013,Brainstorming,Requirements Analysis,2025-11-20 13:00,2025-11-20 13:15,2025-11-20 13:00,2025-11-20 13:15,2025-11-20 13:00,2025-11-20 13:15,15.0,full overlap,Low,Break Room,Break Room
CONF_0920,P013,Design Review,Product Demo,2025-11-21 11:45,2025-11-21 12:30,2025-11-21 11:30,2025-11-21 12:00,2025-11-21 11:45,2025-11-21 12:00,15.0,partial overlap,Low,Cafe,Office Area 2
CONF_0921,P013,Operations Check,Testing Acceptance,2025-11-14 13:20,2025-11-14 13:53,2025-11-14 13:30,2025-11-14 13:45,2025-11-14 13:30,2025-11-14 13:45,15.0,full overlap,Low,Office Area 1,Conference Room B
CONF_0922,P013,Operations Check,Requirements Analysis,2025-11-14 13:20,2025-11-14 13:53,2025-11-14 13:15,2025-11-14 13:45,2025-11-14 13:20,2025-11-14 13:45,25.0,partial overlap,Low,Office Area 1,Training Room
CONF_0923,P013,Brainstorming,Testing Acceptance,2025-11-14 13:28,2025-11-14 14:08,2025-11-14 13:30,2025-11-14 13:45,2025-11-14 13:30,2025-11-14 13:45,15.0,full overlap,Low,Office Area 2,Conference Room B
CONF_0924,P013,Brainstorming,Operations Check,2025-11-14 13:28,2025-11-14 14:08,2025-11-14 13:20,2025-11-14 13:53,2025-11-14 13:28,2025-11-14 13:53,25.0,partial overlap,Low,Office Area 2,Office Area 1
CONF_0925,P013,Brainstorming,Requirements Analysis,2025-11-14 13:28,2025-11-14 14:08,2025-11-14 13:15,2025-11-14 13:45,2025-11-14 13:28,2025-11-14 13:45,17.0,partial overlap,Low,Office Area 2,Training Room
CONF_0926,P013,Team Building,Requirements Analysis,2025-11-20 13:05,2025-11-20 13:38,2025-11-20 13:00,2025-11-20 13:15,2025-11-20 13:05,2025-11-20 13:15,10.0,partial overlap,Low,Training Room,Break Room
CONF_0927,P013,Team Building,Brainstorming,2025-11-20 13:05,2025-11-20 13:38,2025-11-20 13:00,2025-11-20 13:15,2025-11-20 13:05,2025-11-20 13:15,10.0,partial overlap,Low,Training Room,Break Room
CONF_0928,P013,Brainstorming,Code Review,2025-11-23 13:41,2025-11-23 14:21,2025-11-23 13:30,2025-11-23 13:45,2025-11-23 13:41,2025-11-23 13:45,4.0,partial overlap,Low,Training Room,Conference Room C
CONF_0929,P013,Requirements Analysis,Meeting,2025-11-14 16:06,2025-11-14 16:23,2025-11-14 16:00,2025-11-14 16:30,2025-11-14 16:06,2025-11-14 16:23,17.0,full overlap,Low,Remote,Training Room
CONF_0930,P013,Testing Acceptance,Client Visit,2025-11-16 18:00,2025-11-16 18:50,2025-11-16 18:45,2025-11-16 19:30,2025-11-16 18:45,2025-11-16 18:50,5.0,partial overlap,Low,Office Area 1,Online Meeting
CONF_0931,P013,Testing Acceptance,Testing Acceptance,2025-11-16 18:00,2025-11-16 18:50,2025-11-16 17:45,2025-11-16 18:15,2025-11-16 18:00,2025-11-16 18:15,15.0,partial overlap,Low,Office Area 1,Demo Hall
CONF_0932,P013,One-on-One,Client Visit,2025-11-24 18:42,2025-11-24 19:13,2025-11-24 18:30,2025-11-24 19:15,2025-11-24 18:42,2025-11-24 19:13,31.0,full overlap,Medium,Test Lab,Conference Room A
CONF_0933,P013,Requirements Analysis,Requirements Analysis,2025-11-14 16:15,2025-11-14 17:11,2025-11-14 16:06,2025-11-14 16:23,2025-11-14 16:15,2025-11-14 16:23,8.0,partial overlap,Low,Online Meeting,Remote
CONF_0934,P013,Requirements Analysis,Meeting,2025-11-14 16:15,2025-11-14 17:11,2025-11-14 16:00,2025-11-14 16:30,2025-11-14 16:15,2025-11-14 16:30,15.0,partial overlap,Low,Online Meeting,Training Room
CONF_0935,P013,Product Demo,One-on-One,2025-11-24 19:11,2025-11-24 20:11,2025-11-24 18:42,2025-11-24 19:13,2025-11-24 19:11,2025-11-24 19:13,2.0,partial overlap,Low,Office Area 2,Test Lab
CONF_0936,P013,Product Demo,Client Visit,2025-11-24 19:11,2025-11-24 20:11,2025-11-24 18:30,2025-11-24 19:15,2025-11-24 19:11,2025-11-24 19:15,4.0,partial overlap,Low,Office Area 2,Conference Room A
CONF_0937,P013,Team Building,Requirements Analysis,2025-11-14 16:06,2025-11-14 16:24,2025-11-14 16:06,2025-11-14 16:23,2025-11-14 16:06,2025-11-14 16:23,17.0,full overlap,Low,Demo Hall,Remote
CONF_0938,P013,Team Building,Meeting,2025-11-14 16:06,2025-11-14 16:24,2025-11-14 16:00,2025-11-14 16:30,2025-11-14 16:06,2025-11-14 16:24,18.0,full overlap,Low,Demo Hall,Training Room
CONF_0939,P013,Team Building,Requirements Analysis,2025-11-14 16:06,2025-11-14 16:24,2025-11-14 16:15,2025-11-14 17:11,2025-11-14 16:15,2025-11-14 16:24,9.0,partial overlap,Low,Demo Hall,Online Meeting
CONF_0940,P013,Operations Check,Product Demo,2025-11-14 17:52,2025-11-14 18:39,2025-11-14 17:45,2025-11-14 18:15,2025-11-14 17:52,2025-11-14 18:15,23.0,partial overlap,Low,Test Lab,Remote
CONF_0941,P013,Design Review,Operations Check,2025-11-13 15:11,2025-11-13 15:39,2025-11-13 14:45,2025-11-13 15:30,2025-11-13 15:11,2025-11-13 15:30,19.0,partial overlap,Low,Conference Room B,Online Meeting
CONF_0942,P013,Design Review,Design Review,2025-11-13 15:11,2025-11-13 15:39,2025-11-13 14:30,2025-11-13 15:15,2025-11-13 15:11,2025-11-13 15:15,4.0,partial overlap,Low,Conference Room B,Cafe
CONF_0943,P014,Client Visit,Meeting,2025-10-09 10:00,2025-10-09 10:30,2025-10-09 10:15,2025-10-09 11:15,2025-10-09 10:15,2025-10-09 10:30,15.0,partial overlap,Low,Client Reception,Conference Room A
CONF_0944,P014,Product Demo,Requirements Analysis,2025-10-09 12:00,2025-10-09 13:00,2025-10-09 11:15,2025-10-09 12:15,2025-10-09 12:00,2025-10-09 12:15,15.0,partial overlap,Low,Cafe,Office Area 2
CONF_0945,P014,Team Building,Client Visit,2025-10-09 09:30,2025-10-09 10:15,2025-10-09 10:00,2025-10-09 10:30,2025-10-09 10:00,2025-10-09 10:15,15.0,partial overlap,Low,Break Room,Client Reception
CONF_0946,P014,Tech Sharing,Product Demo,2025-10-09 12:05,2025-10-09 12:50,2025-10-09 12:00,2025-10-09 13:00,2025-10-09 12:05,2025-10-09 12:50,45.0,full overlap,Medium,Product Showcase,Cafe
CONF_0947,P014,Tech Sharing,Requirements Analysis,2025-10-09 12:05,2025-10-09 12:50,2025-10-09 11:15,2025-10-09 12:15,2025-10-09 12:05,2025-10-09 12:15,10.0,partial overlap,Low,Product Showcase,Office Area 2
CONF_0948,P014,Training,Client Visit,2025-10-05 12:35,2025-10-05 13:08,2025-10-05 12:30,2025-10-05 13:00,2025-10-05 12:35,2025-10-05 13:00,25.0,partial overlap,Low,Client Reception,Conference Room C
CONF_0949,P014,Meeting,Team Building,2025-10-09 10:00,2025-10-09 10:34,2025-10-09 09:30,2025-10-09 10:15,2025-10-09 10:00,2025-10-09 10:15,15.0,partial overlap,Low,Test Lab,Break Room
CONF_0950,P014,Meeting,Meeting,2025-10-09 10:00,2025-10-09 10:34,2025-10-09 10:15,2025-10-09 11:15,2025-10-09 10:15,2025-10-09 10:34,19.0,partial overlap,Low,Test Lab,Conference Room A
CONF_0951,P014,Meeting,Client Visit,2025-10-09 10:00,2025-10-09 10:34,2025-10-09 10:00,2025-10-09 10:30,2025-10-09 10:00,2025-10-09 10:30,30.0,full overlap,Medium,Test Lab,Client Reception
CONF_0952,P014,Product Demo,Tech Sharing,2025-10-09 12:17,2025-10-09 12:45,2025-10-09 12:05,2025-10-09 12:50,2025-10-09 12:17,2025-10-09 12:45,28.0,full overlap,Low,Test Lab,Product Showcase
CONF_0953,P014,Product Demo,Product Demo,2025-10-09 12:17,2025-10-09 12:45,2025-10-09 12:00,2025-10-09 13:00,2025-10-09 12:17,2025-10-09 12:45,28.0,full overlap,Low,Test Lab,Cafe
CONF_0954,P014,Project Discussion,Team Building,2025-10-11 17:30,2025-10-11 18:30,2025-10-11 17:45,2025-10-11 18:45,2025-10-11 17:45,2025-10-11 18:30,45.0,partial overlap,Medium,Office Area 2,Remote
CONF_0955,P014,Product Demo,Project Discussion,2025-10-18 09:00,2025-10-18 09:30,2025-10-18 08:15,2025-10-18 09:15,2025-10-18 09:00,2025-10-18 09:15,15.0,partial overlap,Low,Online Meeting,Office Area 1
CONF_0956,P014,Code Review,Project Discussion,2025-10-15 16:15,2025-10-15 17:15,2025-10-15 15:15,2025-10-15 16:45,2025-10-15 16:15,2025-10-15 16:45,30.0,partial overlap,Medium,Conference Room A,Product Showcase
CONF_0957,P014,Testing Acceptance,Testing Acceptance,2025-10-21 16:30,2025-10-21 17:30,2025-10-21 16:00,2025-10-21 17:00,2025-10-21 16:30,2025-10-21 17:00,30.0,partial overlap,Medium,Demo Hall,Cafe
CONF_0958,P014,Training,Code Review,2025-10-21 12:00,2025-10-21 12:30,2025-10-21 12:00,2025-10-21 12:45,2025-10-21 12:00,2025-10-21 12:30,30.0,full overlap,Medium,Product Showcase,Remote
CONF_0959,P014,Meeting,Operations Check,2025-10-18 12:00,2025-10-18 12:30,2025-10-18 11:45,2025-10-18 12:15,2025-10-18 12:00,2025-10-18 12:15,15.0,partial overlap,Low,Break Room,Conference Room B
CONF_0960,P014,Deployment,Testing Acceptance,2025-10-18 15:28,2025-10-18 16:26,2025-10-18 15:00,2025-10-18 15:45,2025-10-18 15:28,2025-10-18 15:45,17.0,partial overlap,Low,Break Room,Product Showcase
CONF_0961,P014,Design Review,Testing Acceptance,2025-10-20 15:00,2025-10-20 15:45,2025-10-20 15:00,2025-10-20 15:30,2025-10-20 15:00,2025-10-20 15:30,30.0,full overlap,Medium,Break Room,Office Area 1
CONF_0962,P014,Brainstorming,Client Visit,2025-10-23 09:00,2025-10-23 09:15,2025-10-23 09:00,2025-10-23 09:45,2025-10-23 09:00,2025-10-23 09:15,15.0,full overlap,Low,Conference Room C,Conference Room A
CONF_0963,P014,Testing Acceptance,Testing Acceptance,2025-10-20 08:00,2025-10-20 08:45,2025-10-20 08:30,2025-10-20 09:15,2025-10-20 08:30,2025-10-20 08:45,15.0,partial overlap,Low,Training Room,Demo Hall
CONF_0964,P014,Operations Check,One-on-One,2025-10-26 11:00,2025-10-26 11:45,2025-10-26 10:45,2025-10-26 11:15,2025-10-26 11:00,2025-10-26 11:15,15.0,partial overlap,Low,Conference Room C,Cafe
CONF_0965,P014,Requirements Analysis,Meeting,2025-10-25 12:15,2025-10-25 12:30,2025-10-25 12:00,2025-10-25 12:45,2025-10-25 12:15,2025-10-25 12:30,15.0,full overlap,Low,Demo Hall,Conference Room C
CONF_0966,P014,One-on-One,Product Demo,2025-10-30 16:30,2025-10-30 17:15,2025-10-30 16:45,2025-10-30 17:30,2025-10-30 16:45,2025-10-30 17:15,30.0,partial overlap,Medium,Online Meeting,Conference Room A
CONF_0967,P014,Project Discussion,One-on-One,2025-10-30 16:15,2025-10-30 16:45,2025-10-30 16:30,2025-10-30 17:15,2025-10-30 16:30,2025-10-30 16:45,15.0,partial overlap,Low,R&D Center,Online Meeting
CONF_0968,P014,Requirements Analysis,Brainstorming,2025-10-27 08:30,2025-10-27 09:00,2025-10-27 08:30,2025-10-27 08:45,2025-10-27 08:30,2025-10-27 08:45,15.0,full overlap,Low,Training Room,Conference Room B
CONF_0969,P014,Client Visit,Requirements Analysis,2025-10-26 12:47,2025-10-26 13:22,2025-10-26 12:30,2025-10-26 13:15,2025-10-26 12:47,2025-10-26 13:15,28.0,partial overlap,Low,Test Lab,Product Showcase
CONF_0970,P014,One-on-One,Project Discussion,2025-10-25 16:08,2025-10-25 16:36,2025-10-25 16:15,2025-10-25 17:00,2025-10-25 16:15,2025-10-25 16:36,21.0,partial overlap,Low,Cafe,Remote
CONF_0971,P014,One-on-One,Design Review,2025-10-25 16:08,2025-10-25 16:36,2025-10-25 15:45,2025-10-25 16:15,2025-10-25 16:08,2025-10-25 16:15,7.0,partial overlap,Low,Cafe,Office Area 1
CONF_0972,P014,Code Review,Project Discussion,2025-10-30 16:21,2025-10-30 17:12,2025-10-30 16:15,2025-10-30 16:45,2025-10-30 16:21,2025-10-30 16:45,24.0,partial overlap,Low,Office Area 1,R&D Center
CONF_0973,P014,Code Review,Product Demo,2025-10-30 16:21,2025-10-30 17:12,2025-10-30 16:45,2025-10-30 17:30,2025-10-30 16:45,2025-10-30 17:12,27.0,partial overlap,Low,Office Area 1,Conference Room A
CONF_0974,P014,Code Review,One-on-One,2025-10-30 16:21,2025-10-30 17:12,2025-10-30 16:30,2025-10-30 17:15,2025-10-30 16:30,2025-10-30 17:12,42.0,partial overlap,Medium,Office Area 1,Online Meeting
CONF_0975,P014,Brainstorming,Tech Sharing,2025-10-27 18:38,2025-10-27 19:32,2025-10-27 18:15,2025-10-27 19:00,2025-10-27 18:38,2025-10-27 19:00,22.0,partial overlap,Low,Office Area 1,Break Room
CONF_0976,P014,Training,One-on-One,2025-10-30 16:57,2025-10-30 17:50,2025-10-30 16:30,2025-10-30 17:15,2025-10-30 16:57,2025-10-30 17:15,18.0,partial overlap,Low,Conference Room C,Online Meeting
CONF_0977,P014,Training,Product Demo,2025-10-30 16:57,2025-10-30 17:50,2025-10-30 16:45,2025-10-30 17:30,2025-10-30 16:57,2025-10-30 17:30,33.0,partial overlap,Medium,Conference Room C,Conference Room A
CONF_0978,P014,Training,Code Review,2025-10-30 16:57,2025-10-30 17:50,2025-10-30 16:21,2025-10-30 17:12,2025-10-30 16:57,2025-10-30 17:12,15.0,partial overlap,Low,Conference Room C,Office Area 1
CONF_0979,P014,Client Visit,One-on-One,2025-10-20 11:19,2025-10-20 11:44,2025-10-20 11:00,2025-10-20 11:45,2025-10-20 11:19,2025-10-20 11:44,25.0,full overlap,Low,Demo Hall,Online Meeting
CONF_0980,P014,Client Visit,Testing Acceptance,2025-10-20 15:23,2025-10-20 15:42,2025-10-20 15:00,2025-10-20 15:30,2025-10-20 15:23,2025-10-20 15:30,7.0,partial overlap,Low,Conference Room C,Office Area 1
CONF_0981,P014,Client Visit,Design Review,2025-10-20 15:23,2025-10-20 15:42,2025-10-20 15:00,2025-10-20 15:45,2025-10-20 15:23,2025-10-20 15:42,19.0,full overlap,Low,Conference Room C,Break Room
CONF_0982,P014,Client Visit,Brainstorming,2025-11-02 13:45,2025-11-02 14:45,2025-11-02 13:45,2025-11-02 15:15,2025-11-02 13:45,2025-11-02 14:45,60.0,full overlap,High,Break Room,Office Area 1
CONF_0983,P014,Project Discussion,Operations Check,2025-11-04 13:30,2025-11-04 14:15,2025-11-04 13:00,2025-11-04 13:45,2025-11-04 13:30,2025-11-04 13:45,15.0,partial overlap,Low,Conference Room B,Test Lab
CONF_0984,P014,Training,Client Visit,2025-11-08 15:30,2025-11-08 16:00,2025-11-08 15:15,2025-11-08 16:00,2025-11-08 15:30,2025-11-08 16:00,30.0,full overlap,Medium,Cafe,Product Showcase
CONF_0985,P014,Deployment,Code Review,2025-11-06 14:15,2025-11-06 15:00,2025-11-06 14:30,2025-11-06 15:00,2025-11-06 14:30,2025-11-06 15:00,30.0,full overlap,Medium,Client Reception,Client Reception
CONF_0986,P014,Product Demo,Code Review,2025-11-14 10:00,2025-11-14 10:30,2025-11-14 10:00,2025-11-14 10:45,2025-11-14 10:00,2025-11-14 10:30,30.0,full overlap,Medium,Conference Room B,Demo Hall
CONF_0987,P014,Training,Deployment,2025-11-15 12:30,2025-11-15 13:00,2025-11-15 12:15,2025-11-15 12:45,2025-11-15 12:30,2025-11-15 12:45,15.0,partial overlap,Low,Office Area 2,Demo Hall
CONF_0988,P014,Brainstorming,Client Visit,2025-11-06 09:09,2025-11-06 09:42,2025-11-06 09:00,2025-11-06 09:30,2025-11-06 09:09,2025-11-06 09:30,21.0,partial overlap,Low,Cafe,Client Reception
CONF_0989,P014,Deployment,Brainstorming,2025-11-11 15:35,2025-11-11 16:29,2025-11-11 15:30,2025-11-11 16:30,2025-11-11 15:35,2025-11-11 16:29,54.0,full overlap,Medium,Office Area 1,Test Lab
CONF_0990,P014,Project Discussion,Operations Check,2025-11-07 18:57,2025-11-07 19:25,2025-11-07 18:45,2025-11-07 19:30,2025-11-07 18:57,2025-11-07 19:25,28.0,full overlap,Low,Training Room,Office Area 1
CONF_0991,P014,Operations Check,Design Review,2025-11-14 16:30,2025-11-14 16:45,2025-11-14 16:00,2025-11-14 16:45,2025-11-14 16:30,2025-11-14 16:45,15.0,full overlap,Low,Conference Room A,Demo Hall
CONF_0992,P014,One-on-One,Meeting,2025-11-14 18:30,2025-11-14 18:45,2025-11-14 17:45,2025-11-14 18:45,2025-11-14 18:30,2025-11-14 18:45,15.0,full overlap,Low,Office Area 1,Online Meeting
CONF_0993,P014,Brainstorming,Deployment,2025-11-15 11:45,2025-11-15 12:30,2025-11-15 12:15,2025-11-15 12:45,2025-11-15 12:15,2025-11-15 12:30,15.0,partial overlap,Low,Conference Room A,Demo Hall
CONF_0994,P014,Team Building,Client Visit,2025-11-15 09:30,2025-11-15 10:15,2025-11-15 09:15,2025-11-15 10:15,2025-11-15 09:30,2025-11-15 10:15,45.0,full overlap,Medium,Client Reception,Product Showcase
CONF_0995,P014,Requirements Analysis,Design Review,2025-11-14 16:00,2025-11-14 16:45,2025-11-14 16:00,2025-11-14 16:45,2025-11-14 16:00,2025-11-14 16:45,45.0,full overlap,Medium,Training Room,Demo Hall
CONF_0996,P014,Requirements Analysis,Operations Check,2025-11-14 16:00,2025-11-14 16:45,2025-11-14 16:30,2025-11-14 16:45,2025-11-14 16:30,2025-11-14 16:45,15.0,full overlap,Low,Training Room,Conference Room A
CONF_0997,P014,Tech Sharing,Design Review,2025-11-16 16:15,2025-11-16 16:30,2025-11-16 16:15,2025-11-16 16:30,2025-11-16 16:15,2025-11-16 16:30,15.0,full overlap,Low,Conference Room A,Client Reception
CONF_0998,P014,One-on-One,Tech Sharing,2025-11-20 11:30,2025-11-20 11:45,2025-11-20 11:00,2025-11-20 11:45,2025-11-20 11:30,2025-11-20 11:45,15.0,full overlap,Low,Conference Room A,Conference Room C
CONF_0999,P014,Brainstorming,Design Review,2025-11-16 15:45,2025-11-16 16:30,2025-11-16 16:15,2025-11-16 16:30,2025-11-16 16:15,2025-11-16 16:30,15.0,full overlap,Low,R&D Center,Client Reception
CONF_1000,P014,Brainstorming,Tech Sharing,2025-11-16 15:45,2025-11-16 16:30,2025-11-16 16:15,2025-11-16 16:30,2025-11-16 16:15,2025-11-16 16:30,15.0,full overlap,Low,R&D Center,Conference Room A
CONF_1001,P014,Team Building,Deployment,2025-11-20 12:00,2025-11-20 12:15,2025-11-20 12:00,2025-11-20 12:30,2025-11-20 12:00,2025-11-20 12:15,15.0,full overlap,Low,Conference Room A,Remote
CONF_1002,P014,Code Review,Deployment,2025-11-20 11:29,2025-11-20 12:28,2025-11-20 12:00,2025-11-20 12:30,2025-11-20 12:00,2025-11-20 12:28,28.0,partial overlap,Low,Test Lab,Remote
CONF_1003,P014,Code Review,Team Building,2025-11-20 11:29,2025-11-20 12:28,2025-11-20 12:00,2025-11-20 12:15,2025-11-20 12:00,2025-11-20 12:15,15.0,full overlap,Low,Test Lab,Conference Room A
CONF_1004,P014,Code Review,Tech Sharing,2025-11-20 11:29,2025-11-20 12:28,2025-11-20 11:00,2025-11-20 11:45,2025-11-20 11:29,2025-11-20 11:45,16.0,partial overlap,Low,Test Lab,Conference Room C
CONF_1005,P014,Code Review,One-on-One,2025-11-20 11:29,2025-11-20 12:28,2025-11-20 11:30,2025-11-20 11:45,2025-11-20 11:30,2025-11-20 11:45,15.0,full overlap,Low,Test Lab,Conference Room A
CONF_1006,P014,Training,Deployment,2025-11-17 18:31,2025-11-17 19:00,2025-11-17 18:15,2025-11-17 18:45,2025-11-17 18:31,2025-11-17 18:45,14.0,partial overlap,Low,Demo Hall,Training Room
CONF_1007,P014,Testing Acceptance,Project Discussion,2025-11-24 17:05,2025-11-24 18:05,2025-11-24 17:00,2025-11-24 17:15,2025-11-24 17:05,2025-11-24 17:15,10.0,partial overlap,Low,Conference Room B,Online Meeting
CONF_1008,P014,Brainstorming,Testing Acceptance,2025-11-19 11:35,2025-11-19 12:20,2025-11-19 12:15,2025-11-19 13:00,2025-11-19 12:15,2025-11-19 12:20,5.0,partial overlap,Low,Product Showcase,R&D Center
CONF_1009,P014,Training,Operations Check,2025-11-19 18:40,2025-11-19 19:31,2025-11-19 18:15,2025-11-19 19:00,2025-11-19 18:40,2025-11-19 19:00,20.0,partial overlap,Low,Training Room,Online Meeting
CONF_1010,P014,Requirements Analysis,Deployment,2025-11-17 18:25,2025-11-17 19:07,2025-11-17 18:15,2025-11-17 18:45,2025-11-17 18:25,2025-11-17 18:45,20.0,partial overlap,Low,Client Reception,Training Room
CONF_1011,P014,Requirements Analysis,Training,2025-11-17 18:25,2025-11-17 19:07,2025-11-17 18:31,2025-11-17 19:00,2025-11-17 18:31,2025-11-17 19:00,29.0,full overlap,Low,Client Reception,Demo Hall
CONF_1012,P015,Team Building,Tech Sharing,2025-10-19 17:45,2025-10-19 18:45,2025-10-19 17:00,2025-10-19 18:00,2025-10-19 17:45,2025-10-19 18:00,15.0,partial overlap,Low,Cafe,Demo Hall
CONF_1013,P015,Operations Check,Product Demo,2025-10-25 08:30,2025-10-25 09:00,2025-10-25 08:15,2025-10-25 09:00,2025-10-25 08:30,2025-10-25 09:00,30.0,full overlap,Medium,Product Showcase,Remote
CONF_1014,P015,Product Demo,Testing Acceptance,2025-10-22 11:15,2025-10-22 11:45,2025-10-22 10:45,2025-10-22 11:45,2025-10-22 11:15,2025-10-22 11:45,30.0,full overlap,Medium,Demo Hall,Training Room
CONF_1015,P015,Testing Acceptance,Code Review,2025-10-28 13:15,2025-10-28 13:45,2025-10-28 13:00,2025-10-28 13:30,2025-10-28 13:15,2025-10-28 13:30,15.0,partial overlap,Low,Test Lab,Office Area 2
CONF_1016,P015,Team Building,Code Review,2025-10-25 18:15,2025-10-25 18:45,2025-10-25 18:00,2025-10-25 18:30,2025-10-25 18:15,2025-10-25 18:30,15.0,partial overlap,Low,Remote,Training Room
CONF_1017,P015,Requirements Analysis,Meeting,2025-10-24 09:15,2025-10-24 09:45,2025-10-24 09:00,2025-10-24 09:45,2025-10-24 09:15,2025-10-24 09:45,30.0,full overlap,Medium,Demo Hall,Conference Room B
CONF_1018,P015,Brainstorming,Training,2025-10-31 09:15,2025-10-31 09:30,2025-10-31 09:15,2025-10-31 09:30,2025-10-31 09:15,2025-10-31 09:30,15.0,full overlap,Low,R&D Center,Office Area 2
CONF_1019,P015,Product Demo,Product Demo,2025-10-25 08:30,2025-10-25 09:15,2025-10-25 08:15,2025-10-25 09:00,2025-10-25 08:30,2025-10-25 09:00,30.0,partial overlap,Medium,Training Room,Remote
CONF_1020,P015,Product Demo,Operations Check,2025-10-25 08:30,2025-10-25 09:15,2025-10-25 08:30,2025-10-25 09:00,2025-10-25 08:30,2025-10-25 09:00,30.0,full overlap,Medium,Training Room,Product Showcase
CONF_1021,P015,One-on-One,Team Building,2025-10-24 10:57,2025-10-24 11:30,2025-10-24 10:45,2025-10-24 11:30,2025-10-24 10:57,2025-10-24 11:30,33.0,full overlap,Medium,Demo Hall,R&D Center
CONF_1022,P015,Brainstorming,Training,2025-10-25 18:57,2025-10-25 19:14,2025-10-25 18:45,2025-10-25 19:15,2025-10-25 18:57,2025-10-25 19:14,17.0,full overlap,Low,Online Meeting,R&D Center
CONF_1023,P015,Brainstorming,Requirements Analysis,2025-10-24 09:05,2025-10-24 09:41,2025-10-24 09:15,2025-10-24 09:45,2025-10-24 09:15,2025-10-24 09:41,26.0,partial overlap,Low,Demo Hall,Demo Hall
CONF_1024,P015,Brainstorming,Meeting,2025-10-24 09:05,2025-10-24 09:41,2025-10-24 09:00,2025-10-24 09:45,2025-10-24 09:05,2025-10-24 09:41,36.0,full overlap,Medium,Demo Hall,Conference Room B
CONF_1025,P015,Testing Acceptance,Code Review,2025-10-25 18:14,2025-10-25 18:57,2025-10-25 18:00,2025-10-25 18:30,2025-10-25 18:14,2025-10-25 18:30,16.0,partial overlap,Low,Test Lab,Training Room
CONF_1026,P015,Testing Acceptance,Team Building,2025-10-25 18:14,2025-10-25 18:57,2025-10-25 18:15,2025-10-25 18:45,2025-10-25 18:15,2025-10-25 18:45,30.0,full overlap,Medium,Test Lab,Remote
CONF_1027,P015,Testing Acceptance,Training,2025-10-25 18:14,2025-10-25 18:57,2025-10-25 18:45,2025-10-25 19:15,2025-10-25 18:45,2025-10-25 18:57,12.0,partial overlap,Low,Test Lab,R&D Center
CONF_1028,P015,Operations Check,Product Demo,2025-10-25 08:52,2025-10-25 09:21,2025-10-25 08:15,2025-10-25 09:00,2025-10-25 08:52,2025-10-25 09:00,8.0,partial overlap,Low,Conference Room B,Remote
CONF_1029,P015,Operations Check,Operations Check,2025-10-25 08:52,2025-10-25 09:21,2025-10-25 08:30,2025-10-25 09:00,2025-10-25 08:52,2025-10-25 09:00,8.0,partial overlap,Low,Conference Room B,Product Showcase
CONF_1030,P015,Operations Check,Product Demo,2025-10-25 08:52,2025-10-25 09:21,2025-10-25 08:30,2025-10-25 09:15,2025-10-25 08:52,2025-10-25 09:15,23.0,partial overlap,Low,Conference Room B,Training Room
CONF_1031,P015,Design Review,Requirements Analysis,2025-11-01 17:00,2025-11-01 18:00,2025-11-01 17:45,2025-11-01 18:15,2025-11-01 17:45,2025-11-01 18:00,15.0,partial overlap,Low,Office Area 1,Conference Room B
CONF_1032,P015,Design Review,Meeting,2025-11-01 17:00,2025-11-01 18:00,2025-11-01 17:15,2025-11-01 17:30,2025-11-01 17:15,2025-11-01 17:30,15.0,full overlap,Low,Office Area 1,Office Area 2
CONF_1033,P015,Tech Sharing,Training,2025-11-03 14:15,2025-11-03 14:45,2025-11-03 14:30,2025-11-03 15:15,2025-11-03 14:30,2025-11-03 14:45,15.0,partial overlap,Low,Demo Hall,Cafe
CONF_1034,P015,One-on-One,Requirements Analysis,2025-11-01 17:17,2025-11-01 18:01,2025-11-01 17:45,2025-11-01 18:15,2025-11-01 17:45,2025-11-01 18:01,16.0,partial overlap,Low,Product Showcase,Conference Room B
CONF_1035,P015,One-on-One,Meeting,2025-11-01 17:17,2025-11-01 18:01,2025-11-01 17:15,2025-11-01 17:30,2025-11-01 17:17,2025-11-01 17:30,13.0,partial overlap,Low,Product Showcase,Office Area 2
CONF_1036,P015,One-on-One,Design Review,2025-11-01 17:17,2025-11-01 18:01,2025-11-01 17:00,2025-11-01 18:00,2025-11-01 17:17,2025-11-01 18:00,43.0,partial overlap,Medium,Product Showcase,Office Area 1
CONF_1037,P015,Brainstorming,Requirements Analysis,2025-11-01 17:33,2025-11-01 18:17,2025-11-01 17:45,2025-11-01 18:15,2025-11-01 17:45,2025-11-01 18:15,30.0,full overlap,Medium,Training Room,Conference Room B
CONF_1038,P015,Brainstorming,Design Review,2025-11-01 17:33,2025-11-01 18:17,2025-11-01 17:00,2025-11-01 18:00,2025-11-01 17:33,2025-11-01 18:00,27.0,partial overlap,Low,Training Room,Office Area 1
CONF_1039,P015,Brainstorming,One-on-One,2025-11-01 17:33,2025-11-01 18:17,2025-11-01 17:17,2025-11-01 18:01,2025-11-01 17:33,2025-11-01 18:01,28.0,partial overlap,Low,Training Room,Product Showcase
CONF_1040,P015,Team Building,Project Discussion,2025-11-03 13:23,2025-11-03 13:55,2025-11-03 13:15,2025-11-03 13:45,2025-11-03 13:23,2025-11-03 13:45,22.0,partial overlap,Low,Office Area 2,Client Reception
CONF_1041,P015,Requirements Analysis,Requirements Analysis,2025-11-01 17:46,2025-11-01 18:46,2025-11-01 17:45,2025-11-01 18:15,2025-11-01 17:46,2025-11-01 18:15,29.0,partial overlap,Low,Training Room,Conference Room B
CONF_1042,P015,Requirements Analysis,Brainstorming,2025-11-01 17:46,2025-11-01 18:46,2025-11-01 17:33,2025-11-01 18:17,2025-11-01 17:46,2025-11-01 18:17,31.0,partial overlap,Medium,Training Room,Training Room
CONF_1043,P015,Requirements Analysis,Design Review,2025-11-01 17:46,2025-11-01 18:46,2025-11-01 17:00,2025-11-01 18:00,2025-11-01 17:46,2025-11-01 18:00,14.0,partial overlap,Low,Training Room,Office Area 1
CONF_1044,P015,Requirements Analysis,One-on-One,2025-11-01 17:46,2025-11-01 18:46,2025-11-01 17:17,2025-11-01 18:01,2025-11-01 17:46,2025-11-01 18:01,15.0,partial overlap,Low,Training Room,Product Showcase
CONF_1045,P015,Requirements Analysis,Client Visit,2025-11-01 17:46,2025-11-01 18:46,2025-11-01 18:30,2025-11-01 19:15,2025-11-01 18:30,2025-11-01 18:46,16.0,partial overlap,Low,Training Room,Conference Room A
CONF_1046,P015,Testing Acceptance,Brainstorming,2025-11-01 17:21,2025-11-01 17:45,2025-11-01 17:33,2025-11-01 18:17,2025-11-01 17:33,2025-11-01 17:45,12.0,partial overlap,Low,Conference Room A,Training Room
CONF_1047,P015,Testing Acceptance,Design Review,2025-11-01 17:21,2025-11-01 17:45,2025-11-01 17:00,2025-11-01 18:00,2025-11-01 17:21,2025-11-01 17:45,24.0,full overlap,Low,Conference Room A,Office Area 1
CONF_1048,P015,Testing Acceptance,One-on-One,2025-11-01 17:21,2025-11-01 17:45,2025-11-01 17:17,2025-11-01 18:01,2025-11-01 17:21,2025-11-01 17:45,24.0,full overlap,Low,Conference Room A,Product Showcase
CONF_1049,P015,Testing Acceptance,Meeting,2025-11-01 17:21,2025-11-01 17:45,2025-11-01 17:15,2025-11-01 17:30,2025-11-01 17:21,2025-11-01 17:30,9.0,partial overlap,Low,Conference Room A,Office Area 2
CONF_1050,P015,Testing Acceptance,Meeting,2025-11-10 15:15,2025-11-10 16:00,2025-11-10 15:15,2025-11-10 16:00,2025-11-10 15:15,2025-11-10 16:00,45.0,full overlap,Medium,Product Showcase,Cafe
CONF_1051,P015,Operations Check,Operations Check,2025-11-12 17:30,2025-11-12 18:30,2025-11-12 18:15,2025-11-12 19:15,2025-11-12 18:15,2025-11-12 18:30,15.0,partial overlap,Low,Training Room,Conference Room B
CONF_1052,P015,Deployment,Operations Check,2025-11-09 16:13,2025-11-09 16:28,2025-11-09 15:45,2025-11-09 16:30,2025-11-09 16:13,2025-11-09 16:28,15.0,full overlap,Low,Test Lab,Demo Hall
CONF_1053,P015,Training,Design Review,2025-11-13 18:44,2025-11-13 19:38,2025-11-13 18:30,2025-11-13 19:30,2025-11-13 18:44,2025-11-13 19:30,46.0,partial overlap,Medium,Conference Room C,Cafe
CONF_1054,P015,Brainstorming,One-on-One,2025-11-09 10:35,2025-11-09 11:15,2025-11-09 10:15,2025-11-09 11:00,2025-11-09 10:35,2025-11-09 11:00,25.0,partial overlap,Low,Cafe,Cafe
CONF_1055,P015,Brainstorming,Testing Acceptance,2025-11-09 10:35,2025-11-09 11:15,2025-11-09 11:00,2025-11-09 11:30,2025-11-09 11:00,2025-11-09 11:15,15.0,partial overlap,Low,Cafe,Demo Hall
CONF_1056,P015,Operations Check,One-on-One,2025-11-09 10:45,2025-11-09 11:37,2025-11-09 10:15,2025-11-09 11:00,2025-11-09 10:45,2025-11-09 11:00,15.0,partial overlap,Low,Remote,Cafe
CONF_1057,P015,Operations Check,Testing Acceptance,2025-11-09 10:45,2025-11-09 11:37,2025-11-09 11:00,2025-11-09 11:30,2025-11-09 11:00,2025-11-09 11:30,30.0,full overlap,Medium,Remote,Demo Hall
CONF_1058,P015,Operations Check,Brainstorming,2025-11-09 10:45,2025-11-09 11:37,2025-11-09 10:35,2025-11-09 11:15,2025-11-09 10:45,2025-11-09 11:15,30.0,partial overlap,Medium,Remote,Cafe
CONF_1059,P015,Team Building,Client Visit,2025-11-16 13:32,2025-11-16 13:57,2025-11-16 13:15,2025-11-16 13:45,2025-11-16 13:32,2025-11-16 13:45,13.0,partial overlap,Low,Office Area 1,Conference Room A
CONF_1060,P015,Deployment,Project Discussion,2025-11-13 15:45,2025-11-13 16:30,2025-11-13 15:45,2025-11-13 16:45,2025-11-13 15:45,2025-11-13 16:30,45.0,full overlap,Medium,Training Room,Break Room
CONF_1061,P015,Deployment,Training,2025-11-14 16:00,2025-11-14 16:30,2025-11-14 15:45,2025-11-14 16:30,2025-11-14 16:00,2025-11-14 16:30,30.0,full overlap,Medium,Test Lab,Conference Room B
CONF_1062,P015,Product Demo,Brainstorming,2025-11-18 16:00,2025-11-18 16:30,2025-11-18 16:15,2025-11-18 16:45,2025-11-18 16:15,2025-11-18 16:30,15.0,partial overlap,Low,Training Room,Conference Room C
CONF_1063,P015,Requirements Analysis,Brainstorming,2025-11-20 17:00,2025-11-20 17:45,2025-11-20 17:00,2025-11-20 17:15,2025-11-20 17:00,2025-11-20 17:15,15.0,full overlap,Low,Online Meeting,Conference Room C
CONF_1064,P015,Training,Training,2025-11-20 14:00,2025-11-20 14:45,2025-11-20 14:00,2025-11-20 14:30,2025-11-20 14:00,2025-11-20 14:30,30.0,full overlap,Medium,Product Showcase,Office Area 2
CONF_1065,P015,Meeting,Design Review,2025-11-17 11:00,2025-11-17 11:15,2025-11-17 10:30,2025-11-17 11:15,2025-11-17 11:00,2025-11-17 11:15,15.0,full overlap,Low,Office Area 2,Office Area 1
CONF_1066,P015,Deployment,Tech Sharing,2025-11-20 12:45,2025-11-20 13:00,2025-11-20 12:30,2025-11-20 13:00,2025-11-20 12:45,2025-11-20 13:00,15.0,full overlap,Low,Cafe,Conference Room C
CONF_1067,P015,Operations Check,Design Review,2025-11-13 11:50,2025-11-13 12:14,2025-11-13 11:30,2025-11-13 12:15,2025-11-13 11:50,2025-11-13 12:14,24.0,full overlap,Low,Training Room,Office Area 1
CONF_1068,P015,Project Discussion,Operations Check,2025-11-20 13:19,2025-11-20 13:53,2025-11-20 13:10,2025-11-20 13:44,2025-11-20 13:19,2025-11-20 13:44,25.0,partial overlap,Low,Client Reception,Conference Room B
CONF_1069,P015,Training,Operations Check,2025-11-20 13:08,2025-11-20 14:06,2025-11-20 13:10,2025-11-20 13:44,2025-11-20 13:10,2025-11-20 13:44,34.0,full overlap,Medium,Test Lab,Conference Room B
CONF_1070,P015,Training,Training,2025-11-20 13:08,2025-11-20 14:06,2025-11-20 14:00,2025-11-20 14:30,2025-11-20 14:00,2025-11-20 14:06,6.0,partial overlap,Low,Test Lab,Office Area 2
CONF_1071,P015,Training,Training,2025-11-20 13:08,2025-11-20 14:06,2025-11-20 14:00,2025-11-20 14:45,2025-11-20 14:00,2025-11-20 14:06,6.0,partial overlap,Low,Test Lab,Product Showcase
CONF_1072,P015,Training,Project Discussion,2025-11-20 13:08,2025-11-20 14:06,2025-11-20 13:19,2025-11-20 13:53,2025-11-20 13:19,2025-11-20 13:53,34.0,full overlap,Medium,Test Lab,Client Reception
CONF_1073,P015,Product Demo,Brainstorming,2025-11-18 16:08,2025-11-18 16:48,2025-11-18 16:15,2025-11-18 16:45,2025-11-18 16:15,2025-11-18 16:45,30.0,full overlap,Medium,Office Area 1,Conference Room C
CONF_1074,P015,Product Demo,Product Demo,2025-11-18 16:08,2025-11-18 16:48,2025-11-18 16:00,2025-11-18 16:30,2025-11-18 16:08,2025-11-18 16:30,22.0,partial overlap,Low,Office Area 1,Training Room
CONF_1075,P016,Product Demo,Design Review,2025-10-09 18:45,2025-10-09 20:15,2025-10-09 18:30,2025-10-09 20:00,2025-10-09 18:45,2025-10-09 20:00,75.0,partial overlap,High,Test Lab,Client Reception
CONF_1076,P016,Product Demo,Product Demo,2025-10-11 12:32,2025-10-11 13:05,2025-10-11 12:15,2025-10-11 13:15,2025-10-11 12:32,2025-10-11 13:05,33.0,full overlap,Medium,Online Meeting,Remote
CONF_1077,P016,Project Discussion,Client Visit,2025-10-13 17:00,2025-10-13 18:00,2025-10-13 17:30,2025-10-13 18:30,2025-10-13 17:30,2025-10-13 18:00,30.0,partial overlap,Medium,Training Room,Office Area 2
CONF_1078,P016,One-on-One,Training,2025-10-22 09:32,2025-10-22 10:01,2025-10-22 09:15,2025-10-22 10:00,2025-10-22 09:32,2025-10-22 10:00,28.0,partial overlap,Low,Conference Room B,Office Area 1
CONF_1079,P016,Team Building,Requirements Analysis,2025-10-18 15:07,2025-10-18 15:41,2025-10-18 15:00,2025-10-18 15:30,2025-10-18 15:07,2025-10-18 15:30,23.0,partial overlap,Low,Remote,Conference Room A
CONF_1080,P016,Code Review,Testing Acceptance,2025-10-21 15:00,2025-10-21 15:15,2025-10-21 14:30,2025-10-21 15:15,2025-10-21 15:00,2025-10-21 15:15,15.0,full overlap,Low,Conference Room A,Office Area 1
CONF_1081,P016,Deployment,Meeting,2025-10-21 16:00,2025-10-21 16:45,2025-10-21 16:15,2025-10-21 16:45,2025-10-21 16:15,2025-10-21 16:45,30.0,full overlap,Medium,Conference Room B,Online Meeting
CONF_1082,P016,Design Review,Design Review,2025-10-25 16:00,2025-10-25 16:30,2025-10-25 16:00,2025-10-25 16:30,2025-10-25 16:00,2025-10-25 16:30,30.0,full overlap,Medium,Conference Room B,Conference Room A
CONF_1083,P016,One-on-One,Client Visit,2025-10-23 15:15,2025-10-23 15:30,2025-10-23 14:45,2025-10-23 15:30,2025-10-23 15:15,2025-10-23 15:30,15.0,full overlap,Low,Conference Room B,Office Area 1
CONF_1084,P016,Requirements Analysis,Training,2025-10-22 09:30,2025-10-22 09:45,2025-10-22 09:15,2025-10-22 10:00,2025-10-22 09:30,2025-10-22 09:45,15.0,full overlap,Low,Conference Room A,Office Area 1
CONF_1085,P016,Requirements Analysis,One-on-One,2025-10-22 09:30,2025-10-22 09:45,2025-10-22 09:32,2025-10-22 10:01,2025-10-22 09:32,2025-10-22 09:45,13.0,partial overlap,Low,Conference Room A,Conference Room B
CONF_1086,P016,Brainstorming,Training,2025-10-22 09:15,2025-10-22 09:45,2025-10-22 09:15,2025-10-22 10:00,2025-10-22 09:15,2025-10-22 09:45,30.0,full overlap,Medium,Product Showcase,Office Area 1
CONF_1087,P016,Brainstorming,One-on-One,2025-10-22 09:15,2025-10-22 09:45,2025-10-22 09:32,2025-10-22 10:01,2025-10-22 09:32,2025-10-22 09:45,13.0,partial overlap,Low,Product Showcase,Conference Room B
CONF_1088,P016,Brainstorming,Requirements Analysis,2025-10-22 09:15,2025-10-22 09:45,2025-10-22 09:30,2025-10-22 09:45,2025-10-22 09:30,2025-10-22 09:45,15.0,full overlap,Low,Product Showcase,Conference Room A
CONF_1089,P016,Product Demo,Deployment,2025-10-25 10:45,2025-10-25 11:30,2025-10-25 10:30,2025-10-25 11:15,2025-10-25 10:45,2025-10-25 11:15,30.0,partial overlap,Medium,Conference Room C,Break Room
CONF_1090,P016,Testing Acceptance,Training,2025-10-24 12:15,2025-10-24 12:30,2025-10-24 11:45,2025-10-24 12:30,2025-10-24 12:15,2025-10-24 12:30,15.0,full overlap,Low,Conference Room A,Training Room
CONF_1091,P016,Product Demo,Requirements Analysis,2025-10-25 09:00,2025-10-25 09:45,2025-10-25 09:15,2025-10-25 09:30,2025-10-25 09:15,2025-10-25 09:30,15.0,full overlap,Low,Test Lab,Cafe
CONF_1092,P016,One-on-One,Team Building,2025-10-27 13:45,2025-10-27 14:30,2025-10-27 13:45,2025-10-27 14:30,2025-10-27 13:45,2025-10-27 14:30,45.0,full overlap,Medium,Product Showcase,R&D Center
CONF_1093,P016,Design Review,Testing Acceptance,2025-10-27 12:30,2025-10-27 13:15,2025-10-27 13:00,2025-10-27 13:45,2025-10-27 13:00,2025-10-27 13:15,15.0,partial overlap,Low,Client Reception,Cafe
CONF_1094,P016,Design Review,Team Building,2025-10-25 15:37,2025-10-25 15:58,2025-10-25 15:30,2025-10-25 15:45,2025-10-25 15:37,2025-10-25 15:45,8.0,partial overlap,Low,Product Showcase,Break Room
CONF_1095,P016,Project Discussion,Tech Sharing,2025-10-26 14:10,2025-10-26 14:48,2025-10-26 14:00,2025-10-26 14:15,2025-10-26 14:10,2025-10-26 14:15,5.0,partial overlap,Low,Online Meeting,Demo Hall
CONF_1096,P016,Project Discussion,Requirements Analysis,2025-10-26 14:10,2025-10-26 14:48,2025-10-26 14:45,2025-10-26 15:00,2025-10-26 14:45,2025-10-26 14:48,3.0,partial overlap,Low,Online Meeting,Break Room
CONF_1097,P016,Requirements Analysis,Deployment,2025-10-22 08:06,2025-10-22 09:05,2025-10-22 08:00,2025-10-22 08:30,2025-10-22 08:06,2025-10-22 08:30,24.0,partial overlap,Low,Break Room,Demo Hall
CONF_1098,P016,Meeting,Meeting,2025-10-21 15:58,2025-10-21 16:55,2025-10-21 16:15,2025-10-21 16:45,2025-10-21 16:15,2025-10-21 16:45,30.0,full overlap,Medium,Remote,Online Meeting
CONF_1099,P016,Meeting,Testing Acceptance,2025-10-21 15:58,2025-10-21 16:55,2025-10-21 15:45,2025-10-21 16:00,2025-10-21 15:58,2025-10-21 16:00,2.0,partial overlap,Low,Remote,Conference Room C
CONF_1100,P016,Meeting,Deployment,2025-10-21 15:58,2025-10-21 16:55,2025-10-21 16:00,2025-10-21 16:45,2025-10-21 16:00,2025-10-21 16:45,45.0,full overlap,Medium,Remote,Conference Room B
CONF_1101,P016,Client Visit,Operations Check,2025-10-26 09:35,2025-10-26 09:54,2025-10-26 09:30,2025-10-26 10:00,2025-10-26 09:35,2025-10-26 09:54,19.0,full overlap,Low,Conference Room B,Test Lab
CONF_1102,P016,Testing Acceptance,Deployment,2025-10-22 08:29,2025-10-22 09:02,2025-10-22 08:00,2025-10-22 08:30,2025-10-22 08:29,2025-10-22 08:30,1.0,partial overlap,Low,Demo Hall,Demo Hall
CONF_1103,P016,Testing Acceptance,Requirements Analysis,2025-10-22 08:29,2025-10-22 09:02,2025-10-22 08:06,2025-10-22 09:05,2025-10-22 08:29,2025-10-22 09:02,33.0,full overlap,Medium,Demo Hall,Break Room
CONF_1104,P016,Deployment,Training,2025-10-22 09:41,2025-10-22 10:20,2025-10-22 09:15,2025-10-22 10:00,2025-10-22 09:41,2025-10-22 10:00,19.0,partial overlap,Low,Cafe,Office Area 1
CONF_1105,P016,Deployment,Brainstorming,2025-10-22 09:41,2025-10-22 10:20,2025-10-22 09:15,2025-10-22 09:45,2025-10-22 09:41,2025-10-22 09:45,4.0,partial overlap,Low,Cafe,Product Showcase
CONF_1106,P016,Deployment,One-on-One,2025-10-22 09:41,2025-10-22 10:20,2025-10-22 09:32,2025-10-22 10:01,2025-10-22 09:41,2025-10-22 10:01,20.0,partial overlap,Low,Cafe,Conference Room B
CONF_1107,P016,Deployment,Requirements Analysis,2025-10-22 09:41,2025-10-22 10:20,2025-10-22 09:30,2025-10-22 09:45,2025-10-22 09:41,2025-10-22 09:45,4.0,partial overlap,Low,Cafe,Conference Room A
CONF_1108,P016,Meeting,Meeting,2025-11-01 11:45,2025-11-01 12:45,2025-11-01 12:30,2025-11-01 13:15,2025-11-01 12:30,2025-11-01 12:45,15.0,partial overlap,Low,Conference Room A,Office Area 1
CONF_1109,P016,Training,Brainstorming,2025-11-03 16:45,2025-11-03 18:15,2025-11-03 16:15,2025-11-03 17:15,2025-11-03 16:45,2025-11-03 17:15,30.0,partial overlap,Medium,Conference Room A,Conference Room C
CONF_1110,P016,Client Visit,One-on-One,2025-11-06 10:30,2025-11-06 12:00,2025-11-06 10:30,2025-11-06 12:00,2025-11-06 10:30,2025-11-06 12:00,90.0,full overlap,High,Test Lab,Demo Hall
CONF_1111,P016,Design Review,Training,2025-11-03 16:30,2025-11-03 18:00,2025-11-03 16:45,2025-11-03 18:15,2025-11-03 16:45,2025-11-03 18:00,75.0,partial overlap,High,Remote,Conference Room A
CONF_1112,P016,Design Review,Brainstorming,2025-11-03 16:30,2025-11-03 18:00,2025-11-03 16:15,2025-11-03 17:15,2025-11-03 16:30,2025-11-03 17:15,45.0,partial overlap,Medium,Remote,Conference Room C
CONF_1113,P016,Meeting,Code Review,2025-11-05 10:15,2025-11-05 10:45,2025-11-05 10:00,2025-11-05 10:45,2025-11-05 10:15,2025-11-05 10:45,30.0,full overlap,Medium,Demo Hall,Cafe
CONF_1114,P016,Product Demo,Code Review,2025-11-07 12:15,2025-11-07 13:15,2025-11-07 12:15,2025-11-07 12:45,2025-11-07 12:15,2025-11-07 12:45,30.0,full overlap,Medium,Conference Room B,Cafe
CONF_1115,P016,Design Review,One-on-One,2025-11-14 08:45,2025-11-14 09:30,2025-11-14 08:45,2025-11-14 09:45,2025-11-14 08:45,2025-11-14 09:30,45.0,full overlap,Medium,Demo Hall,Training Room
CONF_1116,P016,One-on-One,Operations Check,2025-11-10 15:15,2025-11-10 16:00,2025-11-10 15:00,2025-11-10 15:30,2025-11-10 15:15,2025-11-10 15:30,15.0,partial overlap,Low,Training Room,Demo Hall
CONF_1117,P016,One-on-One,Brainstorming,2025-11-09 09:30,2025-11-09 10:30,2025-11-09 09:45,2025-11-09 10:30,2025-11-09 09:45,2025-11-09 10:30,45.0,full overlap,Medium,Client Reception,Office Area 2
CONF_1118,P016,Design Review,One-on-One,2025-11-14 09:30,2025-11-14 10:30,2025-11-14 08:45,2025-11-14 09:45,2025-11-14 09:30,2025-11-14 09:45,15.0,partial overlap,Low,Test Lab,Training Room
CONF_1119,P016,Deployment,Team Building,2025-11-05 13:41,2025-11-05 14:34,2025-11-05 13:30,2025-11-05 14:00,2025-11-05 13:41,2025-11-05 14:00,19.0,partial overlap,Low,Online Meeting,Remote
CONF_1120,P016,Client Visit,One-on-One,2025-11-08 15:49,2025-11-08 16:17,2025-11-08 15:30,2025-11-08 16:00,2025-11-08 15:49,2025-11-08 16:00,11.0,partial overlap,Low,Remote,Demo Hall
CONF_1121,P016,Design Review,Team Building,2025-11-06 14:29,2025-11-06 14:50,2025-11-06 14:15,2025-11-06 15:00,2025-11-06 14:29,2025-11-06 14:50,21.0,full overlap,Low,Office Area 2,Test Lab
CONF_1122,P016,Deployment,Code Review,2025-11-09 13:34,2025-11-09 14:01,2025-11-09 13:15,2025-11-09 14:00,2025-11-09 13:34,2025-11-09 14:00,26.0,partial overlap,Low,Training Room,Test Lab
CONF_1123,P016,Brainstorming,Requirements Analysis,2025-11-08 09:23,2025-11-08 10:12,2025-11-08 09:30,2025-11-08 10:00,2025-11-08 09:30,2025-11-08 10:00,30.0,full overlap,Medium,Online Meeting,Demo Hall
CONF_1124,P016,Brainstorming,One-on-One,2025-11-08 09:23,2025-11-08 10:12,2025-11-08 09:00,2025-11-08 09:30,2025-11-08 09:23,2025-11-08 09:30,7.0,partial overlap,Low,Online Meeting,Client Reception
CONF_1125,P016,Project Discussion,Design Review,2025-11-06 15:22,2025-11-06 16:04,2025-11-06 15:15,2025-11-06 15:45,2025-11-06 15:22,2025-11-06 15:45,23.0,partial overlap,Low,Conference Room B,Conference Room A
CONF_1126,P016,Code Review,Testing Acceptance,2025-11-10 13:21,2025-11-10 13:48,2025-11-10 13:00,2025-11-10 13:30,2025-11-10 13:21,2025-11-10 13:30,9.0,partial overlap,Low,Product Showcase,Break Room
CONF_1127,P016,Design Review,One-on-One,2025-11-08 15:37,2025-11-08 16:07,2025-11-08 15:30,2025-11-08 16:00,2025-11-08 15:37,2025-11-08 16:00,23.0,partial overlap,Low,Conference Room A,Demo Hall
CONF_1128,P016,Design Review,Client Visit,2025-11-08 15:37,2025-11-08 16:07,2025-11-08 15:49,2025-11-08 16:17,2025-11-08 15:49,2025-11-08 16:07,18.0,partial overlap,Low,Conference Room A,Remote
CONF_1129,P016,Project Discussion,Brainstorming,2025-11-09 09:52,2025-11-09 10:51,2025-11-09 09:45,2025-11-09 10:30,2025-11-09 09:52,2025-11-09 10:30,38.0,partial overlap,Medium,Office Area 1,Office Area 2
CONF_1130,P016,Project Discussion,One-on-One,2025-11-09 09:52,2025-11-09 10:51,2025-11-09 09:30,2025-11-09 10:30,2025-11-09 09:52,2025-11-09 10:30,38.0,partial overlap,Medium,Office Area 1,Client Reception
CONF_1131,P016,Brainstorming,Design Review,2025-11-08 16:02,2025-11-08 16:37,2025-11-08 15:37,2025-11-08 16:07,2025-11-08 16:02,2025-11-08 16:07,5.0,partial overlap,Low,Product Showcase,Conference Room A
CONF_1132,P016,Brainstorming,Client Visit,2025-11-08 16:02,2025-11-08 16:37,2025-11-08 15:49,2025-11-08 16:17,2025-11-08 16:02,2025-11-08 16:17,15.0,partial overlap,Low,Product Showcase,Remote
CONF_1133,P016,Requirements Analysis,Code Review,2025-11-05 10:41,2025-11-05 11:02,2025-11-05 10:00,2025-11-05 10:45,2025-11-05 10:41,2025-11-05 10:45,4.0,partial overlap,Low,Product Showcase,Cafe
CONF_1134,P016,Requirements Analysis,Meeting,2025-11-05 10:41,2025-11-05 11:02,2025-11-05 10:15,2025-11-05 10:45,2025-11-05 10:41,2025-11-05 10:45,4.0,partial overlap,Low,Product Showcase,Demo Hall
CONF_1135,P016,Requirements Analysis,Deployment,2025-11-14 16:00,2025-11-14 16:30,2025-11-14 16:00,2025-11-14 16:15,2025-11-14 16:00,2025-11-14 16:15,15.0,full overlap,Low,Product Showcase,Product Showcase
CONF_1136,P016,Project Discussion,Code Review,2025-11-18 10:15,2025-11-18 10:30,2025-11-18 10:00,2025-11-18 10:45,2025-11-18 10:15,2025-11-18 10:30,15.0,full overlap,Low,Conference Room A,Test Lab
CONF_1137,P016,Requirements Analysis,Client Visit,2025-11-16 12:00,2025-11-16 12:45,2025-11-16 12:15,2025-11-16 13:00,2025-11-16 12:15,2025-11-16 12:45,30.0,partial overlap,Medium,Online Meeting,Client Reception
CONF_1138,P016,Testing Acceptance,Requirements Analysis,2025-11-19 09:00,2025-11-19 09:15,2025-11-19 09:00,2025-11-19 09:15,2025-11-19 09:00,2025-11-19 09:15,15.0,full overlap,Low,Office Area 2,Remote
CONF_1139,P016,Training,Brainstorming,2025-11-18 12:30,2025-11-18 12:45,2025-11-18 12:15,2025-11-18 12:45,2025-11-18 12:30,2025-11-18 12:45,15.0,full overlap,Low,Office Area 2,Test Lab
CONF_1140,P016,Deployment,Training,2025-11-17 18:00,2025-11-17 18:34,2025-11-17 18:15,2025-11-17 18:30,2025-11-17 18:15,2025-11-17 18:30,15.0,full overlap,Low,R&D Center,R&D Center
CONF_1141,P016,Testing Acceptance,Product Demo,2025-11-23 17:00,2025-11-23 17:40,2025-11-23 17:13,2025-11-23 17:42,2025-11-23 17:13,2025-11-23 17:40,27.0,partial overlap,Low,Office Area 1,Product Showcase
CONF_1142,P016,Brainstorming,One-on-One,2025-11-20 13:39,2025-11-20 14:21,2025-11-20 13:15,2025-11-20 13:45,2025-11-20 13:39,2025-11-20 13:45,6.0,partial overlap,Low,Training Room,Test Lab
CONF_1143,P017,Meeting,Requirements Analysis,2025-10-14 08:39,2025-10-14 09:23,2025-10-14 08:15,2025-10-14 09:00,2025-10-14 08:39,2025-10-14 09:00,21.0,partial overlap,Low,Client Reception,Product Showcase
CONF_1144,P017,Client Visit,Brainstorming,2025-10-05 08:35,2025-10-05 08:50,2025-10-05 08:15,2025-10-05 09:00,2025-10-05 08:35,2025-10-05 08:50,15.0,full overlap,Low,Break Room,Conference Room B
CONF_1145,P017,Brainstorming,Product Demo,2025-10-18 10:30,2025-10-18 11:15,2025-10-18 10:15,2025-10-18 11:15,2025-10-18 10:30,2025-10-18 11:15,45.0,full overlap,Medium,Test Lab,Product Showcase
CONF_1146,P017,Operations Check,Client Visit,2025-10-14 16:00,2025-10-14 17:00,2025-10-14 16:30,2025-10-14 17:30,2025-10-14 16:30,2025-10-14 17:00,30.0,partial overlap,Medium,Conference Room C,Remote
CONF_1147,P017,Deployment,Team Building,2025-10-14 12:45,2025-10-14 13:15,2025-10-14 11:45,2025-10-14 13:15,2025-10-14 12:45,2025-10-14 13:15,30.0,full overlap,Medium,Cafe,Conference Room A
CONF_1148,P017,Operations Check,Code Review,2025-10-20 15:30,2025-10-20 16:00,2025-10-20 15:15,2025-10-20 15:45,2025-10-20 15:30,2025-10-20 15:45,15.0,partial overlap,Low,Demo Hall,R&D Center
CONF_1149,P017,Testing Acceptance,Testing Acceptance,2025-10-20 09:30,2025-10-20 10:00,2025-10-20 09:45,2025-10-20 10:15,2025-10-20 09:45,2025-10-20 10:00,15.0,partial overlap,Low,Demo Hall,Online Meeting
CONF_1150,P017,Client Visit,One-on-One,2025-10-12 18:02,2025-10-12 18:59,2025-10-12 17:45,2025-10-12 18:15,2025-10-12 18:02,2025-10-12 18:15,13.0,partial overlap,Low,Client Reception,Cafe
CONF_1151,P017,Operations Check,Deployment,2025-10-20 18:25,2025-10-20 19:13,2025-10-20 18:15,2025-10-20 19:00,2025-10-20 18:25,2025-10-20 19:00,35.0,partial overlap,Medium,Training Room,Conference Room A
CONF_1152,P017,Client Visit,Meeting,2025-10-11 14:11,2025-10-11 14:58,2025-10-11 13:45,2025-10-11 14:30,2025-10-11 14:11,2025-10-11 14:30,19.0,partial overlap,Low,Remote,Office Area 2
CONF_1153,P017,Brainstorming,One-on-One,2025-10-21 10:31,2025-10-21 11:24,2025-10-21 10:15,2025-10-21 11:00,2025-10-21 10:31,2025-10-21 11:00,29.0,partial overlap,Low,Remote,Online Meeting
CONF_1154,P017,Design Review,Product Demo,2025-10-20 16:51,2025-10-20 17:42,2025-10-20 16:30,2025-10-20 17:30,2025-10-20 16:51,2025-10-20 17:30,39.0,partial overlap,Medium,R&D Center,Test Lab
CONF_1155,P017,Design Review,One-on-One,2025-10-12 17:58,2025-10-12 18:36,2025-10-12 17:45,2025-10-12 18:15,2025-10-12 17:58,2025-10-12 18:15,17.0,partial overlap,Low,Conference Room B,Cafe
CONF_1156,P017,Design Review,Client Visit,2025-10-12 17:58,2025-10-12 18:36,2025-10-12 18:02,2025-10-12 18:59,2025-10-12 18:02,2025-10-12 18:36,34.0,partial overlap,Medium,Conference Room B,Client Reception
CONF_1157,P017,Brainstorming,Brainstorming,2025-10-18 10:41,2025-10-18 11:39,2025-10-18 10:30,2025-10-18 11:15,2025-10-18 10:41,2025-10-18 11:15,34.0,partial overlap,Medium,Remote,Test Lab
CONF_1158,P017,Brainstorming,Product Demo,2025-10-18 10:41,2025-10-18 11:39,2025-10-18 10:15,2025-10-18 11:15,2025-10-18 10:41,2025-10-18 11:15,34.0,partial overlap,Medium,Remote,Product Showcase
CONF_1159,P017,Meeting,Project Discussion,2025-10-27 08:45,2025-10-27 09:15,2025-10-27 08:30,2025-10-27 09:00,2025-10-27 08:45,2025-10-27 09:00,15.0,partial overlap,Low,Conference Room C,Client Reception
CONF_1160,P017,Team Building,One-on-One,2025-10-22 09:00,2025-10-22 09:15,2025-10-22 08:30,2025-10-22 09:15,2025-10-22 09:00,2025-10-22 09:15,15.0,full overlap,Low,Remote,Online Meeting
CONF_1161,P017,Code Review,Project Discussion,2025-10-27 08:45,2025-10-27 09:30,2025-10-27 08:30,2025-10-27 09:00,2025-10-27 08:45,2025-10-27 09:00,15.0,partial overlap,Low,Break Room,Client Reception
CONF_1162,P017,Code Review,Meeting,2025-10-27 08:45,2025-10-27 09:30,2025-10-27 08:45,2025-10-27 09:15,2025-10-27 08:45,2025-10-27 09:15,30.0,full overlap,Medium,Break Room,Conference Room C
CONF_1163,P017,Tech Sharing,Deployment,2025-10-28 10:45,2025-10-28 11:30,2025-10-28 11:15,2025-10-28 11:30,2025-10-28 11:15,2025-10-28 11:30,15.0,full overlap,Low,Office Area 1,Break Room
CONF_1164,P017,One-on-One,Tech Sharing,2025-10-26 16:45,2025-10-26 17:30,2025-10-26 17:00,2025-10-26 17:15,2025-10-26 17:00,2025-10-26 17:15,15.0,full overlap,Low,Product Showcase,Demo Hall
CONF_1165,P017,Code Review,Meeting,2025-10-25 11:45,2025-10-25 12:30,2025-10-25 11:15,2025-10-25 12:00,2025-10-25 11:45,2025-10-25 12:00,15.0,partial overlap,Low,Client Reception,Office Area 2
CONF_1166,P017,Product Demo,Meeting,2025-10-29 18:30,2025-10-29 19:15,2025-10-29 18:45,2025-10-29 19:30,2025-10-29 18:45,2025-10-29 19:15,30.0,partial overlap,Medium,Cafe,Remote
CONF_1167,P017,Client Visit,Testing Acceptance,2025-10-31 16:57,2025-10-31 17:32,2025-10-31 16:45,2025-10-31 17:30,2025-10-31 16:57,2025-10-31 17:30,33.0,partial overlap,Medium,Conference Room A,Client Reception
CONF_1168,P017,Client Visit,One-on-One,2025-10-28 09:53,2025-10-28 10:16,2025-10-28 09:45,2025-10-28 10:15,2025-10-28 09:53,2025-10-28 10:15,22.0,partial overlap,Low,Conference Room C,R&D Center
CONF_1169,P017,Client Visit,Team Building,2025-10-28 09:53,2025-10-28 10:16,2025-10-28 10:15,2025-10-28 10:30,2025-10-28 10:15,2025-10-28 10:16,1.0,partial overlap,Low,Conference Room C,Office Area 1
CONF_1170,P017,Deployment,Training,2025-10-30 13:19,2025-10-30 13:52,2025-10-30 13:00,2025-10-30 13:30,2025-10-30 13:19,2025-10-30 13:30,11.0,partial overlap,Low,Office Area 1,Conference Room B
CONF_1171,P017,Tech Sharing,One-on-One,2025-10-24 17:32,2025-10-24 18:29,2025-10-24 17:15,2025-10-24 18:00,2025-10-24 17:32,2025-10-24 18:00,28.0,partial overlap,Low,Demo Hall,Office Area 1
CONF_1172,P017,Tech Sharing,Client Visit,2025-10-23 10:33,2025-10-23 10:56,2025-10-23 10:15,2025-10-23 11:00,2025-10-23 10:33,2025-10-23 10:56,23.0,full overlap,Low,Product Showcase,Test Lab
CONF_1173,P017,Meeting,Client Visit,2025-11-05 18:15,2025-11-05 19:45,2025-11-05 17:45,2025-11-05 18:30,2025-11-05 18:15,2025-11-05 18:30,15.0,partial overlap,Low,Online Meeting,Online Meeting
CONF_1174,P017,Operations Check,Design Review,2025-11-03 15:45,2025-11-03 16:15,2025-11-03 14:45,2025-11-03 16:15,2025-11-03 15:45,2025-11-03 16:15,30.0,full overlap,Medium,Test Lab,Break Room
CONF_1175,P017,Tech Sharing,Brainstorming,2025-10-29 09:56,2025-10-29 10:53,2025-10-29 09:45,2025-10-29 10:45,2025-10-29 09:56,2025-10-29 10:45,49.0,partial overlap,Medium,Online Meeting,Test Lab
CONF_1176,P017,Project Discussion,Deployment,2025-10-29 15:10,2025-10-29 15:44,2025-10-29 15:00,2025-10-29 15:30,2025-10-29 15:10,2025-10-29 15:30,20.0,partial overlap,Low,Training Room,Break Room
CONF_1177,P017,Operations Check,Testing Acceptance,2025-11-02 18:30,2025-11-02 19:27,2025-11-02 18:15,2025-11-02 19:15,2025-11-02 18:30,2025-11-02 19:15,45.0,partial overlap,Medium,Remote,Training Room
CONF_1178,P017,Deployment,Project Discussion,2025-11-06 11:45,2025-11-06 12:15,2025-11-06 11:15,2025-11-06 12:15,2025-11-06 11:45,2025-11-06 12:15,30.0,full overlap,Medium,Office Area 1,R&D Center
CONF_1179,P017,Requirements Analysis,Training,2025-11-11 13:30,2025-11-11 14:15,2025-11-11 14:00,2025-11-11 14:45,2025-11-11 14:00,2025-11-11 14:15,15.0,partial overlap,Low,Conference Room B,Product Showcase
CONF_1180,P017,Product Demo,Product Demo,2025-11-08 11:30,2025-11-08 12:00,2025-11-08 11:15,2025-11-08 12:15,2025-11-08 11:30,2025-11-08 12:00,30.0,full overlap,Medium,R&D Center,Demo Hall
CONF_1181,P017,Meeting,Training,2025-11-11 13:15,2025-11-11 14:15,2025-11-11 14:00,2025-11-11 14:45,2025-11-11 14:00,2025-11-11 14:15,15.0,partial overlap,Low,Conference Room C,Product Showcase
CONF_1182,P017,Meeting,Requirements Analysis,2025-11-11 13:15,2025-11-11 14:15,2025-11-11 13:30,2025-11-11 14:15,2025-11-11 13:30,2025-11-11 14:15,45.0,full overlap,Medium,Conference Room C,Conference Room B
CONF_1183,P017,Code Review,Product Demo,2025-11-09 15:16,2025-11-09 15:40,2025-11-09 15:00,2025-11-09 16:00,2025-11-09 15:16,2025-11-09 15:40,24.0,full overlap,Low,Test Lab,Test Lab
CONF_1184,P017,Requirements Analysis,Product Demo,2025-11-10 17:35,2025-11-10 18:09,2025-11-10 17:15,2025-11-10 18:00,2025-11-10 17:35,2025-11-10 18:00,25.0,partial overlap,Low,Break Room,R&D Center
CONF_1185,P017,One-on-One,Testing Acceptance,2025-11-10 14:40,2025-11-10 15:11,2025-11-10 14:30,2025-11-10 15:00,2025-11-10 14:40,2025-11-10 15:00,20.0,partial overlap,Low,Office Area 2,Demo Hall
CONF_1186,P017,Tech Sharing,Testing Acceptance,2025-11-14 12:33,2025-11-14 12:58,2025-11-14 12:15,2025-11-14 13:15,2025-11-14 12:33,2025-11-14 12:58,25.0,full overlap,Low,Remote,Conference Room A
CONF_1187,P017,Training,Design Review,2025-11-16 16:04,2025-11-16 16:23,2025-11-16 15:45,2025-11-16 16:30,2025-11-16 16:04,2025-11-16 16:23,19.0,full overlap,Low,Product Showcase,Demo Hall
CONF_1188,P017,Tech Sharing,Tech Sharing,2025-11-13 10:05,2025-11-13 10:59,2025-11-13 10:45,2025-11-13 11:15,2025-11-13 10:45,2025-11-13 10:59,14.0,partial overlap,Low,Cafe,Conference Room C
CONF_1189,P017,Tech Sharing,Code Review,2025-11-13 10:05,2025-11-13 10:59,2025-11-13 10:00,2025-11-13 10:30,2025-11-13 10:05,2025-11-13 10:30,25.0,partial overlap,Low,Cafe,Cafe
CONF_1190,P017,Tech Sharing,Product Demo,2025-11-09 15:35,2025-11-09 15:55,2025-11-09 15:00,2025-11-09 16:00,2025-11-09 15:35,2025-11-09 15:55,20.0,full overlap,Low,R&D Center,Test Lab
CONF_1191,P017,Tech Sharing,Code Review,2025-11-09 15:35,2025-11-09 15:55,2025-11-09 15:16,2025-11-09 15:40,2025-11-09 15:35,2025-11-09 15:40,5.0,partial overlap,Low,R&D Center,Test Lab
CONF_1192,P017,Operations Check,Tech Sharing,2025-11-13 10:16,2025-11-13 11:09,2025-11-13 10:45,2025-11-13 11:15,2025-11-13 10:45,2025-11-13 11:09,24.0,partial overlap,Low,Conference Room C,Conference Room C
CONF_1193,P017,Operations Check,Tech Sharing,2025-11-13 10:16,2025-11-13 11:09,2025-11-13 10:05,2025-11-13 10:59,2025-11-13 10:16,2025-11-13 10:59,43.0,partial overlap,Medium,Conference Room C,Cafe
CONF_1194,P017,Operations Check,Code Review,2025-11-13 10:16,2025-11-13 11:09,2025-11-13 10:00,2025-11-13 10:30,2025-11-13 10:16,2025-11-13 10:30,14.0,partial overlap,Low,Conference Room C,Cafe
CONF_1195,P017,Testing Acceptance,One-on-One,2025-11-10 14:46,2025-11-10 15:20,2025-11-10 14:40,2025-11-10 15:11,2025-11-10 14:46,2025-11-10 15:11,25.0,partial overlap,Low,Test Lab,Office Area 2
CONF_1196,P017,Testing Acceptance,Testing Acceptance,2025-11-10 14:46,2025-11-10 15:20,2025-11-10 15:15,2025-11-10 16:00,2025-11-10 15:15,2025-11-10 15:20,5.0,partial overlap,Low,Test Lab,Product Showcase
CONF_1197,P017,Testing Acceptance,Testing Acceptance,2025-11-10 14:46,2025-11-10 15:20,2025-11-10 14:30,2025-11-10 15:00,2025-11-10 14:46,2025-11-10 15:00,14.0,partial overlap,Low,Test Lab,Demo Hall
CONF_1198,P017,Brainstorming,Tech Sharing,2025-11-15 09:24,2025-11-15 09:49,2025-11-15 09:00,2025-11-15 10:00,2025-11-15 09:24,2025-11-15 09:49,25.0,full overlap,Low,Online Meeting,Test Lab
CONF_1199,P017,Testing Acceptance,Tech Sharing,2025-11-13 11:04,2025-11-13 11:29,2025-11-13 10:45,2025-11-13 11:15,2025-11-13 11:04,2025-11-13 11:15,11.0,partial overlap,Low,Demo Hall,Conference Room C
CONF_1200,P017,Testing Acceptance,Operations Check,2025-11-13 11:04,2025-11-13 11:29,2025-11-13 10:16,2025-11-13 11:09,2025-11-13 11:04,2025-11-13 11:09,5.0,partial overlap,Low,Demo Hall,Conference Room C
CONF_1201,P017,Meeting,Meeting,2025-11-13 09:13,2025-11-13 10:12,2025-11-13 09:00,2025-11-13 09:30,2025-11-13 09:13,2025-11-13 09:30,17.0,partial overlap,Low,Office Area 1,Client Reception
CONF_1202,P017,Meeting,Tech Sharing,2025-11-13 09:13,2025-11-13 10:12,2025-11-13 10:05,2025-11-13 10:59,2025-11-13 10:05,2025-11-13 10:12,7.0,partial overlap,Low,Office Area 1,Cafe
CONF_1203,P017,Meeting,Code Review,2025-11-13 09:13,2025-11-13 10:12,2025-11-13 10:00,2025-11-13 10:30,2025-11-13 10:00,2025-11-13 10:12,12.0,partial overlap,Low,Office Area 1,Cafe
CONF_1204,P017,Design Review,Operations Check,2025-11-20 12:00,2025-11-20 12:30,2025-11-20 11:45,2025-11-20 12:15,2025-11-20 12:00,2025-11-20 12:15,15.0,partial overlap,Low,Cafe,Conference Room A
CONF_1205,P017,Brainstorming,Project Discussion,2025-11-18 09:00,2025-11-18 09:45,2025-11-18 09:30,2025-11-18 10:15,2025-11-18 09:30,2025-11-18 09:45,15.0,partial overlap,Low,Test Lab,Conference Room A
CONF_1206,P017,Product Demo,Tech Sharing,2025-11-14 12:15,2025-11-14 12:45,2025-11-14 12:33,2025-11-14 12:58,2025-11-14 12:33,2025-11-14 12:45,12.0,partial overlap,Low,Office Area 1,Remote
CONF_1207,P017,Product Demo,Testing Acceptance,2025-11-14 12:15,2025-11-14 12:45,2025-11-14 12:15,2025-11-14 13:15,2025-11-14 12:15,2025-11-14 12:45,30.0,full overlap,Medium,Office Area 1,Conference Room A
CONF_1208,P017,Training,Tech Sharing,2025-11-15 09:30,2025-11-15 10:15,2025-11-15 09:00,2025-11-15 10:00,2025-11-15 09:30,2025-11-15 10:00,30.0,partial overlap,Medium,Test Lab,Test Lab
CONF_1209,P017,Training,Brainstorming,2025-11-15 09:30,2025-11-15 10:15,2025-11-15 09:24,2025-11-15 09:49,2025-11-15 09:30,2025-11-15 09:49,19.0,partial overlap,Low,Test Lab,Online Meeting
CONF_1210,P017,Requirements Analysis,Operations Check,2025-11-20 11:30,2025-11-20 12:15,2025-11-20 11:45,2025-11-20 12:15,2025-11-20 11:45,2025-11-20 12:15,30.0,full overlap,Medium,Training Room,Conference Room A
CONF_1211,P017,Requirements Analysis,Design Review,2025-11-20 11:30,2025-11-20 12:15,2025-11-20 12:00,2025-11-20 12:30,2025-11-20 12:00,2025-11-20 12:15,15.0,partial overlap,Low,Training Room,Cafe
CONF_1212,P017,Requirements Analysis,Code Review,2025-11-17 14:45,2025-11-17 15:00,2025-11-17 14:30,2025-11-17 15:00,2025-11-17 14:45,2025-11-17 15:00,15.0,full overlap,Low,Cafe,Demo Hall
CONF_1213,P017,Product Demo,Training,2025-11-20 15:45,2025-11-20 16:30,2025-11-20 15:15,2025-11-20 16:00,2025-11-20 15:45,2025-11-20 16:00,15.0,partial overlap,Low,Demo Hall,Product Showcase
CONF_1214,P017,One-on-One,Deployment,2025-11-20 16:45,2025-11-20 17:00,2025-11-20 16:30,2025-11-20 17:15,2025-11-20 16:45,2025-11-20 17:00,15.0,full overlap,Low,Online Meeting,Training Room
CONF_1215,P017,One-on-One,Tech Sharing,2025-11-18 12:25,2025-11-18 13:08,2025-11-18 12:00,2025-11-18 12:30,2025-11-18 12:25,2025-11-18 12:30,5.0,partial overlap,Low,Conference Room C,Conference Room A
CONF_1216,P017,Product Demo,One-on-One,2025-11-20 16:56,2025-11-20 17:45,2025-11-20 16:45,2025-11-20 17:00,2025-11-20 16:56,2025-11-20 17:00,4.0,partial overlap,Low,Product Showcase,Online Meeting
CONF_1217,P017,Product Demo,Deployment,2025-11-20 16:56,2025-11-20 17:45,2025-11-20 16:30,2025-11-20 17:15,2025-11-20 16:56,2025-11-20 17:15,19.0,partial overlap,Low,Product Showcase,Training Room
CONF_1218,P017,Deployment,Tech Sharing,2025-11-21 08:40,2025-11-21 09:18,2025-11-21 08:15,2025-11-21 08:45,2025-11-21 08:40,2025-11-21 08:45,5.0,partial overlap,Low,Remote,Office Area 2
CONF_1219,P017,Client Visit,Brainstorming,2025-11-18 15:47,2025-11-18 16:18,2025-11-18 15:30,2025-11-18 16:15,2025-11-18 15:47,2025-11-18 16:15,28.0,partial overlap,Low,Remote,Test Lab
CONF_1220,P017,Deployment,Testing Acceptance,2025-11-17 14:57,2025-11-17 15:43,2025-11-17 15:15,2025-11-17 15:30,2025-11-17 15:15,2025-11-17 15:30,15.0,full overlap,Low,Cafe,Online Meeting
CONF_1221,P017,Deployment,Code Review,2025-11-17 14:57,2025-11-17 15:43,2025-11-17 14:30,2025-11-17 15:00,2025-11-17 14:57,2025-11-17 15:00,3.0,partial overlap,Low,Cafe,Demo Hall
CONF_1222,P017,Deployment,Requirements Analysis,2025-11-17 14:57,2025-11-17 15:43,2025-11-17 14:45,2025-11-17 15:00,2025-11-17 14:57,2025-11-17 15:00,3.0,partial overlap,Low,Cafe,Cafe
CONF_1223,P017,Product Demo,Testing Acceptance,2025-11-17 15:08,2025-11-17 15:30,2025-11-17 15:15,2025-11-17 15:30,2025-11-17 15:15,2025-11-17 15:30,15.0,full overlap,Low,Cafe,Online Meeting
CONF_1224,P017,Product Demo,Deployment,2025-11-17 15:08,2025-11-17 15:30,2025-11-17 14:57,2025-11-17 15:43,2025-11-17 15:08,2025-11-17 15:30,22.0,full overlap,Low,Cafe,Cafe
CONF_1225,P018,Testing Acceptance,Deployment,2025-10-09 13:55,2025-10-09 14:22,2025-10-09 13:30,2025-10-09 14:30,2025-10-09 13:55,2025-10-09 14:22,27.0,full overlap,Low,Conference Room B,Online Meeting
CONF_1226,P018,Deployment,Testing Acceptance,2025-10-11 12:08,2025-10-11 12:49,2025-10-11 11:45,2025-10-11 12:45,2025-10-11 12:08,2025-10-11 12:45,37.0,partial overlap,Medium,Test Lab,Conference Room C
CONF_1227,P018,Tech Sharing,Client Visit,2025-10-11 08:29,2025-10-11 09:11,2025-10-11 08:00,2025-10-11 09:00,2025-10-11 08:29,2025-10-11 09:00,31.0,partial overlap,Medium,Office Area 2,Remote
CONF_1228,P018,Deployment,Deployment,2025-10-09 13:46,2025-10-09 14:15,2025-10-09 13:30,2025-10-09 14:30,2025-10-09 13:46,2025-10-09 14:15,29.0,full overlap,Low,R&D Center,Online Meeting
CONF_1229,P018,Deployment,Testing Acceptance,2025-10-09 13:46,2025-10-09 14:15,2025-10-09 13:55,2025-10-09 14:22,2025-10-09 13:55,2025-10-09 14:15,20.0,partial overlap,Low,R&D Center,Conference Room B
CONF_1230,P018,Team Building,Code Review,2025-10-14 13:30,2025-10-14 14:00,2025-10-14 13:45,2025-10-14 14:30,2025-10-14 13:45,2025-10-14 14:00,15.0,partial overlap,Low,Demo Hall,Office Area 2
CONF_1231,P018,Code Review,Product Demo,2025-10-12 17:15,2025-10-12 17:45,2025-10-12 17:15,2025-10-12 18:45,2025-10-12 17:15,2025-10-12 17:45,30.0,full overlap,Medium,Demo Hall,Conference Room B
CONF_1232,P018,Deployment,Operations Check,2025-10-18 14:00,2025-10-18 15:00,2025-10-18 13:30,2025-10-18 14:30,2025-10-18 14:00,2025-10-18 14:30,30.0,partial overlap,Medium,R&D Center,Conference Room B
CONF_1233,P018,Meeting,Design Review,2025-10-19 13:19,2025-10-19 14:07,2025-10-19 13:00,2025-10-19 14:00,2025-10-19 13:19,2025-10-19 14:00,41.0,partial overlap,Medium,R&D Center,Office Area 1
CONF_1234,P018,Training,Testing Acceptance,2025-10-17 13:08,2025-10-17 13:38,2025-10-17 13:00,2025-10-17 13:30,2025-10-17 13:08,2025-10-17 13:30,22.0,partial overlap,Low,Conference Room C,Demo Hall
CONF_1235,P018,Deployment,Meeting,2025-10-19 13:43,2025-10-19 14:42,2025-10-19 13:19,2025-10-19 14:07,2025-10-19 13:43,2025-10-19 14:07,24.0,partial overlap,Low,Conference Room B,R&D Center
CONF_1236,P018,Deployment,Design Review,2025-10-19 13:43,2025-10-19 14:42,2025-10-19 13:00,2025-10-19 14:00,2025-10-19 13:43,2025-10-19 14:00,17.0,partial overlap,Low,Conference Room B,Office Area 1
CONF_1237,P018,Code Review,Deployment,2025-10-22 08:30,2025-10-22 09:00,2025-10-22 08:30,2025-10-22 09:00,2025-10-22 08:30,2025-10-22 09:00,30.0,full overlap,Medium,Demo Hall,Demo Hall
CONF_1238,P018,Training,One-on-One,2025-10-23 13:00,2025-10-23 13:45,2025-10-23 12:30,2025-10-23 13:30,2025-10-23 13:00,2025-10-23 13:30,30.0,partial overlap,Medium,Remote,Product Showcase
CONF_1239,P018,Design Review,Product Demo,2025-10-21 11:45,2025-10-21 12:15,2025-10-21 11:30,2025-10-21 12:00,2025-10-21 11:45,2025-10-21 12:00,15.0,partial overlap,Low,R&D Center,Break Room
CONF_1240,P018,Operations Check,Design Review,2025-10-21 10:00,2025-10-21 10:30,2025-10-21 10:15,2025-10-21 11:15,2025-10-21 10:15,2025-10-21 10:30,15.0,partial overlap,Low,Conference Room B,Conference Room A
CONF_1241,P018,Client Visit,Training,2025-10-23 13:15,2025-10-23 13:45,2025-10-23 13:00,2025-10-23 13:45,2025-10-23 13:15,2025-10-23 13:45,30.0,full overlap,Medium,Office Area 2,Remote
CONF_1242,P018,Client Visit,One-on-One,2025-10-23 13:15,2025-10-23 13:45,2025-10-23 12:30,2025-10-23 13:30,2025-10-23 13:15,2025-10-23 13:30,15.0,partial overlap,Low,Office Area 2,Product Showcase
CONF_1243,P018,Client Visit,Training,2025-10-23 13:15,2025-10-23 13:30,2025-10-23 13:00,2025-10-23 13:45,2025-10-23 13:15,2025-10-23 13:30,15.0,full overlap,Low,Client Reception,Remote
CONF_1244,P018,Client Visit,Client Visit,2025-10-23 13:15,2025-10-23 13:30,2025-10-23 13:15,2025-10-23 13:45,2025-10-23 13:15,2025-10-23 13:30,15.0,full overlap,Low,Client Reception,Office Area 2
CONF_1245,P018,Client Visit,One-on-One,2025-10-23 13:15,2025-10-23 13:30,2025-10-23 12:30,2025-10-23 13:30,2025-10-23 13:15,2025-10-23 13:30,15.0,full overlap,Low,Client Reception,Product Showcase
CONF_1246,P018,Project Discussion,Client Visit,2025-10-26 12:00,2025-10-26 12:30,2025-10-26 11:45,2025-10-26 12:15,2025-10-26 12:00,2025-10-26 12:15,15.0,partial overlap,Low,Conference Room A,Test Lab
CONF_1247,P018,Testing Acceptance,One-on-One,2025-10-24 08:00,2025-10-24 08:15,2025-10-24 08:00,2025-10-24 08:45,2025-10-24 08:00,2025-10-24 08:15,15.0,full overlap,Low,Product Showcase,Office Area 2
CONF_1248,P018,Brainstorming,Project Discussion,2025-10-28 12:15,2025-10-28 12:30,2025-10-28 12:15,2025-10-28 12:30,2025-10-28 12:15,2025-10-28 12:30,15.0,full overlap,Low,Office Area 2,Cafe
CONF_1249,P018,Operations Check,Project Discussion,2025-10-26 11:30,2025-10-26 12:15,2025-10-26 12:00,2025-10-26 12:30,2025-10-26 12:00,2025-10-26 12:15,15.0,partial overlap,Low,Conference Room C,Conference Room A
CONF_1250,P018,Operations Check,Client Visit,2025-10-26 11:30,2025-10-26 12:15,2025-10-26 11:45,2025-10-26 12:15,2025-10-26 11:45,2025-10-26 12:15,30.0,full overlap,Medium,Conference Room C,Test Lab
CONF_1251,P018,Meeting,Tech Sharing,2025-10-23 14:03,2025-10-23 14:21,2025-10-23 13:45,2025-10-23 14:15,2025-10-23 14:03,2025-10-23 14:15,12.0,partial overlap,Low,Conference Room A,Training Room
CONF_1252,P018,Operations Check,Code Review,2025-10-28 16:50,2025-10-28 17:14,2025-10-28 16:30,2025-10-28 17:00,2025-10-28 16:50,2025-10-28 17:00,10.0,partial overlap,Low,Test Lab,Demo Hall
CONF_1253,P018,Brainstorming,Meeting,2025-10-23 13:57,2025-10-23 14:45,2025-10-23 14:03,2025-10-23 14:21,2025-10-23 14:03,2025-10-23 14:21,18.0,full overlap,Low,Client Reception,Conference Room A
CONF_1254,P018,Brainstorming,Tech Sharing,2025-10-23 13:57,2025-10-23 14:45,2025-10-23 13:45,2025-10-23 14:15,2025-10-23 13:57,2025-10-23 14:15,18.0,partial overlap,Low,Client Reception,Training Room
CONF_1255,P018,Product Demo,Meeting,2025-10-27 13:54,2025-10-27 14:21,2025-10-27 13:45,2025-10-27 14:30,2025-10-27 13:54,2025-10-27 14:21,27.0,full overlap,Low,Test Lab,Remote
CONF_1256,P018,Meeting,Requirements Analysis,2025-10-24 12:36,2025-10-24 13:36,2025-10-24 12:45,2025-10-24 13:15,2025-10-24 12:45,2025-10-24 13:15,30.0,full overlap,Medium,Product Showcase,Cafe
CONF_1257,P018,Meeting,Deployment,2025-10-24 12:36,2025-10-24 13:36,2025-10-24 13:15,2025-10-24 14:00,2025-10-24 13:15,2025-10-24 13:36,21.0,partial overlap,Low,Product Showcase,Conference Room C
CONF_1258,P018,Meeting,Code Review,2025-10-24 12:36,2025-10-24 13:36,2025-10-24 12:30,2025-10-24 12:45,2025-10-24 12:36,2025-10-24 12:45,9.0,partial overlap,Low,Product Showcase,Demo Hall
CONF_1259,P018,Project Discussion,Operations Check,2025-10-26 11:37,2025-10-26 12:21,2025-10-26 11:30,2025-10-26 12:15,2025-10-26 11:37,2025-10-26 12:15,38.0,partial overlap,Medium,Online Meeting,Conference Room C
CONF_1260,P018,Project Discussion,Project Discussion,2025-10-26 11:37,2025-10-26 12:21,2025-10-26 12:00,2025-10-26 12:30,2025-10-26 12:00,2025-10-26 12:21,21.0,partial overlap,Low,Online Meeting,Conference Room A
CONF_1261,P018,Project Discussion,Client Visit,2025-10-26 11:37,2025-10-26 12:21,2025-10-26 11:45,2025-10-26 12:15,2025-10-26 11:45,2025-10-26 12:15,30.0,full overlap,Medium,Online Meeting,Test Lab
CONF_1262,P018,Deployment,Project Discussion,2025-11-02 11:00,2025-11-02 11:15,2025-11-02 10:30,2025-11-02 11:30,2025-11-02 11:00,2025-11-02 11:15,15.0,full overlap,Low,Conference Room B,Conference Room C
CONF_1263,P018,Project Discussion,Meeting,2025-11-05 15:53,2025-11-05 16:46,2025-11-05 15:30,2025-11-05 16:30,2025-11-05 15:53,2025-11-05 16:30,37.0,partial overlap,Medium,Test Lab,Online Meeting
CONF_1264,P018,Training,Meeting,2025-11-11 16:00,2025-11-11 16:45,2025-11-11 16:15,2025-11-11 17:00,2025-11-11 16:15,2025-11-11 16:45,30.0,partial overlap,Medium,Client Reception,Training Room
CONF_1265,P018,One-on-One,Testing Acceptance,2025-11-16 14:54,2025-11-16 15:25,2025-11-16 14:30,2025-11-16 15:15,2025-11-16 14:54,2025-11-16 15:15,21.0,partial overlap,Low,Client Reception,Test Lab
CONF_1266,P018,Client Visit,Testing Acceptance,2025-11-16 14:30,2025-11-16 15:15,2025-11-16 14:30,2025-11-16 15:15,2025-11-16 14:30,2025-11-16 15:15,45.0,full overlap,Medium,Training Room,Test Lab
CONF_1267,P018,Client Visit,One-on-One,2025-11-16 14:30,2025-11-16 15:15,2025-11-16 14:54,2025-11-16 15:25,2025-11-16 14:54,2025-11-16 15:15,21.0,partial overlap,Low,Training Room,Client Reception
CONF_1268,P018,Meeting,Tech Sharing,2025-11-15 17:00,2025-11-15 17:15,2025-11-15 16:45,2025-11-15 17:30,2025-11-15 17:00,2025-11-15 17:15,15.0,full overlap,Low,Product Showcase,Office Area 2
CONF_1269,P018,Project Discussion,Design Review,2025-11-17 13:15,2025-11-17 14:00,2025-11-17 13:30,2025-11-17 14:15,2025-11-17 13:30,2025-11-17 14:00,30.0,partial overlap,Medium,Cafe,R&D Center
CONF_1270,P018,Brainstorming,Product Demo,2025-11-18 14:45,2025-11-18 15:30,2025-11-18 15:15,2025-11-18 16:00,2025-11-18 15:15,2025-11-18 15:30,15.0,partial overlap,Low,Conference Room A,Break Room
CONF_1271,P018,Meeting,Testing Acceptance,2025-11-16 14:45,2025-11-16 15:30,2025-11-16 14:30,2025-11-16 15:15,2025-11-16 14:45,2025-11-16 15:15,30.0,partial overlap,Medium,Product Showcase,Test Lab
CONF_1272,P018,Meeting,One-on-One,2025-11-16 14:45,2025-11-16 15:30,2025-11-16 14:54,2025-11-16 15:25,2025-11-16 14:54,2025-11-16 15:25,31.0,full overlap,Medium,Product Showcase,Client Reception
CONF_1273,P018,Meeting,Client Visit,2025-11-16 14:45,2025-11-16 15:30,2025-11-16 14:30,2025-11-16 15:15,2025-11-16 14:45,2025-11-16 15:15,30.0,partial overlap,Medium,Product Showcase,Training Room
CONF_1274,P018,Code Review,Brainstorming,2025-11-18 14:45,2025-11-18 15:15,2025-11-18 14:45,2025-11-18 15:30,2025-11-18 14:45,2025-11-18 15:15,30.0,full overlap,Medium,Online Meeting,Conference Room A
CONF_1275,P018,Training,Team Building,2025-11-22 11:45,2025-11-22 12:15,2025-11-22 12:00,2025-11-22 12:15,2025-11-22 12:00,2025-11-22 12:15,15.0,full overlap,Low,Online Meeting,Conference Room C
CONF_1276,P018,Code Review,Requirements Analysis,2025-11-16 18:00,2025-11-16 18:30,2025-11-16 17:45,2025-11-16 18:45,2025-11-16 18:00,2025-11-16 18:30,30.0,full overlap,Medium,Conference Room B,Online Meeting
CONF_1277,P018,Design Review,Product Demo,2025-11-19 11:30,2025-11-19 12:00,2025-11-19 11:15,2025-11-19 11:45,2025-11-19 11:30,2025-11-19 11:45,15.0,partial overlap,Low,Conference Room B,Conference Room A
CONF_1278,P018,Brainstorming,Design Review,2025-11-19 11:45,2025-11-19 12:30,2025-11-19 11:30,2025-11-19 12:00,2025-11-19 11:45,2025-11-19 12:00,15.0,partial overlap,Low,Product Showcase,Conference Room B
CONF_1279,P018,Testing Acceptance,Client Visit,2025-11-20 18:45,2025-11-20 19:30,2025-11-20 18:45,2025-11-20 19:15,2025-11-20 18:45,2025-11-20 19:15,30.0,full overlap,Medium,Conference Room A,Conference Room C
CONF_1280,P018,Requirements Analysis,Tech Sharing,2025-11-19 18:22,2025-11-19 19:15,2025-11-19 18:00,2025-11-19 18:45,2025-11-19 18:22,2025-11-19 18:45,23.0,partial overlap,Low,Office Area 1,Office Area 2
CONF_1281,P018,Tech Sharing,Testing Acceptance,2025-11-16 14:58,2025-11-16 15:35,2025-11-16 14:30,2025-11-16 15:15,2025-11-16 14:58,2025-11-16 15:15,17.0,partial overlap,Low,Conference Room C,Test Lab
CONF_1282,P018,Tech Sharing,One-on-One,2025-11-16 14:58,2025-11-16 15:35,2025-11-16 14:54,2025-11-16 15:25,2025-11-16 14:58,2025-11-16 15:25,27.0,partial overlap,Low,Conference Room C,Client Reception
CONF_1283,P018,Tech Sharing,Meeting,2025-11-16 14:58,2025-11-16 15:35,2025-11-16 14:45,2025-11-16 15:30,2025-11-16 14:58,2025-11-16 15:30,32.0,partial overlap,Medium,Conference Room C,Product Showcase
CONF_1284,P018,Tech Sharing,Client Visit,2025-11-16 14:58,2025-11-16 15:35,2025-11-16 14:30,2025-11-16 15:15,2025-11-16 14:58,2025-11-16 15:15,17.0,partial overlap,Low,Conference Room C,Training Room
CONF_1285,P018,Deployment,Design Review,2025-11-17 13:25,2025-11-17 13:58,2025-11-17 13:30,2025-11-17 14:15,2025-11-17 13:30,2025-11-17 13:58,28.0,partial overlap,Low,Product Showcase,R&D Center
CONF_1286,P018,Deployment,Project Discussion,2025-11-17 13:25,2025-11-17 13:58,2025-11-17 13:15,2025-11-17 14:00,2025-11-17 13:25,2025-11-17 13:58,33.0,full overlap,Medium,Product Showcase,Cafe
CONF_1287,P018,Tech Sharing,Product Demo,2025-11-18 14:08,2025-11-18 14:27,2025-11-18 14:00,2025-11-18 14:30,2025-11-18 14:08,2025-11-18 14:27,19.0,full overlap,Low,Demo Hall,Test Lab
CONF_1288,P018,Project Discussion,Brainstorming,2025-11-24 12:20,2025-11-24 13:05,2025-11-24 12:15,2025-11-24 12:45,2025-11-24 12:20,2025-11-24 12:45,25.0,partial overlap,Low,Office Area 1,Demo Hall
CONF_1289,P018,Tech Sharing,Design Review,2025-11-19 11:36,2025-11-19 12:07,2025-11-19 11:30,2025-11-19 12:00,2025-11-19 11:36,2025-11-19 12:00,24.0,partial overlap,Low,Conference Room C,Conference Room B
CONF_1290,P018,Tech Sharing,Brainstorming,2025-11-19 11:36,2025-11-19 12:07,2025-11-19 11:45,2025-11-19 12:30,2025-11-19 11:45,2025-11-19 12:07,22.0,partial overlap,Low,Conference Room C,Product Showcase
CONF_1291,P018,Tech Sharing,Product Demo,2025-11-19 11:36,2025-11-19 12:07,2025-11-19 11:15,2025-11-19 11:45,2025-11-19 11:36,2025-11-19 11:45,9.0,partial overlap,Low,Conference Room C,Conference Room A
CONF_1292,P018,Brainstorming,Tech Sharing,2025-11-17 19:11,2025-11-17 19:34,2025-11-17 18:45,2025-11-17 19:15,2025-11-17 19:11,2025-11-17 19:15,4.0,partial overlap,Low,R&D Center,Conference Room B
CONF_1293,P018,Project Discussion,Training,2025-11-22 12:09,2025-11-22 13:03,2025-11-22 11:45,2025-11-22 12:15,2025-11-22 12:09,2025-11-22 12:15,6.0,partial overlap,Low,Break Room,Online Meeting
CONF_1294,P018,Project Discussion,Team Building,2025-11-22 12:09,2025-11-22 13:03,2025-11-22 12:00,2025-11-22 12:15,2025-11-22 12:09,2025-11-22 12:15,6.0,partial overlap,Low,Break Room,Conference Room C
CONF_1295,P019,Design Review,Deployment,2025-10-10 15:48,2025-10-10 16:33,2025-10-10 16:00,2025-10-10 17:30,2025-10-10 16:00,2025-10-10 16:33,33.0,partial overlap,Medium,Client Reception,Cafe
CONF_1296,P019,Design Review,Training,2025-10-10 15:48,2025-10-10 16:33,2025-10-10 15:30,2025-10-10 16:00,2025-10-10 15:48,2025-10-10 16:00,12.0,partial overlap,Low,Client Reception,Test Lab
CONF_1297,P019,Requirements Analysis,Design Review,2025-10-10 16:05,2025-10-10 16:44,2025-10-10 15:48,2025-10-10 16:33,2025-10-10 16:05,2025-10-10 16:33,28.0,partial overlap,Low,Conference Room C,Client Reception
CONF_1298,P019,Requirements Analysis,Deployment,2025-10-10 16:05,2025-10-10 16:44,2025-10-10 16:00,2025-10-10 17:30,2025-10-10 16:05,2025-10-10 16:44,39.0,full overlap,Medium,Conference Room C,Cafe
CONF_1299,P019,Requirements Analysis,Design Review,2025-10-10 16:30,2025-10-10 17:27,2025-10-10 15:48,2025-10-10 16:33,2025-10-10 16:30,2025-10-10 16:33,3.0,partial overlap,Low,Cafe,Client Reception
CONF_1300,P019,Requirements Analysis,Requirements Analysis,2025-10-10 16:30,2025-10-10 17:27,2025-10-10 16:05,2025-10-10 16:44,2025-10-10 16:30,2025-10-10 16:44,14.0,partial overlap,Low,Cafe,Conference Room C
CONF_1301,P019,Requirements Analysis,Deployment,2025-10-10 16:30,2025-10-10 17:27,2025-10-10 16:00,2025-10-10 17:30,2025-10-10 16:30,2025-10-10 17:27,57.0,full overlap,Medium,Cafe,Cafe
CONF_1302,P019,Product Demo,Requirements Analysis,2025-10-10 16:34,2025-10-10 17:00,2025-10-10 16:30,2025-10-10 17:27,2025-10-10 16:34,2025-10-10 17:00,26.0,full overlap,Low,Conference Room A,Cafe
CONF_1303,P019,Product Demo,Requirements Analysis,2025-10-10 16:34,2025-10-10 17:00,2025-10-10 16:05,2025-10-10 16:44,2025-10-10 16:34,2025-10-10 16:44,10.0,partial overlap,Low,Conference Room A,Conference Room C
CONF_1304,P019,Product Demo,Deployment,2025-10-10 16:34,2025-10-10 17:00,2025-10-10 16:00,2025-10-10 17:30,2025-10-10 16:34,2025-10-10 17:00,26.0,full overlap,Low,Conference Room A,Cafe
CONF_1305,P019,Design Review,One-on-One,2025-10-12 12:15,2025-10-12 13:15,2025-10-12 12:00,2025-10-12 13:30,2025-10-12 12:15,2025-10-12 13:15,60.0,full overlap,High,Client Reception,Online Meeting
CONF_1306,P019,Client Visit,Testing Acceptance,2025-10-16 13:00,2025-10-16 13:45,2025-10-16 12:15,2025-10-16 13:45,2025-10-16 13:00,2025-10-16 13:45,45.0,full overlap,Medium,Office Area 1,Office Area 1
CONF_1307,P019,One-on-One,Requirements Analysis,2025-10-18 18:15,2025-10-18 19:00,2025-10-18 18:15,2025-10-18 18:45,2025-10-18 18:15,2025-10-18 18:45,30.0,full overlap,Medium,Online Meeting,Training Room
CONF_1308,P019,Deployment,Deployment,2025-10-20 10:45,2025-10-20 11:30,2025-10-20 11:15,2025-10-20 12:00,2025-10-20 11:15,2025-10-20 11:30,15.0,partial overlap,Low,Demo Hall,Break Room
CONF_1309,P019,Project Discussion,Design Review,2025-10-17 14:15,2025-10-17 15:00,2025-10-17 14:30,2025-10-17 15:15,2025-10-17 14:30,2025-10-17 15:00,30.0,partial overlap,Medium,Conference Room A,Conference Room B
CONF_1310,P019,Design Review,Deployment,2025-10-20 11:45,2025-10-20 12:31,2025-10-20 11:15,2025-10-20 12:00,2025-10-20 11:45,2025-10-20 12:00,15.0,partial overlap,Low,Break Room,Break Room
CONF_1311,P019,Design Review,Product Demo,2025-10-23 18:03,2025-10-23 18:41,2025-10-23 17:45,2025-10-23 18:30,2025-10-23 18:03,2025-10-23 18:30,27.0,partial overlap,Low,Conference Room C,Break Room
CONF_1312,P019,Training,Client Visit,2025-10-17 18:55,2025-10-17 19:50,2025-10-17 18:30,2025-10-17 19:30,2025-10-17 18:55,2025-10-17 19:30,35.0,partial overlap,Medium,R&D Center,Office Area 2
CONF_1313,P019,Tech Sharing,Testing Acceptance,2025-10-17 09:55,2025-10-17 10:10,2025-10-17 09:45,2025-10-17 10:30,2025-10-17 09:55,2025-10-17 10:10,15.0,full overlap,Low,Remote,Online Meeting
CONF_1314,P019,Tech Sharing,Tech Sharing,2025-10-17 08:37,2025-10-17 09:29,2025-10-17 08:15,2025-10-17 08:45,2025-10-17 08:37,2025-10-17 08:45,8.0,partial overlap,Low,Break Room,Office Area 2
CONF_1315,P019,Design Review,Design Review,2025-10-20 11:45,2025-10-20 12:15,2025-10-20 11:45,2025-10-20 12:31,2025-10-20 11:45,2025-10-20 12:15,30.0,full overlap,Medium,Product Showcase,Break Room
CONF_1316,P019,Design Review,Deployment,2025-10-20 11:45,2025-10-20 12:15,2025-10-20 11:15,2025-10-20 12:00,2025-10-20 11:45,2025-10-20 12:00,15.0,partial overlap,Low,Product Showcase,Break Room
CONF_1317,P019,Training,One-on-One,2025-10-20 17:30,2025-10-20 18:15,2025-10-20 16:45,2025-10-20 17:45,2025-10-20 17:30,2025-10-20 17:45,15.0,partial overlap,Low,Conference Room B,Product Showcase
CONF_1318,P019,Code Review,Product Demo,2025-10-23 17:30,2025-10-23 18:15,2025-10-23 17:45,2025-10-23 18:30,2025-10-23 17:45,2025-10-23 18:15,30.0,partial overlap,Medium,Cafe,Break Room
CONF_1319,P019,Code Review,Design Review,2025-10-23 17:30,2025-10-23 18:15,2025-10-23 18:03,2025-10-23 18:41,2025-10-23 18:03,2025-10-23 18:15,12.0,partial overlap,Low,Cafe,Conference Room C
CONF_1320,P019,One-on-One,Code Review,2025-10-23 17:30,2025-10-23 18:00,2025-10-23 17:30,2025-10-23 18:15,2025-10-23 17:30,2025-10-23 18:00,30.0,full overlap,Medium,Conference Room C,Cafe
CONF_1321,P019,One-on-One,Product Demo,2025-10-23 17:30,2025-10-23 18:00,2025-10-23 17:45,2025-10-23 18:30,2025-10-23 17:45,2025-10-23 18:00,15.0,partial overlap,Low,Conference Room C,Break Room
CONF_1322,P019,Team Building,Product Demo,2025-10-26 11:30,2025-10-26 12:15,2025-10-26 12:00,2025-10-26 12:45,2025-10-26 12:00,2025-10-26 12:15,15.0,partial overlap,Low,Demo Hall,Break Room
CONF_1323,P019,Product Demo,Design Review,2025-10-28 11:00,2025-10-28 11:45,2025-10-28 11:00,2025-10-28 11:15,2025-10-28 11:00,2025-10-28 11:15,15.0,full overlap,Low,Cafe,Conference Room B
CONF_1324,P019,Team Building,Product Demo,2025-10-28 11:15,2025-10-28 11:30,2025-10-28 11:00,2025-10-28 11:45,2025-10-28 11:15,2025-10-28 11:30,15.0,full overlap,Low,Test Lab,Cafe
CONF_1325,P019,Brainstorming,Client Visit,2025-10-27 14:30,2025-10-27 15:15,2025-10-27 14:15,2025-10-27 14:45,2025-10-27 14:30,2025-10-27 14:45,15.0,partial overlap,Low,Conference Room B,Demo Hall
CONF_1326,P019,Operations Check,Tech Sharing,2025-10-24 10:45,2025-10-24 11:15,2025-10-24 10:45,2025-10-24 11:00,2025-10-24 10:45,2025-10-24 11:00,15.0,full overlap,Low,Test Lab,Cafe
CONF_1327,P019,Meeting,Testing Acceptance,2025-10-30 08:47,2025-10-30 09:12,2025-10-30 08:30,2025-10-30 09:00,2025-10-30 08:47,2025-10-30 09:00,13.0,partial overlap,Low,Conference Room A,Remote
CONF_1328,P019,Training,Brainstorming,2025-10-27 14:45,2025-10-27 15:29,2025-10-27 14:30,2025-10-27 15:15,2025-10-27 14:45,2025-10-27 15:15,30.0,partial overlap,Medium,Conference Room C,Conference Room B
CONF_1329,P019,Product Demo,Client Visit,2025-10-29 13:45,2025-10-29 14:16,2025-10-29 14:00,2025-10-29 14:30,2025-10-29 14:00,2025-10-29 14:16,16.0,partial overlap,Low,Product Showcase,Remote
CONF_1330,P019,One-on-One,Training,2025-10-27 14:56,2025-10-27 15:12,2025-10-27 14:45,2025-10-27 15:29,2025-10-27 14:56,2025-10-27 15:12,16.0,full overlap,Low,Training Room,Conference Room C
CONF_1331,P019,One-on-One,Brainstorming,2025-10-27 14:56,2025-10-27 15:12,2025-10-27 14:30,2025-10-27 15:15,2025-10-27 14:56,2025-10-27 15:12,16.0,full overlap,Low,Training Room,Conference Room B
CONF_1332,P019,Product Demo,Training,2025-10-23 11:05,2025-10-23 11:35,2025-10-23 11:00,2025-10-23 11:30,2025-10-23 11:05,2025-10-23 11:30,25.0,partial overlap,Low,Remote,Remote
CONF_1333,P019,Client Visit,Design Review,2025-10-28 10:45,2025-10-28 11:30,2025-10-28 11:00,2025-10-28 11:15,2025-10-28 11:00,2025-10-28 11:15,15.0,full overlap,Low,Conference Room C,Conference Room B
CONF_1334,P019,Client Visit,Product Demo,2025-10-28 10:45,2025-10-28 11:30,2025-10-28 11:00,2025-10-28 11:45,2025-10-28 11:00,2025-10-28 11:30,30.0,partial overlap,Medium,Conference Room C,Cafe
CONF_1335,P019,Client Visit,Team Building,2025-10-28 10:45,2025-10-28 11:30,2025-10-28 11:15,2025-10-28 11:30,2025-10-28 11:15,2025-10-28 11:30,15.0,full overlap,Low,Conference Room C,Test Lab
CONF_1336,P019,Code Review,Client Visit,2025-11-07 14:25,2025-11-07 14:53,2025-11-07 14:00,2025-11-07 14:30,2025-11-07 14:25,2025-11-07 14:30,5.0,partial overlap,Low,Client Reception,Client Reception
CONF_1337,P019,Client Visit,Brainstorming,2025-11-06 09:45,2025-11-06 10:45,2025-11-06 09:00,2025-11-06 10:00,2025-11-06 09:45,2025-11-06 10:00,15.0,partial overlap,Low,Online Meeting,Product Showcase
CONF_1338,P019,Meeting,Meeting,2025-11-07 11:30,2025-11-07 12:30,2025-11-07 12:15,2025-11-07 13:00,2025-11-07 12:15,2025-11-07 12:30,15.0,partial overlap,Low,Office Area 2,Product Showcase
CONF_1339,P019,One-on-One,Deployment,2025-11-11 15:30,2025-11-11 16:00,2025-11-11 14:45,2025-11-11 15:45,2025-11-11 15:30,2025-11-11 15:45,15.0,partial overlap,Low,Demo Hall,R&D Center
CONF_1340,P019,Client Visit,Operations Check,2025-11-07 15:30,2025-11-07 15:50,2025-11-07 15:15,2025-11-07 15:45,2025-11-07 15:30,2025-11-07 15:45,15.0,partial overlap,Low,Office Area 1,Office Area 1
CONF_1341,P019,Design Review,Testing Acceptance,2025-11-05 13:29,2025-11-05 13:56,2025-11-05 13:00,2025-11-05 14:00,2025-11-05 13:29,2025-11-05 13:56,27.0,full overlap,Low,Office Area 2,R&D Center
CONF_1342,P019,Team Building,Deployment,2025-11-08 18:27,2025-11-08 19:25,2025-11-08 18:00,2025-11-08 19:00,2025-11-08 18:27,2025-11-08 19:00,33.0,partial overlap,Medium,Cafe,Conference Room B
CONF_1343,P019,Client Visit,Tech Sharing,2025-11-09 14:28,2025-11-09 15:18,2025-11-09 14:15,2025-11-09 14:45,2025-11-09 14:28,2025-11-09 14:45,17.0,partial overlap,Low,Client Reception,Cafe
CONF_1344,P019,Brainstorming,Client Visit,2025-11-07 15:20,2025-11-07 15:56,2025-11-07 15:30,2025-11-07 15:50,2025-11-07 15:30,2025-11-07 15:50,20.0,full overlap,Low,Test Lab,Office Area 1
CONF_1345,P019,Brainstorming,Operations Check,2025-11-07 15:20,2025-11-07 15:56,2025-11-07 15:15,2025-11-07 15:45,2025-11-07 15:20,2025-11-07 15:45,25.0,partial overlap,Low,Test Lab,Office Area 1
CONF_1346,P019,One-on-One,Operations Check,2025-11-11 18:24,2025-11-11 18:48,2025-11-11 18:15,2025-11-11 19:00,2025-11-11 18:24,2025-11-11 18:48,24.0,full overlap,Low,Office Area 2,Conference Room C
CONF_1347,P019,Meeting,Project Discussion,2025-11-11 08:38,2025-11-11 09:19,2025-11-11 08:30,2025-11-11 09:30,2025-11-11 08:38,2025-11-11 09:19,41.0,full overlap,Medium,Remote,Online Meeting
CONF_1348,P019,Meeting,Code Review,2025-11-14 18:15,2025-11-14 19:00,2025-11-14 18:45,2025-11-14 19:45,2025-11-14 18:45,2025-11-14 19:00,15.0,partial overlap,Low,Product Showcase,Break Room
CONF_1349,P019,Client Visit,Code Review,2025-11-14 09:00,2025-11-14 09:45,2025-11-14 08:30,2025-11-14 09:30,2025-11-14 09:00,2025-11-14 09:30,30.0,partial overlap,Medium,Office Area 2,Break Room
CONF_1350,P019,One-on-One,Meeting,2025-11-16 09:30,2025-11-16 10:15,2025-11-16 09:15,2025-11-16 10:00,2025-11-16 09:30,2025-11-16 10:00,30.0,partial overlap,Medium,Break Room,Conference Room C
CONF_1351,P019,Client Visit,Design Review,2025-11-15 10:45,2025-11-15 11:30,2025-11-15 11:15,2025-11-15 12:00,2025-11-15 11:15,2025-11-15 11:30,15.0,partial overlap,Low,Cafe,Office Area 1
CONF_1352,P019,Tech Sharing,One-on-One,2025-11-16 09:30,2025-11-16 10:00,2025-11-16 09:30,2025-11-16 10:15,2025-11-16 09:30,2025-11-16 10:00,30.0,full overlap,Medium,Training Room,Break Room
CONF_1353,P019,Tech Sharing,Meeting,2025-11-16 09:30,2025-11-16 10:00,2025-11-16 09:15,2025-11-16 10:00,2025-11-16 09:30,2025-11-16 10:00,30.0,full overlap,Medium,Training Room,Conference Room C
CONF_1354,P019,Meeting,Training,2025-11-22 13:00,2025-11-22 13:45,2025-11-22 13:15,2025-11-22 13:30,2025-11-22 13:15,2025-11-22 13:30,15.0,full overlap,Low,Conference Room C,Demo Hall
CONF_1355,P019,One-on-One,Training,2025-11-22 13:00,2025-11-22 13:45,2025-11-22 13:15,2025-11-22 13:30,2025-11-22 13:15,2025-11-22 13:30,15.0,full overlap,Low,Conference Room A,Demo Hall
CONF_1356,P019,One-on-One,Meeting,2025-11-22 13:00,2025-11-22 13:45,2025-11-22 13:00,2025-11-22 13:45,2025-11-22 13:00,2025-11-22 13:45,45.0,full overlap,Medium,Conference Room A,Conference Room C
CONF_1357,P019,Brainstorming,Training,2025-11-21 10:08,2025-11-21 11:03,2025-11-21 10:00,2025-11-21 10:45,2025-11-21 10:08,2025-11-21 10:45,37.0,partial overlap,Medium,Client Reception,Office Area 1
CONF_1358,P019,Code Review,One-on-One,2025-11-16 10:00,2025-11-16 10:28,2025-11-16 09:30,2025-11-16 10:15,2025-11-16 10:00,2025-11-16 10:15,15.0,partial overlap,Low,Test Lab,Break Room
CONF_1359,P019,Training,Code Review,2025-11-14 18:25,2025-11-14 19:01,2025-11-14 18:45,2025-11-14 19:45,2025-11-14 18:45,2025-11-14 19:01,16.0,partial overlap,Low,Demo Hall,Break Room
CONF_1360,P019,Training,Meeting,2025-11-14 18:25,2025-11-14 19:01,2025-11-14 18:15,2025-11-14 19:00,2025-11-14 18:25,2025-11-14 19:00,35.0,partial overlap,Medium,Demo Hall,Product Showcase
CONF_1361,P019,Code Review,Training,2025-11-19 09:39,2025-11-19 09:57,2025-11-19 09:30,2025-11-19 10:00,2025-11-19 09:39,2025-11-19 09:57,18.0,full overlap,Low,R&D Center,Office Area 2
CONF_1362,P019,Testing Acceptance,Code Review,2025-11-14 09:28,2025-11-14 10:27,2025-11-14 08:30,2025-11-14 09:30,2025-11-14 09:28,2025-11-14 09:30,2.0,partial overlap,Low,Office Area 1,Break Room
CONF_1363,P019,Testing Acceptance,Client Visit,2025-11-14 09:28,2025-11-14 10:27,2025-11-14 09:00,2025-11-14 09:45,2025-11-14 09:28,2025-11-14 09:45,17.0,partial overlap,Low,Office Area 1,Office Area 2
CONF_1364,P020,Requirements Analysis,Testing Acceptance,2025-10-10 08:45,2025-10-10 09:30,2025-10-10 08:30,2025-10-10 09:00,2025-10-10 08:45,2025-10-10 09:00,15.0,partial overlap,Low,Remote,R&D Center
CONF_1365,P020,Brainstorming,Requirements Analysis,2025-10-16 17:47,2025-10-16 18:13,2025-10-16 17:30,2025-10-16 18:00,2025-10-16 17:47,2025-10-16 18:00,13.0,partial overlap,Low,Cafe,Office Area 1
CONF_1366,P020,Tech Sharing,Tech Sharing,2025-10-09 09:20,2025-10-09 09:41,2025-10-09 09:00,2025-10-09 10:00,2025-10-09 09:20,2025-10-09 09:41,21.0,full overlap,Low,Office Area 1,Client Reception
CONF_1367,P020,Testing Acceptance,Team Building,2025-10-14 10:30,2025-10-14 11:00,2025-10-14 10:30,2025-10-14 11:30,2025-10-14 10:30,2025-10-14 11:00,30.0,full overlap,Medium,Conference Room A,Product Showcase
CONF_1368,P020,Deployment,Requirements Analysis,2025-10-16 17:15,2025-10-16 17:45,2025-10-16 17:30,2025-10-16 18:00,2025-10-16 17:30,2025-10-16 17:45,15.0,partial overlap,Low,Break Room,Office Area 1
CONF_1369,P020,Meeting,Brainstorming,2025-10-20 11:15,2025-10-20 12:15,2025-10-20 12:00,2025-10-20 12:45,2025-10-20 12:00,2025-10-20 12:15,15.0,partial overlap,Low,Conference Room C,Conference Room C
CONF_1370,P020,Client Visit,Client Visit,2025-10-19 11:45,2025-10-19 12:45,2025-10-19 11:30,2025-10-19 12:15,2025-10-19 11:45,2025-10-19 12:15,30.0,partial overlap,Medium,Conference Room C,Client Reception
CONF_1371,P020,Brainstorming,Requirements Analysis,2025-10-16 18:37,2025-10-16 19:32,2025-10-16 18:15,2025-10-16 19:15,2025-10-16 18:37,2025-10-16 19:15,38.0,partial overlap,Medium,Conference Room A,Conference Room B
CONF_1372,P020,Design Review,Team Building,2025-10-19 15:40,2025-10-19 15:58,2025-10-19 15:15,2025-10-19 16:00,2025-10-19 15:40,2025-10-19 15:58,18.0,full overlap,Low,Demo Hall,Online Meeting
CONF_1373,P020,Requirements Analysis,Code Review,2025-10-19 19:03,2025-10-19 19:32,2025-10-19 18:45,2025-10-19 19:30,2025-10-19 19:03,2025-10-19 19:30,27.0,partial overlap,Low,Conference Room B,Conference Room B
CONF_1374,P020,Tech Sharing,Requirements Analysis,2025-10-16 18:29,2025-10-16 19:25,2025-10-16 18:15,2025-10-16 19:15,2025-10-16 18:29,2025-10-16 19:15,46.0,partial overlap,Medium,Online Meeting,Conference Room B
CONF_1375,P020,Tech Sharing,Brainstorming,2025-10-16 18:29,2025-10-16 19:25,2025-10-16 18:37,2025-10-16 19:32,2025-10-16 18:37,2025-10-16 19:25,48.0,partial overlap,Medium,Online Meeting,Conference Room A
CONF_1376,P020,Code Review,Product Demo,2025-10-12 15:49,2025-10-12 16:47,2025-10-12 15:30,2025-10-12 16:15,2025-10-12 15:49,2025-10-12 16:15,26.0,partial overlap,Low,Cafe,Demo Hall
CONF_1377,P020,Design Review,Deployment,2025-10-12 10:58,2025-10-12 11:50,2025-10-12 10:45,2025-10-12 11:45,2025-10-12 10:58,2025-10-12 11:45,47.0,partial overlap,Medium,Break Room,Conference Room B
CONF_1378,P020,Training,Design Review,2025-10-27 09:00,2025-10-27 09:30,2025-10-27 09:00,2025-10-27 09:30,2025-10-27 09:00,2025-10-27 09:30,30.0,full overlap,Medium,Demo Hall,Conference Room B
CONF_1379,P020,Tech Sharing,One-on-One,2025-10-24 15:00,2025-10-24 15:45,2025-10-24 15:30,2025-10-24 15:45,2025-10-24 15:30,2025-10-24 15:45,15.0,full overlap,Low,Test Lab,Product Showcase
CONF_1380,P020,Team Building,Testing Acceptance,2025-10-28 18:45,2025-10-28 19:15,2025-10-28 18:45,2025-10-28 19:30,2025-10-28 18:45,2025-10-28 19:15,30.0,full overlap,Medium,Break Room,Online Meeting
CONF_1381,P020,Client Visit,Deployment,2025-10-28 09:00,2025-10-28 09:15,2025-10-28 08:30,2025-10-28 09:15,2025-10-28 09:00,2025-10-28 09:15,15.0,full overlap,Low,Demo Hall,Test Lab
CONF_1382,P020,Meeting,Code Review,2025-10-28 17:00,2025-10-28 17:15,2025-10-28 16:30,2025-10-28 17:15,2025-10-28 17:00,2025-10-28 17:15,15.0,full overlap,Low,Training Room,Training Room
CONF_1383,P020,Requirements Analysis,Testing Acceptance,2025-10-26 09:45,2025-10-26 10:15,2025-10-26 09:45,2025-10-26 10:00,2025-10-26 09:45,2025-10-26 10:00,15.0,full overlap,Low,Break Room,Remote
CONF_1384,P020,Testing Acceptance,Training,2025-10-29 13:15,2025-10-29 13:45,2025-10-29 13:00,2025-10-29 13:30,2025-10-29 13:15,2025-10-29 13:30,15.0,partial overlap,Low,Online Meeting,Office Area 1
CONF_1385,P020,One-on-One,Team Building,2025-10-29 11:45,2025-10-29 12:30,2025-10-29 11:30,2025-10-29 12:00,2025-10-29 11:45,2025-10-29 12:00,15.0,partial overlap,Low,Demo Hall,Client Reception
CONF_1386,P020,Deployment,Client Visit,2025-10-29 16:37,2025-10-29 17:29,2025-10-29 16:30,2025-10-29 17:15,2025-10-29 16:37,2025-10-29 17:15,38.0,partial overlap,Medium,Demo Hall,Client Reception
CONF_1387,P020,Deployment,Testing Acceptance,2025-10-28 19:11,2025-10-28 19:37,2025-10-28 18:45,2025-10-28 19:30,2025-10-28 19:11,2025-10-28 19:30,19.0,partial overlap,Low,Training Room,Online Meeting
CONF_1388,P020,Deployment,Team Building,2025-10-28 19:11,2025-10-28 19:37,2025-10-28 18:45,2025-10-28 19:15,2025-10-28 19:11,2025-10-28 19:15,4.0,partial overlap,Low,Training Room,Break Room
CONF_1389,P020,Tech Sharing,Testing Acceptance,2025-10-29 13:30,2025-10-29 15:00,2025-10-29 13:15,2025-10-29 13:45,2025-10-29 13:30,2025-10-29 13:45,15.0,partial overlap,Low,Test Lab,Online Meeting
CONF_1390,P020,Training,Design Review,2025-11-01 17:15,2025-11-01 18:00,2025-11-01 16:30,2025-11-01 18:00,2025-11-01 17:15,2025-11-01 18:00,45.0,full overlap,Medium,Conference Room B,Conference Room B
CONF_1391,P020,Code Review,Training,2025-11-01 17:41,2025-11-01 18:41,2025-11-01 17:15,2025-11-01 18:00,2025-11-01 17:41,2025-11-01 18:00,19.0,partial overlap,Low,Client Reception,Conference Room B
CONF_1392,P020,Code Review,Design Review,2025-11-01 17:41,2025-11-01 18:41,2025-11-01 16:30,2025-11-01 18:00,2025-11-01 17:41,2025-11-01 18:00,19.0,partial overlap,Low,Client Reception,Conference Room B
CONF_1393,P020,Operations Check,One-on-One,2025-11-07 16:18,2025-11-07 16:33,2025-11-07 16:00,2025-11-07 17:00,2025-11-07 16:18,2025-11-07 16:33,15.0,full overlap,Low,Break Room,Online Meeting
CONF_1394,P020,Operations Check,Testing Acceptance,2025-11-04 18:54,2025-11-04 19:27,2025-11-04 18:45,2025-11-04 19:30,2025-11-04 18:54,2025-11-04 19:27,33.0,full overlap,Medium,Cafe,Conference Room C
CONF_1395,P020,Training,Tech Sharing,2025-11-11 12:00,2025-11-11 12:45,2025-11-11 11:30,2025-11-11 12:15,2025-11-11 12:00,2025-11-11 12:15,15.0,partial overlap,Low,Conference Room C,Training Room
CONF_1396,P020,Operations Check,Tech Sharing,2025-11-09 13:15,2025-11-09 14:15,2025-11-09 13:00,2025-11-09 13:45,2025-11-09 13:15,2025-11-09 13:45,30.0,partial overlap,Medium,Office Area 1,Office Area 1
CONF_1397,P020,Product Demo,Training,2025-11-11 11:45,2025-11-11 12:30,2025-11-11 12:00,2025-11-11 12:45,2025-11-11 12:00,2025-11-11 12:30,30.0,partial overlap,Medium,Online Meeting,Conference Room C
CONF_1398,P020,Product Demo,Tech Sharing,2025-11-11 11:45,2025-11-11 12:30,2025-11-11 11:30,2025-11-11 12:15,2025-11-11 11:45,2025-11-11 12:15,30.0,partial overlap,Medium,Online Meeting,Training Room
CONF_1399,P020,Requirements Analysis,Training,2025-11-13 08:15,2025-11-13 09:00,2025-11-13 08:00,2025-11-13 09:00,2025-11-13 08:15,2025-11-13 09:00,45.0,full overlap,Medium,Client Reception,R&D Center
CONF_1400,P020,Deployment,Requirements Analysis,2025-11-13 08:23,2025-11-13 08:45,2025-11-13 08:15,2025-11-13 09:00,2025-11-13 08:23,2025-11-13 08:45,22.0,full overlap,Low,Conference Room B,Client Reception
CONF_1401,P020,Deployment,Training,2025-11-13 08:23,2025-11-13 08:45,2025-11-13 08:00,2025-11-13 09:00,2025-11-13 08:23,2025-11-13 08:45,22.0,full overlap,Low,Conference Room B,R&D Center
CONF_1402,P020,Testing Acceptance,Operations Check,2025-11-09 13:26,2025-11-09 13:54,2025-11-09 13:15,2025-11-09 14:15,2025-11-09 13:26,2025-11-09 13:54,28.0,full overlap,Low,R&D Center,Office Area 1
CONF_1403,P020,Testing Acceptance,Tech Sharing,2025-11-09 13:26,2025-11-09 13:54,2025-11-09 13:00,2025-11-09 13:45,2025-11-09 13:26,2025-11-09 13:45,19.0,partial overlap,Low,R&D Center,Office Area 1
CONF_1404,P020,Testing Acceptance,Product Demo,2025-11-11 12:27,2025-11-11 12:58,2025-11-11 11:45,2025-11-11 12:30,2025-11-11 12:27,2025-11-11 12:30,3.0,partial overlap,Low,Cafe,Online Meeting
CONF_1405,P020,Testing Acceptance,Training,2025-11-11 12:27,2025-11-11 12:58,2025-11-11 12:00,2025-11-11 12:45,2025-11-11 12:27,2025-11-11 12:45,18.0,partial overlap,Low,Cafe,Conference Room C
CONF_1406,P020,Testing Acceptance,Testing Acceptance,2025-11-11 17:06,2025-11-11 17:56,2025-11-11 16:45,2025-11-11 17:45,2025-11-11 17:06,2025-11-11 17:45,39.0,partial overlap,Medium,Test Lab,Cafe
CONF_1407,P020,Testing Acceptance,Client Visit,2025-11-11 17:06,2025-11-11 17:56,2025-11-11 17:45,2025-11-11 18:15,2025-11-11 17:45,2025-11-11 17:56,11.0,partial overlap,Low,Test Lab,Conference Room B
CONF_1408,P020,One-on-One,Brainstorming,2025-11-17 18:30,2025-11-17 18:45,2025-11-17 17:45,2025-11-17 18:45,2025-11-17 18:30,2025-11-17 18:45,15.0,full overlap,Low,Office Area 2,Break Room
CONF_1409,P020,Project Discussion,Deployment,2025-11-15 11:00,2025-11-15 11:30,2025-11-15 10:30,2025-11-15 11:15,2025-11-15 11:00,2025-11-15 11:15,15.0,partial overlap,Low,Test Lab,Office Area 2
CONF_1410,P020,Requirements Analysis,One-on-One,2025-11-15 08:45,2025-11-15 09:30,2025-11-15 09:15,2025-11-15 10:00,2025-11-15 09:15,2025-11-15 09:30,15.0,partial overlap,Low,Demo Hall,Training Room
CONF_1411,P020,Design Review,Operations Check,2025-11-15 16:15,2025-11-15 16:45,2025-11-15 16:30,2025-11-15 17:15,2025-11-15 16:30,2025-11-15 16:45,15.0,partial overlap,Low,Client Reception,Demo Hall
CONF_1412,P020,Code Review,Brainstorming,2025-11-17 18:00,2025-11-17 18:45,2025-11-17 17:45,2025-11-17 18:45,2025-11-17 18:00,2025-11-17 18:45,45.0,full overlap,Medium,Conference Room C,Break Room
CONF_1413,P020,Code Review,One-on-One,2025-11-17 18:00,2025-11-17 18:45,2025-11-17 18:30,2025-11-17 18:45,2025-11-17 18:30,2025-11-17 18:45,15.0,full overlap,Low,Conference Room C,Office Area 2
CONF_1414,P020,Deployment,Deployment,2025-11-20 15:45,2025-11-20 16:15,2025-11-20 15:45,2025-11-20 16:30,2025-11-20 15:45,2025-11-20 16:15,30.0,full overlap,Medium,Client Reception,R&D Center
CONF_1415,P020,Project Discussion,Tech Sharing,2025-11-19 09:14,2025-11-19 10:07,2025-11-19 09:00,2025-11-19 09:45,2025-11-19 09:14,2025-11-19 09:45,31.0,partial overlap,Medium,Break Room,Conference Room A
CONF_1416,P021,Project Discussion,Team Building,2025-11-01 10:30,2025-11-01 11:30,2025-11-01 10:15,2025-11-01 11:00,2025-11-01 10:30,2025-11-01 11:00,30.0,partial overlap,Medium,Online Meeting,R&D Center
CONF_1417,P021,Operations Check,Training,2025-11-11 18:45,2025-11-11 19:15,2025-11-11 18:45,2025-11-11 19:15,2025-11-11 18:45,2025-11-11 19:15,30.0,full overlap,Medium,Online Meeting,Office Area 2
CONF_1418,P021,One-on-One,Client Visit,2025-11-08 13:45,2025-11-08 14:30,2025-11-08 13:30,2025-11-08 14:30,2025-11-08 13:45,2025-11-08 14:30,45.0,full overlap,Medium,Product Showcase,Test Lab
CONF_1419,P021,Testing Acceptance,Design Review,2025-11-08 09:45,2025-11-08 10:45,2025-11-08 09:30,2025-11-08 10:15,2025-11-08 09:45,2025-11-08 10:15,30.0,partial overlap,Medium,Client Reception,Training Room
CONF_1420,P021,Deployment,Training,2025-11-11 18:45,2025-11-11 19:15,2025-11-11 18:45,2025-11-11 19:15,2025-11-11 18:45,2025-11-11 19:15,30.0,full overlap,Medium,Product Showcase,Office Area 2
CONF_1421,P021,Deployment,Operations Check,2025-11-11 18:45,2025-11-11 19:15,2025-11-11 18:45,2025-11-11 19:15,2025-11-11 18:45,2025-11-11 19:15,30.0,full overlap,Medium,Product Showcase,Online Meeting
CONF_1422,P021,Team Building,Deployment,2025-11-15 18:40,2025-11-15 19:32,2025-11-15 18:30,2025-11-15 19:00,2025-11-15 18:40,2025-11-15 19:00,20.0,partial overlap,Low,Break Room,Office Area 1
CONF_1423,P021,Product Demo,Operations Check,2025-11-09 11:56,2025-11-09 12:48,2025-11-09 11:30,2025-11-09 12:30,2025-11-09 11:56,2025-11-09 12:30,34.0,partial overlap,Medium,Training Room,Demo Hall
CONF_1424,P021,Tech Sharing,Product Demo,2025-11-10 10:23,2025-11-10 11:10,2025-11-10 10:00,2025-11-10 11:00,2025-11-10 10:23,2025-11-10 11:00,37.0,partial overlap,Medium,Office Area 1,Test Lab
CONF_1425,P021,Deployment,Project Discussion,2025-11-12 12:52,2025-11-12 13:14,2025-11-12 12:30,2025-11-12 13:00,2025-11-12 12:52,2025-11-12 13:00,8.0,partial overlap,Low,Office Area 1,Conference Room B
CONF_1426,P021,Client Visit,Team Building,2025-11-13 10:15,2025-11-13 11:00,2025-11-13 10:15,2025-11-13 11:15,2025-11-13 10:15,2025-11-13 11:00,45.0,full overlap,Medium,Conference Room A,Conference Room C
CONF_1427,P021,Team Building,One-on-One,2025-11-14 11:30,2025-11-14 12:00,2025-11-14 11:45,2025-11-14 12:15,2025-11-14 11:45,2025-11-14 12:00,15.0,partial overlap,Low,Conference Room C,Online Meeting
CONF_1428,P021,Design Review,One-on-One,2025-11-15 14:15,2025-11-15 14:30,2025-11-15 13:30,2025-11-15 14:30,2025-11-15 14:15,2025-11-15 14:30,15.0,full overlap,Low,Office Area 1,Demo Hall
CONF_1429,P021,Deployment,Testing Acceptance,2025-11-20 09:15,2025-11-20 10:00,2025-11-20 09:30,2025-11-20 09:45,2025-11-20 09:30,2025-11-20 09:45,15.0,full overlap,Low,Client Reception,Office Area 2
CONF_1430,P021,Meeting,One-on-One,2025-11-15 08:45,2025-11-15 09:15,2025-11-15 08:45,2025-11-15 09:15,2025-11-15 08:45,2025-11-15 09:15,30.0,full overlap,Medium,Product Showcase,Product Showcase
CONF_1431,P021,Code Review,Design Review,2025-11-22 13:25,2025-11-22 14:17,2025-11-22 13:15,2025-11-22 14:00,2025-11-22 13:25,2025-11-22 14:00,35.0,partial overlap,Medium,Remote,Test Lab
CONF_1432,P021,Training,Team Building,2025-11-13 10:37,2025-11-13 10:54,2025-11-13 10:15,2025-11-13 11:15,2025-11-13 10:37,2025-11-13 10:54,17.0,full overlap,Low,R&D Center,Conference Room C
CONF_1433,P021,Training,Client Visit,2025-11-13 10:37,2025-11-13 10:54,2025-11-13 10:15,2025-11-13 11:00,2025-11-13 10:37,2025-11-13 10:54,17.0,full overlap,Low,R&D Center,Conference Room A
CONF_1434,P021,Team Building,Training,2025-11-22 09:10,2025-11-22 09:39,2025-11-22 09:00,2025-11-22 09:30,2025-11-22 09:10,2025-11-22 09:30,20.0,partial overlap,Low,Test Lab,Demo Hall
CONF_1435,P021,Deployment,Team Building,2025-11-17 18:59,2025-11-17 19:26,2025-11-17 18:45,2025-11-17 19:15,2025-11-17 18:59,2025-11-17 19:15,16.0,partial overlap,Low,Office Area 1,Cafe
CONF_1436,P021,Client Visit,Testing Acceptance,2025-11-19 08:57,2025-11-19 09:42,2025-11-19 08:30,2025-11-19 09:15,2025-11-19 08:57,2025-11-19 09:15,18.0,partial overlap,Low,Conference Room A,Training Room
CONF_1437,P021,Client Visit,Code Review,2025-11-13 13:12,2025-11-13 13:38,2025-11-13 13:15,2025-11-13 13:45,2025-11-13 13:15,2025-11-13 13:38,23.0,partial overlap,Low,Test Lab,Office Area 1
CONF_1438,P022,One-on-One,Operations Check,2025-11-02 14:15,2025-11-02 15:45,2025-11-02 14:30,2025-11-02 15:15,2025-11-02 14:30,2025-11-02 15:15,45.0,full overlap,Medium,Conference Room C,Test Lab
CONF_1439,P022,Team Building,One-on-One,2025-11-02 15:30,2025-11-02 16:30,2025-11-02 14:15,2025-11-02 15:45,2025-11-02 15:30,2025-11-02 15:45,15.0,partial overlap,Low,Product Showcase,Conference Room C
CONF_1440,P022,Training,Team Building,2025-11-01 10:47,2025-11-01 11:31,2025-11-01 10:30,2025-11-01 11:00,2025-11-01 10:47,2025-11-01 11:00,13.0,partial overlap,Low,Test Lab,Break Room
CONF_1441,P022,Project Discussion,Testing Acceptance,2025-11-06 13:39,2025-11-06 14:25,2025-11-06 13:15,2025-11-06 14:15,2025-11-06 13:39,2025-11-06 14:15,36.0,partial overlap,Medium,Cafe,Remote
CONF_1442,P022,Operations Check,Project Discussion,2025-11-06 13:00,2025-11-06 13:45,2025-11-06 13:39,2025-11-06 14:25,2025-11-06 13:39,2025-11-06 13:45,6.0,partial overlap,Low,Break Room,Cafe
CONF_1443,P022,Operations Check,Testing Acceptance,2025-11-06 13:00,2025-11-06 13:45,2025-11-06 13:15,2025-11-06 14:15,2025-11-06 13:15,2025-11-06 13:45,30.0,partial overlap,Medium,Break Room,Remote
CONF_1444,P022,Training,Testing Acceptance,2025-11-14 13:00,2025-11-14 14:00,2025-11-14 12:30,2025-11-14 13:15,2025-11-14 13:00,2025-11-14 13:15,15.0,partial overlap,Low,Office Area 2,Office Area 1
CONF_1445,P022,Project Discussion,Training,2025-11-10 08:30,2025-11-10 09:15,2025-11-10 08:45,2025-11-10 09:30,2025-11-10 08:45,2025-11-10 09:15,30.0,partial overlap,Medium,Product Showcase,R&D Center
CONF_1446,P022,One-on-One,Code Review,2025-11-07 13:34,2025-11-07 14:27,2025-11-07 13:15,2025-11-07 13:45,2025-11-07 13:34,2025-11-07 13:45,11.0,partial overlap,Low,Remote,Online Meeting
CONF_1447,P022,Brainstorming,Project Discussion,2025-11-10 08:56,2025-11-10 09:49,2025-11-10 08:30,2025-11-10 09:15,2025-11-10 08:56,2025-11-10 09:15,19.0,partial overlap,Low,Client Reception,Product Showcase
CONF_1448,P022,Brainstorming,Training,2025-11-10 08:56,2025-11-10 09:49,2025-11-10 08:45,2025-11-10 09:30,2025-11-10 08:56,2025-11-10 09:30,34.0,partial overlap,Medium,Client Reception,R&D Center
CONF_1449,P022,Training,Client Visit,2025-11-09 14:09,2025-11-09 15:00,2025-11-09 14:00,2025-11-09 14:30,2025-11-09 14:09,2025-11-09 14:30,21.0,partial overlap,Low,Break Room,Conference Room B
CONF_1450,P022,Team Building,Team Building,2025-11-08 15:27,2025-11-08 16:17,2025-11-08 15:15,2025-11-08 16:15,2025-11-08 15:27,2025-11-08 16:15,48.0,partial overlap,Medium,Online Meeting,Training Room
CONF_1451,P022,Product Demo,Tech Sharing,2025-11-05 11:40,2025-11-05 12:11,2025-11-05 11:15,2025-11-05 12:15,2025-11-05 11:40,2025-11-05 12:11,31.0,full overlap,Medium,Remote,Cafe
CONF_1452,P022,Meeting,Requirements Analysis,2025-11-13 12:12,2025-11-13 12:45,2025-11-13 11:45,2025-11-13 12:15,2025-11-13 12:12,2025-11-13 12:15,3.0,partial overlap,Low,Online Meeting,R&D Center
CONF_1453,P022,Product Demo,Testing Acceptance,2025-11-14 12:38,2025-11-14 12:55,2025-11-14 12:30,2025-11-14 13:15,2025-11-14 12:38,2025-11-14 12:55,17.0,full overlap,Low,Remote,Office Area 1
CONF_1454,P022,Code Review,Operations Check,2025-11-12 15:15,2025-11-12 15:45,2025-11-12 14:45,2025-11-12 15:45,2025-11-12 15:15,2025-11-12 15:45,30.0,full overlap,Medium,Online Meeting,Cafe
CONF_1455,P022,Client Visit,Meeting,2025-11-14 16:45,2025-11-14 17:30,2025-11-14 16:15,2025-11-14 17:00,2025-11-14 16:45,2025-11-14 17:00,15.0,partial overlap,Low,R&D Center,Demo Hall
CONF_1456,P022,Project Discussion,Client Visit,2025-11-14 18:30,2025-11-14 19:00,2025-11-14 18:45,2025-11-14 19:15,2025-11-14 18:45,2025-11-14 19:00,15.0,partial overlap,Low,Online Meeting,Test Lab
CONF_1457,P022,One-on-One,Code Review,2025-11-17 10:30,2025-11-17 10:45,2025-11-17 10:15,2025-11-17 11:00,2025-11-17 10:30,2025-11-17 10:45,15.0,full overlap,Low,Conference Room A,Conference Room C
CONF_1458,P022,Operations Check,Design Review,2025-11-20 15:15,2025-11-20 16:00,2025-11-20 15:45,2025-11-20 16:00,2025-11-20 15:45,2025-11-20 16:00,15.0,full overlap,Low,Office Area 2,Test Lab
CONF_1459,P022,Training,Training,2025-11-20 10:45,2025-11-20 11:30,2025-11-20 10:30,2025-11-20 11:00,2025-11-20 10:45,2025-11-20 11:00,15.0,partial overlap,Low,Client Reception,Conference Room A
CONF_1460,P022,Design Review,Code Review,2025-11-12 15:35,2025-11-12 16:16,2025-11-12 15:15,2025-11-12 15:45,2025-11-12 15:35,2025-11-12 15:45,10.0,partial overlap,Low,Conference Room B,Online Meeting
CONF_1461,P022,Design Review,Operations Check,2025-11-12 15:35,2025-11-12 16:16,2025-11-12 14:45,2025-11-12 15:45,2025-11-12 15:35,2025-11-12 15:45,10.0,partial overlap,Low,Conference Room B,Cafe
CONF_1462,P022,Operations Check,Project Discussion,2025-11-19 14:12,2025-11-19 14:37,2025-11-19 14:00,2025-11-19 14:45,2025-11-19 14:12,2025-11-19 14:37,25.0,full overlap,Low,Conference Room A,Product Showcase
CONF_1463,P022,Design Review,Code Review,2025-11-18 10:52,2025-11-18 11:43,2025-11-18 10:45,2025-11-18 11:00,2025-11-18 10:52,2025-11-18 11:00,8.0,partial overlap,Low,Conference Room B,Office Area 1
CONF_1464,P022,Design Review,Meeting,2025-11-15 10:32,2025-11-15 10:55,2025-11-15 10:15,2025-11-15 10:45,2025-11-15 10:32,2025-11-15 10:45,13.0,partial overlap,Low,Conference Room B,Conference Room B
CONF_1465,P022,Brainstorming,Project Discussion,2025-11-16 12:11,2025-11-16 13:03,2025-11-16 12:30,2025-11-16 13:15,2025-11-16 12:30,2025-11-16 13:03,33.0,partial overlap,Medium,Online Meeting,Conference Room C
CONF_1466,P022,Brainstorming,Meeting,2025-11-16 12:11,2025-11-16 13:03,2025-11-16 11:45,2025-11-16 12:15,2025-11-16 12:11,2025-11-16 12:15,4.0,partial overlap,Low,Online Meeting,Demo Hall
CONF_1467,P022,Operations Check,Operations Check,2025-11-20 15:30,2025-11-20 15:59,2025-11-20 15:15,2025-11-20 16:00,2025-11-20 15:30,2025-11-20 15:59,29.0,full overlap,Low,R&D Center,Office Area 2
CONF_1468,P022,Operations Check,Design Review,2025-11-20 15:30,2025-11-20 15:59,2025-11-20 15:45,2025-11-20 16:00,2025-11-20 15:45,2025-11-20 15:59,14.0,partial overlap,Low,R&D Center,Test Lab
CONF_1469,P022,Client Visit,Team Building,2025-11-17 12:32,2025-11-17 13:30,2025-11-17 13:15,2025-11-17 13:45,2025-11-17 13:15,2025-11-17 13:30,15.0,partial overlap,Low,Product Showcase,Client Reception
CONF_1470,P022,Product Demo,Training,2025-11-20 10:43,2025-11-20 11:21,2025-11-20 10:45,2025-11-20 11:30,2025-11-20 10:45,2025-11-20 11:21,36.0,partial overlap,Medium,Client Reception,Client Reception
CONF_1471,P022,Product Demo,Training,2025-11-20 10:43,2025-11-20 11:21,2025-11-20 10:30,2025-11-20 11:00,2025-11-20 10:43,2025-11-20 11:00,17.0,partial overlap,Low,Client Reception,Conference Room A
CONF_1472,P022,Code Review,Tech Sharing,2025-11-18 14:42,2025-11-18 15:15,2025-11-18 14:30,2025-11-18 14:45,2025-11-18 14:42,2025-11-18 14:45,3.0,partial overlap,Low,Conference Room B,R&D Center
CONF_1473,P022,Design Review,Operations Check,2025-11-20 15:36,2025-11-20 16:15,2025-11-20 15:15,2025-11-20 16:00,2025-11-20 15:36,2025-11-20 16:00,24.0,partial overlap,Low,Conference Room C,Office Area 2
CONF_1474,P022,Design Review,Design Review,2025-11-20 15:36,2025-11-20 16:15,2025-11-20 15:45,2025-11-20 16:00,2025-11-20 15:45,2025-11-20 16:00,15.0,full overlap,Low,Conference Room C,Test Lab
CONF_1475,P022,Design Review,Operations Check,2025-11-20 15:36,2025-11-20 16:15,2025-11-20 15:30,2025-11-20 15:59,2025-11-20 15:36,2025-11-20 15:59,23.0,partial overlap,Low,Conference Room C,R&D Center
CONF_1476,P023,Brainstorming,One-on-One,2025-11-07 08:00,2025-11-07 08:45,2025-11-07 08:30,2025-11-07 09:00,2025-11-07 08:30,2025-11-07 08:45,15.0,partial overlap,Low,Demo Hall,Break Room
CONF_1477,P023,Requirements Analysis,Product Demo,2025-11-09 18:30,2025-11-09 19:15,2025-11-09 18:15,2025-11-09 19:15,2025-11-09 18:30,2025-11-09 19:15,45.0,full overlap,Medium,Cafe,Conference Room A
CONF_1478,P023,Design Review,Product Demo,2025-11-16 12:00,2025-11-16 12:44,2025-11-16 11:45,2025-11-16 12:15,2025-11-16 12:00,2025-11-16 12:15,15.0,partial overlap,Low,Client Reception,Office Area 2
CONF_1479,P023,Operations Check,Testing Acceptance,2025-11-13 10:37,2025-11-13 11:05,2025-11-13 10:30,2025-11-13 11:30,2025-11-13 10:37,2025-11-13 11:05,28.0,full overlap,Low,Remote,Online Meeting
CONF_1480,P023,Code Review,Team Building,2025-11-17 10:52,2025-11-17 11:33,2025-11-17 10:45,2025-11-17 11:30,2025-11-17 10:52,2025-11-17 11:30,38.0,partial overlap,Medium,Product Showcase,Client Reception
CONF_1481,P023,Project Discussion,Product Demo,2025-11-13 13:00,2025-11-13 13:15,2025-11-13 13:00,2025-11-13 13:30,2025-11-13 13:00,2025-11-13 13:15,15.0,full overlap,Low,Cafe,Product Showcase
CONF_1482,P023,Brainstorming,Operations Check,2025-11-14 13:45,2025-11-14 14:30,2025-11-14 13:30,2025-11-14 14:30,2025-11-14 13:45,2025-11-14 14:30,45.0,full overlap,Medium,Online Meeting,Conference Room C
CONF_1483,P023,Testing Acceptance,Project Discussion,2025-11-17 17:45,2025-11-17 18:15,2025-11-17 18:00,2025-11-17 18:15,2025-11-17 18:00,2025-11-17 18:15,15.0,full overlap,Low,Training Room,Remote
CONF_1484,P023,Design Review,Team Building,2025-11-15 09:15,2025-11-15 09:30,2025-11-15 09:00,2025-11-15 09:45,2025-11-15 09:15,2025-11-15 09:30,15.0,full overlap,Low,Test Lab,R&D Center
CONF_1485,P023,Requirements Analysis,Code Review,2025-11-19 18:45,2025-11-19 19:30,2025-11-19 18:30,2025-11-19 19:15,2025-11-19 18:45,2025-11-19 19:15,30.0,partial overlap,Medium,Product Showcase,Client Reception
CONF_1486,P023,Requirements Analysis,Requirements Analysis,2025-11-19 18:45,2025-11-19 19:30,2025-11-19 18:45,2025-11-19 19:30,2025-11-19 18:45,2025-11-19 19:30,45.0,full overlap,Medium,R&D Center,Product Showcase
CONF_1487,P023,Requirements Analysis,Code Review,2025-11-19 18:45,2025-11-19 19:30,2025-11-19 18:30,2025-11-19 19:15,2025-11-19 18:45,2025-11-19 19:15,30.0,partial overlap,Medium,R&D Center,Client Reception
CONF_1488,P023,Testing Acceptance,Brainstorming,2025-11-16 15:05,2025-11-16 15:41,2025-11-16 15:00,2025-11-16 15:15,2025-11-16 15:05,2025-11-16 15:15,10.0,partial overlap,Low,Conference Room A,Client Reception
CONF_1489,P023,Training,Testing Acceptance,2025-11-16 15:17,2025-11-16 15:54,2025-11-16 15:05,2025-11-16 15:41,2025-11-16 15:17,2025-11-16 15:41,24.0,partial overlap,Low,Test Lab,Conference Room A
CONF_1490,P023,Code Review,One-on-One,2025-11-15 13:44,2025-11-15 14:44,2025-11-15 13:30,2025-11-15 14:15,2025-11-15 13:44,2025-11-15 14:15,31.0,partial overlap,Medium,Demo Hall,Conference Room B
CONF_1491,P023,Brainstorming,Tech Sharing,2025-11-17 14:56,2025-11-17 15:19,2025-11-17 14:45,2025-11-17 15:15,2025-11-17 14:56,2025-11-17 15:15,19.0,partial overlap,Low,Conference Room A,Office Area 1
CONF_1492,P023,Training,Testing Acceptance,2025-11-24 12:14,2025-11-24 13:14,2025-11-24 12:00,2025-11-24 12:45,2025-11-24 12:14,2025-11-24 12:45,31.0,partial overlap,Medium,Cafe,Client Reception
CONF_1493,P024,Product Demo,Team Building,2025-10-30 18:36,2025-10-30 19:31,2025-10-30 18:15,2025-10-30 19:45,2025-10-30 18:36,2025-10-30 19:31,55.0,full overlap,Medium,Training Room,Online Meeting
CONF_1494,P024,Requirements Analysis,Product Demo,2025-10-30 18:20,2025-10-30 19:00,2025-10-30 18:36,2025-10-30 19:31,2025-10-30 18:36,2025-10-30 19:00,24.0,partial overlap,Low,Demo Hall,Training Room
CONF_1495,P024,Requirements Analysis,Team Building,2025-10-30 18:20,2025-10-30 19:00,2025-10-30 18:15,2025-10-30 19:45,2025-10-30 18:20,2025-10-30 19:00,40.0,full overlap,Medium,Demo Hall,Online Meeting
CONF_1496,P024,One-on-One,Tech Sharing,2025-11-03 10:57,2025-11-03 11:32,2025-11-03 10:30,2025-11-03 11:15,2025-11-03 10:57,2025-11-03 11:15,18.0,partial overlap,Low,Test Lab,Client Reception
CONF_1497,P024,Brainstorming,One-on-One,2025-11-03 10:37,2025-11-03 11:07,2025-11-03 10:57,2025-11-03 11:32,2025-11-03 10:57,2025-11-03 11:07,10.0,partial overlap,Low,Conference Room B,Test Lab
CONF_1498,P024,Brainstorming,Tech Sharing,2025-11-03 10:37,2025-11-03 11:07,2025-11-03 10:30,2025-11-03 11:15,2025-11-03 10:37,2025-11-03 11:07,30.0,full overlap,Medium,Conference Room B,Client Reception
CONF_1499,P024,Team Building,Deployment,2025-10-27 14:08,2025-10-27 14:43,2025-10-27 14:00,2025-10-27 15:30,2025-10-27 14:08,2025-10-27 14:43,35.0,full overlap,Medium,Break Room,Conference Room B
CONF_1500,P024,Training,Training,2025-11-08 17:00,2025-11-08 17:30,2025-11-08 16:45,2025-11-08 17:30,2025-11-08 17:00,2025-11-08 17:30,30.0,full overlap,Medium,Conference Room C,Office Area 1
CONF_1501,P024,Deployment,Tech Sharing,2025-11-08 14:30,2025-11-08 15:30,2025-11-08 15:15,2025-11-08 16:15,2025-11-08 15:15,2025-11-08 15:30,15.0,partial overlap,Low,Training Room,Demo Hall
CONF_1502,P024,Tech Sharing,Product Demo,2025-11-11 10:15,2025-11-11 11:15,2025-11-11 09:45,2025-11-11 10:30,2025-11-11 10:15,2025-11-11 10:30,15.0,partial overlap,Low,Break Room,Online Meeting
CONF_1503,P024,Team Building,Testing Acceptance,2025-11-17 14:15,2025-11-17 14:45,2025-11-17 14:30,2025-11-17 15:00,2025-11-17 14:30,2025-11-17 14:45,15.0,partial overlap,Low,Conference Room C,Conference Room A
CONF_1504,P024,Code Review,Deployment,2025-11-15 15:30,2025-11-15 15:45,2025-11-15 15:30,2025-11-15 16:00,2025-11-15 15:30,2025-11-15 15:45,15.0,full overlap,Low,Office Area 1,Online Meeting
CONF_1505,P024,Testing Acceptance,Testing Acceptance,2025-11-17 14:00,2025-11-17 14:45,2025-11-17 14:30,2025-11-17 15:00,2025-11-17 14:30,2025-11-17 14:45,15.0,partial overlap,Low,Office Area 1,Conference Room A
CONF_1506,P024,Testing Acceptance,Team Building,2025-11-17 14:00,2025-11-17 14:45,2025-11-17 14:15,2025-11-17 14:45,2025-11-17 14:15,2025-11-17 14:45,30.0,full overlap,Medium,Office Area 1,Conference Room C
CONF_1507,P024,One-on-One,Tech Sharing,2025-11-18 08:45,2025-11-18 09:30,2025-11-18 09:15,2025-11-18 10:00,2025-11-18 09:15,2025-11-18 09:30,15.0,partial overlap,Low,Training Room,R&D Center
CONF_1508,P024,Project Discussion,Training,2025-11-17 18:30,2025-11-17 18:45,2025-11-17 18:15,2025-11-17 18:45,2025-11-17 18:30,2025-11-17 18:45,15.0,full overlap,Low,Office Area 2,Conference Room A
CONF_1509,P024,Training,Client Visit,2025-11-20 08:15,2025-11-20 08:30,2025-11-20 08:15,2025-11-20 08:45,2025-11-20 08:15,2025-11-20 08:30,15.0,full overlap,Low,Demo Hall,Client Reception
CONF_1510,P024,Tech Sharing,Requirements Analysis,2025-11-20 14:30,2025-11-20 15:15,2025-11-20 14:15,2025-11-20 14:45,2025-11-20 14:30,2025-11-20 14:45,15.0,partial overlap,Low,Product Showcase,Office Area 1
CONF_1511,P024,Team Building,Code Review,2025-11-12 18:52,2025-11-12 19:13,2025-11-12 18:45,2025-11-12 19:15,2025-11-12 18:52,2025-11-12 19:13,21.0,full overlap,Low,Break Room,Break Room
CONF_1512,P024,Design Review,Training,2025-11-25 14:33,2025-11-25 15:26,2025-11-25 14:15,2025-11-25 14:45,2025-11-25 14:33,2025-11-25 14:45,12.0,partial overlap,Low,Training Room,Training Room
CONF_1513,P024,Requirements Analysis,Meeting,2025-11-21 09:13,2025-11-21 10:03,2025-11-21 09:00,2025-11-21 09:15,2025-11-21 09:13,2025-11-21 09:15,2.0,partial overlap,Low,Conference Room C,Remote
CONF_1514,P024,Requirements Analysis,Product Demo,2025-11-21 09:13,2025-11-21 10:03,2025-11-21 09:21,2025-11-21 10:21,2025-11-21 09:21,2025-11-21 10:03,42.0,partial overlap,Medium,Conference Room C,Cafe
CONF_1515,P024,Brainstorming,Requirements Analysis,2025-11-19 15:59,2025-11-19 16:14,2025-11-19 15:30,2025-11-19 16:00,2025-11-19 15:59,2025-11-19 16:00,1.0,partial overlap,Low,Remote,Client Reception
CONF_1516,P024,Project Discussion,Testing Acceptance,2025-11-23 15:55,2025-11-23 16:16,2025-11-23 15:45,2025-11-23 16:15,2025-11-23 15:55,2025-11-23 16:15,20.0,partial overlap,Low,Client Reception,Demo Hall
CONF_1517,P025,Requirements Analysis,Requirements Analysis,2025-11-03 09:40,2025-11-03 10:32,2025-11-03 09:30,2025-11-03 10:00,2025-11-03 09:40,2025-11-03 10:00,20.0,partial overlap,Low,Training Room,Office Area 1
CONF_1518,P025,Code Review,Meeting,2025-11-04 08:30,2025-11-04 09:15,2025-11-04 08:15,2025-11-04 08:45,2025-11-04 08:30,2025-11-04 08:45,15.0,partial overlap,Low,Online Meeting,Client Reception
CONF_1519,P025,Deployment,Project Discussion,2025-11-15 11:45,2025-11-15 12:45,2025-11-15 11:15,2025-11-15 12:15,2025-11-15 11:45,2025-11-15 12:15,30.0,partial overlap,Medium,Office Area 2,Break Room
CONF_1520,P025,Testing Acceptance,Operations Check,2025-11-10 10:37,2025-11-10 11:17,2025-11-10 10:15,2025-11-10 10:45,2025-11-10 10:37,2025-11-10 10:45,8.0,partial overlap,Low,R&D Center,Conference Room B
CONF_1521,P025,Testing Acceptance,Tech Sharing,2025-11-14 14:30,2025-11-14 15:00,2025-11-14 14:30,2025-11-14 15:00,2025-11-14 14:30,2025-11-14 15:00,30.0,full overlap,Medium,Conference Room B,Training Room
CONF_1522,P025,Meeting,Tech Sharing,2025-11-14 14:45,2025-11-14 15:00,2025-11-14 14:30,2025-11-14 15:00,2025-11-14 14:45,2025-11-14 15:00,15.0,full overlap,Low,R&D Center,Training Room
CONF_1523,P025,Meeting,Testing Acceptance,2025-11-14 14:45,2025-11-14 15:00,2025-11-14 14:30,2025-11-14 15:00,2025-11-14 14:45,2025-11-14 15:00,15.0,full overlap,Low,R&D Center,Conference Room B
CONF_1524,P025,Meeting,Deployment,2025-11-15 11:45,2025-11-15 12:15,2025-11-15 11:45,2025-11-15 12:45,2025-11-15 11:45,2025-11-15 12:15,30.0,full overlap,Medium,Cafe,Office Area 2
CONF_1525,P025,Meeting,Project Discussion,2025-11-15 11:45,2025-11-15 12:15,2025-11-15 11:15,2025-11-15 12:15,2025-11-15 11:45,2025-11-15 12:15,30.0,full overlap,Medium,Cafe,Break Room
CONF_1526,P025,Tech Sharing,Tech Sharing,2025-11-16 08:15,2025-11-16 08:45,2025-11-16 08:30,2025-11-16 09:15,2025-11-16 08:30,2025-11-16 08:45,15.0,partial overlap,Low,Training Room,Conference Room C
CONF_1527,P025,Project Discussion,Code Review,2025-11-21 10:30,2025-11-21 11:00,2025-11-21 10:15,2025-11-21 11:00,2025-11-21 10:30,2025-11-21 11:00,30.0,full overlap,Medium,Conference Room A,Client Reception
CONF_1528,P025,Product Demo,Code Review,2025-11-21 10:00,2025-11-21 10:45,2025-11-21 10:15,2025-11-21 11:00,2025-11-21 10:15,2025-11-21 10:45,30.0,partial overlap,Medium,Cafe,Client Reception
CONF_1529,P025,Product Demo,Project Discussion,2025-11-21 10:00,2025-11-21 10:45,2025-11-21 10:30,2025-11-21 11:00,2025-11-21 10:30,2025-11-21 10:45,15.0,partial overlap,Low,Cafe,Conference Room A
CONF_1530,P025,Product Demo,Tech Sharing,2025-11-21 10:00,2025-11-21 10:45,2025-11-21 09:30,2025-11-21 10:15,2025-11-21 10:00,2025-11-21 10:15,15.0,partial overlap,Low,Cafe,Office Area 1
CONF_1531,P025,Operations Check,Design Review,2025-11-18 08:15,2025-11-18 09:00,2025-11-18 08:00,2025-11-18 08:30,2025-11-18 08:15,2025-11-18 08:30,15.0,partial overlap,Low,Remote,Break Room
CONF_1532,P025,Operations Check,One-on-One,2025-11-18 08:15,2025-11-18 09:00,2025-11-18 08:45,2025-11-18 09:00,2025-11-18 08:45,2025-11-18 09:00,15.0,full overlap,Low,Remote,Product Showcase
CONF_1533,P025,Operations Check,Code Review,2025-11-21 10:38,2025-11-21 11:12,2025-11-21 10:15,2025-11-21 11:00,2025-11-21 10:38,2025-11-21 11:00,22.0,partial overlap,Low,Break Room,Client Reception
CONF_1534,P025,Operations Check,Project Discussion,2025-11-21 10:38,2025-11-21 11:12,2025-11-21 10:30,2025-11-21 11:00,2025-11-21 10:38,2025-11-21 11:00,22.0,partial overlap,Low,Break Room,Conference Room A
CONF_1535,P025,Operations Check,Product Demo,2025-11-21 10:38,2025-11-21 11:12,2025-11-21 10:00,2025-11-21 10:45,2025-11-21 10:38,2025-11-21 10:45,7.0,partial overlap,Low,Break Room,Cafe
CONF_1536,P025,Training,Project Discussion,2025-11-22 14:01,2025-11-22 14:22,2025-11-22 13:45,2025-11-22 14:30,2025-11-22 14:01,2025-11-22 14:22,21.0,full overlap,Low,Office Area 1,Online Meeting
CONF_1537,P025,Client Visit,Project Discussion,2025-11-22 14:26,2025-11-22 14:46,2025-11-22 13:45,2025-11-22 14:30,2025-11-22 14:26,2025-11-22 14:30,4.0,partial overlap,Low,Cafe,Online Meeting
CONF_1538,P025,One-on-One,Design Review,2025-11-18 08:24,2025-11-18 08:52,2025-11-18 08:00,2025-11-18 08:30,2025-11-18 08:24,2025-11-18 08:30,6.0,partial overlap,Low,Conference Room B,Break Room
CONF_1539,P025,One-on-One,One-on-One,2025-11-18 08:24,2025-11-18 08:52,2025-11-18 08:45,2025-11-18 09:00,2025-11-18 08:45,2025-11-18 08:52,7.0,partial overlap,Low,Conference Room B,Product Showcase
CONF_1540,P025,One-on-One,Operations Check,2025-11-18 08:24,2025-11-18 08:52,2025-11-18 08:15,2025-11-18 09:00,2025-11-18 08:24,2025-11-18 08:52,28.0,full overlap,Low,Conference Room B,Remote
CONF_1541,P025,One-on-One,Client Visit,2025-11-22 14:24,2025-11-22 15:18,2025-11-22 14:26,2025-11-22 14:46,2025-11-22 14:26,2025-11-22 14:46,20.0,full overlap,Low,Office Area 1,Cafe
CONF_1542,P025,One-on-One,Project Discussion,2025-11-22 14:24,2025-11-22 15:18,2025-11-22 13:45,2025-11-22 14:30,2025-11-22 14:24,2025-11-22 14:30,6.0,partial overlap,Low,Office Area 1,Online Meeting
CONF_1543,P025,Design Review,Brainstorming,2025-11-21 13:02,2025-11-21 13:47,2025-11-21 12:45,2025-11-21 13:15,2025-11-21 13:02,2025-11-21 13:15,13.0,partial overlap,Low,Test Lab,Remote
CONF_1544,P025,Brainstorming,Code Review,2025-11-21 10:34,2025-11-21 11:20,2025-11-21 10:15,2025-11-21 11:00,2025-11-21 10:34,2025-11-21 11:00,26.0,partial overlap,Low,Online Meeting,Client Reception
CONF_1545,P025,Brainstorming,Project Discussion,2025-11-21 10:34,2025-11-21 11:20,2025-11-21 10:30,2025-11-21 11:00,2025-11-21 10:34,2025-11-21 11:00,26.0,partial overlap,Low,Online Meeting,Conference Room A
CONF_1546,P025,Brainstorming,Operations Check,2025-11-21 10:34,2025-11-21 11:20,2025-11-21 10:38,2025-11-21 11:12,2025-11-21 10:38,2025-11-21 11:12,34.0,full overlap,Medium,Online Meeting,Break Room
CONF_1547,P025,Brainstorming,Product Demo,2025-11-21 10:34,2025-11-21 11:20,2025-11-21 10:00,2025-11-21 10:45,2025-11-21 10:34,2025-11-21 10:45,11.0,partial overlap,Low,Online Meeting,Cafe
CONF_1548,P026,Meeting,Team Building,2025-11-04 12:15,2025-11-04 13:00,2025-11-04 12:00,2025-11-04 13:00,2025-11-04 12:15,2025-11-04 13:00,45.0,full overlap,Medium,Conference Room B,Office Area 2
CONF_1549,P026,Code Review,Testing Acceptance,2025-11-16 15:15,2025-11-16 16:00,2025-11-16 15:30,2025-11-16 16:15,2025-11-16 15:30,2025-11-16 16:00,30.0,partial overlap,Medium,Product Showcase,Cafe
CONF_1550,P026,One-on-One,Product Demo,2025-11-13 10:44,2025-11-13 11:19,2025-11-13 10:15,2025-11-13 11:00,2025-11-13 10:44,2025-11-13 11:00,16.0,partial overlap,Low,Training Room,Online Meeting
CONF_1551,P026,Testing Acceptance,Team Building,2025-11-07 15:09,2025-11-07 16:00,2025-11-07 15:00,2025-11-07 15:45,2025-11-07 15:09,2025-11-07 15:45,36.0,partial overlap,Medium,Break Room,Demo Hall
CONF_1552,P026,Project Discussion,Team Building,2025-11-09 16:52,2025-11-09 17:07,2025-11-09 16:45,2025-11-09 17:45,2025-11-09 16:52,2025-11-09 17:07,15.0,full overlap,Low,Remote,Product Showcase
CONF_1553,P026,Testing Acceptance,Testing Acceptance,2025-11-07 09:11,2025-11-07 10:01,2025-11-07 09:00,2025-11-07 10:00,2025-11-07 09:11,2025-11-07 10:00,49.0,partial overlap,Medium,Office Area 2,Conference Room A
CONF_1554,P026,Requirements Analysis,Testing Acceptance,2025-11-16 15:23,2025-11-16 15:39,2025-11-16 15:30,2025-11-16 16:15,2025-11-16 15:30,2025-11-16 15:39,9.0,partial overlap,Low,Office Area 1,Cafe
CONF_1555,P026,Requirements Analysis,Code Review,2025-11-16 15:23,2025-11-16 15:39,2025-11-16 15:15,2025-11-16 16:00,2025-11-16 15:23,2025-11-16 15:39,16.0,full overlap,Low,Office Area 1,Product Showcase
CONF_1556,P026,One-on-One,Team Building,2025-11-09 17:07,2025-11-09 17:46,2025-11-09 16:45,2025-11-09 17:45,2025-11-09 17:07,2025-11-09 17:45,38.0,partial overlap,Medium,Conference Room A,Product Showcase
CONF_1557,P026,Training,Testing Acceptance,2025-11-16 15:46,2025-11-16 16:05,2025-11-16 15:30,2025-11-16 16:15,2025-11-16 15:46,2025-11-16 16:05,19.0,full overlap,Low,Conference Room B,Cafe
CONF_1558,P026,Training,Code Review,2025-11-16 15:46,2025-11-16 16:05,2025-11-16 15:15,2025-11-16 16:00,2025-11-16 15:46,2025-11-16 16:00,14.0,partial overlap,Low,Conference Room B,Product Showcase
CONF_1559,P026,One-on-One,Project Discussion,2025-11-10 17:58,2025-11-10 18:32,2025-11-10 17:45,2025-11-10 18:15,2025-11-10 17:58,2025-11-10 18:15,17.0,partial overlap,Low,Product Showcase,Cafe
CONF_1560,P026,Client Visit,Testing Acceptance,2025-11-16 15:41,2025-11-16 16:27,2025-11-16 15:30,2025-11-16 16:15,2025-11-16 15:41,2025-11-16 16:15,34.0,partial overlap,Medium,Conference Room A,Cafe
CONF_1561,P026,Client Visit,Training,2025-11-16 15:41,2025-11-16 16:27,2025-11-16 15:46,2025-11-16 16:05,2025-11-16 15:46,2025-11-16 16:05,19.0,full overlap,Low,Conference Room A,Conference Room B
CONF_1562,P026,Client Visit,Code Review,2025-11-16 15:41,2025-11-16 16:27,2025-11-16 15:15,2025-11-16 16:00,2025-11-16 15:41,2025-11-16 16:00,19.0,partial overlap,Low,Conference Room A,Product Showcase
CONF_1563,P026,Tech Sharing,Product Demo,2025-11-13 10:30,2025-11-13 10:45,2025-11-13 10:15,2025-11-13 11:00,2025-11-13 10:30,2025-11-13 10:45,15.0,full overlap,Low,Cafe,Online Meeting
CONF_1564,P026,Tech Sharing,One-on-One,2025-11-13 10:30,2025-11-13 10:45,2025-11-13 10:44,2025-11-13 11:19,2025-11-13 10:44,2025-11-13 10:45,1.0,partial overlap,Low,Cafe,Training Room
CONF_1565,P026,Meeting,Testing Acceptance,2025-11-17 13:00,2025-11-17 13:45,2025-11-17 13:30,2025-11-17 14:15,2025-11-17 13:30,2025-11-17 13:45,15.0,partial overlap,Low,Training Room,Client Reception
CONF_1566,P026,Design Review,Client Visit,2025-11-16 15:30,2025-11-16 15:45,2025-11-16 15:41,2025-11-16 16:27,2025-11-16 15:41,2025-11-16 15:45,4.0,partial overlap,Low,Client Reception,Conference Room A
CONF_1567,P026,Design Review,Testing Acceptance,2025-11-16 15:30,2025-11-16 15:45,2025-11-16 15:30,2025-11-16 16:15,2025-11-16 15:30,2025-11-16 15:45,15.0,full overlap,Low,Client Reception,Cafe
CONF_1568,P026,Design Review,Requirements Analysis,2025-11-16 15:30,2025-11-16 15:45,2025-11-16 15:23,2025-11-16 15:39,2025-11-16 15:30,2025-11-16 15:39,9.0,partial overlap,Low,Client Reception,Office Area 1
CONF_1569,P026,Design Review,Code Review,2025-11-16 15:30,2025-11-16 15:45,2025-11-16 15:15,2025-11-16 16:00,2025-11-16 15:30,2025-11-16 15:45,15.0,full overlap,Low,Client Reception,Product Showcase
CONF_1570,P026,Tech Sharing,Team Building,2025-11-16 17:30,2025-11-16 18:00,2025-11-16 17:00,2025-11-16 17:45,2025-11-16 17:30,2025-11-16 17:45,15.0,partial overlap,Low,Break Room,Online Meeting
CONF_1571,P026,Training,Testing Acceptance,2025-11-16 15:45,2025-11-16 16:30,2025-11-16 15:30,2025-11-16 16:15,2025-11-16 15:45,2025-11-16 16:15,30.0,partial overlap,Medium,Test Lab,Cafe
CONF_1572,P026,Training,Training,2025-11-16 15:45,2025-11-16 16:30,2025-11-16 15:46,2025-11-16 16:05,2025-11-16 15:46,2025-11-16 16:05,19.0,full overlap,Low,Test Lab,Conference Room B
CONF_1573,P026,Training,Client Visit,2025-11-16 15:45,2025-11-16 16:30,2025-11-16 15:41,2025-11-16 16:27,2025-11-16 15:45,2025-11-16 16:27,42.0,partial overlap,Medium,Test Lab,Conference Room A
CONF_1574,P026,Training,Code Review,2025-11-16 15:45,2025-11-16 16:30,2025-11-16 15:15,2025-11-16 16:00,2025-11-16 15:45,2025-11-16 16:00,15.0,partial overlap,Low,Test Lab,Product Showcase
CONF_1575,P026,Meeting,Code Review,2025-11-19 16:15,2025-11-19 16:30,2025-11-19 16:00,2025-11-19 16:30,2025-11-19 16:15,2025-11-19 16:30,15.0,full overlap,Low,Remote,Demo Hall
CONF_1576,P026,Requirements Analysis,Deployment,2025-11-17 15:08,2025-11-17 15:35,2025-11-17 15:00,2025-11-17 15:45,2025-11-17 15:08,2025-11-17 15:35,27.0,full overlap,Low,Product Showcase,Demo Hall
CONF_1577,P026,Tech Sharing,Team Building,2025-11-16 16:59,2025-11-16 17:16,2025-11-16 17:00,2025-11-16 17:45,2025-11-16 17:00,2025-11-16 17:16,16.0,partial overlap,Low,Break Room,Online Meeting
CONF_1578,P026,Tech Sharing,Tech Sharing,2025-11-16 16:59,2025-11-16 17:16,2025-11-16 16:45,2025-11-16 17:00,2025-11-16 16:59,2025-11-16 17:00,1.0,partial overlap,Low,Break Room,Client Reception
CONF_1579,P026,Product Demo,Tech Sharing,2025-11-16 12:05,2025-11-16 12:43,2025-11-16 12:15,2025-11-16 13:15,2025-11-16 12:15,2025-11-16 12:43,28.0,partial overlap,Low,Client Reception,Demo Hall
CONF_1580,P026,Product Demo,Client Visit,2025-11-16 12:05,2025-11-16 12:43,2025-11-16 11:45,2025-11-16 12:15,2025-11-16 12:05,2025-11-16 12:15,10.0,partial overlap,Low,Client Reception,Product Showcase
CONF_1581,P027,Product Demo,Training,2025-11-02 12:40,2025-11-02 13:15,2025-11-02 12:15,2025-11-02 13:15,2025-11-02 12:40,2025-11-02 13:15,35.0,full overlap,Medium,Cafe,Conference Room C
CONF_1582,P027,Testing Acceptance,Code Review,2025-11-05 09:00,2025-11-05 09:30,2025-11-05 09:00,2025-11-05 10:00,2025-11-05 09:00,2025-11-05 09:30,30.0,full overlap,Medium,Training Room,Product Showcase
CONF_1583,P027,One-on-One,Design Review,2025-11-04 09:30,2025-11-04 10:15,2025-11-04 09:00,2025-11-04 10:00,2025-11-04 09:30,2025-11-04 10:00,30.0,partial overlap,Medium,Product Showcase,Demo Hall
CONF_1584,P027,One-on-One,Tech Sharing,2025-11-11 11:30,2025-11-11 12:15,2025-11-11 11:30,2025-11-11 12:30,2025-11-11 11:30,2025-11-11 12:15,45.0,full overlap,Medium,Conference Room A,Break Room
CONF_1585,P027,Meeting,Training,2025-11-10 16:30,2025-11-10 17:15,2025-11-10 17:00,2025-11-10 18:00,2025-11-10 17:00,2025-11-10 17:15,15.0,partial overlap,Low,Product Showcase,Conference Room A
CONF_1586,P027,Client Visit,Design Review,2025-11-11 18:30,2025-11-11 19:00,2025-11-11 18:45,2025-11-11 19:30,2025-11-11 18:45,2025-11-11 19:00,15.0,partial overlap,Low,Conference Room C,Break Room
CONF_1587,P027,One-on-One,Code Review,2025-11-08 17:30,2025-11-08 18:30,2025-11-08 18:00,2025-11-08 18:30,2025-11-08 18:00,2025-11-08 18:30,30.0,full overlap,Medium,Break Room,Training Room
CONF_1588,P027,Product Demo,Training,2025-11-10 17:00,2025-11-10 17:45,2025-11-10 17:00,2025-11-10 18:00,2025-11-10 17:00,2025-11-10 17:45,45.0,full overlap,Medium,Office Area 1,Conference Room A
CONF_1589,P027,Product Demo,Meeting,2025-11-10 17:00,2025-11-10 17:45,2025-11-10 16:30,2025-11-10 17:15,2025-11-10 17:00,2025-11-10 17:15,15.0,partial overlap,Low,Office Area 1,Product Showcase
CONF_1590,P027,Meeting,Tech Sharing,2025-11-11 12:15,2025-11-11 13:00,2025-11-11 11:30,2025-11-11 12:30,2025-11-11 12:15,2025-11-11 12:30,15.0,partial overlap,Low,Test Lab,Break Room
CONF_1591,P027,Tech Sharing,Operations Check,2025-11-16 12:07,2025-11-16 12:38,2025-11-16 12:00,2025-11-16 13:00,2025-11-16 12:07,2025-11-16 12:38,31.0,full overlap,Medium,Cafe,Office Area 1
CONF_1592,P027,Design Review,Product Demo,2025-11-14 17:26,2025-11-14 18:19,2025-11-14 17:15,2025-11-14 18:15,2025-11-14 17:26,2025-11-14 18:15,49.0,partial overlap,Medium,Online Meeting,Office Area 2
CONF_1593,P027,Design Review,Design Review,2025-11-14 17:00,2025-11-14 17:30,2025-11-14 17:26,2025-11-14 18:19,2025-11-14 17:26,2025-11-14 17:30,4.0,partial overlap,Low,Conference Room C,Online Meeting
CONF_1594,P027,Design Review,Product Demo,2025-11-14 17:00,2025-11-14 17:30,2025-11-14 17:15,2025-11-14 18:15,2025-11-14 17:15,2025-11-14 17:30,15.0,partial overlap,Low,Conference Room C,Office Area 2
CONF_1595,P027,Team Building,Design Review,2025-11-14 18:00,2025-11-14 18:30,2025-11-14 17:26,2025-11-14 18:19,2025-11-14 18:00,2025-11-14 18:19,19.0,partial overlap,Low,Test Lab,Online Meeting
CONF_1596,P027,Team Building,Product Demo,2025-11-14 18:00,2025-11-14 18:30,2025-11-14 17:15,2025-11-14 18:15,2025-11-14 18:00,2025-11-14 18:15,15.0,partial overlap,Low,Test Lab,Office Area 2
CONF_1597,P027,Brainstorming,Requirements Analysis,2025-11-14 15:15,2025-11-14 15:45,2025-11-14 14:30,2025-11-14 15:30,2025-11-14 15:15,2025-11-14 15:30,15.0,partial overlap,Low,Office Area 1,Online Meeting
CONF_1598,P027,Requirements Analysis,Design Review,2025-11-15 13:15,2025-11-15 13:30,2025-11-15 13:15,2025-11-15 13:30,2025-11-15 13:15,2025-11-15 13:30,15.0,full overlap,Low,Product Showcase,Remote
CONF_1599,P027,Operations Check,Project Discussion,2025-11-19 11:15,2025-11-19 12:00,2025-11-19 11:00,2025-11-19 11:45,2025-11-19 11:15,2025-11-19 11:45,30.0,partial overlap,Medium,Office Area 2,Client Reception
CONF_1600,P027,Design Review,One-on-One,2025-11-21 14:30,2025-11-21 15:15,2025-11-21 14:45,2025-11-21 15:00,2025-11-21 14:45,2025-11-21 15:00,15.0,full overlap,Low,Remote,Office Area 1
CONF_1601,P027,Meeting,Meeting,2025-11-19 10:15,2025-11-19 10:45,2025-11-19 10:15,2025-11-19 10:30,2025-11-19 10:15,2025-11-19 10:30,15.0,full overlap,Low,Conference Room C,Office Area 2
CONF_1602,P027,Testing Acceptance,Design Review,2025-11-19 16:15,2025-11-19 17:00,2025-11-19 15:45,2025-11-19 16:30,2025-11-19 16:15,2025-11-19 16:30,15.0,partial overlap,Low,Office Area 2,Break Room
CONF_1603,P027,Brainstorming,Project Discussion,2025-11-20 13:08,2025-11-20 13:47,2025-11-20 13:00,2025-11-20 13:15,2025-11-20 13:08,2025-11-20 13:15,7.0,partial overlap,Low,Demo Hall,Demo Hall
CONF_1604,P027,Meeting,Operations Check,2025-11-16 11:30,2025-11-16 12:04,2025-11-16 12:00,2025-11-16 13:00,2025-11-16 12:00,2025-11-16 12:04,4.0,partial overlap,Low,Product Showcase,Office Area 1
CONF_1605,P027,Meeting,Training,2025-11-16 11:30,2025-11-16 12:04,2025-11-16 11:15,2025-11-16 11:45,2025-11-16 11:30,2025-11-16 11:45,15.0,partial overlap,Low,Product Showcase,R&D Center
CONF_1606,P027,Team Building,Product Demo,2025-11-16 15:26,2025-11-16 16:09,2025-11-16 15:15,2025-11-16 16:00,2025-11-16 15:26,2025-11-16 16:00,34.0,partial overlap,Medium,Remote,Conference Room B
CONF_1607,P027,One-on-One,Code Review,2025-11-22 17:12,2025-11-22 17:41,2025-11-22 17:00,2025-11-22 17:15,2025-11-22 17:12,2025-11-22 17:15,3.0,partial overlap,Low,Break Room,R&D Center
CONF_1608,P027,Product Demo,Tech Sharing,2025-11-17 14:43,2025-11-17 15:03,2025-11-17 14:30,2025-11-17 14:45,2025-11-17 14:43,2025-11-17 14:45,2.0,partial overlap,Low,Conference Room B,Office Area 1
CONF_1609,P027,One-on-One,One-on-One,2025-11-21 14:52,2025-11-21 15:31,2025-11-21 14:45,2025-11-21 15:00,2025-11-21 14:52,2025-11-21 15:00,8.0,partial overlap,Low,Office Area 2,Office Area 1
CONF_1610,P027,One-on-One,Design Review,2025-11-21 14:52,2025-11-21 15:31,2025-11-21 14:30,2025-11-21 15:15,2025-11-21 14:52,2025-11-21 15:15,23.0,partial overlap,Low,Office Area 2,Remote
CONF_1611,P028,Code Review,Design Review,2025-11-12 17:45,2025-11-12 18:45,2025-11-12 18:00,2025-11-12 18:30,2025-11-12 18:00,2025-11-12 18:30,30.0,full overlap,Medium,Break Room,Client Reception
CONF_1612,P028,Testing Acceptance,Tech Sharing,2025-11-08 18:30,2025-11-08 19:00,2025-11-08 18:30,2025-11-08 19:30,2025-11-08 18:30,2025-11-08 19:00,30.0,full overlap,Medium,Test Lab,Conference Room B
CONF_1613,P028,Brainstorming,Tech Sharing,2025-11-13 13:00,2025-11-13 13:30,2025-11-13 12:15,2025-11-13 13:15,2025-11-13 13:00,2025-11-13 13:15,15.0,partial overlap,Low,Remote,Conference Room B
CONF_1614,P028,Meeting,Operations Check,2025-11-13 16:45,2025-11-13 17:15,2025-11-13 16:30,2025-11-13 17:30,2025-11-13 16:45,2025-11-13 17:15,30.0,full overlap,Medium,Cafe,Break Room
CONF_1615,P028,Client Visit,Operations Check,2025-11-13 17:15,2025-11-13 17:30,2025-11-13 16:30,2025-11-13 17:30,2025-11-13 17:15,2025-11-13 17:30,15.0,full overlap,Low,Remote,Break Room
CONF_1616,P028,Deployment,Design Review,2025-11-16 14:30,2025-11-16 15:15,2025-11-16 15:00,2025-11-16 15:15,2025-11-16 15:00,2025-11-16 15:15,15.0,full overlap,Low,Demo Hall,Test Lab
CONF_1617,P028,Testing Acceptance,Tech Sharing,2025-11-17 18:00,2025-11-17 18:15,2025-11-17 17:45,2025-11-17 18:15,2025-11-17 18:00,2025-11-17 18:15,15.0,full overlap,Low,Product Showcase,Office Area 2
CONF_1618,P028,Design Review,Testing Acceptance,2025-11-16 18:15,2025-11-16 18:45,2025-11-16 18:00,2025-11-16 18:30,2025-11-16 18:15,2025-11-16 18:30,15.0,partial overlap,Low,Demo Hall,Office Area 2
CONF_1619,P028,Product Demo,Requirements Analysis,2025-11-21 12:15,2025-11-21 12:30,2025-11-21 12:15,2025-11-21 12:30,2025-11-21 12:15,2025-11-21 12:30,15.0,full overlap,Low,Remote,Training Room
CONF_1620,P028,Testing Acceptance,Product Demo,2025-11-19 11:45,2025-11-19 12:00,2025-11-19 11:30,2025-11-19 12:00,2025-11-19 11:45,2025-11-19 12:00,15.0,full overlap,Low,Test Lab,Conference Room A
CONF_1621,P028,One-on-One,Deployment,2025-11-21 09:30,2025-11-21 10:15,2025-11-21 09:15,2025-11-21 09:45,2025-11-21 09:30,2025-11-21 09:45,15.0,partial overlap,Low,Conference Room A,Product Showcase
CONF_1622,P028,Design Review,Client Visit,2025-11-22 17:30,2025-11-22 17:45,2025-11-22 17:15,2025-11-22 17:45,2025-11-22 17:30,2025-11-22 17:45,15.0,full overlap,Low,Conference Room A,Conference Room A
CONF_1623,P028,Client Visit,Design Review,2025-11-18 11:19,2025-11-18 12:12,2025-11-18 11:00,2025-11-18 11:45,2025-11-18 11:19,2025-11-18 11:45,26.0,partial overlap,Low,Online Meeting,Conference Room C
CONF_1624,P028,Client Visit,Tech Sharing,2025-11-17 18:12,2025-11-17 19:11,2025-11-17 17:45,2025-11-17 18:15,2025-11-17 18:12,2025-11-17 18:15,3.0,partial overlap,Low,Office Area 2,Office Area 2
CONF_1625,P028,Client Visit,Testing Acceptance,2025-11-17 18:12,2025-11-17 19:11,2025-11-17 18:00,2025-11-17 18:15,2025-11-17 18:12,2025-11-17 18:15,3.0,partial overlap,Low,Office Area 2,Product Showcase
CONF_1626,P028,Operations Check,Code Review,2025-11-20 17:03,2025-11-20 17:18,2025-11-20 16:45,2025-11-20 17:15,2025-11-20 17:03,2025-11-20 17:15,12.0,partial overlap,Low,Conference Room A,Cafe
CONF_1627,P028,Testing Acceptance,Brainstorming,2025-11-16 16:57,2025-11-16 17:23,2025-11-16 16:45,2025-11-16 17:15,2025-11-16 16:57,2025-11-16 17:15,18.0,partial overlap,Low,Client Reception,Conference Room A
CONF_1628,P028,One-on-One,Client Visit,2025-11-13 17:39,2025-11-13 17:54,2025-11-13 17:38,2025-11-13 17:58,2025-11-13 17:39,2025-11-13 17:54,15.0,full overlap,Low,Product Showcase,Break Room
CONF_1629,P028,Deployment,Testing Acceptance,2025-11-21 18:35,2025-11-21 19:22,2025-11-21 18:30,2025-11-21 18:45,2025-11-21 18:35,2025-11-21 18:45,10.0,partial overlap,Low,R&D Center,Break Room
CONF_1630,P028,Team Building,Deployment,2025-11-21 18:55,2025-11-21 19:24,2025-11-21 18:35,2025-11-21 19:22,2025-11-21 18:55,2025-11-21 19:22,27.0,partial overlap,Low,Office Area 1,R&D Center
CONF_1631,P029,Project Discussion,Team Building,2025-11-04 16:30,2025-11-04 17:30,2025-11-04 15:30,2025-11-04 17:00,2025-11-04 16:30,2025-11-04 17:00,30.0,partial overlap,Medium,R&D Center,Cafe
CONF_1632,P029,Project Discussion,Product Demo,2025-11-04 16:30,2025-11-04 17:30,2025-11-04 17:15,2025-11-04 18:00,2025-11-04 17:15,2025-11-04 17:30,15.0,partial overlap,Low,R&D Center,Demo Hall
CONF_1633,P029,Design Review,Product Demo,2025-11-04 17:30,2025-11-04 18:30,2025-11-04 17:15,2025-11-04 18:00,2025-11-04 17:30,2025-11-04 18:00,30.0,partial overlap,Medium,Break Room,Demo Hall
CONF_1634,P029,Team Building,Team Building,2025-11-04 15:56,2025-11-04 16:38,2025-11-04 15:30,2025-11-04 17:00,2025-11-04 15:56,2025-11-04 16:38,42.0,full overlap,Medium,Remote,Cafe
CONF_1635,P029,Team Building,Project Discussion,2025-11-04 15:56,2025-11-04 16:38,2025-11-04 16:30,2025-11-04 17:30,2025-11-04 16:30,2025-11-04 16:38,8.0,partial overlap,Low,Remote,R&D Center
CONF_1636,P029,Product Demo,Training,2025-11-07 08:13,2025-11-07 08:28,2025-11-07 08:00,2025-11-07 08:30,2025-11-07 08:13,2025-11-07 08:28,15.0,full overlap,Low,Online Meeting,Cafe
CONF_1637,P029,Operations Check,Team Building,2025-11-04 15:47,2025-11-04 16:18,2025-11-04 15:56,2025-11-04 16:38,2025-11-04 15:56,2025-11-04 16:18,22.0,partial overlap,Low,Remote,Remote
CONF_1638,P029,Operations Check,Team Building,2025-11-04 15:47,2025-11-04 16:18,2025-11-04 15:30,2025-11-04 17:00,2025-11-04 15:47,2025-11-04 16:18,31.0,full overlap,Medium,Remote,Cafe
CONF_1639,P029,Deployment,One-on-One,2025-11-09 10:30,2025-11-09 11:15,2025-11-09 10:15,2025-11-09 10:45,2025-11-09 10:30,2025-11-09 10:45,15.0,partial overlap,Low,Break Room,Break Room
CONF_1640,P029,Team Building,Training,2025-11-07 13:00,2025-11-07 14:00,2025-11-07 13:45,2025-11-07 14:45,2025-11-07 13:45,2025-11-07 14:00,15.0,partial overlap,Low,Office Area 1,Training Room
CONF_1641,P029,Operations Check,Testing Acceptance,2025-11-12 17:00,2025-11-12 17:45,2025-11-12 16:45,2025-11-12 17:45,2025-11-12 17:00,2025-11-12 17:45,45.0,full overlap,Medium,Office Area 1,Office Area 2
CONF_1642,P029,Tech Sharing,Design Review,2025-11-14 08:30,2025-11-14 09:15,2025-11-14 09:00,2025-11-14 09:30,2025-11-14 09:00,2025-11-14 09:15,15.0,partial overlap,Low,Conference Room C,Product Showcase
CONF_1643,P029,Team Building,Code Review,2025-11-10 08:38,2025-11-10 08:55,2025-11-10 08:30,2025-11-10 09:00,2025-11-10 08:38,2025-11-10 08:55,17.0,full overlap,Low,Conference Room A,Cafe
CONF_1644,P029,Brainstorming,Requirements Analysis,2025-11-15 16:54,2025-11-15 17:18,2025-11-15 16:45,2025-11-15 17:15,2025-11-15 16:54,2025-11-15 17:15,21.0,partial overlap,Low,Conference Room C,Conference Room A
CONF_1645,P029,Design Review,Code Review,2025-11-10 08:45,2025-11-10 09:24,2025-11-10 08:30,2025-11-10 09:00,2025-11-10 08:45,2025-11-10 09:00,15.0,partial overlap,Low,Client Reception,Cafe
CONF_1646,P029,Design Review,Team Building,2025-11-10 08:45,2025-11-10 09:24,2025-11-10 08:38,2025-11-10 08:55,2025-11-10 08:45,2025-11-10 08:55,10.0,partial overlap,Low,Client Reception,Conference Room A
CONF_1647,P029,Brainstorming,Testing Acceptance,2025-11-11 17:50,2025-11-11 18:16,2025-11-11 17:45,2025-11-11 18:15,2025-11-11 17:50,2025-11-11 18:15,25.0,partial overlap,Low,Conference Room B,Demo Hall
CONF_1648,P029,Brainstorming,Tech Sharing,2025-11-16 10:00,2025-11-16 10:45,2025-11-16 10:30,2025-11-16 11:00,2025-11-16 10:30,2025-11-16 10:45,15.0,partial overlap,Low,Online Meeting,Conference Room A
CONF_1649,P029,Product Demo,Brainstorming,2025-11-16 10:15,2025-11-16 11:00,2025-11-16 10:00,2025-11-16 10:45,2025-11-16 10:15,2025-11-16 10:45,30.0,partial overlap,Medium,Break Room,Online Meeting
CONF_1650,P029,Product Demo,Tech Sharing,2025-11-16 10:15,2025-11-16 11:00,2025-11-16 10:30,2025-11-16 11:00,2025-11-16 10:30,2025-11-16 11:00,30.0,full overlap,Medium,Break Room,Conference Room A
CONF_1651,P029,Project Discussion,Team Building,2025-11-19 12:00,2025-11-19 12:30,2025-11-19 12:00,2025-11-19 12:15,2025-11-19 12:00,2025-11-19 12:15,15.0,full overlap,Low,Online Meeting,Remote
CONF_1652,P029,Design Review,Tech Sharing,2025-11-20 08:45,2025-11-20 09:30,2025-11-20 09:00,2025-11-20 09:30,2025-11-20 09:00,2025-11-20 09:30,30.0,full overlap,Medium,Office Area 1,Office Area 1
CONF_1653,P029,One-on-One,Operations Check,2025-11-22 16:21,2025-11-22 17:07,2025-11-22 16:00,2025-11-22 16:30,2025-11-22 16:21,2025-11-22 16:30,9.0,partial overlap,Low,Conference Room A,Office Area 2
CONF_1654,P029,Operations Check,One-on-One,2025-11-22 16:28,2025-11-22 17:04,2025-11-22 16:21,2025-11-22 17:07,2025-11-22 16:28,2025-11-22 17:04,36.0,full overlap,Medium,Demo Hall,Conference Room A
CONF_1655,P029,Operations Check,Operations Check,2025-11-22 16:28,2025-11-22 17:04,2025-11-22 16:00,2025-11-22 16:30,2025-11-22 16:28,2025-11-22 16:30,2.0,partial overlap,Low,Demo Hall,Office Area 2
CONF_1656,P029,Operations Check,Code Review,2025-11-20 15:54,2025-11-20 16:36,2025-11-20 15:45,2025-11-20 16:30,2025-11-20 15:54,2025-11-20 16:30,36.0,partial overlap,Medium,Cafe,Product Showcase
CONF_1657,P029,Operations Check,Testing Acceptance,2025-11-20 15:54,2025-11-20 16:36,2025-11-20 16:30,2025-11-20 17:00,2025-11-20 16:30,2025-11-20 16:36,6.0,partial overlap,Low,Cafe,Office Area 1
CONF_1658,P029,Design Review,Brainstorming,2025-11-16 10:09,2025-11-16 10:59,2025-11-16 10:00,2025-11-16 10:45,2025-11-16 10:09,2025-11-16 10:45,36.0,partial overlap,Medium,Test Lab,Online Meeting
CONF_1659,P029,Design Review,Tech Sharing,2025-11-16 10:09,2025-11-16 10:59,2025-11-16 10:30,2025-11-16 11:00,2025-11-16 10:30,2025-11-16 10:59,29.0,partial overlap,Low,Test Lab,Conference Room A
CONF_1660,P029,Design Review,Product Demo,2025-11-16 10:09,2025-11-16 10:59,2025-11-16 10:15,2025-11-16 11:00,2025-11-16 10:15,2025-11-16 10:59,44.0,partial overlap,Medium,Test Lab,Break Room
CONF_1661,P029,Deployment,Brainstorming,2025-11-16 15:08,2025-11-16 15:30,2025-11-16 15:00,2025-11-16 15:45,2025-11-16 15:08,2025-11-16 15:30,22.0,full overlap,Low,Demo Hall,Product Showcase
CONF_1662,P029,Training,Code Review,2025-11-21 17:25,2025-11-21 18:22,2025-11-21 17:15,2025-11-21 17:45,2025-11-21 17:25,2025-11-21 17:45,20.0,partial overlap,Low,Remote,Client Reception
CONF_1663,P029,Training,Operations Check,2025-11-21 17:25,2025-11-21 18:22,2025-11-21 18:15,2025-11-21 18:30,2025-11-21 18:15,2025-11-21 18:22,7.0,partial overlap,Low,Remote,Demo Hall
CONF_1664,P030,Testing Acceptance,Tech Sharing,2025-11-05 17:08,2025-11-05 17:36,2025-11-05 17:00,2025-11-05 17:30,2025-11-05 17:08,2025-11-05 17:30,22.0,partial overlap,Low,Conference Room B,Conference Room A
CONF_1665,P030,Requirements Analysis,Team Building,2025-11-08 16:16,2025-11-08 17:14,2025-11-08 16:00,2025-11-08 17:30,2025-11-08 16:16,2025-11-08 17:14,58.0,full overlap,Medium,Cafe,Demo Hall
CONF_1666,P030,Requirements Analysis,Design Review,2025-11-07 14:30,2025-11-07 15:30,2025-11-07 14:45,2025-11-07 15:45,2025-11-07 14:45,2025-11-07 15:30,45.0,partial overlap,Medium,Training Room,Office Area 2
CONF_1667,P030,Requirements Analysis,Design Review,2025-11-09 13:45,2025-11-09 14:45,2025-11-09 13:30,2025-11-09 14:15,2025-11-09 13:45,2025-11-09 14:15,30.0,partial overlap,Medium,Break Room,Cafe
CONF_1668,P030,Design Review,Team Building,2025-11-08 16:00,2025-11-08 16:30,2025-11-08 16:00,2025-11-08 17:30,2025-11-08 16:00,2025-11-08 16:30,30.0,full overlap,Medium,Office Area 2,Demo Hall
CONF_1669,P030,Design Review,Requirements Analysis,2025-11-08 16:00,2025-11-08 16:30,2025-11-08 16:16,2025-11-08 17:14,2025-11-08 16:16,2025-11-08 16:30,14.0,partial overlap,Low,Office Area 2,Cafe
CONF_1670,P030,One-on-One,Training,2025-11-11 14:30,2025-11-11 15:00,2025-11-11 14:15,2025-11-11 15:15,2025-11-11 14:30,2025-11-11 15:00,30.0,full overlap,Medium,Online Meeting,R&D Center
CONF_1671,P030,Tech Sharing,Project Discussion,2025-11-13 17:30,2025-11-13 18:30,2025-11-13 16:45,2025-11-13 17:45,2025-11-13 17:30,2025-11-13 17:45,15.0,partial overlap,Low,Product Showcase,Office Area 2
CONF_1672,P030,Brainstorming,Team Building,2025-11-12 16:30,2025-11-12 17:30,2025-11-12 16:30,2025-11-12 17:15,2025-11-12 16:30,2025-11-12 17:15,45.0,full overlap,Medium,Conference Room B,Product Showcase
CONF_1673,P030,Training,Design Review,2025-11-13 09:50,2025-11-13 10:40,2025-11-13 09:30,2025-11-13 10:00,2025-11-13 09:50,2025-11-13 10:00,10.0,partial overlap,Low,Conference Room C,Cafe
CONF_1674,P030,Design Review,Tech Sharing,2025-11-13 17:08,2025-11-13 17:59,2025-11-13 17:30,2025-11-13 18:30,2025-11-13 17:30,2025-11-13 17:59,29.0,partial overlap,Low,Cafe,Product Showcase
CONF_1675,P030,Design Review,Project Discussion,2025-11-13 17:08,2025-11-13 17:59,2025-11-13 16:45,2025-11-13 17:45,2025-11-13 17:08,2025-11-13 17:45,37.0,partial overlap,Medium,Cafe,Office Area 2
CONF_1676,P030,Design Review,Training,2025-11-05 16:08,2025-11-05 16:56,2025-11-05 15:45,2025-11-05 16:15,2025-11-05 16:08,2025-11-05 16:15,7.0,partial overlap,Low,Remote,Demo Hall
CONF_1677,P030,Project Discussion,Training,2025-11-13 09:39,2025-11-13 10:39,2025-11-13 09:50,2025-11-13 10:40,2025-11-13 09:50,2025-11-13 10:39,49.0,partial overlap,Medium,Office Area 2,Conference Room C
CONF_1678,P030,Project Discussion,Design Review,2025-11-13 09:39,2025-11-13 10:39,2025-11-13 09:30,2025-11-13 10:00,2025-11-13 09:39,2025-11-13 10:00,21.0,partial overlap,Low,Office Area 2,Cafe
CONF_1679,P030,Training,Code Review,2025-11-17 15:30,2025-11-17 16:15,2025-11-17 15:30,2025-11-17 15:45,2025-11-17 15:30,2025-11-17 15:45,15.0,full overlap,Low,Training Room,Office Area 1
CONF_1680,P030,Product Demo,Tech Sharing,2025-11-17 18:15,2025-11-17 18:45,2025-11-17 18:15,2025-11-17 18:45,2025-11-17 18:15,2025-11-17 18:45,30.0,full overlap,Medium,Product Showcase,Training Room
CONF_1681,P030,Design Review,Deployment,2025-11-17 09:30,2025-11-17 10:00,2025-11-17 09:30,2025-11-17 09:45,2025-11-17 09:30,2025-11-17 09:45,15.0,full overlap,Low,Online Meeting,Conference Room B
CONF_1682,P030,Meeting,Code Review,2025-11-24 10:15,2025-11-24 10:45,2025-11-24 10:00,2025-11-24 10:45,2025-11-24 10:15,2025-11-24 10:45,30.0,full overlap,Medium,Remote,Office Area 1
CONF_1683,P030,Brainstorming,Product Demo,2025-11-18 18:30,2025-11-18 19:15,2025-11-18 18:30,2025-11-18 18:45,2025-11-18 18:30,2025-11-18 18:45,15.0,full overlap,Low,Conference Room C,Conference Room C
CONF_1684,P030,Operations Check,Tech Sharing,2025-11-20 09:11,2025-11-20 09:28,2025-11-20 09:00,2025-11-20 09:30,2025-11-20 09:11,2025-11-20 09:28,17.0,full overlap,Low,Conference Room B,R&D Center
CONF_1685,P030,One-on-One,Training,2025-11-17 15:59,2025-11-17 16:33,2025-11-17 15:30,2025-11-17 16:15,2025-11-17 15:59,2025-11-17 16:15,16.0,partial overlap,Low,Demo Hall,Training Room
CONF_1686,P030,Training,Design Review,2025-11-23 08:56,2025-11-23 09:41,2025-11-23 08:45,2025-11-23 09:00,2025-11-23 08:56,2025-11-23 09:00,4.0,partial overlap,Low,Office Area 1,Demo Hall
CONF_1687,P031,Operations Check,Deployment,2025-11-01 16:00,2025-11-01 17:30,2025-11-01 15:45,2025-11-01 16:15,2025-11-01 16:00,2025-11-01 16:15,15.0,partial overlap,Low,Cafe,Office Area 2
CONF_1688,P031,Design Review,Operations Check,2025-10-30 11:39,2025-10-30 12:25,2025-10-30 11:15,2025-10-30 12:00,2025-10-30 11:39,2025-10-30 12:00,21.0,partial overlap,Low,Office Area 1,Online Meeting
CONF_1689,P031,Testing Acceptance,Code Review,2025-11-10 08:15,2025-11-10 09:15,2025-11-10 08:30,2025-11-10 09:15,2025-11-10 08:30,2025-11-10 09:15,45.0,full overlap,Medium,Test Lab,Remote
CONF_1690,P031,Deployment,Testing Acceptance,2025-11-08 11:30,2025-11-08 12:15,2025-11-08 10:45,2025-11-08 11:45,2025-11-08 11:30,2025-11-08 11:45,15.0,partial overlap,Low,Training Room,Conference Room B
CONF_1691,P031,Requirements Analysis,Client Visit,2025-11-10 13:45,2025-11-10 14:30,2025-11-10 14:15,2025-11-10 15:00,2025-11-10 14:15,2025-11-10 14:30,15.0,partial overlap,Low,Conference Room C,Remote
CONF_1692,P031,Product Demo,Code Review,2025-11-12 09:15,2025-11-12 09:45,2025-11-12 09:30,2025-11-12 10:00,2025-11-12 09:30,2025-11-12 09:45,15.0,partial overlap,Low,Conference Room A,Conference Room A
CONF_1693,P031,Product Demo,Project Discussion,2025-11-10 11:13,2025-11-10 11:49,2025-11-10 10:45,2025-11-10 11:45,2025-11-10 11:13,2025-11-10 11:45,32.0,partial overlap,Medium,Office Area 2,Cafe
CONF_1694,P031,Requirements Analysis,Project Discussion,2025-11-08 09:36,2025-11-08 09:59,2025-11-08 09:30,2025-11-08 10:30,2025-11-08 09:36,2025-11-08 09:59,23.0,full overlap,Low,Conference Room C,Remote
CONF_1695,P031,Project Discussion,Brainstorming,2025-11-15 18:14,2025-11-15 18:49,2025-11-15 18:00,2025-11-15 19:00,2025-11-15 18:14,2025-11-15 18:49,35.0,full overlap,Medium,Conference Room A,Conference Room B
CONF_1696,P031,Code Review,Team Building,2025-11-07 16:10,2025-11-07 16:52,2025-11-07 16:00,2025-11-07 17:00,2025-11-07 16:10,2025-11-07 16:52,42.0,full overlap,Medium,Product Showcase,Office Area 1
CONF_1697,P031,Brainstorming,One-on-One,2025-11-05 16:42,2025-11-05 17:00,2025-11-05 16:15,2025-11-05 17:00,2025-11-05 16:42,2025-11-05 17:00,18.0,full overlap,Low,Client Reception,Remote
CONF_1698,P031,Client Visit,Tech Sharing,2025-11-07 11:09,2025-11-07 11:57,2025-11-07 10:45,2025-11-07 11:15,2025-11-07 11:09,2025-11-07 11:15,6.0,partial overlap,Low,Office Area 1,R&D Center
CONF_1699,P031,Brainstorming,Deployment,2025-11-16 15:00,2025-11-16 15:15,2025-11-16 15:00,2025-11-16 15:30,2025-11-16 15:00,2025-11-16 15:15,15.0,full overlap,Low,Test Lab,Conference Room B
CONF_1700,P031,Requirements Analysis,Testing Acceptance,2025-11-20 17:45,2025-11-20 18:30,2025-11-20 17:30,2025-11-20 18:15,2025-11-20 17:45,2025-11-20 18:15,30.0,partial overlap,Medium,Conference Room A,Online Meeting
CONF_1701,P031,Requirements Analysis,Tech Sharing,2025-11-21 09:00,2025-11-21 09:45,2025-11-21 09:15,2025-11-21 10:00,2025-11-21 09:15,2025-11-21 09:45,30.0,partial overlap,Medium,Demo Hall,Conference Room A
CONF_1702,P031,Tech Sharing,Tech Sharing,2025-11-19 10:45,2025-11-19 11:30,2025-11-19 10:30,2025-11-19 11:15,2025-11-19 10:45,2025-11-19 11:15,30.0,partial overlap,Medium,R&D Center,Office Area 1
CONF_1703,P031,Tech Sharing,Code Review,2025-11-24 15:57,2025-11-24 16:38,2025-11-24 15:45,2025-11-24 16:30,2025-11-24 15:57,2025-11-24 16:30,33.0,partial overlap,Medium,Client Reception,Test Lab
CONF_1704,P031,Code Review,Deployment,2025-11-22 09:37,2025-11-22 10:31,2025-11-22 09:15,2025-11-22 10:00,2025-11-22 09:37,2025-11-22 10:00,23.0,partial overlap,Low,Product Showcase,Online Meeting
CONF_1705,P032,Team Building,Client Visit,2025-11-01 12:30,2025-11-01 13:15,2025-11-01 12:30,2025-11-01 13:15,2025-11-01 12:30,2025-11-01 13:15,45.0,full overlap,Medium,Office Area 1,Office Area 2
CONF_1706,P032,Operations Check,Operations Check,2025-11-02 14:15,2025-11-02 15:15,2025-11-02 13:15,2025-11-02 14:45,2025-11-02 14:15,2025-11-02 14:45,30.0,partial overlap,Medium,Conference Room B,Cafe
CONF_1707,P032,Project Discussion,Requirements Analysis,2025-11-02 17:53,2025-11-02 18:16,2025-11-02 17:30,2025-11-02 18:15,2025-11-02 17:53,2025-11-02 18:15,22.0,partial overlap,Low,Conference Room B,Break Room
CONF_1708,P032,Code Review,Client Visit,2025-11-01 12:54,2025-11-01 13:14,2025-11-01 12:30,2025-11-01 13:15,2025-11-01 12:54,2025-11-01 13:14,20.0,full overlap,Low,Remote,Office Area 2
CONF_1709,P032,Code Review,Team Building,2025-11-01 12:54,2025-11-01 13:14,2025-11-01 12:30,2025-11-01 13:15,2025-11-01 12:54,2025-11-01 13:14,20.0,full overlap,Low,Remote,Office Area 1
CONF_1710,P032,Operations Check,Deployment,2025-11-12 08:30,2025-11-12 09:30,2025-11-12 08:30,2025-11-12 09:15,2025-11-12 08:30,2025-11-12 09:15,45.0,full overlap,Medium,Office Area 1,Client Reception
CONF_1711,P032,Design Review,Testing Acceptance,2025-11-10 10:15,2025-11-10 11:00,2025-11-10 10:30,2025-11-10 11:30,2025-11-10 10:30,2025-11-10 11:00,30.0,partial overlap,Medium,Conference Room B,Test Lab
CONF_1712,P032,One-on-One,Brainstorming,2025-11-12 15:45,2025-11-12 16:45,2025-11-12 15:45,2025-11-12 16:15,2025-11-12 15:45,2025-11-12 16:15,30.0,full overlap,Medium,Conference Room C,Client Reception
CONF_1713,P032,Team Building,Team Building,2025-11-09 13:30,2025-11-09 14:30,2025-11-09 13:30,2025-11-09 14:15,2025-11-09 13:30,2025-11-09 14:15,45.0,full overlap,Medium,Office Area 1,Demo Hall
CONF_1714,P032,Project Discussion,Project Discussion,2025-11-16 08:45,2025-11-16 09:45,2025-11-16 09:00,2025-11-16 09:45,2025-11-16 09:00,2025-11-16 09:45,45.0,full overlap,Medium,Conference Room B,R&D Center
CONF_1715,P032,Tech Sharing,Brainstorming,2025-11-10 18:32,2025-11-10 18:59,2025-11-10 18:15,2025-11-10 19:15,2025-11-10 18:32,2025-11-10 18:59,27.0,full overlap,Low,Test Lab,R&D Center
CONF_1716,P032,Client Visit,Team Building,2025-11-13 13:40,2025-11-13 14:23,2025-11-13 13:30,2025-11-13 14:00,2025-11-13 13:40,2025-11-13 14:00,20.0,partial overlap,Low,Training Room,Conference Room B
CONF_1717,P032,Requirements Analysis,Requirements Analysis,2025-11-14 15:57,2025-11-14 16:41,2025-11-14 15:45,2025-11-14 16:15,2025-11-14 15:57,2025-11-14 16:15,18.0,partial overlap,Low,Conference Room B,Demo Hall
CONF_1718,P032,Design Review,Requirements Analysis,2025-11-09 10:44,2025-11-09 11:22,2025-11-09 10:15,2025-11-09 11:00,2025-11-09 10:44,2025-11-09 11:00,16.0,partial overlap,Low,Remote,Conference Room C
CONF_1719,P032,Brainstorming,Project Discussion,2025-11-16 09:09,2025-11-16 10:04,2025-11-16 09:00,2025-11-16 09:45,2025-11-16 09:09,2025-11-16 09:45,36.0,partial overlap,Medium,Training Room,R&D Center
CONF_1720,P032,Brainstorming,Project Discussion,2025-11-16 09:09,2025-11-16 10:04,2025-11-16 08:45,2025-11-16 09:45,2025-11-16 09:09,2025-11-16 09:45,36.0,partial overlap,Medium,Training Room,Conference Room B
CONF_1721,P032,Testing Acceptance,Requirements Analysis,2025-11-09 10:37,2025-11-09 10:57,2025-11-09 10:15,2025-11-09 11:00,2025-11-09 10:37,2025-11-09 10:57,20.0,full overlap,Low,Office Area 2,Conference Room C
CONF_1722,P032,Testing Acceptance,Design Review,2025-11-09 10:37,2025-11-09 10:57,2025-11-09 10:44,2025-11-09 11:22,2025-11-09 10:44,2025-11-09 10:57,13.0,partial overlap,Low,Office Area 2,Remote
CONF_1723,P032,Testing Acceptance,Brainstorming,2025-11-08 15:22,2025-11-08 16:16,2025-11-08 15:00,2025-11-08 16:00,2025-11-08 15:22,2025-11-08 16:00,38.0,partial overlap,Medium,Demo Hall,Online Meeting
CONF_1724,P032,Tech Sharing,Deployment,2025-11-11 12:59,2025-11-11 13:35,2025-11-11 12:30,2025-11-11 13:00,2025-11-11 12:59,2025-11-11 13:00,1.0,partial overlap,Low,Office Area 1,Training Room
CONF_1725,P032,Team Building,Product Demo,2025-11-22 16:45,2025-11-22 17:15,2025-11-22 16:45,2025-11-22 17:00,2025-11-22 16:45,2025-11-22 17:00,15.0,full overlap,Low,Office Area 1,Office Area 2
CONF_1726,P032,Training,Operations Check,2025-11-15 18:30,2025-11-15 18:45,2025-11-15 18:30,2025-11-15 19:00,2025-11-15 18:30,2025-11-15 18:45,15.0,full overlap,Low,Test Lab,Training Room
CONF_1727,P032,Meeting,Deployment,2025-11-19 17:00,2025-11-19 17:45,2025-11-19 17:15,2025-11-19 18:00,2025-11-19 17:15,2025-11-19 17:45,30.0,partial overlap,Medium,Training Room,Demo Hall
CONF_1728,P032,Operations Check,Meeting,2025-11-22 10:45,2025-11-22 11:30,2025-11-22 11:00,2025-11-22 11:30,2025-11-22 11:00,2025-11-22 11:30,30.0,full overlap,Medium,Online Meeting,Test Lab
CONF_1729,P032,Client Visit,Code Review,2025-11-19 18:28,2025-11-19 18:45,2025-11-19 18:00,2025-11-19 18:30,2025-11-19 18:28,2025-11-19 18:30,2.0,partial overlap,Low,Online Meeting,Office Area 2
CONF_1730,P032,Meeting,Testing Acceptance,2025-11-18 18:54,2025-11-18 19:41,2025-11-18 18:45,2025-11-18 19:30,2025-11-18 18:54,2025-11-18 19:30,36.0,partial overlap,Medium,Demo Hall,Office Area 1
CONF_1731,P032,Team Building,Testing Acceptance,2025-11-23 15:08,2025-11-23 15:59,2025-11-23 14:45,2025-11-23 15:30,2025-11-23 15:08,2025-11-23 15:30,22.0,partial overlap,Low,Conference Room A,Office Area 1
CONF_1732,P032,Design Review,Team Building,2025-11-20 18:14,2025-11-20 18:51,2025-11-20 18:00,2025-11-20 18:15,2025-11-20 18:14,2025-11-20 18:15,1.0,partial overlap,Low,Product Showcase,R&D Center
CONF_1733,P032,Meeting,Training,2025-11-20 09:22,2025-11-20 10:00,2025-11-20 09:15,2025-11-20 10:00,2025-11-20 09:22,2025-11-20 10:00,38.0,full overlap,Medium,Cafe,Test Lab
CONF_1734,P032,Team Building,Training,2025-11-21 17:05,2025-11-21 18:04,2025-11-21 17:00,2025-11-21 17:30,2025-11-21 17:05,2025-11-21 17:30,25.0,partial overlap,Low,Demo Hall,Break Room
CONF_1735,P032,Team Building,Testing Acceptance,2025-11-21 17:05,2025-11-21 18:04,2025-11-21 17:30,2025-11-21 18:00,2025-11-21 17:30,2025-11-21 18:00,30.0,full overlap,Medium,Demo Hall,Client Reception
CONF_1736,P032,Testing Acceptance,Operations Check,2025-11-22 10:52,2025-11-22 11:31,2025-11-22 10:45,2025-11-22 11:30,2025-11-22 10:52,2025-11-22 11:30,38.0,partial overlap,Medium,Training Room,Online Meeting
CONF_1737,P032,Testing Acceptance,Meeting,2025-11-22 10:52,2025-11-22 11:31,2025-11-22 11:00,2025-11-22 11:30,2025-11-22 11:00,2025-11-22 11:30,30.0,full overlap,Medium,Training Room,Test Lab
CONF_1738,P032,Product Demo,Operations Check,2025-11-15 18:48,2025-11-15 19:41,2025-11-15 18:30,2025-11-15 19:00,2025-11-15 18:48,2025-11-15 19:00,12.0,partial overlap,Low,Break Room,Training Room
CONF_1739,P033,Product Demo,Code Review,2025-10-30 16:45,2025-10-30 17:45,2025-10-30 17:00,2025-10-30 18:30,2025-10-30 17:00,2025-10-30 17:45,45.0,partial overlap,Medium,Training Room,Conference Room B
CONF_1740,P033,Tech Sharing,Project Discussion,2025-11-07 16:30,2025-11-07 17:30,2025-11-07 16:15,2025-11-07 17:00,2025-11-07 16:30,2025-11-07 17:00,30.0,partial overlap,Medium,Online Meeting,Product Showcase
CONF_1741,P033,Deployment,Tech Sharing,2025-11-05 09:15,2025-11-05 10:15,2025-11-05 10:00,2025-11-05 10:30,2025-11-05 10:00,2025-11-05 10:15,15.0,partial overlap,Low,Product Showcase,Office Area 2
CONF_1742,P033,Deployment,Design Review,2025-11-09 08:45,2025-11-09 09:45,2025-11-09 09:15,2025-11-09 10:00,2025-11-09 09:15,2025-11-09 09:45,30.0,partial overlap,Medium,Office Area 1,Conference Room C
CONF_1743,P033,Code Review,Brainstorming,2025-11-08 13:15,2025-11-08 14:00,2025-11-08 13:15,2025-11-08 14:00,2025-11-08 13:15,2025-11-08 14:00,45.0,full overlap,Medium,Break Room,Office Area 1
CONF_1744,P033,Project Discussion,Brainstorming,2025-11-08 13:15,2025-11-08 14:00,2025-11-08 13:15,2025-11-08 14:00,2025-11-08 13:15,2025-11-08 14:00,45.0,full overlap,Medium,Office Area 1,Office Area 1
CONF_1745,P033,Project Discussion,Code Review,2025-11-08 13:15,2025-11-08 14:00,2025-11-08 13:15,2025-11-08 14:00,2025-11-08 13:15,2025-11-08 14:00,45.0,full overlap,Medium,Office Area 1,Break Room
CONF_1746,P033,One-on-One,Meeting,2025-11-09 12:45,2025-11-09 13:15,2025-11-09 12:45,2025-11-09 13:15,2025-11-09 12:45,2025-11-09 13:15,30.0,full overlap,Medium,Cafe,Conference Room C
CONF_1747,P033,Brainstorming,Requirements Analysis,2025-11-15 10:39,2025-11-15 11:27,2025-11-15 10:30,2025-11-15 11:00,2025-11-15 10:39,2025-11-15 11:00,21.0,partial overlap,Low,Client Reception,R&D Center
CONF_1748,P033,Team Building,Brainstorming,2025-11-16 11:15,2025-11-16 12:12,2025-11-16 10:45,2025-11-16 11:30,2025-11-16 11:15,2025-11-16 11:30,15.0,partial overlap,Low,Office Area 2,Remote
CONF_1749,P033,Training,Brainstorming,2025-11-15 11:00,2025-11-15 11:57,2025-11-15 10:39,2025-11-15 11:27,2025-11-15 11:00,2025-11-15 11:27,27.0,partial overlap,Low,Break Room,Client Reception
CONF_1750,P033,Training,Client Visit,2025-11-09 17:43,2025-11-09 18:38,2025-11-09 17:15,2025-11-09 18:00,2025-11-09 17:43,2025-11-09 18:00,17.0,partial overlap,Low,Break Room,Cafe
CONF_1751,P033,Client Visit,Deployment,2025-11-16 18:28,2025-11-16 18:43,2025-11-16 18:00,2025-11-16 19:00,2025-11-16 18:28,2025-11-16 18:43,15.0,full overlap,Low,Client Reception,Conference Room B
CONF_1752,P033,Code Review,Operations Check,2025-11-12 17:45,2025-11-12 18:15,2025-11-12 17:15,2025-11-12 18:00,2025-11-12 17:45,2025-11-12 18:00,15.0,partial overlap,Low,Test Lab,Demo Hall
CONF_1753,P033,Tech Sharing,Product Demo,2025-11-13 15:45,2025-11-13 16:30,2025-11-13 15:30,2025-11-13 16:00,2025-11-13 15:45,2025-11-13 16:00,15.0,partial overlap,Low,Product Showcase,Cafe
CONF_1754,P033,Brainstorming,Training,2025-11-15 11:30,2025-11-15 12:15,2025-11-15 11:00,2025-11-15 11:57,2025-11-15 11:30,2025-11-15 11:57,27.0,partial overlap,Low,R&D Center,Break Room
CONF_1755,P033,Operations Check,Code Review,2025-11-20 12:45,2025-11-20 13:15,2025-11-20 13:00,2025-11-20 13:30,2025-11-20 13:00,2025-11-20 13:15,15.0,partial overlap,Low,Conference Room C,Conference Room C
CONF_1756,P033,Project Discussion,Team Building,2025-11-16 11:30,2025-11-16 11:45,2025-11-16 11:15,2025-11-16 12:12,2025-11-16 11:30,2025-11-16 11:45,15.0,full overlap,Low,Online Meeting,Office Area 2
CONF_1757,P033,Client Visit,Brainstorming,2025-11-16 10:45,2025-11-16 11:00,2025-11-16 10:45,2025-11-16 11:30,2025-11-16 10:45,2025-11-16 11:00,15.0,full overlap,Low,Online Meeting,Remote
CONF_1758,P033,Project Discussion,Brainstorming,2025-11-15 11:00,2025-11-15 11:15,2025-11-15 10:39,2025-11-15 11:27,2025-11-15 11:00,2025-11-15 11:15,15.0,full overlap,Low,Office Area 1,Client Reception
CONF_1759,P033,Project Discussion,Training,2025-11-15 11:00,2025-11-15 11:15,2025-11-15 11:00,2025-11-15 11:57,2025-11-15 11:00,2025-11-15 11:15,15.0,full overlap,Low,Office Area 1,Break Room
CONF_1760,P033,Operations Check,Deployment,2025-11-16 18:00,2025-11-16 18:15,2025-11-16 18:00,2025-11-16 19:00,2025-11-16 18:00,2025-11-16 18:15,15.0,full overlap,Low,Conference Room C,Conference Room B
CONF_1761,P033,Team Building,Operations Check,2025-11-23 10:30,2025-11-23 11:00,2025-11-23 10:45,2025-11-23 11:15,2025-11-23 10:45,2025-11-23 11:00,15.0,partial overlap,Low,Remote,Office Area 2
CONF_1762,P033,Client Visit,Requirements Analysis,2025-11-18 11:30,2025-11-18 12:15,2025-11-18 11:00,2025-11-18 11:45,2025-11-18 11:30,2025-11-18 11:45,15.0,partial overlap,Low,Product Showcase,Online Meeting
CONF_1763,P033,Client Visit,Training,2025-11-19 12:15,2025-11-19 12:45,2025-11-19 11:45,2025-11-19 12:30,2025-11-19 12:15,2025-11-19 12:30,15.0,partial overlap,Low,Demo Hall,Break Room
CONF_1764,P033,Requirements Analysis,Deployment,2025-11-20 15:45,2025-11-20 16:00,2025-11-20 15:45,2025-11-20 16:30,2025-11-20 15:45,2025-11-20 16:00,15.0,full overlap,Low,Conference Room B,Cafe
CONF_1765,P033,Training,One-on-One,2025-11-17 17:42,2025-11-17 18:20,2025-11-17 17:30,2025-11-17 17:45,2025-11-17 17:42,2025-11-17 17:45,3.0,partial overlap,Low,Remote,Cafe
CONF_1766,P033,Requirements Analysis,Client Visit,2025-11-18 11:06,2025-11-18 12:00,2025-11-18 11:30,2025-11-18 12:15,2025-11-18 11:30,2025-11-18 12:00,30.0,partial overlap,Medium,Demo Hall,Product Showcase
CONF_1767,P033,Requirements Analysis,Requirements Analysis,2025-11-18 11:06,2025-11-18 12:00,2025-11-18 11:00,2025-11-18 11:45,2025-11-18 11:06,2025-11-18 11:45,39.0,partial overlap,Medium,Demo Hall,Online Meeting
CONF_1768,P033,Client Visit,Deployment,2025-11-16 18:19,2025-11-16 19:18,2025-11-16 18:00,2025-11-16 19:00,2025-11-16 18:19,2025-11-16 19:00,41.0,partial overlap,Medium,Training Room,Conference Room B
CONF_1769,P033,Client Visit,Client Visit,2025-11-16 18:19,2025-11-16 19:18,2025-11-16 18:28,2025-11-16 18:43,2025-11-16 18:28,2025-11-16 18:43,15.0,full overlap,Low,Training Room,Client Reception
CONF_1770,P033,Design Review,Code Review,2025-11-21 11:06,2025-11-21 11:34,2025-11-21 11:00,2025-11-21 11:15,2025-11-21 11:06,2025-11-21 11:15,9.0,partial overlap,Low,Conference Room B,R&D Center
CONF_1771,P033,Team Building,Deployment,2025-11-20 11:24,2025-11-20 12:07,2025-11-20 11:15,2025-11-20 11:30,2025-11-20 11:24,2025-11-20 11:30,6.0,partial overlap,Low,Remote,Client Reception
CONF_1772,P033,Client Visit,Brainstorming,2025-11-15 11:21,2025-11-15 11:53,2025-11-15 10:39,2025-11-15 11:27,2025-11-15 11:21,2025-11-15 11:27,6.0,partial overlap,Low,Online Meeting,Client Reception
CONF_1773,P033,Client Visit,Brainstorming,2025-11-15 11:21,2025-11-15 11:53,2025-11-15 11:30,2025-11-15 12:15,2025-11-15 11:30,2025-11-15 11:53,23.0,partial overlap,Low,Online Meeting,R&D Center
CONF_1774,P033,Client Visit,Training,2025-11-15 11:21,2025-11-15 11:53,2025-11-15 11:00,2025-11-15 11:57,2025-11-15 11:21,2025-11-15 11:53,32.0,full overlap,Medium,Online Meeting,Break Room
CONF_1775,P033,Team Building,Testing Acceptance,2025-11-15 12:32,2025-11-15 13:29,2025-11-15 12:15,2025-11-15 12:45,2025-11-15 12:32,2025-11-15 12:45,13.0,partial overlap,Low,Office Area 1,Office Area 2
CONF_1776,P033,Client Visit,Deployment,2025-11-15 17:24,2025-11-15 18:01,2025-11-15 17:00,2025-11-15 17:30,2025-11-15 17:24,2025-11-15 17:30,6.0,partial overlap,Low,Break Room,Conference Room A
CONF_1777,P033,Deployment,Training,2025-11-17 17:44,2025-11-17 18:32,2025-11-17 17:42,2025-11-17 18:20,2025-11-17 17:44,2025-11-17 18:20,36.0,partial overlap,Medium,Conference Room B,Remote
CONF_1778,P033,Deployment,One-on-One,2025-11-17 17:44,2025-11-17 18:32,2025-11-17 17:30,2025-11-17 17:45,2025-11-17 17:44,2025-11-17 17:45,1.0,partial overlap,Low,Conference Room B,Cafe
CONF_1779,P034,Team Building,Training,2025-10-29 12:30,2025-10-29 13:00,2025-10-29 12:00,2025-10-29 13:30,2025-10-29 12:30,2025-10-29 13:00,30.0,full overlap,Medium,Office Area 1,Product Showcase
CONF_1780,P034,Training,Code Review,2025-11-03 10:30,2025-11-03 11:30,2025-11-03 11:15,2025-11-03 12:00,2025-11-03 11:15,2025-11-03 11:30,15.0,partial overlap,Low,Test Lab,Conference Room C
CONF_1781,P034,Training,Deployment,2025-10-31 11:44,2025-10-31 12:06,2025-10-31 11:30,2025-10-31 12:15,2025-10-31 11:44,2025-10-31 12:06,22.0,full overlap,Low,Break Room,R&D Center
CONF_1782,P034,Code Review,Tech Sharing,2025-11-08 11:15,2025-11-08 12:00,2025-11-08 11:00,2025-11-08 12:00,2025-11-08 11:15,2025-11-08 12:00,45.0,full overlap,Medium,Conference Room B,Office Area 2
CONF_1783,P034,Code Review,Deployment,2025-11-10 12:15,2025-11-10 13:00,2025-11-10 12:30,2025-11-10 13:00,2025-11-10 12:30,2025-11-10 13:00,30.0,full overlap,Medium,Client Reception,Break Room
CONF_1784,P034,Meeting,Tech Sharing,2025-11-08 10:30,2025-11-08 11:30,2025-11-08 11:00,2025-11-08 12:00,2025-11-08 11:00,2025-11-08 11:30,30.0,partial overlap,Medium,Product Showcase,Office Area 2
CONF_1785,P034,Meeting,Code Review,2025-11-08 10:30,2025-11-08 11:30,2025-11-08 11:15,2025-11-08 12:00,2025-11-08 11:15,2025-11-08 11:30,15.0,partial overlap,Low,Product Showcase,Conference Room B
CONF_1786,P034,Deployment,Testing Acceptance,2025-11-14 09:15,2025-11-14 09:45,2025-11-14 09:15,2025-11-14 10:00,2025-11-14 09:15,2025-11-14 09:45,30.0,full overlap,Medium,Cafe,Conference Room C
CONF_1787,P034,Client Visit,Requirements Analysis,2025-11-12 12:30,2025-11-12 13:00,2025-11-12 12:00,2025-11-12 13:00,2025-11-12 12:30,2025-11-12 13:00,30.0,full overlap,Medium,Conference Room B,R&D Center
CONF_1788,P034,Requirements Analysis,Client Visit,2025-11-10 10:06,2025-11-10 10:49,2025-11-10 10:00,2025-11-10 10:45,2025-11-10 10:06,2025-11-10 10:45,39.0,partial overlap,Medium,Training Room,Remote
CONF_1789,P034,One-on-One,Code Review,2025-11-08 08:39,2025-11-08 09:18,2025-11-08 08:30,2025-11-08 09:00,2025-11-08 08:39,2025-11-08 09:00,21.0,partial overlap,Low,Client Reception,R&D Center
CONF_1790,P034,Code Review,Meeting,2025-11-08 10:35,2025-11-08 11:00,2025-11-08 10:30,2025-11-08 11:30,2025-11-08 10:35,2025-11-08 11:00,25.0,full overlap,Low,Remote,Product Showcase
CONF_1791,P034,Product Demo,Meeting,2025-11-08 10:52,2025-11-08 11:31,2025-11-08 10:30,2025-11-08 11:30,2025-11-08 10:52,2025-11-08 11:30,38.0,partial overlap,Medium,Cafe,Product Showcase
CONF_1792,P034,Product Demo,Code Review,2025-11-08 10:52,2025-11-08 11:31,2025-11-08 11:15,2025-11-08 12:00,2025-11-08 11:15,2025-11-08 11:31,16.0,partial overlap,Low,Cafe,Conference Room B
CONF_1793,P034,Product Demo,Tech Sharing,2025-11-08 10:52,2025-11-08 11:31,2025-11-08 11:00,2025-11-08 12:00,2025-11-08 11:00,2025-11-08 11:31,31.0,partial overlap,Medium,Cafe,Office Area 2
CONF_1794,P034,Product Demo,Code Review,2025-11-08 10:52,2025-11-08 11:31,2025-11-08 10:35,2025-11-08 11:00,2025-11-08 10:52,2025-11-08 11:00,8.0,partial overlap,Low,Cafe,Remote
CONF_1795,P034,Team Building,Project Discussion,2025-11-15 11:37,2025-11-15 12:37,2025-11-15 11:15,2025-11-15 11:45,2025-11-15 11:37,2025-11-15 11:45,8.0,partial overlap,Low,Cafe,Demo Hall
CONF_1796,P034,Design Review,Testing Acceptance,2025-11-17 14:13,2025-11-17 14:57,2025-11-17 14:00,2025-11-17 15:00,2025-11-17 14:13,2025-11-17 14:57,44.0,full overlap,Medium,Break Room,Conference Room A
CONF_1797,P034,Testing Acceptance,Team Building,2025-11-15 12:15,2025-11-15 12:45,2025-11-15 11:37,2025-11-15 12:37,2025-11-15 12:15,2025-11-15 12:37,22.0,partial overlap,Low,Office Area 1,Cafe
CONF_1798,P034,Product Demo,Brainstorming,2025-11-17 17:45,2025-11-17 18:30,2025-11-17 17:30,2025-11-17 18:15,2025-11-17 17:45,2025-11-17 18:15,30.0,partial overlap,Medium,Office Area 2,Client Reception
CONF_1799,P034,Training,Testing Acceptance,2025-11-17 14:30,2025-11-17 15:00,2025-11-17 14:00,2025-11-17 15:00,2025-11-17 14:30,2025-11-17 15:00,30.0,full overlap,Medium,Conference Room A,Conference Room A
CONF_1800,P034,Training,Design Review,2025-11-17 14:30,2025-11-17 15:00,2025-11-17 14:13,2025-11-17 14:57,2025-11-17 14:30,2025-11-17 14:57,27.0,partial overlap,Low,Conference Room A,Break Room
CONF_1801,P034,Project Discussion,Operations Check,2025-11-21 18:45,2025-11-21 19:15,2025-11-21 18:30,2025-11-21 19:15,2025-11-21 18:45,2025-11-21 19:15,30.0,full overlap,Medium,Online Meeting,Training Room
CONF_1802,P034,Client Visit,Code Review,2025-11-18 08:30,2025-11-18 09:15,2025-11-18 09:00,2025-11-18 09:45,2025-11-18 09:00,2025-11-18 09:15,15.0,partial overlap,Low,Cafe,Cafe
CONF_1803,P034,Deployment,Code Review,2025-11-18 09:15,2025-11-18 10:00,2025-11-18 09:00,2025-11-18 09:45,2025-11-18 09:15,2025-11-18 09:45,30.0,partial overlap,Medium,Client Reception,Cafe
CONF_1804,P034,One-on-One,Code Review,2025-11-18 09:23,2025-11-18 09:53,2025-11-18 09:00,2025-11-18 09:45,2025-11-18 09:23,2025-11-18 09:45,22.0,partial overlap,Low,Client Reception,Cafe
CONF_1805,P034,One-on-One,Deployment,2025-11-18 09:23,2025-11-18 09:53,2025-11-18 09:15,2025-11-18 10:00,2025-11-18 09:23,2025-11-18 09:53,30.0,full overlap,Medium,Client Reception,Client Reception
CONF_1806,P034,Meeting,One-on-One,2025-11-18 09:48,2025-11-18 10:35,2025-11-18 09:23,2025-11-18 09:53,2025-11-18 09:48,2025-11-18 09:53,5.0,partial overlap,Low,Online Meeting,Client Reception
CONF_1807,P034,Meeting,Deployment,2025-11-18 09:48,2025-11-18 10:35,2025-11-18 09:15,2025-11-18 10:00,2025-11-18 09:48,2025-11-18 10:00,12.0,partial overlap,Low,Online Meeting,Client Reception
CONF_1808,P034,Product Demo,Testing Acceptance,2025-11-23 09:12,2025-11-23 09:46,2025-11-23 09:00,2025-11-23 09:15,2025-11-23 09:12,2025-11-23 09:15,3.0,partial overlap,Low,Training Room,Break Room
CONF_1809,P034,Client Visit,Meeting,2025-11-19 09:25,2025-11-19 09:44,2025-11-19 09:00,2025-11-19 09:30,2025-11-19 09:25,2025-11-19 09:30,5.0,partial overlap,Low,Cafe,Office Area 2
CONF_1810,P034,Requirements Analysis,Client Visit,2025-11-18 09:14,2025-11-18 09:49,2025-11-18 08:30,2025-11-18 09:15,2025-11-18 09:14,2025-11-18 09:15,1.0,partial overlap,Low,Remote,Cafe
CONF_1811,P034,Requirements Analysis,Code Review,2025-11-18 09:14,2025-11-18 09:49,2025-11-18 09:00,2025-11-18 09:45,2025-11-18 09:14,2025-11-18 09:45,31.0,partial overlap,Medium,Remote,Cafe
CONF_1812,P034,Requirements Analysis,Meeting,2025-11-18 09:14,2025-11-18 09:49,2025-11-18 09:48,2025-11-18 10:35,2025-11-18 09:48,2025-11-18 09:49,1.0,partial overlap,Low,Remote,Online Meeting
CONF_1813,P034,Requirements Analysis,One-on-One,2025-11-18 09:14,2025-11-18 09:49,2025-11-18 09:23,2025-11-18 09:53,2025-11-18 09:23,2025-11-18 09:49,26.0,partial overlap,Low,Remote,Client Reception
CONF_1814,P034,Requirements Analysis,Deployment,2025-11-18 09:14,2025-11-18 09:49,2025-11-18 09:15,2025-11-18 10:00,2025-11-18 09:15,2025-11-18 09:49,34.0,partial overlap,Medium,Remote,Client Reception
CONF_1815,P035,Deployment,Deployment,2025-11-03 08:30,2025-11-03 09:30,2025-11-03 09:15,2025-11-03 10:45,2025-11-03 09:15,2025-11-03 09:30,15.0,partial overlap,Low,Demo Hall,Online Meeting
CONF_1816,P035,Meeting,Training,2025-11-04 11:30,2025-11-04 12:00,2025-11-04 10:45,2025-11-04 11:45,2025-11-04 11:30,2025-11-04 11:45,15.0,partial overlap,Low,Remote,Online Meeting
CONF_1817,P035,Client Visit,Product Demo,2025-11-10 16:30,2025-11-10 17:30,2025-11-10 16:30,2025-11-10 17:00,2025-11-10 16:30,2025-11-10 17:00,30.0,full overlap,Medium,Conference Room C,Demo Hall
CONF_1818,P035,Meeting,One-on-One,2025-11-07 18:15,2025-11-07 19:15,2025-11-07 18:45,2025-11-07 19:30,2025-11-07 18:45,2025-11-07 19:15,30.0,partial overlap,Medium,Remote,Remote
CONF_1819,P035,Operations Check,Testing Acceptance,2025-11-10 09:45,2025-11-10 10:30,2025-11-10 09:30,2025-11-10 10:15,2025-11-10 09:45,2025-11-10 10:15,30.0,partial overlap,Medium,Training Room,Product Showcase
CONF_1820,P035,Operations Check,Tech Sharing,2025-11-10 09:45,2025-11-10 10:30,2025-11-10 10:15,2025-11-10 11:00,2025-11-10 10:15,2025-11-10 10:30,15.0,partial overlap,Low,Training Room,Office Area 1
CONF_1821,P035,Product Demo,Meeting,2025-11-11 11:20,2025-11-11 12:10,2025-11-11 11:30,2025-11-11 12:30,2025-11-11 11:30,2025-11-11 12:10,40.0,partial overlap,Medium,Break Room,Break Room
CONF_1822,P035,Product Demo,Product Demo,2025-11-11 11:20,2025-11-11 12:10,2025-11-11 11:00,2025-11-11 11:30,2025-11-11 11:20,2025-11-11 11:30,10.0,partial overlap,Low,Break Room,Office Area 1
CONF_1823,P035,Requirements Analysis,Testing Acceptance,2025-11-12 12:21,2025-11-12 13:07,2025-11-12 12:00,2025-11-12 13:00,2025-11-12 12:21,2025-11-12 13:00,39.0,partial overlap,Medium,Demo Hall,Client Reception
CONF_1824,P035,Code Review,Testing Acceptance,2025-11-10 09:39,2025-11-10 10:08,2025-11-10 09:30,2025-11-10 10:15,2025-11-10 09:39,2025-11-10 10:08,29.0,full overlap,Low,Cafe,Product Showcase
CONF_1825,P035,Code Review,Operations Check,2025-11-10 09:39,2025-11-10 10:08,2025-11-10 09:45,2025-11-10 10:30,2025-11-10 09:45,2025-11-10 10:08,23.0,partial overlap,Low,Cafe,Training Room
CONF_1826,P035,Project Discussion,Code Review,2025-11-10 09:53,2025-11-10 10:39,2025-11-10 09:39,2025-11-10 10:08,2025-11-10 09:53,2025-11-10 10:08,15.0,partial overlap,Low,Conference Room B,Cafe
CONF_1827,P035,Project Discussion,Testing Acceptance,2025-11-10 09:53,2025-11-10 10:39,2025-11-10 09:30,2025-11-10 10:15,2025-11-10 09:53,2025-11-10 10:15,22.0,partial overlap,Low,Conference Room B,Product Showcase
CONF_1828,P035,Project Discussion,Operations Check,2025-11-10 09:53,2025-11-10 10:39,2025-11-10 09:45,2025-11-10 10:30,2025-11-10 09:53,2025-11-10 10:30,37.0,partial overlap,Medium,Conference Room B,Training Room
CONF_1829,P035,Project Discussion,Tech Sharing,2025-11-10 09:53,2025-11-10 10:39,2025-11-10 10:15,2025-11-10 11:00,2025-11-10 10:15,2025-11-10 10:39,24.0,partial overlap,Low,Conference Room B,Office Area 1
CONF_1830,P035,Brainstorming,Meeting,2025-11-13 17:30,2025-11-13 18:15,2025-11-13 18:00,2025-11-13 18:45,2025-11-13 18:00,2025-11-13 18:15,15.0,partial overlap,Low,Demo Hall,Conference Room C
CONF_1831,P035,Design Review,Training,2025-11-17 14:00,2025-11-17 14:30,2025-11-17 14:15,2025-11-17 15:00,2025-11-17 14:15,2025-11-17 14:30,15.0,partial overlap,Low,Break Room,Test Lab
CONF_1832,P035,Meeting,Brainstorming,2025-11-20 17:15,2025-11-20 17:30,2025-11-20 17:00,2025-11-20 17:30,2025-11-20 17:15,2025-11-20 17:30,15.0,full overlap,Low,Demo Hall,Client Reception
CONF_1833,P035,Operations Check,Meeting,2025-11-20 17:15,2025-11-20 18:00,2025-11-20 17:15,2025-11-20 17:30,2025-11-20 17:15,2025-11-20 17:30,15.0,full overlap,Low,Break Room,Demo Hall
CONF_1834,P035,Operations Check,Brainstorming,2025-11-20 17:15,2025-11-20 18:00,2025-11-20 17:00,2025-11-20 17:30,2025-11-20 17:15,2025-11-20 17:30,15.0,partial overlap,Low,Break Room,Client Reception
CONF_1835,P035,Operations Check,Meeting,2025-11-19 13:45,2025-11-19 14:00,2025-11-19 13:45,2025-11-19 14:30,2025-11-19 13:45,2025-11-19 14:00,15.0,full overlap,Low,Office Area 2,Online Meeting
CONF_1836,P035,Brainstorming,Testing Acceptance,2025-11-17 16:15,2025-11-17 16:45,2025-11-17 16:00,2025-11-17 16:30,2025-11-17 16:15,2025-11-17 16:30,15.0,partial overlap,Low,Conference Room C,Training Room
CONF_1837,P035,Testing Acceptance,Brainstorming,2025-11-20 16:30,2025-11-20 17:15,2025-11-20 17:00,2025-11-20 17:30,2025-11-20 17:00,2025-11-20 17:15,15.0,partial overlap,Low,Office Area 2,Client Reception
CONF_1838,P035,Tech Sharing,Tech Sharing,2025-11-17 10:27,2025-11-17 11:15,2025-11-17 10:00,2025-11-17 10:45,2025-11-17 10:27,2025-11-17 10:45,18.0,partial overlap,Low,Demo Hall,Conference Room B
CONF_1839,P036,Deployment,Training,2025-11-04 16:30,2025-11-04 18:00,2025-11-04 17:00,2025-11-04 18:30,2025-11-04 17:00,2025-11-04 18:00,60.0,partial overlap,High,Cafe,Break Room
CONF_1840,P036,Training,Meeting,2025-11-01 15:30,2025-11-01 16:30,2025-11-01 16:00,2025-11-01 16:30,2025-11-01 16:00,2025-11-01 16:30,30.0,full overlap,Medium,Product Showcase,Conference Room C
CONF_1841,P036,Code Review,Tech Sharing,2025-11-03 11:30,2025-11-03 12:30,2025-11-03 11:30,2025-11-03 12:00,2025-11-03 11:30,2025-11-03 12:00,30.0,full overlap,Medium,Conference Room A,R&D Center
CONF_1842,P036,Project Discussion,Design Review,2025-11-02 12:05,2025-11-02 12:34,2025-11-02 12:00,2025-11-02 12:45,2025-11-02 12:05,2025-11-02 12:34,29.0,full overlap,Low,Conference Room C,Training Room
CONF_1843,P036,Requirements Analysis,Meeting,2025-11-01 15:46,2025-11-01 16:35,2025-11-01 16:00,2025-11-01 16:30,2025-11-01 16:00,2025-11-01 16:30,30.0,full overlap,Medium,Conference Room B,Conference Room C
CONF_1844,P036,Requirements Analysis,Training,2025-11-01 15:46,2025-11-01 16:35,2025-11-01 15:30,2025-11-01 16:30,2025-11-01 15:46,2025-11-01 16:30,44.0,partial overlap,Medium,Conference Room B,Product Showcase
CONF_1845,P036,Client Visit,Team Building,2025-11-09 08:45,2025-11-09 09:45,2025-11-09 08:15,2025-11-09 09:00,2025-11-09 08:45,2025-11-09 09:00,15.0,partial overlap,Low,Conference Room B,Training Room
CONF_1846,P036,Training,Design Review,2025-11-11 16:30,2025-11-11 17:15,2025-11-11 17:00,2025-11-11 17:30,2025-11-11 17:00,2025-11-11 17:15,15.0,partial overlap,Low,Cafe,Product Showcase
CONF_1847,P036,Team Building,Testing Acceptance,2025-11-10 13:45,2025-11-10 14:30,2025-11-10 13:15,2025-11-10 14:00,2025-11-10 13:45,2025-11-10 14:00,15.0,partial overlap,Low,Product Showcase,Conference Room A
CONF_1848,P036,Product Demo,Testing Acceptance,2025-11-10 13:00,2025-11-10 14:00,2025-11-10 13:15,2025-11-10 14:00,2025-11-10 13:15,2025-11-10 14:00,45.0,full overlap,Medium,Product Showcase,Conference Room A
CONF_1849,P036,Product Demo,Team Building,2025-11-10 13:00,2025-11-10 14:00,2025-11-10 13:45,2025-11-10 14:30,2025-11-10 13:45,2025-11-10 14:00,15.0,partial overlap,Low,Product Showcase,Product Showcase
CONF_1850,P036,Requirements Analysis,Brainstorming,2025-11-11 10:15,2025-11-11 11:00,2025-11-11 10:30,2025-11-11 11:15,2025-11-11 10:30,2025-11-11 11:00,30.0,partial overlap,Medium,Conference Room A,Office Area 1
CONF_1851,P036,Client Visit,Design Review,2025-11-12 10:00,2025-11-12 10:45,2025-11-12 10:15,2025-11-12 11:00,2025-11-12 10:15,2025-11-12 10:45,30.0,partial overlap,Medium,Training Room,Conference Room A
CONF_1852,P036,Code Review,Requirements Analysis,2025-11-11 10:32,2025-11-11 11:17,2025-11-11 10:15,2025-11-11 11:00,2025-11-11 10:32,2025-11-11 11:00,28.0,partial overlap,Low,Conference Room C,Conference Room A
CONF_1853,P036,Code Review,Brainstorming,2025-11-11 10:32,2025-11-11 11:17,2025-11-11 10:30,2025-11-11 11:15,2025-11-11 10:32,2025-11-11 11:15,43.0,partial overlap,Medium,Conference Room C,Office Area 1
CONF_1854,P036,Project Discussion,Requirements Analysis,2025-11-11 09:49,2025-11-11 10:39,2025-11-11 10:15,2025-11-11 11:00,2025-11-11 10:15,2025-11-11 10:39,24.0,partial overlap,Low,Online Meeting,Conference Room A
CONF_1855,P036,Project Discussion,Code Review,2025-11-11 09:49,2025-11-11 10:39,2025-11-11 10:32,2025-11-11 11:17,2025-11-11 10:32,2025-11-11 10:39,7.0,partial overlap,Low,Online Meeting,Conference Room C
CONF_1856,P036,Project Discussion,Testing Acceptance,2025-11-11 09:49,2025-11-11 10:39,2025-11-11 09:30,2025-11-11 10:15,2025-11-11 09:49,2025-11-11 10:15,26.0,partial overlap,Low,Online Meeting,Remote
CONF_1857,P036,Project Discussion,Brainstorming,2025-11-11 09:49,2025-11-11 10:39,2025-11-11 10:30,2025-11-11 11:15,2025-11-11 10:30,2025-11-11 10:39,9.0,partial overlap,Low,Online Meeting,Office Area 1
CONF_1858,P036,Deployment,Testing Acceptance,2025-11-14 18:30,2025-11-14 19:00,2025-11-14 18:45,2025-11-14 19:15,2025-11-14 18:45,2025-11-14 19:00,15.0,partial overlap,Low,Training Room,Office Area 1
CONF_1859,P036,Product Demo,Team Building,2025-11-16 18:15,2025-11-16 18:45,2025-11-16 18:15,2025-11-16 18:30,2025-11-16 18:15,2025-11-16 18:30,15.0,full overlap,Low,R&D Center,Product Showcase
CONF_1860,P036,Deployment,Tech Sharing,2025-11-17 18:00,2025-11-17 18:15,2025-11-17 17:30,2025-11-17 18:15,2025-11-17 18:00,2025-11-17 18:15,15.0,full overlap,Low,Conference Room C,Break Room
CONF_1861,P036,Meeting,Project Discussion,2025-11-18 08:00,2025-11-18 08:45,2025-11-18 08:15,2025-11-18 09:00,2025-11-18 08:15,2025-11-18 08:45,30.0,partial overlap,Medium,R&D Center,Cafe
CONF_1862,P036,Code Review,Project Discussion,2025-11-20 08:45,2025-11-20 09:15,2025-11-20 08:45,2025-11-20 09:15,2025-11-20 08:45,2025-11-20 09:15,30.0,full overlap,Medium,Conference Room B,Training Room
CONF_1863,P036,Testing Acceptance,Training,2025-11-18 15:00,2025-11-18 15:30,2025-11-18 15:15,2025-11-18 15:45,2025-11-18 15:15,2025-11-18 15:30,15.0,partial overlap,Low,Client Reception,Client Reception
CONF_1864,P036,Tech Sharing,Tech Sharing,2025-11-20 15:56,2025-11-20 16:55,2025-11-20 16:30,2025-11-20 16:45,2025-11-20 16:30,2025-11-20 16:45,15.0,full overlap,Low,Test Lab,Break Room
CONF_1865,P036,Tech Sharing,Tech Sharing,2025-11-20 15:56,2025-11-20 16:55,2025-11-20 15:30,2025-11-20 16:15,2025-11-20 15:56,2025-11-20 16:15,19.0,partial overlap,Low,Test Lab,R&D Center
CONF_1866,P036,Project Discussion,Product Demo,2025-11-16 18:40,2025-11-16 19:21,2025-11-16 18:15,2025-11-16 18:45,2025-11-16 18:40,2025-11-16 18:45,5.0,partial overlap,Low,Product Showcase,R&D Center
CONF_1867,P036,One-on-One,One-on-One,2025-11-18 12:37,2025-11-18 13:28,2025-11-18 12:15,2025-11-18 12:45,2025-11-18 12:37,2025-11-18 12:45,8.0,partial overlap,Low,Conference Room C,Conference Room A
CONF_1868,P036,Operations Check,Code Review,2025-11-18 18:28,2025-11-18 19:01,2025-11-18 18:15,2025-11-18 18:45,2025-11-18 18:28,2025-11-18 18:45,17.0,partial overlap,Low,Conference Room C,R&D Center
CONF_1869,P036,Project Discussion,Meeting,2025-11-17 18:36,2025-11-17 19:34,2025-11-17 18:30,2025-11-17 19:00,2025-11-17 18:36,2025-11-17 19:00,24.0,partial overlap,Low,Demo Hall,Conference Room C
CONF_1870,P036,Tech Sharing,Product Demo,2025-11-22 08:20,2025-11-22 08:58,2025-11-22 08:00,2025-11-22 08:30,2025-11-22 08:20,2025-11-22 08:30,10.0,partial overlap,Low,Conference Room B,Conference Room B
CONF_1871,P037,Tech Sharing,Team Building,2025-11-03 15:30,2025-11-03 17:00,2025-11-03 16:00,2025-11-03 16:30,2025-11-03 16:00,2025-11-03 16:30,30.0,full overlap,Medium,Office Area 1,Product Showcase
CONF_1872,P037,Product Demo,Code Review,2025-11-02 10:21,2025-11-02 10:40,2025-11-02 10:15,2025-11-02 10:45,2025-11-02 10:21,2025-11-02 10:40,19.0,full overlap,Low,Break Room,Online Meeting
CONF_1873,P037,Code Review,Code Review,2025-11-10 14:15,2025-11-10 15:15,2025-11-10 13:30,2025-11-10 14:30,2025-11-10 14:15,2025-11-10 14:30,15.0,partial overlap,Low,Conference Room B,Test Lab
CONF_1874,P037,Client Visit,Client Visit,2025-11-09 09:00,2025-11-09 09:45,2025-11-09 09:30,2025-11-09 10:30,2025-11-09 09:30,2025-11-09 09:45,15.0,partial overlap,Low,Conference Room B,Conference Room C
CONF_1875,P037,One-on-One,Tech Sharing,2025-11-10 16:45,2025-11-10 17:45,2025-11-10 17:15,2025-11-10 18:15,2025-11-10 17:15,2025-11-10 17:45,30.0,partial overlap,Medium,Test Lab,Office Area 1
CONF_1876,P037,Design Review,Tech Sharing,2025-11-11 10:39,2025-11-11 11:37,2025-11-11 11:15,2025-11-11 11:45,2025-11-11 11:15,2025-11-11 11:37,22.0,partial overlap,Low,Cafe,Office Area 1
CONF_1877,P037,Design Review,Brainstorming,2025-11-11 10:39,2025-11-11 11:37,2025-11-11 10:30,2025-11-11 11:15,2025-11-11 10:39,2025-11-11 11:15,36.0,partial overlap,Medium,Cafe,Break Room
CONF_1878,P037,Design Review,Code Review,2025-11-10 14:33,2025-11-10 15:21,2025-11-10 14:15,2025-11-10 15:15,2025-11-10 14:33,2025-11-10 15:15,42.0,partial overlap,Medium,Remote,Conference Room B
CONF_1879,P037,One-on-One,Code Review,2025-11-14 14:15,2025-11-14 14:30,2025-11-14 14:00,2025-11-14 15:00,2025-11-14 14:15,2025-11-14 14:30,15.0,full overlap,Low,Office Area 1,Office Area 1
CONF_1880,P037,Product Demo,Meeting,2025-11-15 08:30,2025-11-15 09:00,2025-11-15 08:15,2025-11-15 08:45,2025-11-15 08:30,2025-11-15 08:45,15.0,partial overlap,Low,Office Area 1,Demo Hall
CONF_1881,P037,Project Discussion,Team Building,2025-11-18 10:15,2025-11-18 11:00,2025-11-18 10:45,2025-11-18 11:15,2025-11-18 10:45,2025-11-18 11:00,15.0,partial overlap,Low,Test Lab,Conference Room A
CONF_1882,P037,Meeting,Client Visit,2025-11-19 15:15,2025-11-19 15:30,2025-11-19 14:45,2025-11-19 15:30,2025-11-19 15:15,2025-11-19 15:30,15.0,full overlap,Low,Office Area 2,Break Room
CONF_1883,P037,Testing Acceptance,Training,2025-11-20 13:45,2025-11-20 14:30,2025-11-20 13:15,2025-11-20 14:00,2025-11-20 13:45,2025-11-20 14:00,15.0,partial overlap,Low,R&D Center,Conference Room A
CONF_1884,P037,Tech Sharing,One-on-One,2025-11-22 12:30,2025-11-22 13:00,2025-11-22 12:30,2025-11-22 13:15,2025-11-22 12:30,2025-11-22 13:00,30.0,full overlap,Medium,Conference Room B,Online Meeting
CONF_1885,P037,Project Discussion,One-on-One,2025-11-13 12:27,2025-11-13 12:55,2025-11-13 12:15,2025-11-13 12:30,2025-11-13 12:27,2025-11-13 12:30,3.0,partial overlap,Low,Office Area 2,Product Showcase
CONF_1886,P037,Requirements Analysis,Deployment,2025-11-13 15:14,2025-11-13 15:56,2025-11-13 14:45,2025-11-13 15:30,2025-11-13 15:14,2025-11-13 15:30,16.0,partial overlap,Low,Conference Room A,Cafe
CONF_1887,P037,Design Review,Testing Acceptance,2025-11-20 14:10,2025-11-20 14:46,2025-11-20 13:45,2025-11-20 14:30,2025-11-20 14:10,2025-11-20 14:30,20.0,partial overlap,Low,Cafe,R&D Center
CONF_1888,P038,Brainstorming,Testing Acceptance,2025-10-31 09:13,2025-10-31 10:03,2025-10-31 09:00,2025-10-31 10:30,2025-10-31 09:13,2025-10-31 10:03,50.0,full overlap,Medium,Test Lab,Test Lab
CONF_1889,P038,Operations Check,Code Review,2025-11-01 12:24,2025-11-01 13:15,2025-11-01 12:15,2025-11-01 13:00,2025-11-01 12:24,2025-11-01 13:00,36.0,partial overlap,Medium,Remote,Demo Hall
CONF_1890,P038,Design Review,Tech Sharing,2025-11-03 16:15,2025-11-03 16:59,2025-11-03 16:00,2025-11-03 17:30,2025-11-03 16:15,2025-11-03 16:59,44.0,full overlap,Medium,Office Area 1,Office Area 2
CONF_1891,P038,Team Building,Requirements Analysis,2025-11-08 14:30,2025-11-08 15:15,2025-11-08 14:45,2025-11-08 15:15,2025-11-08 14:45,2025-11-08 15:15,30.0,full overlap,Medium,Office Area 1,Test Lab
CONF_1892,P038,Team Building,Client Visit,2025-11-20 13:00,2025-11-20 13:45,2025-11-20 12:45,2025-11-20 13:30,2025-11-20 13:00,2025-11-20 13:30,30.0,partial overlap,Medium,Client Reception,R&D Center
CONF_1893,P038,Product Demo,One-on-One,2025-11-16 18:00,2025-11-16 18:15,2025-11-16 17:30,2025-11-16 18:15,2025-11-16 18:00,2025-11-16 18:15,15.0,full overlap,Low,Break Room,Cafe
CONF_1894,P038,Requirements Analysis,Code Review,2025-11-22 12:15,2025-11-22 12:45,2025-11-22 12:00,2025-11-22 12:30,2025-11-22 12:15,2025-11-22 12:30,15.0,partial overlap,Low,Cafe,Office Area 1
CONF_1895,P038,One-on-One,Project Discussion,2025-11-25 11:00,2025-11-25 11:15,2025-11-25 11:00,2025-11-25 11:15,2025-11-25 11:00,2025-11-25 11:15,15.0,full overlap,Low,Client Reception,Remote
CONF_1896,P038,Client Visit,Code Review,2025-11-18 09:06,2025-11-18 09:50,2025-11-18 09:00,2025-11-18 09:15,2025-11-18 09:06,2025-11-18 09:15,9.0,partial overlap,Low,Online Meeting,Online Meeting
CONF_1897,P038,Training,Design Review,2025-11-13 10:54,2025-11-13 11:27,2025-11-13 10:45,2025-11-13 11:15,2025-11-13 10:54,2025-11-13 11:15,21.0,partial overlap,Low,Client Reception,Client Reception
CONF_1898,P039,Meeting,One-on-One,2025-11-03 08:30,2025-11-03 09:15,2025-11-03 08:30,2025-11-03 09:15,2025-11-03 08:30,2025-11-03 09:15,45.0,full overlap,Medium,Product Showcase,Online Meeting
CONF_1899,P039,Deployment,Deployment,2025-11-05 17:12,2025-11-05 18:01,2025-11-05 16:45,2025-11-05 18:15,2025-11-05 17:12,2025-11-05 18:01,49.0,full overlap,Medium,Conference Room B,R&D Center
CONF_1900,P039,Training,Project Discussion,2025-11-02 18:01,2025-11-02 18:29,2025-11-02 17:45,2025-11-02 18:30,2025-11-02 18:01,2025-11-02 18:29,28.0,full overlap,Low,Online Meeting,Product Showcase
CONF_1901,P039,Design Review,Meeting,2025-10-31 14:09,2025-10-31 14:58,2025-10-31 14:00,2025-10-31 14:30,2025-10-31 14:09,2025-10-31 14:30,21.0,partial overlap,Low,Remote,Client Reception
CONF_1902,P039,Tech Sharing,Training,2025-11-03 15:51,2025-11-03 16:51,2025-11-03 15:45,2025-11-03 17:15,2025-11-03 15:51,2025-11-03 16:51,60.0,full overlap,High,Office Area 1,Conference Room C
CONF_1903,P039,Operations Check,One-on-One,2025-11-03 08:58,2025-11-03 09:19,2025-11-03 08:30,2025-11-03 09:15,2025-11-03 08:58,2025-11-03 09:15,17.0,partial overlap,Low,Product Showcase,Online Meeting
CONF_1904,P039,Operations Check,Meeting,2025-11-03 08:58,2025-11-03 09:19,2025-11-03 08:30,2025-11-03 09:15,2025-11-03 08:58,2025-11-03 09:15,17.0,partial overlap,Low,Product Showcase,Product Showcase
CONF_1905,P039,Tech Sharing,Deployment,2025-11-05 17:00,2025-11-05 18:00,2025-11-05 17:12,2025-11-05 18:01,2025-11-05 17:12,2025-11-05 18:00,48.0,partial overlap,Medium,Conference Room B,Conference Room B
CONF_1906,P039,Tech Sharing,Deployment,2025-11-05 17:00,2025-11-05 18:00,2025-11-05 16:45,2025-11-05 18:15,2025-11-05 17:00,2025-11-05 18:00,60.0,full overlap,High,Conference Room B,R&D Center
CONF_1907,P039,Meeting,Code Review,2025-11-13 13:15,2025-11-13 13:45,2025-11-13 13:15,2025-11-13 13:45,2025-11-13 13:15,2025-11-13 13:45,30.0,full overlap,Medium,Break Room,Test Lab
CONF_1908,P039,Requirements Analysis,Testing Acceptance,2025-11-11 11:30,2025-11-11 12:30,2025-11-11 11:45,2025-11-11 12:15,2025-11-11 11:45,2025-11-11 12:15,30.0,full overlap,Medium,Conference Room C,Office Area 1
CONF_1909,P039,Operations Check,Team Building,2025-11-15 13:57,2025-11-15 14:38,2025-11-15 13:45,2025-11-15 14:45,2025-11-15 13:57,2025-11-15 14:38,41.0,full overlap,Medium,Training Room,Test Lab
CONF_1910,P039,Training,Project Discussion,2025-11-07 18:24,2025-11-07 18:49,2025-11-07 18:00,2025-11-07 18:45,2025-11-07 18:24,2025-11-07 18:45,21.0,partial overlap,Low,Test Lab,Office Area 2
CONF_1911,P039,Project Discussion,Code Review,2025-11-08 10:05,2025-11-08 10:56,2025-11-08 10:00,2025-11-08 10:45,2025-11-08 10:05,2025-11-08 10:45,40.0,partial overlap,Medium,Client Reception,Conference Room B
CONF_1912,P039,Meeting,Code Review,2025-11-13 13:26,2025-11-13 13:56,2025-11-13 13:15,2025-11-13 13:45,2025-11-13 13:26,2025-11-13 13:45,19.0,partial overlap,Low,R&D Center,Test Lab
CONF_1913,P039,Meeting,Meeting,2025-11-13 13:26,2025-11-13 13:56,2025-11-13 13:15,2025-11-13 13:45,2025-11-13 13:26,2025-11-13 13:45,19.0,partial overlap,Low,R&D Center,Break Room
CONF_1914,P039,Tech Sharing,Code Review,2025-11-15 15:45,2025-11-15 16:00,2025-11-15 15:45,2025-11-15 16:15,2025-11-15 15:45,2025-11-15 16:00,15.0,full overlap,Low,Product Showcase,Conference Room A
CONF_1915,P039,Training,Requirements Analysis,2025-11-17 17:15,2025-11-17 17:45,2025-11-17 17:00,2025-11-17 17:30,2025-11-17 17:15,2025-11-17 17:30,15.0,partial overlap,Low,Training Room,Online Meeting
CONF_1916,P039,Code Review,Code Review,2025-11-14 15:00,2025-11-14 15:30,2025-11-14 14:45,2025-11-14 15:45,2025-11-14 15:00,2025-11-14 15:30,30.0,full overlap,Medium,R&D Center,Online Meeting
CONF_1917,P039,Operations Check,Project Discussion,2025-11-16 09:00,2025-11-16 09:30,2025-11-16 09:15,2025-11-16 09:30,2025-11-16 09:15,2025-11-16 09:30,15.0,full overlap,Low,Online Meeting,Online Meeting
CONF_1918,P039,Code Review,Deployment,2025-11-20 17:30,2025-11-20 17:45,2025-11-20 17:30,2025-11-20 18:00,2025-11-20 17:30,2025-11-20 17:45,15.0,full overlap,Low,Demo Hall,Office Area 1
CONF_1919,P039,Project Discussion,Product Demo,2025-11-14 08:57,2025-11-14 09:33,2025-11-14 08:45,2025-11-14 09:00,2025-11-14 08:57,2025-11-14 09:00,3.0,partial overlap,Low,Office Area 1,Training Room
CONF_1920,P039,Training,Training,2025-11-21 11:12,2025-11-21 11:58,2025-11-21 11:00,2025-11-21 11:30,2025-11-21 11:12,2025-11-21 11:30,18.0,partial overlap,Low,Office Area 2,Office Area 1
CONF_1921,P040,Training,Requirements Analysis,2025-10-31 15:30,2025-10-31 16:00,2025-10-31 15:30,2025-10-31 16:00,2025-10-31 15:30,2025-10-31 16:00,30.0,full overlap,Medium,Office Area 2,Conference Room A
CONF_1922,P040,Product Demo,Requirements Analysis,2025-10-31 15:15,2025-10-31 16:00,2025-10-31 15:30,2025-10-31 16:00,2025-10-31 15:30,2025-10-31 16:00,30.0,full overlap,Medium,Office Area 1,Conference Room A
CONF_1923,P040,Product Demo,Training,2025-10-31 15:15,2025-10-31 16:00,2025-10-31 15:30,2025-10-31 16:00,2025-10-31 15:30,2025-10-31 16:00,30.0,full overlap,Medium,Office Area 1,Office Area 2
CONF_1924,P040,Product Demo,Deployment,2025-11-07 17:45,2025-11-07 19:15,2025-11-07 16:45,2025-11-07 18:15,2025-11-07 17:45,2025-11-07 18:15,30.0,partial overlap,Medium,Conference Room C,R&D Center
CONF_1925,P040,Code Review,Code Review,2025-11-04 13:42,2025-11-04 13:58,2025-11-04 13:30,2025-11-04 14:00,2025-11-04 13:42,2025-11-04 13:58,16.0,full overlap,Low,Client Reception,R&D Center
CONF_1926,P040,Product Demo,Operations Check,2025-11-03 10:41,2025-11-03 11:38,2025-11-03 10:15,2025-11-03 11:15,2025-11-03 10:41,2025-11-03 11:15,34.0,partial overlap,Medium,Demo Hall,Demo Hall
CONF_1927,P040,Code Review,Operations Check,2025-11-03 10:49,2025-11-03 11:10,2025-11-03 10:15,2025-11-03 11:15,2025-11-03 10:49,2025-11-03 11:10,21.0,full overlap,Low,Office Area 2,Demo Hall
CONF_1928,P040,Code Review,Product Demo,2025-11-03 10:49,2025-11-03 11:10,2025-11-03 10:41,2025-11-03 11:38,2025-11-03 10:49,2025-11-03 11:10,21.0,full overlap,Low,Office Area 2,Demo Hall
CONF_1929,P040,Testing Acceptance,Requirements Analysis,2025-11-06 13:45,2025-11-06 14:45,2025-11-06 13:00,2025-11-06 14:00,2025-11-06 13:45,2025-11-06 14:00,15.0,partial overlap,Low,Client Reception,Conference Room A
CONF_1930,P040,Deployment,Design Review,2025-11-10 18:15,2025-11-10 19:15,2025-11-10 18:15,2025-11-10 19:00,2025-11-10 18:15,2025-11-10 19:00,45.0,full overlap,Medium,Demo Hall,Office Area 2
CONF_1931,P040,Team Building,Code Review,2025-11-10 14:30,2025-11-10 15:00,2025-11-10 14:45,2025-11-10 15:30,2025-11-10 14:45,2025-11-10 15:00,15.0,partial overlap,Low,R&D Center,Break Room
CONF_1932,P040,Project Discussion,Client Visit,2025-11-09 09:45,2025-11-09 10:30,2025-11-09 10:15,2025-11-09 10:45,2025-11-09 10:15,2025-11-09 10:30,15.0,partial overlap,Low,Office Area 1,Demo Hall
CONF_1933,P040,Meeting,Requirements Analysis,2025-11-10 16:45,2025-11-10 17:45,2025-11-10 16:30,2025-11-10 17:30,2025-11-10 16:45,2025-11-10 17:30,45.0,partial overlap,Medium,Office Area 2,Training Room
CONF_1934,P040,Training,One-on-One,2025-11-11 16:15,2025-11-11 17:15,2025-11-11 15:45,2025-11-11 16:30,2025-11-11 16:15,2025-11-11 16:30,15.0,partial overlap,Low,Client Reception,Client Reception
CONF_1935,P040,Team Building,Client Visit,2025-11-09 10:26,2025-11-09 11:13,2025-11-09 10:15,2025-11-09 10:45,2025-11-09 10:26,2025-11-09 10:45,19.0,partial overlap,Low,Test Lab,Demo Hall
CONF_1936,P040,Team Building,Project Discussion,2025-11-09 10:26,2025-11-09 11:13,2025-11-09 09:45,2025-11-09 10:30,2025-11-09 10:26,2025-11-09 10:30,4.0,partial overlap,Low,Test Lab,Office Area 1
CONF_1937,P040,Testing Acceptance,Deployment,2025-11-15 08:41,2025-11-15 09:31,2025-11-15 08:30,2025-11-15 09:30,2025-11-15 08:41,2025-11-15 09:30,49.0,partial overlap,Medium,Demo Hall,Remote
CONF_1938,P040,Tech Sharing,Project Discussion,2025-11-09 10:10,2025-11-09 10:38,2025-11-09 09:45,2025-11-09 10:30,2025-11-09 10:10,2025-11-09 10:30,20.0,partial overlap,Low,R&D Center,Office Area 1
CONF_1939,P040,Tech Sharing,Team Building,2025-11-09 10:10,2025-11-09 10:38,2025-11-09 10:26,2025-11-09 11:13,2025-11-09 10:26,2025-11-09 10:38,12.0,partial overlap,Low,R&D Center,Test Lab
CONF_1940,P040,Tech Sharing,Client Visit,2025-11-09 10:10,2025-11-09 10:38,2025-11-09 10:15,2025-11-09 10:45,2025-11-09 10:15,2025-11-09 10:38,23.0,partial overlap,Low,R&D Center,Demo Hall
CONF_1941,P040,Operations Check,Product Demo,2025-11-15 18:30,2025-11-15 19:26,2025-11-15 18:00,2025-11-15 19:00,2025-11-15 18:30,2025-11-15 19:00,30.0,partial overlap,Medium,R&D Center,R&D Center
CONF_1942,P040,Team Building,Operations Check,2025-11-09 16:34,2025-11-09 16:57,2025-11-09 16:15,2025-11-09 17:00,2025-11-09 16:34,2025-11-09 16:57,23.0,full overlap,Low,Product Showcase,Demo Hall
CONF_1943,P040,Meeting,Operations Check,2025-11-08 17:29,2025-11-08 17:46,2025-11-08 17:15,2025-11-08 17:45,2025-11-08 17:29,2025-11-08 17:45,16.0,partial overlap,Low,Cafe,Break Room
CONF_1944,P040,Operations Check,Deployment,2025-11-15 09:45,2025-11-15 10:15,2025-11-15 10:00,2025-11-15 11:00,2025-11-15 10:00,2025-11-15 10:15,15.0,partial overlap,Low,Test Lab,Break Room
CONF_1945,P040,Project Discussion,Product Demo,2025-11-15 08:00,2025-11-15 08:15,2025-11-15 08:00,2025-11-15 08:30,2025-11-15 08:00,2025-11-15 08:15,15.0,full overlap,Low,Demo Hall,Office Area 2
CONF_1946,P040,One-on-One,Requirements Analysis,2025-11-18 08:15,2025-11-18 09:00,2025-11-18 08:30,2025-11-18 09:15,2025-11-18 08:30,2025-11-18 09:00,30.0,partial overlap,Medium,Test Lab,Conference Room B
CONF_1947,P040,Brainstorming,Training,2025-11-20 11:30,2025-11-20 11:45,2025-11-20 11:30,2025-11-20 12:15,2025-11-20 11:30,2025-11-20 11:45,15.0,full overlap,Low,Training Room,Cafe
CONF_1948,P040,Brainstorming,Training,2025-11-18 13:00,2025-11-18 13:45,2025-11-18 12:30,2025-11-18 13:15,2025-11-18 13:00,2025-11-18 13:15,15.0,partial overlap,Low,Cafe,Conference Room B
CONF_1949,P040,Project Discussion,Code Review,2025-11-18 15:30,2025-11-18 16:00,2025-11-18 15:15,2025-11-18 15:45,2025-11-18 15:30,2025-11-18 15:45,15.0,partial overlap,Low,Remote,Test Lab
CONF_1950,P040,Tech Sharing,Project Discussion,2025-11-16 12:54,2025-11-16 13:45,2025-11-16 12:30,2025-11-16 13:00,2025-11-16 12:54,2025-11-16 13:00,6.0,partial overlap,Low,Test Lab,Break Room
CONF_1951,P040,Code Review,Brainstorming,2025-11-17 11:24,2025-11-17 12:19,2025-11-17 11:15,2025-11-17 12:00,2025-11-17 11:24,2025-11-17 12:00,36.0,partial overlap,Medium,Remote,Remote
CONF_1952,P040,Project Discussion,Deployment,2025-11-19 15:23,2025-11-19 16:03,2025-11-19 15:15,2025-11-19 15:30,2025-11-19 15:23,2025-11-19 15:30,7.0,partial overlap,Low,Office Area 2,Conference Room C
CONF_1953,P040,Tech Sharing,Code Review,2025-11-17 11:24,2025-11-17 11:46,2025-11-17 11:24,2025-11-17 12:19,2025-11-17 11:24,2025-11-17 11:46,22.0,full overlap,Low,Conference Room B,Remote
CONF_1954,P040,Tech Sharing,Brainstorming,2025-11-17 11:24,2025-11-17 11:46,2025-11-17 11:15,2025-11-17 12:00,2025-11-17 11:24,2025-11-17 11:46,22.0,full overlap,Low,Conference Room B,Remote
CONF_1955,P040,Operations Check,Deployment,2025-11-15 10:07,2025-11-15 10:31,2025-11-15 10:00,2025-11-15 11:00,2025-11-15 10:07,2025-11-15 10:31,24.0,full overlap,Low,Test Lab,Break Room
CONF_1956,P040,Operations Check,Operations Check,2025-11-15 10:07,2025-11-15 10:31,2025-11-15 09:45,2025-11-15 10:15,2025-11-15 10:07,2025-11-15 10:15,8.0,partial overlap,Low,Test Lab,Test Lab
CONF_1957,P041,Product Demo,Code Review,2025-11-04 10:15,2025-11-04 11:15,2025-11-04 11:00,2025-11-04 12:30,2025-11-04 11:00,2025-11-04 11:15,15.0,partial overlap,Low,Conference Room C,Product Showcase
CONF_1958,P041,Training,Product Demo,2025-11-04 10:45,2025-11-04 11:30,2025-11-04 10:15,2025-11-04 11:15,2025-11-04 10:45,2025-11-04 11:15,30.0,partial overlap,Medium,Conference Room A,Conference Room C
CONF_1959,P041,Training,Code Review,2025-11-04 10:45,2025-11-04 11:30,2025-11-04 11:00,2025-11-04 12:30,2025-11-04 11:00,2025-11-04 11:30,30.0,partial overlap,Medium,Conference Room A,Product Showcase
CONF_1960,P041,Operations Check,Project Discussion,2025-11-07 12:08,2025-11-07 12:25,2025-11-07 11:45,2025-11-07 13:15,2025-11-07 12:08,2025-11-07 12:25,17.0,full overlap,Low,Conference Room B,Office Area 2
CONF_1961,P041,Project Discussion,Training,2025-11-04 11:26,2025-11-04 12:07,2025-11-04 10:45,2025-11-04 11:30,2025-11-04 11:26,2025-11-04 11:30,4.0,partial overlap,Low,Cafe,Conference Room A
CONF_1962,P041,Project Discussion,Code Review,2025-11-04 11:26,2025-11-04 12:07,2025-11-04 11:00,2025-11-04 12:30,2025-11-04 11:26,2025-11-04 12:07,41.0,full overlap,Medium,Cafe,Product Showcase
CONF_1963,P041,Operations Check,Product Demo,2025-11-04 10:15,2025-11-04 10:45,2025-11-04 10:15,2025-11-04 11:15,2025-11-04 10:15,2025-11-04 10:45,30.0,full overlap,Medium,Product Showcase,Conference Room C
CONF_1964,P041,Deployment,Project Discussion,2025-11-07 12:45,2025-11-07 13:45,2025-11-07 11:45,2025-11-07 13:15,2025-11-07 12:45,2025-11-07 13:15,30.0,partial overlap,Medium,Cafe,Office Area 2
CONF_1965,P041,Team Building,Requirements Analysis,2025-11-09 14:45,2025-11-09 15:30,2025-11-09 15:15,2025-11-09 15:45,2025-11-09 15:15,2025-11-09 15:30,15.0,partial overlap,Low,Conference Room C,Conference Room B
CONF_1966,P041,Design Review,Tech Sharing,2025-11-11 09:00,2025-11-11 09:30,2025-11-11 09:00,2025-11-11 09:45,2025-11-11 09:00,2025-11-11 09:30,30.0,full overlap,Medium,Office Area 1,R&D Center
CONF_1967,P041,Deployment,Team Building,2025-11-09 15:15,2025-11-09 15:45,2025-11-09 14:45,2025-11-09 15:30,2025-11-09 15:15,2025-11-09 15:30,15.0,partial overlap,Low,Training Room,Conference Room C
CONF_1968,P041,Deployment,Requirements Analysis,2025-11-09 15:15,2025-11-09 15:45,2025-11-09 15:15,2025-11-09 15:45,2025-11-09 15:15,2025-11-09 15:45,30.0,full overlap,Medium,Training Room,Conference Room B
CONF_1969,P041,One-on-One,Team Building,2025-11-14 10:45,2025-11-14 11:30,2025-11-14 10:30,2025-11-14 11:15,2025-11-14 10:45,2025-11-14 11:15,30.0,partial overlap,Medium,Product Showcase,Office Area 2
CONF_1970,P041,Brainstorming,Brainstorming,2025-11-11 12:23,2025-11-11 13:02,2025-11-11 12:15,2025-11-11 12:45,2025-11-11 12:23,2025-11-11 12:45,22.0,partial overlap,Low,Cafe,Office Area 2
CONF_1971,P041,Requirements Analysis,Team Building,2025-11-09 15:11,2025-11-09 15:36,2025-11-09 14:45,2025-11-09 15:30,2025-11-09 15:11,2025-11-09 15:30,19.0,partial overlap,Low,Online Meeting,Conference Room C
CONF_1972,P041,Requirements Analysis,Requirements Analysis,2025-11-09 15:11,2025-11-09 15:36,2025-11-09 15:15,2025-11-09 15:45,2025-11-09 15:15,2025-11-09 15:36,21.0,partial overlap,Low,Online Meeting,Conference Room B
CONF_1973,P041,Requirements Analysis,Deployment,2025-11-09 15:11,2025-11-09 15:36,2025-11-09 15:15,2025-11-09 15:45,2025-11-09 15:15,2025-11-09 15:36,21.0,partial overlap,Low,Online Meeting,Training Room
CONF_1974,P041,Code Review,Brainstorming,2025-11-11 12:26,2025-11-11 13:07,2025-11-11 12:15,2025-11-11 12:45,2025-11-11 12:26,2025-11-11 12:45,19.0,partial overlap,Low,Training Room,Office Area 2
CONF_1975,P041,Code Review,Brainstorming,2025-11-11 12:26,2025-11-11 13:07,2025-11-11 12:23,2025-11-11 13:02,2025-11-11 12:26,2025-11-11 13:02,36.0,partial overlap,Medium,Training Room,Cafe
CONF_1976,P041,Tech Sharing,One-on-One,2025-11-14 19:10,2025-11-14 20:03,2025-11-14 18:45,2025-11-14 19:15,2025-11-14 19:10,2025-11-14 19:15,5.0,partial overlap,Low,Demo Hall,Cafe
CONF_1977,P041,Brainstorming,Code Review,2025-11-20 08:15,2025-11-20 08:45,2025-11-20 08:15,2025-11-20 09:00,2025-11-20 08:15,2025-11-20 08:45,30.0,full overlap,Medium,R&D Center,Online Meeting
CONF_1978,P041,Code Review,Operations Check,2025-11-15 09:45,2025-11-15 10:30,2025-11-15 09:15,2025-11-15 10:15,2025-11-15 09:45,2025-11-15 10:15,30.0,partial overlap,Medium,R&D Center,Break Room
CONF_1979,P041,One-on-One,Meeting,2025-11-19 11:30,2025-11-19 12:15,2025-11-19 11:30,2025-11-19 12:00,2025-11-19 11:30,2025-11-19 12:00,30.0,full overlap,Medium,Office Area 2,Online Meeting
CONF_1980,P041,Training,Design Review,2025-11-19 13:45,2025-11-19 14:30,2025-11-19 13:45,2025-11-19 14:15,2025-11-19 13:45,2025-11-19 14:15,30.0,full overlap,Medium,Cafe,Remote
CONF_1981,P041,Deployment,Brainstorming,2025-11-16 09:07,2025-11-16 09:39,2025-11-16 09:00,2025-11-16 09:15,2025-11-16 09:07,2025-11-16 09:15,8.0,partial overlap,Low,Office Area 2,Conference Room C
CONF_1982,P041,Testing Acceptance,Requirements Analysis,2025-11-16 17:29,2025-11-16 17:51,2025-11-16 17:15,2025-11-16 17:30,2025-11-16 17:29,2025-11-16 17:30,1.0,partial overlap,Low,Remote,Office Area 2
CONF_1983,P041,Code Review,Requirements Analysis,2025-11-14 11:48,2025-11-14 12:33,2025-11-14 11:30,2025-11-14 12:15,2025-11-14 11:48,2025-11-14 12:15,27.0,partial overlap,Low,Conference Room C,Break Room
CONF_1984,P041,Training,Requirements Analysis,2025-11-15 13:16,2025-11-15 13:37,2025-11-15 13:00,2025-11-15 13:30,2025-11-15 13:16,2025-11-15 13:30,14.0,partial overlap,Low,Demo Hall,Demo Hall
CONF_1985,P042,Product Demo,Testing Acceptance,2025-11-02 15:15,2025-11-02 15:45,2025-11-02 14:00,2025-11-02 15:30,2025-11-02 15:15,2025-11-02 15:30,15.0,partial overlap,Low,Online Meeting,Break Room
CONF_1986,P042,Testing Acceptance,Testing Acceptance,2025-11-06 17:15,2025-11-06 18:15,2025-11-06 18:00,2025-11-06 18:45,2025-11-06 18:00,2025-11-06 18:15,15.0,partial overlap,Low,Cafe,Cafe
CONF_1987,P042,Tech Sharing,Meeting,2025-11-04 09:23,2025-11-04 10:15,2025-11-04 09:15,2025-11-04 10:45,2025-11-04 09:23,2025-11-04 10:15,52.0,full overlap,Medium,Conference Room B,Cafe
CONF_1988,P042,Code Review,Training,2025-11-06 15:00,2025-11-06 16:00,2025-11-06 15:30,2025-11-06 16:00,2025-11-06 15:30,2025-11-06 16:00,30.0,full overlap,Medium,Conference Room B,Online Meeting
CONF_1989,P042,Design Review,Deployment,2025-11-07 11:45,2025-11-07 12:30,2025-11-07 11:15,2025-11-07 12:00,2025-11-07 11:45,2025-11-07 12:00,15.0,partial overlap,Low,Conference Room A,Training Room
CONF_1990,P042,Team Building,Design Review,2025-11-08 15:30,2025-11-08 16:15,2025-11-08 15:45,2025-11-08 16:15,2025-11-08 15:45,2025-11-08 16:15,30.0,full overlap,Medium,Conference Room C,Demo Hall
CONF_1991,P042,Requirements Analysis,Client Visit,2025-11-10 16:00,2025-11-10 16:45,2025-11-10 16:30,2025-11-10 17:00,2025-11-10 16:30,2025-11-10 16:45,15.0,partial overlap,Low,Conference Room C,Office Area 1
CONF_1992,P042,Operations Check,Client Visit,2025-11-11 09:15,2025-11-11 09:45,2025-11-11 09:30,2025-11-11 10:00,2025-11-11 09:30,2025-11-11 09:45,15.0,partial overlap,Low,Office Area 1,Break Room
CONF_1993,P042,Operations Check,Client Visit,2025-11-11 09:15,2025-11-11 09:45,2025-11-11 09:00,2025-11-11 09:30,2025-11-11 09:15,2025-11-11 09:30,15.0,partial overlap,Low,Office Area 1,Break Room
CONF_1994,P042,Brainstorming,Team Building,2025-11-11 18:00,2025-11-11 18:45,2025-11-11 18:30,2025-11-11 19:30,2025-11-11 18:30,2025-11-11 18:45,15.0,partial overlap,Low,Product Showcase,Client Reception
CONF_1995,P042,Product Demo,Client Visit,2025-11-11 09:24,2025-11-11 10:17,2025-11-11 09:30,2025-11-11 10:00,2025-11-11 09:30,2025-11-11 10:00,30.0,full overlap,Medium,Office Area 2,Break Room
CONF_1996,P042,Product Demo,Operations Check,2025-11-11 09:24,2025-11-11 10:17,2025-11-11 09:15,2025-11-11 09:45,2025-11-11 09:24,2025-11-11 09:45,21.0,partial overlap,Low,Office Area 2,Office Area 1
CONF_1997,P042,Product Demo,Client Visit,2025-11-11 09:24,2025-11-11 10:17,2025-11-11 09:00,2025-11-11 09:30,2025-11-11 09:24,2025-11-11 09:30,6.0,partial overlap,Low,Office Area 2,Break Room
CONF_1998,P042,Brainstorming,Design Review,2025-11-07 12:03,2025-11-07 12:45,2025-11-07 11:45,2025-11-07 12:30,2025-11-07 12:03,2025-11-07 12:30,27.0,partial overlap,Low,R&D Center,Conference Room A
CONF_1999,P042,Code Review,Product Demo,2025-11-11 09:45,2025-11-11 10:27,2025-11-11 09:24,2025-11-11 10:17,2025-11-11 09:45,2025-11-11 10:17,32.0,partial overlap,Medium,Cafe,Office Area 2
CONF_2000,P042,Code Review,Client Visit,2025-11-11 09:45,2025-11-11 10:27,2025-11-11 09:30,2025-11-11 10:00,2025-11-11 09:45,2025-11-11 10:00,15.0,partial overlap,Low,Cafe,Break Room
CONF_2001,P042,Design Review,Design Review,2025-11-08 16:14,2025-11-08 17:12,2025-11-08 15:45,2025-11-08 16:15,2025-11-08 16:14,2025-11-08 16:15,1.0,partial overlap,Low,Break Room,Demo Hall
CONF_2002,P042,Design Review,Team Building,2025-11-08 16:14,2025-11-08 17:12,2025-11-08 15:30,2025-11-08 16:15,2025-11-08 16:14,2025-11-08 16:15,1.0,partial overlap,Low,Break Room,Conference Room C
CONF_2003,P042,Design Review,One-on-One,2025-11-08 16:14,2025-11-08 17:12,2025-11-08 17:00,2025-11-08 17:30,2025-11-08 17:00,2025-11-08 17:12,12.0,partial overlap,Low,Break Room,Online Meeting
CONF_2004,P042,Training,Client Visit,2025-11-19 16:45,2025-11-19 17:15,2025-11-19 16:45,2025-11-19 17:30,2025-11-19 16:45,2025-11-19 17:15,30.0,full overlap,Medium,Cafe,Conference Room B
CONF_2005,P042,Meeting,Tech Sharing,2025-11-15 13:00,2025-11-15 13:45,2025-11-15 13:15,2025-11-15 14:15,2025-11-15 13:15,2025-11-15 13:45,30.0,partial overlap,Medium,Conference Room A,Training Room
CONF_2006,P042,One-on-One,Design Review,2025-11-18 15:15,2025-11-18 15:45,2025-11-18 15:30,2025-11-18 15:45,2025-11-18 15:30,2025-11-18 15:45,15.0,full overlap,Low,Product Showcase,Client Reception
CONF_2007,P042,Design Review,Requirements Analysis,2025-11-17 18:00,2025-11-17 18:45,2025-11-17 18:00,2025-11-17 18:30,2025-11-17 18:00,2025-11-17 18:30,30.0,full overlap,Medium,Break Room,Online Meeting
CONF_2008,P042,One-on-One,Product Demo,2025-11-19 09:30,2025-11-19 10:00,2025-11-19 09:45,2025-11-19 10:30,2025-11-19 09:45,2025-11-19 10:00,15.0,partial overlap,Low,Product Showcase,Conference Room B
CONF_2009,P042,Team Building,Training,2025-11-18 10:30,2025-11-18 10:45,2025-11-18 10:30,2025-11-18 11:00,2025-11-18 10:30,2025-11-18 10:45,15.0,full overlap,Low,Demo Hall,Online Meeting
CONF_2010,P042,Client Visit,Training,2025-11-18 10:30,2025-11-18 11:00,2025-11-18 10:30,2025-11-18 11:00,2025-11-18 10:30,2025-11-18 11:00,30.0,full overlap,Medium,Client Reception,Online Meeting
CONF_2011,P042,Client Visit,Team Building,2025-11-18 10:30,2025-11-18 11:00,2025-11-18 10:30,2025-11-18 10:45,2025-11-18 10:30,2025-11-18 10:45,15.0,full overlap,Low,Client Reception,Demo Hall
CONF_2012,P042,Client Visit,Requirements Analysis,2025-11-18 13:15,2025-11-18 13:30,2025-11-18 13:00,2025-11-18 13:30,2025-11-18 13:15,2025-11-18 13:30,15.0,full overlap,Low,Remote,Cafe
CONF_2013,P042,Operations Check,One-on-One,2025-11-18 14:38,2025-11-18 15:23,2025-11-18 15:15,2025-11-18 15:45,2025-11-18 15:15,2025-11-18 15:23,8.0,partial overlap,Low,Office Area 1,Product Showcase
CONF_2014,P042,Operations Check,Deployment,2025-11-18 14:38,2025-11-18 15:23,2025-11-18 14:15,2025-11-18 14:45,2025-11-18 14:38,2025-11-18 14:45,7.0,partial overlap,Low,Office Area 1,Break Room
CONF_2015,P042,Deployment,Client Visit,2025-11-19 17:11,2025-11-19 18:09,2025-11-19 16:45,2025-11-19 17:30,2025-11-19 17:11,2025-11-19 17:30,19.0,partial overlap,Low,Remote,Conference Room B
CONF_2016,P042,Deployment,Training,2025-11-19 17:11,2025-11-19 18:09,2025-11-19 16:45,2025-11-19 17:15,2025-11-19 17:11,2025-11-19 17:15,4.0,partial overlap,Low,Remote,Cafe
CONF_2017,P042,Design Review,Training,2025-11-19 12:36,2025-11-19 13:36,2025-11-19 12:15,2025-11-19 12:45,2025-11-19 12:36,2025-11-19 12:45,9.0,partial overlap,Low,Client Reception,Conference Room C
CONF_2018,P042,Requirements Analysis,Requirements Analysis,2025-11-17 18:27,2025-11-17 19:06,2025-11-17 18:00,2025-11-17 18:30,2025-11-17 18:27,2025-11-17 18:30,3.0,partial overlap,Low,Online Meeting,Online Meeting
CONF_2019,P042,Requirements Analysis,Design Review,2025-11-17 18:27,2025-11-17 19:06,2025-11-17 18:00,2025-11-17 18:45,2025-11-17 18:27,2025-11-17 18:45,18.0,partial overlap,Low,Online Meeting,Break Room
CONF_2020,P042,Requirements Analysis,Project Discussion,2025-11-21 17:53,2025-11-21 18:46,2025-11-21 18:30,2025-11-21 19:15,2025-11-21 18:30,2025-11-21 18:46,16.0,partial overlap,Low,Office Area 1,Client Reception
CONF_2021,P043,Testing Acceptance,Deployment,2025-11-01 14:14,2025-11-01 14:53,2025-11-01 14:00,2025-11-01 14:30,2025-11-01 14:14,2025-11-01 14:30,16.0,partial overlap,Low,R&D Center,Remote
CONF_2022,P043,Client Visit,Team Building,2025-11-07 15:15,2025-11-07 16:15,2025-11-07 15:45,2025-11-07 16:15,2025-11-07 15:45,2025-11-07 16:15,30.0,full overlap,Medium,Conference Room A,Test Lab
CONF_2023,P043,Testing Acceptance,One-on-One,2025-11-08 11:15,2025-11-08 12:15,2025-11-08 11:45,2025-11-08 12:30,2025-11-08 11:45,2025-11-08 12:15,30.0,partial overlap,Medium,Test Lab,Office Area 1
CONF_2024,P043,Tech Sharing,Brainstorming,2025-11-12 09:00,2025-11-12 10:00,2025-11-12 09:00,2025-11-12 09:45,2025-11-12 09:00,2025-11-12 09:45,45.0,full overlap,Medium,Remote,Office Area 2
CONF_2025,P043,Deployment,Testing Acceptance,2025-11-09 08:54,2025-11-09 09:43,2025-11-09 08:45,2025-11-09 09:45,2025-11-09 08:54,2025-11-09 09:43,49.0,full overlap,Medium,Client Reception,Demo Hall
CONF_2026,P043,Brainstorming,Deployment,2025-11-10 14:39,2025-11-10 15:14,2025-11-10 14:15,2025-11-10 14:45,2025-11-10 14:39,2025-11-10 14:45,6.0,partial overlap,Low,Conference Room B,Conference Room C
CONF_2027,P043,Brainstorming,Training,2025-11-10 14:39,2025-11-10 15:14,2025-11-10 15:00,2025-11-10 15:45,2025-11-10 15:00,2025-11-10 15:14,14.0,partial overlap,Low,Conference Room B,Office Area 1
CONF_2028,P043,Design Review,Brainstorming,2025-11-12 09:12,2025-11-12 09:56,2025-11-12 09:00,2025-11-12 09:45,2025-11-12 09:12,2025-11-12 09:45,33.0,partial overlap,Medium,Office Area 1,Office Area 2
CONF_2029,P043,Design Review,Tech Sharing,2025-11-12 09:12,2025-11-12 09:56,2025-11-12 09:00,2025-11-12 10:00,2025-11-12 09:12,2025-11-12 09:56,44.0,full overlap,Medium,Office Area 1,Remote
CONF_2030,P043,Code Review,Deployment,2025-11-10 14:37,2025-11-10 15:23,2025-11-10 14:15,2025-11-10 14:45,2025-11-10 14:37,2025-11-10 14:45,8.0,partial overlap,Low,Conference Room A,Conference Room C
CONF_2031,P043,Code Review,Training,2025-11-10 14:37,2025-11-10 15:23,2025-11-10 15:00,2025-11-10 15:45,2025-11-10 15:00,2025-11-10 15:23,23.0,partial overlap,Low,Conference Room A,Office Area 1
CONF_2032,P043,Code Review,Brainstorming,2025-11-10 14:37,2025-11-10 15:23,2025-11-10 14:39,2025-11-10 15:14,2025-11-10 14:39,2025-11-10 15:14,35.0,full overlap,Medium,Conference Room A,Conference Room B
CONF_2033,P043,Client Visit,Design Review,2025-11-14 14:30,2025-11-14 15:00,2025-11-14 14:15,2025-11-14 14:45,2025-11-14 14:30,2025-11-14 14:45,15.0,partial overlap,Low,Product Showcase,Demo Hall
CONF_2034,P043,Testing Acceptance,Client Visit,2025-11-14 14:30,2025-11-14 15:00,2025-11-14 14:30,2025-11-14 15:00,2025-11-14 14:30,2025-11-14 15:00,30.0,full overlap,Medium,Remote,Product Showcase
CONF_2035,P043,Testing Acceptance,Design Review,2025-11-14 14:30,2025-11-14 15:00,2025-11-14 14:15,2025-11-14 14:45,2025-11-14 14:30,2025-11-14 14:45,15.0,partial overlap,Low,Remote,Demo Hall
CONF_2036,P043,Requirements Analysis,Client Visit,2025-11-14 14:45,2025-11-14 15:00,2025-11-14 14:30,2025-11-14 15:00,2025-11-14 14:45,2025-11-14 15:00,15.0,full overlap,Low,Conference Room C,Product Showcase
CONF_2037,P043,Requirements Analysis,Testing Acceptance,2025-11-14 14:45,2025-11-14 15:00,2025-11-14 14:30,2025-11-14 15:00,2025-11-14 14:45,2025-11-14 15:00,15.0,full overlap,Low,Conference Room C,Remote
CONF_2038,P043,Brainstorming,Meeting,2025-11-16 13:00,2025-11-16 13:45,2025-11-16 13:00,2025-11-16 13:30,2025-11-16 13:00,2025-11-16 13:30,30.0,full overlap,Medium,Conference Room B,Remote
CONF_2039,P043,Training,Requirements Analysis,2025-11-17 11:45,2025-11-17 12:15,2025-11-17 11:30,2025-11-17 12:00,2025-11-17 11:45,2025-11-17 12:00,15.0,partial overlap,Low,Demo Hall,Conference Room C
CONF_2040,P043,Client Visit,Code Review,2025-11-19 10:00,2025-11-19 10:30,2025-11-19 10:00,2025-11-19 10:15,2025-11-19 10:00,2025-11-19 10:15,15.0,full overlap,Low,Training Room,Test Lab
CONF_2041,P043,Product Demo,Brainstorming,2025-11-21 08:30,2025-11-21 09:00,2025-11-21 08:45,2025-11-21 09:15,2025-11-21 08:45,2025-11-21 09:00,15.0,partial overlap,Low,Product Showcase,Conference Room A
CONF_2042,P043,Client Visit,Requirements Analysis,2025-11-18 16:30,2025-11-18 17:15,2025-11-18 17:00,2025-11-18 17:30,2025-11-18 17:00,2025-11-18 17:15,15.0,partial overlap,Low,Remote,Office Area 1
CONF_2043,P043,Brainstorming,Client Visit,2025-11-14 14:37,2025-11-14 15:13,2025-11-14 14:30,2025-11-14 15:00,2025-11-14 14:37,2025-11-14 15:00,23.0,partial overlap,Low,Office Area 1,Product Showcase
CONF_2044,P043,Brainstorming,Testing Acceptance,2025-11-14 14:37,2025-11-14 15:13,2025-11-14 14:30,2025-11-14 15:00,2025-11-14 14:37,2025-11-14 15:00,23.0,partial overlap,Low,Office Area 1,Remote
CONF_2045,P043,Brainstorming,Design Review,2025-11-14 14:37,2025-11-14 15:13,2025-11-14 14:15,2025-11-14 14:45,2025-11-14 14:37,2025-11-14 14:45,8.0,partial overlap,Low,Office Area 1,Demo Hall
CONF_2046,P043,Brainstorming,Requirements Analysis,2025-11-14 14:37,2025-11-14 15:13,2025-11-14 14:45,2025-11-14 15:00,2025-11-14 14:45,2025-11-14 15:00,15.0,full overlap,Low,Office Area 1,Conference Room C
CONF_2047,P043,Code Review,Training,2025-11-17 12:10,2025-11-17 12:28,2025-11-17 11:45,2025-11-17 12:15,2025-11-17 12:10,2025-11-17 12:15,5.0,partial overlap,Low,R&D Center,Demo Hall
CONF_2048,P043,Client Visit,Training,2025-11-17 12:01,2025-11-17 12:37,2025-11-17 11:45,2025-11-17 12:15,2025-11-17 12:01,2025-11-17 12:15,14.0,partial overlap,Low,Training Room,Demo Hall
CONF_2049,P043,Client Visit,Code Review,2025-11-17 12:01,2025-11-17 12:37,2025-11-17 12:10,2025-11-17 12:28,2025-11-17 12:10,2025-11-17 12:28,18.0,full overlap,Low,Training Room,R&D Center
CONF_2050,P043,Client Visit,Client Visit,2025-11-18 16:38,2025-11-18 17:21,2025-11-18 16:30,2025-11-18 17:15,2025-11-18 16:38,2025-11-18 17:15,37.0,partial overlap,Medium,Conference Room C,Remote
CONF_2051,P043,Client Visit,Requirements Analysis,2025-11-18 16:38,2025-11-18 17:21,2025-11-18 17:00,2025-11-18 17:30,2025-11-18 17:00,2025-11-18 17:21,21.0,partial overlap,Low,Conference Room C,Office Area 1
CONF_2052,P043,Testing Acceptance,Meeting,2025-11-23 08:07,2025-11-23 09:03,2025-11-23 08:00,2025-11-23 08:30,2025-11-23 08:07,2025-11-23 08:30,23.0,partial overlap,Low,R&D Center,R&D Center
CONF_2053,P043,One-on-One,Testing Acceptance,2025-11-23 18:14,2025-11-23 19:08,2025-11-23 17:45,2025-11-23 18:30,2025-11-23 18:14,2025-11-23 18:30,16.0,partial overlap,Low,Cafe,Remote
CONF_2054,P043,Project Discussion,Requirements Analysis,2025-11-18 16:50,2025-11-18 17:14,2025-11-18 17:00,2025-11-18 17:30,2025-11-18 17:00,2025-11-18 17:14,14.0,partial overlap,Low,Remote,Office Area 1
CONF_2055,P043,Project Discussion,Client Visit,2025-11-18 16:50,2025-11-18 17:14,2025-11-18 16:38,2025-11-18 17:21,2025-11-18 16:50,2025-11-18 17:14,24.0,full overlap,Low,Remote,Conference Room C
CONF_2056,P043,Project Discussion,Client Visit,2025-11-18 16:50,2025-11-18 17:14,2025-11-18 16:30,2025-11-18 17:15,2025-11-18 16:50,2025-11-18 17:14,24.0,full overlap,Low,Remote,Remote
CONF_2057,P044,Design Review,Brainstorming,2025-11-02 16:30,2025-11-02 17:30,2025-11-02 16:00,2025-11-02 16:45,2025-11-02 16:30,2025-11-02 16:45,15.0,partial overlap,Low,Product Showcase,Cafe
CONF_2058,P044,Training,Training,2025-11-04 15:41,2025-11-04 16:17,2025-11-04 15:15,2025-11-04 16:45,2025-11-04 15:41,2025-11-04 16:17,36.0,full overlap,Medium,Conference Room C,Demo Hall
CONF_2059,P044,Operations Check,Training,2025-10-27 14:04,2025-10-27 14:25,2025-10-27 13:45,2025-10-27 14:30,2025-10-27 14:04,2025-10-27 14:25,21.0,full overlap,Low,Training Room,Demo Hall
CONF_2060,P044,Client Visit,Testing Acceptance,2025-11-08 11:45,2025-11-08 12:15,2025-11-08 11:00,2025-11-08 12:30,2025-11-08 11:45,2025-11-08 12:15,30.0,full overlap,Medium,Online Meeting,Office Area 1
CONF_2061,P044,Client Visit,Project Discussion,2025-11-07 15:00,2025-11-07 15:30,2025-11-07 15:00,2025-11-07 15:45,2025-11-07 15:00,2025-11-07 15:30,30.0,full overlap,Medium,Test Lab,Break Room
CONF_2062,P044,Project Discussion,Tech Sharing,2025-11-12 09:00,2025-11-12 10:00,2025-11-12 09:00,2025-11-12 10:00,2025-11-12 09:00,2025-11-12 10:00,60.0,full overlap,High,Training Room,Break Room
CONF_2063,P044,Requirements Analysis,Code Review,2025-11-14 17:30,2025-11-14 18:30,2025-11-14 18:00,2025-11-14 19:00,2025-11-14 18:00,2025-11-14 18:30,30.0,partial overlap,Medium,Demo Hall,Test Lab
CONF_2064,P044,Design Review,Product Demo,2025-11-11 12:15,2025-11-11 13:00,2025-11-11 12:15,2025-11-11 13:00,2025-11-11 12:15,2025-11-11 13:00,45.0,full overlap,Medium,Test Lab,Demo Hall
CONF_2065,P044,Code Review,Code Review,2025-11-16 08:30,2025-11-16 09:00,2025-11-16 08:45,2025-11-16 09:30,2025-11-16 08:45,2025-11-16 09:00,15.0,partial overlap,Low,Demo Hall,Client Reception
CONF_2066,P044,Testing Acceptance,Requirements Analysis,2025-11-05 16:54,2025-11-05 17:43,2025-11-05 16:30,2025-11-05 17:15,2025-11-05 16:54,2025-11-05 17:15,21.0,partial overlap,Low,Cafe,Office Area 2
CONF_2067,P044,Team Building,Deployment,2025-11-08 14:58,2025-11-08 15:46,2025-11-08 14:30,2025-11-08 15:15,2025-11-08 14:58,2025-11-08 15:15,17.0,partial overlap,Low,Break Room,Conference Room B
CONF_2068,P044,Requirements Analysis,Requirements Analysis,2025-11-05 16:47,2025-11-05 17:20,2025-11-05 16:30,2025-11-05 17:15,2025-11-05 16:47,2025-11-05 17:15,28.0,partial overlap,Low,Office Area 1,Office Area 2
CONF_2069,P044,Requirements Analysis,Testing Acceptance,2025-11-05 16:47,2025-11-05 17:20,2025-11-05 16:54,2025-11-05 17:43,2025-11-05 16:54,2025-11-05 17:20,26.0,partial overlap,Low,Office Area 1,Cafe
CONF_2070,P044,Code Review,One-on-One,2025-11-19 11:15,2025-11-19 11:45,2025-11-19 10:45,2025-11-19 11:30,2025-11-19 11:15,2025-11-19 11:30,15.0,partial overlap,Low,Product Showcase,Demo Hall
CONF_2071,P044,Tech Sharing,Design Review,2025-11-17 11:45,2025-11-17 12:15,2025-11-17 12:00,2025-11-17 12:45,2025-11-17 12:00,2025-11-17 12:15,15.0,partial overlap,Low,Online Meeting,Training Room
CONF_2072,P044,Code Review,Code Review,2025-11-16 18:15,2025-11-16 18:45,2025-11-16 18:30,2025-11-16 19:15,2025-11-16 18:30,2025-11-16 18:45,15.0,partial overlap,Low,Office Area 2,Test Lab
CONF_2073,P044,Meeting,Code Review,2025-11-16 09:00,2025-11-16 09:30,2025-11-16 08:45,2025-11-16 09:30,2025-11-16 09:00,2025-11-16 09:30,30.0,full overlap,Medium,Online Meeting,Client Reception
CONF_2074,P044,Training,Code Review,2025-11-18 15:45,2025-11-18 16:15,2025-11-18 15:45,2025-11-18 16:30,2025-11-18 15:45,2025-11-18 16:15,30.0,full overlap,Medium,Cafe,Product Showcase
CONF_2075,P044,Tech Sharing,One-on-One,2025-11-21 17:00,2025-11-21 17:45,2025-11-21 16:45,2025-11-21 17:15,2025-11-21 17:00,2025-11-21 17:15,15.0,partial overlap,Low,Demo Hall,Remote
CONF_2076,P044,Tech Sharing,Deployment,2025-11-21 17:00,2025-11-21 17:45,2025-11-21 17:30,2025-11-21 17:45,2025-11-21 17:30,2025-11-21 17:45,15.0,full overlap,Low,Demo Hall,Training Room
CONF_2077,P044,Requirements Analysis,Requirements Analysis,2025-11-22 16:00,2025-11-22 16:15,2025-11-22 16:00,2025-11-22 16:15,2025-11-22 16:00,2025-11-22 16:15,15.0,full overlap,Low,Product Showcase,Office Area 1
CONF_2078,P044,One-on-One,Deployment,2025-11-19 09:07,2025-11-19 09:40,2025-11-19 09:00,2025-11-19 09:15,2025-11-19 09:07,2025-11-19 09:15,8.0,partial overlap,Low,Test Lab,Office Area 1
CONF_2079,P044,Operations Check,Team Building,2025-11-17 17:43,2025-11-17 18:15,2025-11-17 17:30,2025-11-17 17:45,2025-11-17 17:43,2025-11-17 17:45,2.0,partial overlap,Low,Remote,Conference Room A
CONF_2080,P044,Team Building,Code Review,2025-11-18 16:01,2025-11-18 16:22,2025-11-18 15:45,2025-11-18 16:30,2025-11-18 16:01,2025-11-18 16:22,21.0,full overlap,Low,Break Room,Product Showcase
CONF_2081,P044,Team Building,Training,2025-11-18 16:01,2025-11-18 16:22,2025-11-18 15:45,2025-11-18 16:15,2025-11-18 16:01,2025-11-18 16:15,14.0,partial overlap,Low,Break Room,Cafe
CONF_2082,P044,One-on-One,Operations Check,2025-11-18 11:03,2025-11-18 11:53,2025-11-18 11:01,2025-11-18 11:32,2025-11-18 11:03,2025-11-18 11:32,29.0,partial overlap,Low,Break Room,Client Reception
CONF_2083,P044,One-on-One,Testing Acceptance,2025-11-18 11:03,2025-11-18 11:53,2025-11-18 11:45,2025-11-18 12:15,2025-11-18 11:45,2025-11-18 11:53,8.0,partial overlap,Low,Break Room,Conference Room A
CONF_2084,P044,Project Discussion,Code Review,2025-11-19 11:32,2025-11-19 12:05,2025-11-19 11:15,2025-11-19 11:45,2025-11-19 11:32,2025-11-19 11:45,13.0,partial overlap,Low,Break Room,Product Showcase
CONF_2085,P044,Tech Sharing,Design Review,2025-11-22 16:15,2025-11-22 17:07,2025-11-22 17:00,2025-11-22 17:15,2025-11-22 17:00,2025-11-22 17:07,7.0,partial overlap,Low,R&D Center,Test Lab
CONF_2086,P044,Tech Sharing,Testing Acceptance,2025-11-22 16:15,2025-11-22 17:07,2025-11-22 16:19,2025-11-22 16:37,2025-11-22 16:19,2025-11-22 16:37,18.0,full overlap,Low,R&D Center,Conference Room B
CONF_2087,P045,One-on-One,Code Review,2025-11-06 08:36,2025-11-06 09:08,2025-11-06 08:15,2025-11-06 09:00,2025-11-06 08:36,2025-11-06 09:00,24.0,partial overlap,Low,Remote,Product Showcase
CONF_2088,P045,Requirements Analysis,Training,2025-11-13 10:00,2025-11-13 11:00,2025-11-13 09:45,2025-11-13 10:30,2025-11-13 10:00,2025-11-13 10:30,30.0,partial overlap,Medium,Break Room,Office Area 1
CONF_2089,P045,Client Visit,Design Review,2025-11-10 17:15,2025-11-10 17:45,2025-11-10 17:00,2025-11-10 17:45,2025-11-10 17:15,2025-11-10 17:45,30.0,full overlap,Medium,Online Meeting,Office Area 2
CONF_2090,P045,Operations Check,Brainstorming,2025-11-10 10:00,2025-11-10 11:00,2025-11-10 10:15,2025-11-10 11:00,2025-11-10 10:15,2025-11-10 11:00,45.0,full overlap,Medium,Online Meeting,Client Reception
CONF_2091,P045,Design Review,Training,2025-11-13 09:30,2025-11-13 10:15,2025-11-13 09:45,2025-11-13 10:30,2025-11-13 09:45,2025-11-13 10:15,30.0,partial overlap,Medium,Demo Hall,Office Area 1
CONF_2092,P045,Design Review,Requirements Analysis,2025-11-13 09:30,2025-11-13 10:15,2025-11-13 10:00,2025-11-13 11:00,2025-11-13 10:00,2025-11-13 10:15,15.0,partial overlap,Low,Demo Hall,Break Room
CONF_2093,P045,Tech Sharing,Operations Check,2025-11-10 10:42,2025-11-10 11:33,2025-11-10 10:00,2025-11-10 11:00,2025-11-10 10:42,2025-11-10 11:00,18.0,partial overlap,Low,Product Showcase,Online Meeting
CONF_2094,P045,Tech Sharing,Brainstorming,2025-11-10 10:42,2025-11-10 11:33,2025-11-10 10:15,2025-11-10 11:00,2025-11-10 10:42,2025-11-10 11:00,18.0,partial overlap,Low,Product Showcase,Client Reception
CONF_2095,P045,Project Discussion,Tech Sharing,2025-11-08 16:10,2025-11-08 16:52,2025-11-08 16:00,2025-11-08 17:00,2025-11-08 16:10,2025-11-08 16:52,42.0,full overlap,Medium,R&D Center,Client Reception
CONF_2096,P045,Operations Check,Client Visit,2025-11-10 17:06,2025-11-10 17:22,2025-11-10 17:15,2025-11-10 17:45,2025-11-10 17:15,2025-11-10 17:22,7.0,partial overlap,Low,Remote,Online Meeting
CONF_2097,P045,Operations Check,Design Review,2025-11-10 17:06,2025-11-10 17:22,2025-11-10 17:00,2025-11-10 17:45,2025-11-10 17:06,2025-11-10 17:22,16.0,full overlap,Low,Remote,Office Area 2
CONF_2098,P045,Code Review,Operations Check,2025-11-10 09:40,2025-11-10 10:22,2025-11-10 10:00,2025-11-10 11:00,2025-11-10 10:00,2025-11-10 10:22,22.0,partial overlap,Low,Product Showcase,Online Meeting
CONF_2099,P045,Code Review,Product Demo,2025-11-10 09:40,2025-11-10 10:22,2025-11-10 09:30,2025-11-10 10:00,2025-11-10 09:40,2025-11-10 10:00,20.0,partial overlap,Low,Product Showcase,Product Showcase
CONF_2100,P045,Code Review,Brainstorming,2025-11-10 09:40,2025-11-10 10:22,2025-11-10 10:15,2025-11-10 11:00,2025-11-10 10:15,2025-11-10 10:22,7.0,partial overlap,Low,Product Showcase,Client Reception
CONF_2101,P045,Team Building,Project Discussion,2025-11-08 16:28,2025-11-08 17:00,2025-11-08 16:10,2025-11-08 16:52,2025-11-08 16:28,2025-11-08 16:52,24.0,partial overlap,Low,Break Room,R&D Center
CONF_2102,P045,Team Building,Tech Sharing,2025-11-08 16:28,2025-11-08 17:00,2025-11-08 16:00,2025-11-08 17:00,2025-11-08 16:28,2025-11-08 17:00,32.0,full overlap,Medium,Break Room,Client Reception
CONF_2103,P045,Team Building,Testing Acceptance,2025-11-14 15:12,2025-11-14 15:58,2025-11-14 14:45,2025-11-14 15:45,2025-11-14 15:12,2025-11-14 15:45,33.0,partial overlap,Medium,Training Room,Conference Room C
CONF_2104,P045,Requirements Analysis,Tech Sharing,2025-11-15 12:15,2025-11-15 12:30,2025-11-15 12:15,2025-11-15 12:45,2025-11-15 12:15,2025-11-15 12:30,15.0,full overlap,Low,Conference Room B,Product Showcase
CONF_2105,P045,Code Review,Training,2025-11-19 11:30,2025-11-19 12:15,2025-11-19 11:30,2025-11-19 11:45,2025-11-19 11:30,2025-11-19 11:45,15.0,full overlap,Low,Client Reception,Client Reception
CONF_2106,P045,Client Visit,Deployment,2025-11-17 16:00,2025-11-17 16:45,2025-11-17 16:15,2025-11-17 16:30,2025-11-17 16:15,2025-11-17 16:30,15.0,full overlap,Low,Cafe,Office Area 2
CONF_2107,P045,Training,Deployment,2025-11-17 16:08,2025-11-17 16:45,2025-11-17 16:15,2025-11-17 16:30,2025-11-17 16:15,2025-11-17 16:30,15.0,full overlap,Low,R&D Center,Office Area 2
CONF_2108,P045,Training,Client Visit,2025-11-17 16:08,2025-11-17 16:45,2025-11-17 16:00,2025-11-17 16:45,2025-11-17 16:08,2025-11-17 16:45,37.0,full overlap,Medium,R&D Center,Cafe
CONF_2109,P045,Team Building,Brainstorming,2025-11-18 17:31,2025-11-18 17:48,2025-11-18 17:15,2025-11-18 17:45,2025-11-18 17:31,2025-11-18 17:45,14.0,partial overlap,Low,Online Meeting,Conference Room A
CONF_2110,P046,Code Review,Meeting,2025-10-27 10:27,2025-10-27 11:27,2025-10-27 10:15,2025-10-27 11:15,2025-10-27 10:27,2025-10-27 11:15,48.0,partial overlap,Medium,Office Area 2,Online Meeting
CONF_2111,P046,Tech Sharing,Requirements Analysis,2025-11-09 09:00,2025-11-09 09:45,2025-11-09 09:15,2025-11-09 09:45,2025-11-09 09:15,2025-11-09 09:45,30.0,full overlap,Medium,Client Reception,Break Room
CONF_2112,P046,Tech Sharing,Project Discussion,2025-11-08 08:30,2025-11-08 09:15,2025-11-08 08:15,2025-11-08 08:45,2025-11-08 08:30,2025-11-08 08:45,15.0,partial overlap,Low,Office Area 2,R&D Center
CONF_2113,P046,Deployment,Meeting,2025-11-11 08:30,2025-11-11 09:15,2025-11-11 08:45,2025-11-11 09:15,2025-11-11 08:45,2025-11-11 09:15,30.0,full overlap,Medium,Training Room,Remote
CONF_2114,P046,Client Visit,Requirements Analysis,2025-11-11 15:15,2025-11-11 16:00,2025-11-11 15:00,2025-11-11 15:45,2025-11-11 15:15,2025-11-11 15:45,30.0,partial overlap,Medium,Office Area 2,Office Area 1
CONF_2115,P046,Code Review,Meeting,2025-11-16 14:55,2025-11-16 15:39,2025-11-16 14:30,2025-11-16 15:30,2025-11-16 14:55,2025-11-16 15:30,35.0,partial overlap,Medium,Training Room,Client Reception
CONF_2116,P046,Requirements Analysis,Team Building,2025-11-14 08:38,2025-11-14 09:28,2025-11-14 08:30,2025-11-14 09:15,2025-11-14 08:38,2025-11-14 09:15,37.0,partial overlap,Medium,Conference Room C,Conference Room C
CONF_2117,P046,Code Review,Product Demo,2025-11-12 11:47,2025-11-12 12:19,2025-11-12 11:30,2025-11-12 12:15,2025-11-12 11:47,2025-11-12 12:15,28.0,partial overlap,Low,Conference Room B,Conference Room C
CONF_2118,P046,Testing Acceptance,Operations Check,2025-11-09 12:28,2025-11-09 13:03,2025-11-09 12:15,2025-11-09 13:00,2025-11-09 12:28,2025-11-09 13:00,32.0,partial overlap,Medium,Client Reception,Client Reception
CONF_2119,P046,Deployment,Meeting,2025-11-14 14:38,2025-11-14 15:04,2025-11-14 14:30,2025-11-14 15:15,2025-11-14 14:38,2025-11-14 15:04,26.0,full overlap,Low,Break Room,Conference Room A
CONF_2120,P046,Operations Check,Client Visit,2025-11-11 15:13,2025-11-11 15:43,2025-11-11 15:15,2025-11-11 16:00,2025-11-11 15:15,2025-11-11 15:43,28.0,partial overlap,Low,Remote,Office Area 2
CONF_2121,P046,Operations Check,Requirements Analysis,2025-11-11 15:13,2025-11-11 15:43,2025-11-11 15:00,2025-11-11 15:45,2025-11-11 15:13,2025-11-11 15:43,30.0,full overlap,Medium,Remote,Office Area 1
CONF_2122,P046,One-on-One,Requirements Analysis,2025-11-14 08:41,2025-11-14 09:23,2025-11-14 08:38,2025-11-14 09:28,2025-11-14 08:41,2025-11-14 09:23,42.0,full overlap,Medium,R&D Center,Conference Room C
CONF_2123,P046,One-on-One,Team Building,2025-11-14 08:41,2025-11-14 09:23,2025-11-14 08:30,2025-11-14 09:15,2025-11-14 08:41,2025-11-14 09:15,34.0,partial overlap,Medium,R&D Center,Conference Room C
CONF_2124,P046,One-on-One,Training,2025-11-10 11:49,2025-11-10 12:06,2025-11-10 11:30,2025-11-10 12:15,2025-11-10 11:49,2025-11-10 12:06,17.0,full overlap,Low,Office Area 2,Remote
CONF_2125,P046,Code Review,Meeting,2025-11-14 14:49,2025-11-14 15:12,2025-11-14 14:30,2025-11-14 15:15,2025-11-14 14:49,2025-11-14 15:12,23.0,full overlap,Low,Office Area 1,Conference Room A
CONF_2126,P046,Code Review,Deployment,2025-11-14 14:49,2025-11-14 15:12,2025-11-14 14:38,2025-11-14 15:04,2025-11-14 14:49,2025-11-14 15:04,15.0,partial overlap,Low,Office Area 1,Break Room
CONF_2127,P046,Training,Meeting,2025-11-18 11:45,2025-11-18 12:15,2025-11-18 11:15,2025-11-18 12:00,2025-11-18 11:45,2025-11-18 12:00,15.0,partial overlap,Low,Office Area 2,Conference Room C
CONF_2128,P046,Project Discussion,Meeting,2025-11-16 14:45,2025-11-16 15:30,2025-11-16 14:30,2025-11-16 15:30,2025-11-16 14:45,2025-11-16 15:30,45.0,full overlap,Medium,Office Area 1,Client Reception
CONF_2129,P046,Project Discussion,Code Review,2025-11-16 14:45,2025-11-16 15:30,2025-11-16 14:55,2025-11-16 15:39,2025-11-16 14:55,2025-11-16 15:30,35.0,partial overlap,Medium,Office Area 1,Training Room
CONF_2130,P046,Deployment,Product Demo,2025-11-20 08:45,2025-11-20 09:15,2025-11-20 08:15,2025-11-20 09:00,2025-11-20 08:45,2025-11-20 09:00,15.0,partial overlap,Low,Training Room,Conference Room A
CONF_2131,P046,Testing Acceptance,Client Visit,2025-11-19 17:15,2025-11-19 17:30,2025-11-19 17:00,2025-11-19 17:30,2025-11-19 17:15,2025-11-19 17:30,15.0,full overlap,Low,Remote,R&D Center
CONF_2132,P046,Deployment,Deployment,2025-11-15 14:14,2025-11-15 14:41,2025-11-15 14:00,2025-11-15 14:15,2025-11-15 14:14,2025-11-15 14:15,1.0,partial overlap,Low,Remote,Cafe
CONF_2133,P046,Testing Acceptance,Tech Sharing,2025-11-16 16:22,2025-11-16 17:11,2025-11-16 16:15,2025-11-16 16:45,2025-11-16 16:22,2025-11-16 16:45,23.0,partial overlap,Low,Client Reception,Office Area 2
CONF_2134,P046,Tech Sharing,Meeting,2025-11-18 15:13,2025-11-18 15:40,2025-11-18 15:00,2025-11-18 15:30,2025-11-18 15:13,2025-11-18 15:30,17.0,partial overlap,Low,Conference Room B,Conference Room B
CONF_2135,P046,Code Review,Testing Acceptance,2025-11-19 17:23,2025-11-19 18:18,2025-11-19 17:15,2025-11-19 17:30,2025-11-19 17:23,2025-11-19 17:30,7.0,partial overlap,Low,Office Area 1,Remote
CONF_2136,P046,Code Review,Client Visit,2025-11-19 17:23,2025-11-19 18:18,2025-11-19 17:00,2025-11-19 17:30,2025-11-19 17:23,2025-11-19 17:30,7.0,partial overlap,Low,Office Area 1,R&D Center
CONF_2137,P046,Deployment,Design Review,2025-11-25 11:43,2025-11-25 12:19,2025-11-25 11:30,2025-11-25 11:45,2025-11-25 11:43,2025-11-25 11:45,2.0,partial overlap,Low,Cafe,Training Room
CONF_2138,P046,Tech Sharing,Deployment,2025-11-15 14:19,2025-11-15 14:41,2025-11-15 14:14,2025-11-15 14:41,2025-11-15 14:19,2025-11-15 14:41,22.0,full overlap,Low,Office Area 1,Remote
CONF_2139,P046,Client Visit,Deployment,2025-11-25 12:09,2025-11-25 13:09,2025-11-25 11:43,2025-11-25 12:19,2025-11-25 12:09,2025-11-25 12:19,10.0,partial overlap,Low,Product Showcase,Cafe
CONF_2140,P046,Code Review,Design Review,2025-11-18 08:45,2025-11-18 09:19,2025-11-18 08:15,2025-11-18 09:00,2025-11-18 08:45,2025-11-18 09:00,15.0,partial overlap,Low,Product Showcase,Online Meeting
CONF_2141,P046,Requirements Analysis,Meeting,2025-11-16 15:11,2025-11-16 15:35,2025-11-16 14:30,2025-11-16 15:30,2025-11-16 15:11,2025-11-16 15:30,19.0,partial overlap,Low,Break Room,Client Reception
CONF_2142,P046,Requirements Analysis,Project Discussion,2025-11-16 15:11,2025-11-16 15:35,2025-11-16 14:45,2025-11-16 15:30,2025-11-16 15:11,2025-11-16 15:30,19.0,partial overlap,Low,Break Room,Office Area 1
CONF_2143,P046,Requirements Analysis,Code Review,2025-11-16 15:11,2025-11-16 15:35,2025-11-16 14:55,2025-11-16 15:39,2025-11-16 15:11,2025-11-16 15:35,24.0,full overlap,Low,Break Room,Training Room
CONF_2144,P046,Brainstorming,Meeting,2025-11-15 13:50,2025-11-15 14:08,2025-11-15 13:30,2025-11-15 14:00,2025-11-15 13:50,2025-11-15 14:00,10.0,partial overlap,Low,Client Reception,Conference Room A
CONF_2145,P046,Brainstorming,Deployment,2025-11-15 13:50,2025-11-15 14:08,2025-11-15 14:00,2025-11-15 14:15,2025-11-15 14:00,2025-11-15 14:08,8.0,partial overlap,Low,Client Reception,Cafe
CONF_2146,P047,Meeting,Operations Check,2025-11-03 15:45,2025-11-03 17:15,2025-11-03 16:00,2025-11-03 16:30,2025-11-03 16:00,2025-11-03 16:30,30.0,full overlap,Medium,Office Area 1,Test Lab
CONF_2147,P047,Deployment,Code Review,2025-10-29 15:05,2025-10-29 15:43,2025-10-29 14:45,2025-10-29 15:45,2025-10-29 15:05,2025-10-29 15:43,38.0,full overlap,Medium,Cafe,Client Reception
CONF_2148,P047,Brainstorming,Training,2025-11-03 12:58,2025-11-03 13:58,2025-11-03 12:45,2025-11-03 14:15,2025-11-03 12:58,2025-11-03 13:58,60.0,full overlap,High,Cafe,Online Meeting
CONF_2149,P047,Client Visit,Project Discussion,2025-11-11 10:30,2025-11-11 11:30,2025-11-11 10:30,2025-11-11 11:15,2025-11-11 10:30,2025-11-11 11:15,45.0,full overlap,Medium,Conference Room C,Cafe
CONF_2150,P047,Project Discussion,Training,2025-11-11 08:30,2025-11-11 09:15,2025-11-11 08:15,2025-11-11 09:15,2025-11-11 08:30,2025-11-11 09:15,45.0,full overlap,Medium,Training Room,Cafe
CONF_2151,P047,Training,Requirements Analysis,2025-11-09 11:05,2025-11-09 11:30,2025-11-09 11:00,2025-11-09 11:45,2025-11-09 11:05,2025-11-09 11:30,25.0,full overlap,Low,Client Reception,Online Meeting
CONF_2152,P047,Client Visit,Requirements Analysis,2025-11-09 11:17,2025-11-09 12:15,2025-11-09 11:00,2025-11-09 11:45,2025-11-09 11:17,2025-11-09 11:45,28.0,partial overlap,Low,Client Reception,Online Meeting
CONF_2153,P047,Client Visit,Training,2025-11-09 11:17,2025-11-09 12:15,2025-11-09 11:05,2025-11-09 11:30,2025-11-09 11:17,2025-11-09 11:30,13.0,partial overlap,Low,Client Reception,Client Reception
CONF_2154,P047,Testing Acceptance,Tech Sharing,2025-11-14 11:59,2025-11-14 12:14,2025-11-14 11:30,2025-11-14 12:30,2025-11-14 11:59,2025-11-14 12:14,15.0,full overlap,Low,Office Area 1,Test Lab
CONF_2155,P047,Deployment,Deployment,2025-11-06 11:08,2025-11-06 12:07,2025-11-06 10:45,2025-11-06 11:15,2025-11-06 11:08,2025-11-06 11:15,7.0,partial overlap,Low,Remote,Cafe
CONF_2156,P047,Requirements Analysis,Meeting,2025-11-13 12:23,2025-11-13 12:45,2025-11-13 12:00,2025-11-13 12:45,2025-11-13 12:23,2025-11-13 12:45,22.0,full overlap,Low,Test Lab,Cafe
CONF_2157,P047,One-on-One,Brainstorming,2025-11-16 15:00,2025-11-16 15:30,2025-11-16 14:30,2025-11-16 15:30,2025-11-16 15:00,2025-11-16 15:30,30.0,full overlap,Medium,Office Area 1,Product Showcase
CONF_2158,P047,Brainstorming,Deployment,2025-11-14 08:45,2025-11-14 09:15,2025-11-14 08:45,2025-11-14 09:45,2025-11-14 08:45,2025-11-14 09:15,30.0,full overlap,Medium,Conference Room C,Office Area 2
CONF_2159,P047,Client Visit,Requirements Analysis,2025-11-13 12:30,2025-11-13 12:45,2025-11-13 12:23,2025-11-13 12:45,2025-11-13 12:30,2025-11-13 12:45,15.0,full overlap,Low,R&D Center,Test Lab
CONF_2160,P047,Client Visit,Meeting,2025-11-13 12:30,2025-11-13 12:45,2025-11-13 12:00,2025-11-13 12:45,2025-11-13 12:30,2025-11-13 12:45,15.0,full overlap,Low,R&D Center,Cafe
CONF_2161,P047,Project Discussion,Meeting,2025-11-16 13:00,2025-11-16 13:45,2025-11-16 13:15,2025-11-16 14:15,2025-11-16 13:15,2025-11-16 13:45,30.0,partial overlap,Medium,Office Area 1,Conference Room B
CONF_2162,P047,Operations Check,Brainstorming,2025-11-16 14:15,2025-11-16 14:45,2025-11-16 14:30,2025-11-16 15:30,2025-11-16 14:30,2025-11-16 14:45,15.0,partial overlap,Low,Break Room,Product Showcase
CONF_2163,P047,Training,Tech Sharing,2025-11-14 17:30,2025-11-14 18:00,2025-11-14 17:45,2025-11-14 18:45,2025-11-14 17:45,2025-11-14 18:00,15.0,partial overlap,Low,Product Showcase,Conference Room C
CONF_2164,P047,Design Review,Team Building,2025-11-15 11:00,2025-11-15 11:45,2025-11-15 11:15,2025-11-15 12:00,2025-11-15 11:15,2025-11-15 11:45,30.0,partial overlap,Medium,Client Reception,Conference Room B
CONF_2165,P047,Tech Sharing,Tech Sharing,2025-11-14 18:30,2025-11-14 19:00,2025-11-14 17:45,2025-11-14 18:45,2025-11-14 18:30,2025-11-14 18:45,15.0,partial overlap,Low,Break Room,Conference Room C
CONF_2166,P047,Design Review,Operations Check,2025-11-17 17:45,2025-11-17 18:30,2025-11-17 17:15,2025-11-17 18:15,2025-11-17 17:45,2025-11-17 18:15,30.0,partial overlap,Medium,R&D Center,Remote
CONF_2167,P047,Design Review,Meeting,2025-11-23 09:15,2025-11-23 09:30,2025-11-23 09:00,2025-11-23 09:30,2025-11-23 09:15,2025-11-23 09:30,15.0,full overlap,Low,Product Showcase,Client Reception
CONF_2168,P047,Team Building,Team Building,2025-11-18 18:29,2025-11-18 19:26,2025-11-18 18:00,2025-11-18 18:30,2025-11-18 18:29,2025-11-18 18:30,1.0,partial overlap,Low,Test Lab,Remote
CONF_2169,P047,Team Building,Project Discussion,2025-11-18 18:29,2025-11-18 19:26,2025-11-18 18:30,2025-11-18 19:15,2025-11-18 18:30,2025-11-18 19:15,45.0,full overlap,Medium,Test Lab,Office Area 2
CONF_2170,P047,Tech Sharing,Team Building,2025-11-15 11:08,2025-11-15 11:32,2025-11-15 11:15,2025-11-15 12:00,2025-11-15 11:15,2025-11-15 11:32,17.0,partial overlap,Low,Cafe,Conference Room B
CONF_2171,P047,Tech Sharing,Design Review,2025-11-15 11:08,2025-11-15 11:32,2025-11-15 11:00,2025-11-15 11:45,2025-11-15 11:08,2025-11-15 11:32,24.0,full overlap,Low,Cafe,Client Reception
CONF_2172,P047,Testing Acceptance,Deployment,2025-11-14 08:57,2025-11-14 09:14,2025-11-14 08:45,2025-11-14 09:45,2025-11-14 08:57,2025-11-14 09:14,17.0,full overlap,Low,Remote,Office Area 2
CONF_2173,P047,Testing Acceptance,Brainstorming,2025-11-14 08:57,2025-11-14 09:14,2025-11-14 08:45,2025-11-14 09:15,2025-11-14 08:57,2025-11-14 09:14,17.0,full overlap,Low,Remote,Conference Room C
CONF_2174,P047,Project Discussion,Tech Sharing,2025-11-22 13:12,2025-11-22 13:57,2025-11-22 12:45,2025-11-22 13:30,2025-11-22 13:12,2025-11-22 13:30,18.0,partial overlap,Low,Online Meeting,Remote
CONF_2175,P048,Product Demo,One-on-One,2025-11-04 13:45,2025-11-04 14:30,2025-11-04 14:00,2025-11-04 15:00,2025-11-04 14:00,2025-11-04 14:30,30.0,partial overlap,Medium,Break Room,Office Area 2
CONF_2176,P048,Meeting,Project Discussion,2025-11-02 19:06,2025-11-02 19:59,2025-11-02 18:45,2025-11-02 19:15,2025-11-02 19:06,2025-11-02 19:15,9.0,partial overlap,Low,Remote,Break Room
CONF_2177,P048,Testing Acceptance,Meeting,2025-11-01 17:05,2025-11-01 17:45,2025-11-01 16:45,2025-11-01 17:45,2025-11-01 17:05,2025-11-01 17:45,40.0,full overlap,Medium,Remote,Conference Room B
CONF_2178,P048,Code Review,Testing Acceptance,2025-11-08 11:45,2025-11-08 12:45,2025-11-08 11:15,2025-11-08 12:00,2025-11-08 11:45,2025-11-08 12:00,15.0,partial overlap,Low,Office Area 1,Break Room
CONF_2179,P048,Testing Acceptance,One-on-One,2025-11-07 16:30,2025-11-07 17:00,2025-11-07 16:15,2025-11-07 16:45,2025-11-07 16:30,2025-11-07 16:45,15.0,partial overlap,Low,Conference Room A,Break Room
CONF_2180,P048,Code Review,Meeting,2025-11-14 16:45,2025-11-14 17:15,2025-11-14 17:00,2025-11-14 17:30,2025-11-14 17:00,2025-11-14 17:15,15.0,partial overlap,Low,Conference Room A,Online Meeting
CONF_2181,P048,Client Visit,One-on-One,2025-11-10 16:15,2025-11-10 17:15,2025-11-10 16:15,2025-11-10 17:15,2025-11-10 16:15,2025-11-10 17:15,60.0,full overlap,High,Online Meeting,Conference Room A
CONF_2182,P048,Testing Acceptance,Design Review,2025-11-11 14:00,2025-11-11 14:30,2025-11-11 14:15,2025-11-11 14:45,2025-11-11 14:15,2025-11-11 14:30,15.0,partial overlap,Low,Conference Room A,Remote
CONF_2183,P048,Client Visit,Brainstorming,2025-11-13 13:01,2025-11-13 13:40,2025-11-13 12:45,2025-11-13 13:15,2025-11-13 13:01,2025-11-13 13:15,14.0,partial overlap,Low,Product Showcase,Demo Hall
CONF_2184,P048,Team Building,One-on-One,2025-11-10 16:28,2025-11-10 17:12,2025-11-10 16:15,2025-11-10 17:15,2025-11-10 16:28,2025-11-10 17:12,44.0,full overlap,Medium,Demo Hall,Conference Room A
CONF_2185,P048,Team Building,Client Visit,2025-11-10 16:28,2025-11-10 17:12,2025-11-10 16:15,2025-11-10 17:15,2025-11-10 16:28,2025-11-10 17:12,44.0,full overlap,Medium,Demo Hall,Online Meeting
CONF_2186,P048,Product Demo,Brainstorming,2025-11-10 14:12,2025-11-10 14:57,2025-11-10 14:00,2025-11-10 15:00,2025-11-10 14:12,2025-11-10 14:57,45.0,full overlap,Medium,Client Reception,Training Room
CONF_2187,P048,Product Demo,Client Visit,2025-11-08 18:48,2025-11-08 19:24,2025-11-08 18:30,2025-11-08 19:00,2025-11-08 18:48,2025-11-08 19:00,12.0,partial overlap,Low,Demo Hall,Conference Room C
CONF_2188,P048,Project Discussion,Client Visit,2025-11-13 13:25,2025-11-13 13:41,2025-11-13 13:01,2025-11-13 13:40,2025-11-13 13:25,2025-11-13 13:40,15.0,partial overlap,Low,Conference Room C,Product Showcase
CONF_2189,P048,Brainstorming,Tech Sharing,2025-11-17 12:45,2025-11-17 13:30,2025-11-17 13:00,2025-11-17 13:15,2025-11-17 13:00,2025-11-17 13:15,15.0,full overlap,Low,Demo Hall,Product Showcase
CONF_2190,P048,Brainstorming,Tech Sharing,2025-11-17 12:45,2025-11-17 13:30,2025-11-17 13:15,2025-11-17 13:30,2025-11-17 13:15,2025-11-17 13:30,15.0,full overlap,Low,Demo Hall,Office Area 2
CONF_2191,P048,Code Review,Training,2025-11-16 09:30,2025-11-16 10:15,2025-11-16 09:15,2025-11-16 10:00,2025-11-16 09:30,2025-11-16 10:00,30.0,partial overlap,Medium,Remote,Demo Hall
CONF_2192,P048,Team Building,Training,2025-11-22 17:00,2025-11-22 17:45,2025-11-22 16:30,2025-11-22 17:15,2025-11-22 17:00,2025-11-22 17:15,15.0,partial overlap,Low,Conference Room B,Remote
CONF_2193,P048,Brainstorming,Team Building,2025-11-19 09:15,2025-11-19 09:45,2025-11-19 09:00,2025-11-19 09:45,2025-11-19 09:15,2025-11-19 09:45,30.0,full overlap,Medium,Client Reception,Conference Room A
CONF_2194,P048,Tech Sharing,Brainstorming,2025-11-18 08:30,2025-11-18 08:45,2025-11-18 08:30,2025-11-18 09:15,2025-11-18 08:30,2025-11-18 08:45,15.0,full overlap,Low,Client Reception,Training Room
CONF_2195,P048,Project Discussion,Brainstorming,2025-11-18 08:30,2025-11-18 09:15,2025-11-18 08:30,2025-11-18 09:15,2025-11-18 08:30,2025-11-18 09:15,45.0,full overlap,Medium,R&D Center,Training Room
CONF_2196,P048,Project Discussion,Tech Sharing,2025-11-18 08:30,2025-11-18 09:15,2025-11-18 08:30,2025-11-18 08:45,2025-11-18 08:30,2025-11-18 08:45,15.0,full overlap,Low,R&D Center,Client Reception
CONF_2197,P048,Code Review,Tech Sharing,2025-11-20 13:40,2025-11-20 14:03,2025-11-20 13:15,2025-11-20 14:00,2025-11-20 13:40,2025-11-20 14:00,20.0,partial overlap,Low,Online Meeting,Break Room
CONF_2198,P048,Client Visit,Team Building,2025-11-19 09:14,2025-11-19 09:30,2025-11-19 09:00,2025-11-19 09:45,2025-11-19 09:14,2025-11-19 09:30,16.0,full overlap,Low,R&D Center,Conference Room A
CONF_2199,P048,Client Visit,Brainstorming,2025-11-19 09:14,2025-11-19 09:30,2025-11-19 09:15,2025-11-19 09:45,2025-11-19 09:15,2025-11-19 09:30,15.0,partial overlap,Low,R&D Center,Client Reception
CONF_2200,P048,Design Review,Tech Sharing,2025-11-20 13:36,2025-11-20 14:11,2025-11-20 13:15,2025-11-20 14:00,2025-11-20 13:36,2025-11-20 14:00,24.0,partial overlap,Low,Conference Room A,Break Room
CONF_2201,P048,Design Review,Code Review,2025-11-20 13:36,2025-11-20 14:11,2025-11-20 13:40,2025-11-20 14:03,2025-11-20 13:40,2025-11-20 14:03,23.0,full overlap,Low,Conference Room A,Online Meeting
CONF_2202,P048,Product Demo,Product Demo,2025-11-22 10:13,2025-11-22 10:32,2025-11-22 10:18,2025-11-22 10:54,2025-11-22 10:18,2025-11-22 10:32,14.0,partial overlap,Low,Client Reception,Training Room
CONF_2203,P048,Product Demo,Deployment,2025-11-22 10:13,2025-11-22 10:32,2025-11-22 10:00,2025-11-22 10:15,2025-11-22 10:13,2025-11-22 10:15,2.0,partial overlap,Low,Client Reception,Test Lab
CONF_2204,P048,Code Review,Brainstorming,2025-11-17 13:15,2025-11-17 13:53,2025-11-17 12:45,2025-11-17 13:30,2025-11-17 13:15,2025-11-17 13:30,15.0,partial overlap,Low,Product Showcase,Demo Hall
CONF_2205,P048,Code Review,Tech Sharing,2025-11-17 13:15,2025-11-17 13:53,2025-11-17 13:15,2025-11-17 13:30,2025-11-17 13:15,2025-11-17 13:30,15.0,full overlap,Low,Product Showcase,Office Area 2
CONF_2206,P049,Product Demo,Tech Sharing,2025-11-05 09:45,2025-11-05 10:45,2025-11-05 10:30,2025-11-05 12:00,2025-11-05 10:30,2025-11-05 10:45,15.0,partial overlap,Low,Office Area 1,Remote
CONF_2207,P049,Brainstorming,Brainstorming,2025-10-31 12:45,2025-10-31 13:15,2025-10-31 12:30,2025-10-31 14:00,2025-10-31 12:45,2025-10-31 13:15,30.0,full overlap,Medium,Cafe,Demo Hall
CONF_2208,P049,Requirements Analysis,Meeting,2025-11-02 08:52,2025-11-02 09:45,2025-11-02 08:30,2025-11-02 09:00,2025-11-02 08:52,2025-11-02 09:00,8.0,partial overlap,Low,Remote,Conference Room A
CONF_2209,P049,Code Review,Client Visit,2025-10-29 09:25,2025-10-29 10:15,2025-10-29 09:00,2025-10-29 09:30,2025-10-29 09:25,2025-10-29 09:30,5.0,partial overlap,Low,Client Reception,Cafe
CONF_2210,P049,Meeting,Meeting,2025-11-02 08:41,2025-11-02 09:25,2025-11-02 08:30,2025-11-02 09:00,2025-11-02 08:41,2025-11-02 09:00,19.0,partial overlap,Low,Conference Room B,Conference Room A
CONF_2211,P049,Meeting,Requirements Analysis,2025-11-02 08:41,2025-11-02 09:25,2025-11-02 08:52,2025-11-02 09:45,2025-11-02 08:52,2025-11-02 09:25,33.0,partial overlap,Medium,Conference Room B,Remote
CONF_2212,P049,Training,Project Discussion,2025-11-06 16:30,2025-11-06 17:00,2025-11-06 16:45,2025-11-06 17:45,2025-11-06 16:45,2025-11-06 17:00,15.0,partial overlap,Low,Office Area 1,Product Showcase
CONF_2213,P049,Design Review,Client Visit,2025-11-08 12:30,2025-11-08 13:15,2025-11-08 12:00,2025-11-08 12:45,2025-11-08 12:30,2025-11-08 12:45,15.0,partial overlap,Low,Conference Room A,Demo Hall
CONF_2214,P049,Testing Acceptance,Requirements Analysis,2025-11-07 09:30,2025-11-07 10:30,2025-11-07 09:15,2025-11-07 10:00,2025-11-07 09:30,2025-11-07 10:00,30.0,partial overlap,Medium,Conference Room B,Product Showcase
CONF_2215,P049,Meeting,Product Demo,2025-11-09 09:45,2025-11-09 10:30,2025-11-09 09:00,2025-11-09 10:00,2025-11-09 09:45,2025-11-09 10:00,15.0,partial overlap,Low,Conference Room A,Conference Room C
CONF_2216,P049,Product Demo,Testing Acceptance,2025-11-11 11:45,2025-11-11 12:45,2025-11-11 11:30,2025-11-11 12:00,2025-11-11 11:45,2025-11-11 12:00,15.0,partial overlap,Low,Office Area 1,Remote
CONF_2217,P049,Project Discussion,Meeting,2025-11-13 15:30,2025-11-13 16:15,2025-11-13 15:30,2025-11-13 16:00,2025-11-13 15:30,2025-11-13 16:00,30.0,full overlap,Medium,Break Room,Office Area 2
CONF_2218,P049,Product Demo,Team Building,2025-11-08 14:20,2025-11-08 15:18,2025-11-08 14:15,2025-11-08 15:15,2025-11-08 14:20,2025-11-08 15:15,55.0,partial overlap,Medium,Office Area 1,Conference Room B
CONF_2219,P049,Client Visit,Team Building,2025-11-08 14:32,2025-11-08 15:25,2025-11-08 14:15,2025-11-08 15:15,2025-11-08 14:32,2025-11-08 15:15,43.0,partial overlap,Medium,Conference Room B,Conference Room B
CONF_2220,P049,Client Visit,Product Demo,2025-11-08 14:32,2025-11-08 15:25,2025-11-08 14:20,2025-11-08 15:18,2025-11-08 14:32,2025-11-08 15:18,46.0,partial overlap,Medium,Conference Room B,Office Area 1
CONF_2221,P049,Project Discussion,Product Demo,2025-11-11 12:05,2025-11-11 12:31,2025-11-11 11:45,2025-11-11 12:45,2025-11-11 12:05,2025-11-11 12:31,26.0,full overlap,Low,Conference Room C,Office Area 1
CONF_2222,P049,Product Demo,One-on-One,2025-11-13 11:53,2025-11-13 12:17,2025-11-13 11:30,2025-11-13 12:30,2025-11-13 11:53,2025-11-13 12:17,24.0,full overlap,Low,Demo Hall,Conference Room B
CONF_2223,P049,Project Discussion,Training,2025-11-16 10:45,2025-11-16 11:15,2025-11-16 10:45,2025-11-16 11:00,2025-11-16 10:45,2025-11-16 11:00,15.0,full overlap,Low,Office Area 1,R&D Center
CONF_2224,P049,Client Visit,Meeting,2025-11-13 15:15,2025-11-13 16:00,2025-11-13 15:30,2025-11-13 16:00,2025-11-13 15:30,2025-11-13 16:00,30.0,full overlap,Medium,Conference Room A,Office Area 2
CONF_2225,P049,Client Visit,Project Discussion,2025-11-13 15:15,2025-11-13 16:00,2025-11-13 15:30,2025-11-13 16:15,2025-11-13 15:30,2025-11-13 16:00,30.0,partial overlap,Medium,Conference Room A,Break Room
CONF_2226,P049,Code Review,Design Review,2025-11-16 12:30,2025-11-16 13:00,2025-11-16 12:15,2025-11-16 12:45,2025-11-16 12:30,2025-11-16 12:45,15.0,partial overlap,Low,Online Meeting,Conference Room B
CONF_2227,P049,Team Building,Meeting,2025-11-21 16:15,2025-11-21 16:45,2025-11-21 16:15,2025-11-21 16:30,2025-11-21 16:15,2025-11-21 16:30,15.0,full overlap,Low,Office Area 1,Demo Hall
CONF_2228,P049,Testing Acceptance,Project Discussion,2025-11-17 15:30,2025-11-17 15:45,2025-11-17 15:15,2025-11-17 15:45,2025-11-17 15:30,2025-11-17 15:45,15.0,full overlap,Low,Conference Room C,Client Reception
CONF_2229,P049,Team Building,Product Demo,2025-11-20 14:19,2025-11-20 15:13,2025-11-20 14:15,2025-11-20 14:45,2025-11-20 14:19,2025-11-20 14:45,26.0,partial overlap,Low,Test Lab,Remote
CONF_2230,P049,Team Building,Meeting,2025-11-20 14:19,2025-11-20 15:13,2025-11-20 15:00,2025-11-20 15:30,2025-11-20 15:00,2025-11-20 15:13,13.0,partial overlap,Low,Test Lab,Client Reception
CONF_2231,P049,Meeting,Team Building,2025-11-24 08:30,2025-11-24 09:24,2025-11-24 08:15,2025-11-24 09:00,2025-11-24 08:30,2025-11-24 09:00,30.0,partial overlap,Medium,Break Room,Conference Room C
CONF_2232,P049,Client Visit,Team Building,2025-11-20 14:43,2025-11-20 15:35,2025-11-20 14:19,2025-11-20 15:13,2025-11-20 14:43,2025-11-20 15:13,30.0,partial overlap,Medium,Office Area 1,Test Lab
CONF_2233,P049,Client Visit,Product Demo,2025-11-20 14:43,2025-11-20 15:35,2025-11-20 14:15,2025-11-20 14:45,2025-11-20 14:43,2025-11-20 14:45,2.0,partial overlap,Low,Office Area 1,Remote
CONF_2234,P049,Client Visit,Meeting,2025-11-20 14:43,2025-11-20 15:35,2025-11-20 15:00,2025-11-20 15:30,2025-11-20 15:00,2025-11-20 15:30,30.0,full overlap,Medium,Office Area 1,Client Reception
CONF_2235,P049,Training,Meeting,2025-11-13 15:45,2025-11-13 16:15,2025-11-13 15:30,2025-11-13 16:00,2025-11-13 15:45,2025-11-13 16:00,15.0,partial overlap,Low,Office Area 1,Office Area 2
CONF_2236,P049,Training,Client Visit,2025-11-13 15:45,2025-11-13 16:15,2025-11-13 15:15,2025-11-13 16:00,2025-11-13 15:45,2025-11-13 16:00,15.0,partial overlap,Low,Office Area 1,Conference Room A
CONF_2237,P049,Training,Project Discussion,2025-11-13 15:45,2025-11-13 16:15,2025-11-13 15:30,2025-11-13 16:15,2025-11-13 15:45,2025-11-13 16:15,30.0,full overlap,Medium,Office Area 1,Break Room
CONF_2238,P049,Testing Acceptance,Tech Sharing,2025-11-20 08:55,2025-11-20 09:38,2025-11-20 08:30,2025-11-20 09:00,2025-11-20 08:55,2025-11-20 09:00,5.0,partial overlap,Low,Office Area 2,Test Lab
CONF_2239,P049,Testing Acceptance,Tech Sharing,2025-11-20 08:55,2025-11-20 09:38,2025-11-20 09:15,2025-11-20 09:45,2025-11-20 09:15,2025-11-20 09:38,23.0,partial overlap,Low,Office Area 2,Training Room
CONF_2240,P049,Team Building,Team Building,2025-11-21 16:42,2025-11-21 17:07,2025-11-21 16:15,2025-11-21 16:45,2025-11-21 16:42,2025-11-21 16:45,3.0,partial overlap,Low,Remote,Office Area 1
CONF_2241,P049,Product Demo,One-on-One,2025-11-12 18:32,2025-11-12 19:27,2025-11-12 18:15,2025-11-12 19:00,2025-11-12 18:32,2025-11-12 19:00,28.0,partial overlap,Low,Test Lab,Client Reception
CONF_2242,P050,Meeting,Client Visit,2025-11-04 09:28,2025-11-04 09:52,2025-11-04 09:00,2025-11-04 09:45,2025-11-04 09:28,2025-11-04 09:45,17.0,partial overlap,Low,Conference Room A,Client Reception
CONF_2243,P050,Project Discussion,Deployment,2025-11-06 11:45,2025-11-06 12:15,2025-11-06 11:30,2025-11-06 13:00,2025-11-06 11:45,2025-11-06 12:15,30.0,full overlap,Medium,R&D Center,Conference Room B
CONF_2244,P050,Team Building,Deployment,2025-11-06 11:15,2025-11-06 12:00,2025-11-06 11:30,2025-11-06 13:00,2025-11-06 11:30,2025-11-06 12:00,30.0,partial overlap,Medium,Product Showcase,Conference Room B
CONF_2245,P050,Team Building,Project Discussion,2025-11-06 11:15,2025-11-06 12:00,2025-11-06 11:45,2025-11-06 12:15,2025-11-06 11:45,2025-11-06 12:00,15.0,partial overlap,Low,Product Showcase,R&D Center
CONF_2246,P050,Operations Check,Deployment,2025-11-09 09:45,2025-11-09 10:30,2025-11-09 09:45,2025-11-09 10:30,2025-11-09 09:45,2025-11-09 10:30,45.0,full overlap,Medium,Conference Room C,Demo Hall
CONF_2247,P050,Operations Check,Code Review,2025-11-07 14:15,2025-11-07 15:15,2025-11-07 13:45,2025-11-07 14:45,2025-11-07 14:15,2025-11-07 14:45,30.0,partial overlap,Medium,Office Area 1,Product Showcase
CONF_2248,P050,Requirements Analysis,Product Demo,2025-11-07 16:30,2025-11-07 17:30,2025-11-07 17:00,2025-11-07 17:45,2025-11-07 17:00,2025-11-07 17:30,30.0,partial overlap,Medium,Office Area 1,Client Reception
CONF_2249,P050,Operations Check,Code Review,2025-11-11 10:00,2025-11-11 10:45,2025-11-11 09:45,2025-11-11 10:30,2025-11-11 10:00,2025-11-11 10:30,30.0,partial overlap,Medium,Office Area 2,Conference Room C
CONF_2250,P050,Meeting,Client Visit,2025-11-07 08:54,2025-11-07 09:15,2025-11-07 08:45,2025-11-07 09:15,2025-11-07 08:54,2025-11-07 09:15,21.0,full overlap,Low,Product Showcase,Conference Room B
CONF_2251,P050,Product Demo,Code Review,2025-11-11 10:22,2025-11-11 10:52,2025-11-11 09:45,2025-11-11 10:30,2025-11-11 10:22,2025-11-11 10:30,8.0,partial overlap,Low,Conference Room B,Conference Room C
CONF_2252,P050,Product Demo,Operations Check,2025-11-11 10:22,2025-11-11 10:52,2025-11-11 10:00,2025-11-11 10:45,2025-11-11 10:22,2025-11-11 10:45,23.0,partial overlap,Low,Conference Room B,Office Area 2
CONF_2253,P050,Design Review,Operations Check,2025-11-13 12:14,2025-11-13 12:48,2025-11-13 12:00,2025-11-13 12:45,2025-11-13 12:14,2025-11-13 12:45,31.0,partial overlap,Medium,Online Meeting,Conference Room B
CONF_2254,P050,Design Review,Product Demo,2025-11-11 10:09,2025-11-11 10:43,2025-11-11 10:22,2025-11-11 10:52,2025-11-11 10:22,2025-11-11 10:43,21.0,partial overlap,Low,Conference Room B,Conference Room B
CONF_2255,P050,Design Review,Code Review,2025-11-11 10:09,2025-11-11 10:43,2025-11-11 09:45,2025-11-11 10:30,2025-11-11 10:09,2025-11-11 10:30,21.0,partial overlap,Low,Conference Room B,Conference Room C
CONF_2256,P050,Design Review,Operations Check,2025-11-11 10:09,2025-11-11 10:43,2025-11-11 10:00,2025-11-11 10:45,2025-11-11 10:09,2025-11-11 10:43,34.0,full overlap,Medium,Conference Room B,Office Area 2
CONF_2257,P050,Deployment,Design Review,2025-11-11 10:35,2025-11-11 11:10,2025-11-11 10:09,2025-11-11 10:43,2025-11-11 10:35,2025-11-11 10:43,8.0,partial overlap,Low,R&D Center,Conference Room B
CONF_2258,P050,Deployment,Product Demo,2025-11-11 10:35,2025-11-11 11:10,2025-11-11 10:22,2025-11-11 10:52,2025-11-11 10:35,2025-11-11 10:52,17.0,partial overlap,Low,R&D Center,Conference Room B
CONF_2259,P050,Deployment,Operations Check,2025-11-11 10:35,2025-11-11 11:10,2025-11-11 10:00,2025-11-11 10:45,2025-11-11 10:35,2025-11-11 10:45,10.0,partial overlap,Low,R&D Center,Office Area 2
CONF_2260,P050,Operations Check,Design Review,2025-11-13 16:15,2025-11-13 16:30,2025-11-13 16:00,2025-11-13 16:30,2025-11-13 16:15,2025-11-13 16:30,15.0,full overlap,Low,Conference Room C,Cafe
CONF_2261,P050,One-on-One,Testing Acceptance,2025-11-15 14:00,2025-11-15 14:15,2025-11-15 14:00,2025-11-15 14:45,2025-11-15 14:00,2025-11-15 14:15,15.0,full overlap,Low,Remote,Test Lab
CONF_2262,P050,Design Review,Design Review,2025-11-14 12:00,2025-11-14 12:45,2025-11-14 12:15,2025-11-14 13:15,2025-11-14 12:15,2025-11-14 12:45,30.0,partial overlap,Medium,Cafe,Break Room
CONF_2263,P050,Product Demo,Product Demo,2025-11-18 16:00,2025-11-18 16:30,2025-11-18 16:15,2025-11-18 16:45,2025-11-18 16:15,2025-11-18 16:30,15.0,partial overlap,Low,Product Showcase,Conference Room C
CONF_2264,P050,One-on-One,Code Review,2025-11-16 14:55,2025-11-16 15:50,2025-11-16 14:45,2025-11-16 15:30,2025-11-16 14:55,2025-11-16 15:30,35.0,partial overlap,Medium,Office Area 1,Training Room
CONF_2265,P050,Tech Sharing,Training,2025-11-17 09:50,2025-11-17 10:23,2025-11-17 09:30,2025-11-17 10:15,2025-11-17 09:50,2025-11-17 10:15,25.0,partial overlap,Low,Office Area 2,R&D Center
CONF_2266,P050,Project Discussion,Product Demo,2025-11-18 16:27,2025-11-18 17:24,2025-11-18 16:15,2025-11-18 16:45,2025-11-18 16:27,2025-11-18 16:45,18.0,partial overlap,Low,Office Area 2,Conference Room C
CONF_2267,P050,Project Discussion,Product Demo,2025-11-18 16:27,2025-11-18 17:24,2025-11-18 16:00,2025-11-18 16:30,2025-11-18 16:27,2025-11-18 16:30,3.0,partial overlap,Low,Office Area 2,Product Showcase
CONF_2268,P050,Project Discussion,Testing Acceptance,2025-11-18 16:27,2025-11-18 17:24,2025-11-18 17:00,2025-11-18 17:45,2025-11-18 17:00,2025-11-18 17:24,24.0,partial overlap,Low,Office Area 2,R&D Center
CONF_2269,P050,Training,One-on-One,2025-11-16 15:08,2025-11-16 15:27,2025-11-16 14:55,2025-11-16 15:50,2025-11-16 15:08,2025-11-16 15:27,19.0,full overlap,Low,Remote,Office Area 1
CONF_2270,P050,Training,Code Review,2025-11-16 15:08,2025-11-16 15:27,2025-11-16 14:45,2025-11-16 15:30,2025-11-16 15:08,2025-11-16 15:27,19.0,full overlap,Low,Remote,Training Room
CONF_2271,P050,Testing Acceptance,Meeting,2025-11-17 10:08,2025-11-17 11:02,2025-11-17 10:30,2025-11-17 11:00,2025-11-17 10:30,2025-11-17 11:00,30.0,full overlap,Medium,Remote,Conference Room B
CONF_2272,P050,Testing Acceptance,Training,2025-11-17 10:08,2025-11-17 11:02,2025-11-17 09:30,2025-11-17 10:15,2025-11-17 10:08,2025-11-17 10:15,7.0,partial overlap,Low,Remote,R&D Center
CONF_2273,P050,Testing Acceptance,Tech Sharing,2025-11-17 10:08,2025-11-17 11:02,2025-11-17 09:50,2025-11-17 10:23,2025-11-17 10:08,2025-11-17 10:23,15.0,partial overlap,Low,Remote,Office Area 2
CONF_2274,P050,Code Review,Training,2025-11-16 15:26,2025-11-16 16:04,2025-11-16 15:08,2025-11-16 15:27,2025-11-16 15:26,2025-11-16 15:27,1.0,partial overlap,Low,Client Reception,Remote
CONF_2275,P050,Code Review,One-on-One,2025-11-16 15:26,2025-11-16 16:04,2025-11-16 14:55,2025-11-16 15:50,2025-11-16 15:26,2025-11-16 15:50,24.0,partial overlap,Low,Client Reception,Office Area 1
CONF_2276,P050,Code Review,Code Review,2025-11-16 15:26,2025-11-16 16:04,2025-11-16 14:45,2025-11-16 15:30,2025-11-16 15:26,2025-11-16 15:30,4.0,partial overlap,Low,Client Reception,Training Room
CONF_2277,P050,Client Visit,Design Review,2025-11-17 16:39,2025-11-17 17:00,2025-11-17 16:15,2025-11-17 16:45,2025-11-17 16:39,2025-11-17 16:45,6.0,partial overlap,Low,Break Room,Conference Room A
CONF_2278,P050,Meeting,Testing Acceptance,2025-11-17 18:45,2025-11-17 19:26,2025-11-17 18:30,2025-11-17 19:00,2025-11-17 18:45,2025-11-17 19:00,15.0,partial overlap,Low,Demo Hall,Demo Hall
CONF_2279,P051,Operations Check,Product Demo,2025-10-31 11:45,2025-10-31 12:15,2025-10-31 12:00,2025-10-31 12:45,2025-10-31 12:00,2025-10-31 12:15,15.0,partial overlap,Low,Online Meeting,Conference Room A
CONF_2280,P051,Testing Acceptance,Requirements Analysis,2025-11-04 15:15,2025-11-04 15:45,2025-11-04 14:30,2025-11-04 15:30,2025-11-04 15:15,2025-11-04 15:30,15.0,partial overlap,Low,Online Meeting,Break Room
CONF_2281,P051,Product Demo,Team Building,2025-11-01 19:10,2025-11-01 19:57,2025-11-01 18:45,2025-11-01 20:15,2025-11-01 19:10,2025-11-01 19:57,47.0,full overlap,Medium,Conference Room C,Demo Hall
CONF_2282,P051,Testing Acceptance,One-on-One,2025-11-03 10:21,2025-11-03 11:18,2025-11-03 10:15,2025-11-03 11:00,2025-11-03 10:21,2025-11-03 11:00,39.0,partial overlap,Medium,Conference Room C,Online Meeting
CONF_2283,P051,One-on-One,Operations Check,2025-11-09 14:45,2025-11-09 15:45,2025-11-09 15:15,2025-11-09 16:15,2025-11-09 15:15,2025-11-09 15:45,30.0,partial overlap,Medium,R&D Center,Test Lab
CONF_2284,P051,Team Building,Client Visit,2025-11-12 10:00,2025-11-12 10:45,2025-11-12 10:30,2025-11-12 11:15,2025-11-12 10:30,2025-11-12 10:45,15.0,partial overlap,Low,Break Room,Conference Room B
CONF_2285,P051,Requirements Analysis,Product Demo,2025-11-15 14:00,2025-11-15 15:00,2025-11-15 13:45,2025-11-15 14:15,2025-11-15 14:00,2025-11-15 14:15,15.0,partial overlap,Low,Test Lab,Product Showcase
CONF_2286,P051,Project Discussion,Code Review,2025-11-12 16:15,2025-11-12 17:00,2025-11-12 16:15,2025-11-12 17:00,2025-11-12 16:15,2025-11-12 17:00,45.0,full overlap,Medium,Client Reception,Conference Room A
CONF_2287,P051,Operations Check,Design Review,2025-11-13 15:19,2025-11-13 15:46,2025-11-13 15:00,2025-11-13 15:30,2025-11-13 15:19,2025-11-13 15:30,11.0,partial overlap,Low,Cafe,Remote
CONF_2288,P051,Code Review,Code Review,2025-11-12 16:29,2025-11-12 17:14,2025-11-12 16:15,2025-11-12 17:00,2025-11-12 16:29,2025-11-12 17:00,31.0,partial overlap,Medium,Remote,Conference Room A
CONF_2289,P051,Code Review,Project Discussion,2025-11-12 16:29,2025-11-12 17:14,2025-11-12 16:15,2025-11-12 17:00,2025-11-12 16:29,2025-11-12 17:00,31.0,partial overlap,Medium,Remote,Client Reception
CONF_2290,P051,Code Review,Meeting,2025-11-12 16:29,2025-11-12 17:14,2025-11-12 17:00,2025-11-12 17:45,2025-11-12 17:00,2025-11-12 17:14,14.0,partial overlap,Low,Remote,Cafe
CONF_2291,P051,Operations Check,Requirements Analysis,2025-11-10 16:40,2025-11-10 17:12,2025-11-10 16:15,2025-11-10 16:45,2025-11-10 16:40,2025-11-10 16:45,5.0,partial overlap,Low,Training Room,Conference Room A
CONF_2292,P051,Operations Check,Deployment,2025-11-10 16:40,2025-11-10 17:12,2025-11-10 16:45,2025-11-10 17:30,2025-11-10 16:45,2025-11-10 17:12,27.0,partial overlap,Low,Training Room,Product Showcase
CONF_2293,P051,Project Discussion,Training,2025-11-09 13:12,2025-11-09 13:43,2025-11-09 12:45,2025-11-09 13:30,2025-11-09 13:12,2025-11-09 13:30,18.0,partial overlap,Low,Online Meeting,Office Area 1
CONF_2294,P051,Requirements Analysis,Requirements Analysis,2025-11-10 16:23,2025-11-10 16:54,2025-11-10 16:15,2025-11-10 16:45,2025-11-10 16:23,2025-11-10 16:45,22.0,partial overlap,Low,Remote,Conference Room A
CONF_2295,P051,Requirements Analysis,Deployment,2025-11-10 16:23,2025-11-10 16:54,2025-11-10 16:45,2025-11-10 17:30,2025-11-10 16:45,2025-11-10 16:54,9.0,partial overlap,Low,Remote,Product Showcase
CONF_2296,P051,Requirements Analysis,Operations Check,2025-11-10 16:23,2025-11-10 16:54,2025-11-10 16:40,2025-11-10 17:12,2025-11-10 16:40,2025-11-10 16:54,14.0,partial overlap,Low,Remote,Training Room
CONF_2297,P051,Project Discussion,Requirements Analysis,2025-11-15 14:14,2025-11-15 14:43,2025-11-15 14:00,2025-11-15 15:00,2025-11-15 14:14,2025-11-15 14:43,29.0,full overlap,Low,Training Room,Test Lab
CONF_2298,P051,Project Discussion,Product Demo,2025-11-15 14:14,2025-11-15 14:43,2025-11-15 13:45,2025-11-15 14:15,2025-11-15 14:14,2025-11-15 14:15,1.0,partial overlap,Low,Training Room,Product Showcase
CONF_2299,P051,Client Visit,Client Visit,2025-11-07 16:26,2025-11-07 17:05,2025-11-07 16:00,2025-11-07 17:00,2025-11-07 16:26,2025-11-07 17:00,34.0,partial overlap,Medium,R&D Center,Training Room
CONF_2300,P051,Training,Project Discussion,2025-11-09 13:19,2025-11-09 13:44,2025-11-09 13:12,2025-11-09 13:43,2025-11-09 13:19,2025-11-09 13:43,24.0,partial overlap,Low,Test Lab,Online Meeting
CONF_2301,P051,Training,Training,2025-11-09 13:19,2025-11-09 13:44,2025-11-09 12:45,2025-11-09 13:30,2025-11-09 13:19,2025-11-09 13:30,11.0,partial overlap,Low,Test Lab,Office Area 1
CONF_2302,P051,Requirements Analysis,Requirements Analysis,2025-11-10 16:28,2025-11-10 17:16,2025-11-10 16:23,2025-11-10 16:54,2025-11-10 16:28,2025-11-10 16:54,26.0,partial overlap,Low,Conference Room C,Remote
CONF_2303,P051,Requirements Analysis,Requirements Analysis,2025-11-10 16:28,2025-11-10 17:16,2025-11-10 16:15,2025-11-10 16:45,2025-11-10 16:28,2025-11-10 16:45,17.0,partial overlap,Low,Conference Room C,Conference Room A
CONF_2304,P051,Requirements Analysis,Deployment,2025-11-10 16:28,2025-11-10 17:16,2025-11-10 16:45,2025-11-10 17:30,2025-11-10 16:45,2025-11-10 17:16,31.0,partial overlap,Medium,Conference Room C,Product Showcase
CONF_2305,P051,Requirements Analysis,Operations Check,2025-11-10 16:28,2025-11-10 17:16,2025-11-10 16:40,2025-11-10 17:12,2025-11-10 16:40,2025-11-10 17:12,32.0,full overlap,Medium,Conference Room C,Training Room
CONF_2306,P051,One-on-One,Operations Check,2025-11-17 17:30,2025-11-17 18:00,2025-11-17 17:30,2025-11-17 17:45,2025-11-17 17:30,2025-11-17 17:45,15.0,full overlap,Low,Product Showcase,Office Area 2
CONF_2307,P051,Testing Acceptance,Meeting,2025-11-15 17:30,2025-11-15 18:15,2025-11-15 17:45,2025-11-15 18:15,2025-11-15 17:45,2025-11-15 18:15,30.0,full overlap,Medium,Conference Room A,Client Reception
CONF_2308,P051,Meeting,Meeting,2025-11-15 11:30,2025-11-15 12:15,2025-11-15 11:00,2025-11-15 11:45,2025-11-15 11:30,2025-11-15 11:45,15.0,partial overlap,Low,R&D Center,R&D Center
CONF_2309,P051,Deployment,Operations Check,2025-11-17 17:30,2025-11-17 17:45,2025-11-17 17:30,2025-11-17 17:45,2025-11-17 17:30,2025-11-17 17:45,15.0,full overlap,Low,Break Room,Office Area 2
CONF_2310,P051,Deployment,One-on-One,2025-11-17 17:30,2025-11-17 17:45,2025-11-17 17:30,2025-11-17 18:00,2025-11-17 17:30,2025-11-17 17:45,15.0,full overlap,Low,Break Room,Product Showcase
CONF_2311,P051,Code Review,Testing Acceptance,2025-11-19 10:45,2025-11-19 11:00,2025-11-19 10:45,2025-11-19 11:15,2025-11-19 10:45,2025-11-19 11:00,15.0,full overlap,Low,R&D Center,Client Reception
CONF_2312,P051,One-on-One,Testing Acceptance,2025-11-15 17:50,2025-11-15 18:25,2025-11-15 17:30,2025-11-15 18:15,2025-11-15 17:50,2025-11-15 18:15,25.0,partial overlap,Low,R&D Center,Conference Room A
CONF_2313,P051,One-on-One,Meeting,2025-11-15 17:50,2025-11-15 18:25,2025-11-15 17:45,2025-11-15 18:15,2025-11-15 17:50,2025-11-15 18:15,25.0,partial overlap,Low,R&D Center,Client Reception
CONF_2314,P051,Team Building,Product Demo,2025-11-15 12:46,2025-11-15 13:29,2025-11-15 12:30,2025-11-15 13:00,2025-11-15 12:46,2025-11-15 13:00,14.0,partial overlap,Low,Break Room,Demo Hall
CONF_2315,P051,Brainstorming,Training,2025-11-23 08:23,2025-11-23 08:56,2025-11-23 08:00,2025-11-23 08:30,2025-11-23 08:23,2025-11-23 08:30,7.0,partial overlap,Low,Online Meeting,Conference Room B
CONF_2316,P051,Product Demo,One-on-One,2025-11-17 17:55,2025-11-17 18:54,2025-11-17 17:30,2025-11-17 18:00,2025-11-17 17:55,2025-11-17 18:00,5.0,partial overlap,Low,Conference Room B,Product Showcase
CONF_2317,P052,Testing Acceptance,Tech Sharing,2025-11-07 16:23,2025-11-07 16:56,2025-11-07 16:00,2025-11-07 16:30,2025-11-07 16:23,2025-11-07 16:30,7.0,partial overlap,Low,Online Meeting,Product Showcase
CONF_2318,P052,Brainstorming,Brainstorming,2025-11-10 13:45,2025-11-10 14:30,2025-11-10 13:15,2025-11-10 14:00,2025-11-10 13:45,2025-11-10 14:00,15.0,partial overlap,Low,Conference Room C,Cafe
CONF_2319,P052,Design Review,Testing Acceptance,2025-11-14 11:45,2025-11-14 12:30,2025-11-14 12:00,2025-11-14 12:30,2025-11-14 12:00,2025-11-14 12:30,30.0,full overlap,Medium,Remote,Demo Hall
CONF_2320,P052,Project Discussion,Requirements Analysis,2025-11-12 11:37,2025-11-12 12:29,2025-11-12 11:30,2025-11-12 12:15,2025-11-12 11:37,2025-11-12 12:15,38.0,partial overlap,Medium,Conference Room A,Cafe
CONF_2321,P052,Project Discussion,Project Discussion,2025-11-16 15:30,2025-11-16 16:00,2025-11-16 15:45,2025-11-16 16:30,2025-11-16 15:45,2025-11-16 16:00,15.0,partial overlap,Low,Office Area 2,Conference Room C
CONF_2322,P052,One-on-One,Project Discussion,2025-11-16 15:45,2025-11-16 16:30,2025-11-16 15:30,2025-11-16 16:00,2025-11-16 15:45,2025-11-16 16:00,15.0,partial overlap,Low,Break Room,Office Area 2
CONF_2323,P052,One-on-One,Project Discussion,2025-11-16 15:45,2025-11-16 16:30,2025-11-16 15:45,2025-11-16 16:30,2025-11-16 15:45,2025-11-16 16:30,45.0,full overlap,Medium,Break Room,Conference Room C
CONF_2324,P052,Meeting,Deployment,2025-11-15 09:30,2025-11-15 09:45,2025-11-15 08:45,2025-11-15 09:45,2025-11-15 09:30,2025-11-15 09:45,15.0,full overlap,Low,Test Lab,Online Meeting
CONF_2325,P052,Team Building,Training,2025-11-15 16:45,2025-11-15 17:15,2025-11-15 16:45,2025-11-15 17:45,2025-11-15 16:45,2025-11-15 17:15,30.0,full overlap,Medium,Remote,Cafe
CONF_2326,P052,Deployment,Training,2025-11-15 17:30,2025-11-15 18:00,2025-11-15 16:45,2025-11-15 17:45,2025-11-15 17:30,2025-11-15 17:45,15.0,partial overlap,Low,Conference Room C,Cafe
CONF_2327,P052,Requirements Analysis,Design Review,2025-11-16 11:45,2025-11-16 12:15,2025-11-16 12:00,2025-11-16 12:45,2025-11-16 12:00,2025-11-16 12:15,15.0,partial overlap,Low,R&D Center,Training Room
CONF_2328,P052,Testing Acceptance,Deployment,2025-11-19 18:45,2025-11-19 19:30,2025-11-19 18:15,2025-11-19 19:00,2025-11-19 18:45,2025-11-19 19:00,15.0,partial overlap,Low,Remote,Conference Room A
CONF_2329,P052,Testing Acceptance,Tech Sharing,2025-11-17 09:30,2025-11-17 10:00,2025-11-17 09:30,2025-11-17 10:00,2025-11-17 09:30,2025-11-17 10:00,30.0,full overlap,Medium,Break Room,Test Lab
CONF_2330,P052,Meeting,Design Review,2025-11-21 14:30,2025-11-21 15:15,2025-11-21 15:00,2025-11-21 15:15,2025-11-21 15:00,2025-11-21 15:15,15.0,full overlap,Low,Break Room,R&D Center
CONF_2331,P052,Project Discussion,Training,2025-11-19 16:10,2025-11-19 17:10,2025-11-19 17:00,2025-11-19 17:45,2025-11-19 17:00,2025-11-19 17:10,10.0,partial overlap,Low,Client Reception,Training Room
CONF_2332,P052,Product Demo,Meeting,2025-11-21 15:08,2025-11-21 15:38,2025-11-21 14:30,2025-11-21 15:15,2025-11-21 15:08,2025-11-21 15:15,7.0,partial overlap,Low,Demo Hall,Break Room
CONF_2333,P052,Product Demo,Design Review,2025-11-21 15:08,2025-11-21 15:38,2025-11-21 15:00,2025-11-21 15:15,2025-11-21 15:08,2025-11-21 15:15,7.0,partial overlap,Low,Demo Hall,R&D Center
CONF_2334,P052,Team Building,Meeting,2025-11-16 17:23,2025-11-16 18:05,2025-11-16 17:15,2025-11-16 17:30,2025-11-16 17:23,2025-11-16 17:30,7.0,partial overlap,Low,Client Reception,R&D Center
CONF_2335,P052,Product Demo,Design Review,2025-11-16 12:07,2025-11-16 13:01,2025-11-16 12:00,2025-11-16 12:45,2025-11-16 12:07,2025-11-16 12:45,38.0,partial overlap,Medium,Online Meeting,Training Room
CONF_2336,P052,Product Demo,Requirements Analysis,2025-11-16 12:07,2025-11-16 13:01,2025-11-16 11:45,2025-11-16 12:15,2025-11-16 12:07,2025-11-16 12:15,8.0,partial overlap,Low,Online Meeting,R&D Center
CONF_2337,P052,Operations Check,Testing Acceptance,2025-11-20 17:26,2025-11-20 17:59,2025-11-20 17:15,2025-11-20 17:30,2025-11-20 17:26,2025-11-20 17:30,4.0,partial overlap,Low,Cafe,Office Area 2
CONF_2338,P052,Requirements Analysis,Testing Acceptance,2025-11-22 17:43,2025-11-22 18:37,2025-11-22 17:15,2025-11-22 18:00,2025-11-22 17:43,2025-11-22 18:00,17.0,partial overlap,Low,Cafe,Cafe
CONF_2339,P053,Training,Tech Sharing,2025-11-04 11:00,2025-11-04 12:30,2025-11-04 11:00,2025-11-04 12:00,2025-11-04 11:00,2025-11-04 12:00,60.0,full overlap,High,Test Lab,Conference Room A
CONF_2340,P053,Team Building,Design Review,2025-11-06 11:45,2025-11-06 13:15,2025-11-06 11:45,2025-11-06 12:15,2025-11-06 11:45,2025-11-06 12:15,30.0,full overlap,Medium,Conference Room B,Training Room
CONF_2341,P053,Requirements Analysis,Requirements Analysis,2025-11-04 18:14,2025-11-04 19:11,2025-11-04 17:45,2025-11-04 18:15,2025-11-04 18:14,2025-11-04 18:15,1.0,partial overlap,Low,Cafe,Office Area 1
CONF_2342,P053,Meeting,Design Review,2025-11-06 12:00,2025-11-06 13:00,2025-11-06 11:45,2025-11-06 12:15,2025-11-06 12:00,2025-11-06 12:15,15.0,partial overlap,Low,Office Area 1,Training Room
CONF_2343,P053,Meeting,Team Building,2025-11-06 12:00,2025-11-06 13:00,2025-11-06 11:45,2025-11-06 13:15,2025-11-06 12:00,2025-11-06 13:00,60.0,full overlap,High,Office Area 1,Conference Room B
CONF_2344,P053,Training,Requirements Analysis,2025-11-05 08:00,2025-11-05 08:30,2025-11-05 08:00,2025-11-05 08:45,2025-11-05 08:00,2025-11-05 08:30,30.0,full overlap,Medium,Remote,Conference Room A
CONF_2345,P053,Deployment,Code Review,2025-11-06 18:15,2025-11-06 19:00,2025-11-06 18:00,2025-11-06 19:00,2025-11-06 18:15,2025-11-06 19:00,45.0,full overlap,Medium,R&D Center,Cafe
CONF_2346,P053,Deployment,Deployment,2025-11-14 14:30,2025-11-14 15:30,2025-11-14 15:15,2025-11-14 16:00,2025-11-14 15:15,2025-11-14 15:30,15.0,partial overlap,Low,Remote,R&D Center
CONF_2347,P053,Code Review,Brainstorming,2025-11-13 08:45,2025-11-13 09:15,2025-11-13 08:30,2025-11-13 09:00,2025-11-13 08:45,2025-11-13 09:00,15.0,partial overlap,Low,Office Area 2,Product Showcase
CONF_2348,P053,Tech Sharing,Requirements Analysis,2025-11-13 12:53,2025-11-13 13:37,2025-11-13 12:45,2025-11-13 13:15,2025-11-13 12:53,2025-11-13 13:15,22.0,partial overlap,Low,Cafe,Online Meeting
CONF_2349,P053,Operations Check,Code Review,2025-11-13 08:57,2025-11-13 09:55,2025-11-13 08:45,2025-11-13 09:15,2025-11-13 08:57,2025-11-13 09:15,18.0,partial overlap,Low,Office Area 2,Office Area 2
CONF_2350,P053,Operations Check,Brainstorming,2025-11-13 08:57,2025-11-13 09:55,2025-11-13 08:30,2025-11-13 09:00,2025-11-13 08:57,2025-11-13 09:00,3.0,partial overlap,Low,Office Area 2,Product Showcase
CONF_2351,P053,Requirements Analysis,Training,2025-11-11 13:20,2025-11-11 14:12,2025-11-11 13:00,2025-11-11 14:00,2025-11-11 13:20,2025-11-11 14:00,40.0,partial overlap,Medium,Online Meeting,Cafe
CONF_2352,P053,Product Demo,Requirements Analysis,2025-11-13 12:15,2025-11-13 13:00,2025-11-13 12:45,2025-11-13 13:15,2025-11-13 12:45,2025-11-13 13:00,15.0,partial overlap,Low,Online Meeting,Online Meeting
CONF_2353,P053,Product Demo,Tech Sharing,2025-11-13 12:15,2025-11-13 13:00,2025-11-13 12:53,2025-11-13 13:37,2025-11-13 12:53,2025-11-13 13:00,7.0,partial overlap,Low,Online Meeting,Cafe
CONF_2354,P053,Meeting,Deployment,2025-11-14 14:15,2025-11-14 14:45,2025-11-14 14:30,2025-11-14 15:30,2025-11-14 14:30,2025-11-14 14:45,15.0,partial overlap,Low,Remote,Remote
CONF_2355,P053,Design Review,Deployment,2025-11-14 15:15,2025-11-14 16:00,2025-11-14 14:30,2025-11-14 15:30,2025-11-14 15:15,2025-11-14 15:30,15.0,partial overlap,Low,Break Room,Remote
CONF_2356,P053,Design Review,Deployment,2025-11-14 15:15,2025-11-14 16:00,2025-11-14 15:15,2025-11-14 16:00,2025-11-14 15:15,2025-11-14 16:00,45.0,full overlap,Medium,Break Room,R&D Center
CONF_2357,P053,Operations Check,Training,2025-11-21 16:00,2025-11-21 16:30,2025-11-21 16:15,2025-11-21 16:45,2025-11-21 16:15,2025-11-21 16:30,15.0,partial overlap,Low,Demo Hall,Cafe
CONF_2358,P053,Code Review,Team Building,2025-11-19 17:00,2025-11-19 17:45,2025-11-19 17:00,2025-11-19 17:45,2025-11-19 17:00,2025-11-19 17:45,45.0,full overlap,Medium,Demo Hall,Test Lab
CONF_2359,P053,Deployment,Project Discussion,2025-11-18 18:45,2025-11-18 19:00,2025-11-18 18:45,2025-11-18 19:15,2025-11-18 18:45,2025-11-18 19:00,15.0,full overlap,Low,Test Lab,R&D Center
CONF_2360,P053,Tech Sharing,Product Demo,2025-11-18 08:30,2025-11-18 08:45,2025-11-18 08:00,2025-11-18 08:45,2025-11-18 08:30,2025-11-18 08:45,15.0,full overlap,Low,Demo Hall,Office Area 2
CONF_2361,P053,Code Review,Training,2025-11-19 10:00,2025-11-19 10:30,2025-11-19 09:45,2025-11-19 10:30,2025-11-19 10:00,2025-11-19 10:30,30.0,full overlap,Medium,Conference Room C,Office Area 2
CONF_2362,P053,Training,Testing Acceptance,2025-11-20 11:35,2025-11-20 11:53,2025-11-20 11:15,2025-11-20 11:45,2025-11-20 11:35,2025-11-20 11:45,10.0,partial overlap,Low,Test Lab,Office Area 2
CONF_2363,P054,Code Review,Client Visit,2025-11-03 12:30,2025-11-03 14:00,2025-11-03 12:15,2025-11-03 13:00,2025-11-03 12:30,2025-11-03 13:00,30.0,partial overlap,Medium,Client Reception,Client Reception
CONF_2364,P054,Testing Acceptance,Brainstorming,2025-11-05 16:49,2025-11-05 17:10,2025-11-05 16:30,2025-11-05 18:00,2025-11-05 16:49,2025-11-05 17:10,21.0,full overlap,Low,Conference Room B,Office Area 1
CONF_2365,P054,Testing Acceptance,Client Visit,2025-11-03 12:36,2025-11-03 13:25,2025-11-03 12:15,2025-11-03 13:00,2025-11-03 12:36,2025-11-03 13:00,24.0,partial overlap,Low,Conference Room B,Client Reception
CONF_2366,P054,Testing Acceptance,Code Review,2025-11-03 12:36,2025-11-03 13:25,2025-11-03 12:30,2025-11-03 14:00,2025-11-03 12:36,2025-11-03 13:25,49.0,full overlap,Medium,Conference Room B,Client Reception
CONF_2367,P054,Meeting,Testing Acceptance,2025-11-05 16:37,2025-11-05 17:14,2025-11-05 16:49,2025-11-05 17:10,2025-11-05 16:49,2025-11-05 17:10,21.0,full overlap,Low,Office Area 1,Conference Room B
CONF_2368,P054,Meeting,Brainstorming,2025-11-05 16:37,2025-11-05 17:14,2025-11-05 16:30,2025-11-05 18:00,2025-11-05 16:37,2025-11-05 17:14,37.0,full overlap,Medium,Office Area 1,Office Area 1
CONF_2369,P054,Product Demo,Deployment,2025-11-01 09:44,2025-11-01 10:30,2025-11-01 09:30,2025-11-01 11:00,2025-11-01 09:44,2025-11-01 10:30,46.0,full overlap,Medium,Client Reception,Office Area 1
CONF_2370,P054,One-on-One,Operations Check,2025-11-07 11:15,2025-11-07 12:00,2025-11-07 11:15,2025-11-07 12:45,2025-11-07 11:15,2025-11-07 12:00,45.0,full overlap,Medium,Client Reception,Office Area 1
CONF_2371,P054,Meeting,Team Building,2025-11-09 15:30,2025-11-09 16:30,2025-11-09 15:45,2025-11-09 16:45,2025-11-09 15:45,2025-11-09 16:30,45.0,partial overlap,Medium,Demo Hall,Conference Room B
CONF_2372,P054,Design Review,Meeting,2025-11-11 11:15,2025-11-11 11:45,2025-11-11 11:00,2025-11-11 11:30,2025-11-11 11:15,2025-11-11 11:30,15.0,partial overlap,Low,Training Room,Office Area 2
CONF_2373,P054,One-on-One,Client Visit,2025-11-13 09:45,2025-11-13 10:30,2025-11-13 09:45,2025-11-13 10:15,2025-11-13 09:45,2025-11-13 10:15,30.0,full overlap,Medium,Training Room,Break Room
CONF_2374,P054,Design Review,One-on-One,2025-11-12 12:38,2025-11-12 13:21,2025-11-12 12:45,2025-11-12 13:15,2025-11-12 12:45,2025-11-12 13:15,30.0,full overlap,Medium,Client Reception,Cafe
CONF_2375,P054,Design Review,Design Review,2025-11-12 12:38,2025-11-12 13:21,2025-11-12 12:15,2025-11-12 12:45,2025-11-12 12:38,2025-11-12 12:45,7.0,partial overlap,Low,Client Reception,Office Area 2
CONF_2376,P054,Meeting,Testing Acceptance,2025-11-05 12:08,2025-11-05 12:47,2025-11-05 12:00,2025-11-05 13:00,2025-11-05 12:08,2025-11-05 12:47,39.0,full overlap,Medium,Training Room,Test Lab
CONF_2377,P054,Team Building,One-on-One,2025-11-15 18:30,2025-11-15 19:00,2025-11-15 18:00,2025-11-15 18:45,2025-11-15 18:30,2025-11-15 18:45,15.0,partial overlap,Low,Office Area 2,Online Meeting
CONF_2378,P054,Brainstorming,Client Visit,2025-11-13 09:30,2025-11-13 10:15,2025-11-13 09:45,2025-11-13 10:15,2025-11-13 09:45,2025-11-13 10:15,30.0,full overlap,Medium,Product Showcase,Break Room
CONF_2379,P054,Brainstorming,One-on-One,2025-11-13 09:30,2025-11-13 10:15,2025-11-13 09:45,2025-11-13 10:30,2025-11-13 09:45,2025-11-13 10:15,30.0,partial overlap,Medium,Product Showcase,Training Room
CONF_2380,P054,Deployment,Training,2025-11-14 10:45,2025-11-14 11:30,2025-11-14 11:00,2025-11-14 12:00,2025-11-14 11:00,2025-11-14 11:30,30.0,partial overlap,Medium,Break Room,Office Area 1
CONF_2381,P054,Tech Sharing,Training,2025-11-19 18:30,2025-11-19 19:00,2025-11-19 18:15,2025-11-19 19:00,2025-11-19 18:30,2025-11-19 19:00,30.0,full overlap,Medium,R&D Center,Test Lab
CONF_2382,P054,Deployment,Design Review,2025-11-18 12:00,2025-11-18 12:15,2025-11-18 12:00,2025-11-18 12:30,2025-11-18 12:00,2025-11-18 12:15,15.0,full overlap,Low,Conference Room C,Office Area 2
CONF_2383,P054,Team Building,Code Review,2025-11-16 08:00,2025-11-16 08:45,2025-11-16 08:30,2025-11-16 09:15,2025-11-16 08:30,2025-11-16 08:45,15.0,partial overlap,Low,Office Area 2,Cafe
CONF_2384,P054,Product Demo,Code Review,2025-11-16 14:45,2025-11-16 15:15,2025-11-16 14:45,2025-11-16 15:15,2025-11-16 14:45,2025-11-16 15:15,30.0,full overlap,Medium,Product Showcase,Remote
CONF_2385,P054,One-on-One,Brainstorming,2025-11-18 09:28,2025-11-18 10:02,2025-11-18 09:00,2025-11-18 09:45,2025-11-18 09:28,2025-11-18 09:45,17.0,partial overlap,Low,Product Showcase,Conference Room A
CONF_2386,P054,Design Review,Deployment,2025-11-20 08:51,2025-11-20 09:11,2025-11-20 08:45,2025-11-20 09:15,2025-11-20 08:51,2025-11-20 09:11,20.0,full overlap,Low,Remote,Cafe
CONF_2387,P054,Training,Tech Sharing,2025-11-22 12:14,2025-11-22 13:03,2025-11-22 11:45,2025-11-22 12:15,2025-11-22 12:14,2025-11-22 12:15,1.0,partial overlap,Low,Demo Hall,Cafe
CONF_2388,P054,Testing Acceptance,Code Review,2025-11-16 08:51,2025-11-16 09:10,2025-11-16 08:30,2025-11-16 09:15,2025-11-16 08:51,2025-11-16 09:10,19.0,full overlap,Low,Client Reception,Cafe
CONF_2389,P055,Training,Training,2025-11-04 11:15,2025-11-04 12:15,2025-11-04 11:30,2025-11-04 12:00,2025-11-04 11:30,2025-11-04 12:00,30.0,full overlap,Medium,Break Room,R&D Center
CONF_2390,P055,Brainstorming,Brainstorming,2025-11-01 11:15,2025-11-01 11:54,2025-11-01 11:00,2025-11-01 11:45,2025-11-01 11:15,2025-11-01 11:45,30.0,partial overlap,Medium,Conference Room A,Conference Room C
CONF_2391,P055,Project Discussion,Training,2025-11-04 11:27,2025-11-04 12:04,2025-11-04 11:15,2025-11-04 12:15,2025-11-04 11:27,2025-11-04 12:04,37.0,full overlap,Medium,Conference Room B,Break Room
CONF_2392,P055,Project Discussion,Training,2025-11-04 11:27,2025-11-04 12:04,2025-11-04 11:30,2025-11-04 12:00,2025-11-04 11:30,2025-11-04 12:00,30.0,full overlap,Medium,Conference Room B,R&D Center
CONF_2393,P055,Project Discussion,Project Discussion,2025-11-04 11:39,2025-11-04 11:58,2025-11-04 11:27,2025-11-04 12:04,2025-11-04 11:39,2025-11-04 11:58,19.0,full overlap,Low,Break Room,Conference Room B
CONF_2394,P055,Project Discussion,Training,2025-11-04 11:39,2025-11-04 11:58,2025-11-04 11:15,2025-11-04 12:15,2025-11-04 11:39,2025-11-04 11:58,19.0,full overlap,Low,Break Room,Break Room
CONF_2395,P055,Project Discussion,Training,2025-11-04 11:39,2025-11-04 11:58,2025-11-04 11:30,2025-11-04 12:00,2025-11-04 11:39,2025-11-04 11:58,19.0,full overlap,Low,Break Room,R&D Center
CONF_2396,P055,Testing Acceptance,Deployment,2025-11-06 08:45,2025-11-06 09:30,2025-11-06 08:30,2025-11-06 09:15,2025-11-06 08:45,2025-11-06 09:15,30.0,partial overlap,Medium,Break Room,Product Showcase
CONF_2397,P055,Deployment,Deployment,2025-11-06 08:15,2025-11-06 08:45,2025-11-06 08:30,2025-11-06 09:15,2025-11-06 08:30,2025-11-06 08:45,15.0,partial overlap,Low,Conference Room B,Product Showcase
CONF_2398,P055,Tech Sharing,Training,2025-11-11 14:00,2025-11-11 14:30,2025-11-11 13:45,2025-11-11 14:30,2025-11-11 14:00,2025-11-11 14:30,30.0,full overlap,Medium,Online Meeting,Demo Hall
CONF_2399,P055,Deployment,Requirements Analysis,2025-11-12 15:00,2025-11-12 15:45,2025-11-12 14:45,2025-11-12 15:15,2025-11-12 15:00,2025-11-12 15:15,15.0,partial overlap,Low,Training Room,Office Area 1
CONF_2400,P055,Team Building,Product Demo,2025-11-15 13:23,2025-11-15 13:46,2025-11-15 13:15,2025-11-15 14:15,2025-11-15 13:23,2025-11-15 13:46,23.0,full overlap,Low,Conference Room B,Product Showcase
CONF_2401,P055,Client Visit,Team Building,2025-11-15 13:33,2025-11-15 13:51,2025-11-15 13:23,2025-11-15 13:46,2025-11-15 13:33,2025-11-15 13:46,13.0,partial overlap,Low,Test Lab,Conference Room B
CONF_2402,P055,Client Visit,Product Demo,2025-11-15 13:33,2025-11-15 13:51,2025-11-15 13:15,2025-11-15 14:15,2025-11-15 13:33,2025-11-15 13:51,18.0,full overlap,Low,Test Lab,Product Showcase
CONF_2403,P055,Training,Client Visit,2025-11-07 13:42,2025-11-07 14:22,2025-11-07 13:15,2025-11-07 14:00,2025-11-07 13:42,2025-11-07 14:00,18.0,partial overlap,Low,Conference Room A,Test Lab
CONF_2404,P055,Operations Check,Deployment,2025-11-12 15:23,2025-11-12 16:01,2025-11-12 15:00,2025-11-12 15:45,2025-11-12 15:23,2025-11-12 15:45,22.0,partial overlap,Low,Office Area 2,Training Room
CONF_2405,P055,One-on-One,Training,2025-11-16 11:00,2025-11-16 11:45,2025-11-16 10:45,2025-11-16 11:15,2025-11-16 11:00,2025-11-16 11:15,15.0,partial overlap,Low,Client Reception,Online Meeting
CONF_2406,P055,Team Building,Project Discussion,2025-11-19 11:00,2025-11-19 11:45,2025-11-19 11:30,2025-11-19 12:15,2025-11-19 11:30,2025-11-19 11:45,15.0,partial overlap,Low,Training Room,Client Reception
CONF_2407,P055,Meeting,Client Visit,2025-11-21 15:45,2025-11-21 16:15,2025-11-21 15:30,2025-11-21 16:00,2025-11-21 15:45,2025-11-21 16:00,15.0,partial overlap,Low,Demo Hall,Conference Room C
CONF_2408,P055,Deployment,One-on-One,2025-11-16 11:21,2025-11-16 11:46,2025-11-16 11:00,2025-11-16 11:45,2025-11-16 11:21,2025-11-16 11:45,24.0,partial overlap,Low,Demo Hall,Client Reception
CONF_2409,P055,One-on-One,Code Review,2025-11-17 14:53,2025-11-17 15:48,2025-11-17 14:45,2025-11-17 15:30,2025-11-17 14:53,2025-11-17 15:30,37.0,partial overlap,Medium,Break Room,Test Lab
CONF_2410,P056,Client Visit,Operations Check,2025-11-03 08:30,2025-11-03 09:30,2025-11-03 09:15,2025-11-03 10:45,2025-11-03 09:15,2025-11-03 09:30,15.0,partial overlap,Low,Demo Hall,Training Room
CONF_2411,P056,Deployment,Project Discussion,2025-11-07 13:30,2025-11-07 14:15,2025-11-07 13:00,2025-11-07 14:00,2025-11-07 13:30,2025-11-07 14:00,30.0,partial overlap,Medium,Conference Room A,Cafe
CONF_2412,P056,Operations Check,Meeting,2025-11-06 17:30,2025-11-06 18:15,2025-11-06 17:30,2025-11-06 18:00,2025-11-06 17:30,2025-11-06 18:00,30.0,full overlap,Medium,Cafe,Conference Room C
CONF_2413,P056,Product Demo,Team Building,2025-11-11 18:00,2025-11-11 19:00,2025-11-11 18:30,2025-11-11 19:30,2025-11-11 18:30,2025-11-11 19:00,30.0,partial overlap,Medium,R&D Center,Office Area 2
CONF_2414,P056,Training,Client Visit,2025-11-09 18:15,2025-11-09 18:45,2025-11-09 18:30,2025-11-09 19:00,2025-11-09 18:30,2025-11-09 18:45,15.0,partial overlap,Low,Demo Hall,Remote
CONF_2415,P056,Requirements Analysis,Testing Acceptance,2025-11-10 09:48,2025-11-10 10:16,2025-11-10 09:30,2025-11-10 10:00,2025-11-10 09:48,2025-11-10 10:00,12.0,partial overlap,Low,Test Lab,Cafe
CONF_2416,P056,Requirements Analysis,Code Review,2025-11-10 09:48,2025-11-10 10:16,2025-11-10 10:15,2025-11-10 11:15,2025-11-10 10:15,2025-11-10 10:16,1.0,partial overlap,Low,Test Lab,Test Lab
CONF_2417,P056,One-on-One,Operations Check,2025-11-06 17:41,2025-11-06 18:41,2025-11-06 17:30,2025-11-06 18:15,2025-11-06 17:41,2025-11-06 18:15,34.0,partial overlap,Medium,Test Lab,Cafe
CONF_2418,P056,One-on-One,Meeting,2025-11-06 17:41,2025-11-06 18:41,2025-11-06 17:30,2025-11-06 18:00,2025-11-06 17:41,2025-11-06 18:00,19.0,partial overlap,Low,Test Lab,Conference Room C
CONF_2419,P056,Project Discussion,Requirements Analysis,2025-11-13 17:15,2025-11-13 17:45,2025-11-13 17:15,2025-11-13 17:45,2025-11-13 17:15,2025-11-13 17:45,30.0,full overlap,Medium,Online Meeting,Office Area 1
CONF_2420,P056,One-on-One,Client Visit,2025-11-14 11:15,2025-11-14 11:45,2025-11-14 11:30,2025-11-14 12:15,2025-11-14 11:30,2025-11-14 11:45,15.0,partial overlap,Low,Break Room,Test Lab
CONF_2421,P056,Meeting,Requirements Analysis,2025-11-20 09:45,2025-11-20 10:30,2025-11-20 09:30,2025-11-20 10:00,2025-11-20 09:45,2025-11-20 10:00,15.0,partial overlap,Low,Conference Room B,Product Showcase
CONF_2422,P056,Requirements Analysis,Operations Check,2025-11-20 18:30,2025-11-20 18:45,2025-11-20 18:30,2025-11-20 18:45,2025-11-20 18:30,2025-11-20 18:45,15.0,full overlap,Low,Conference Room B,Remote
CONF_2423,P056,Client Visit,Requirements Analysis,2025-11-17 18:24,2025-11-17 18:53,2025-11-17 18:00,2025-11-17 18:30,2025-11-17 18:24,2025-11-17 18:30,6.0,partial overlap,Low,Online Meeting,Conference Room A
CONF_2424,P056,Operations Check,One-on-One,2025-11-23 09:02,2025-11-23 09:50,2025-11-23 08:45,2025-11-23 09:15,2025-11-23 09:02,2025-11-23 09:15,13.0,partial overlap,Low,Conference Room B,Training Room
CONF_2425,P056,Testing Acceptance,Operations Check,2025-11-23 09:07,2025-11-23 09:57,2025-11-23 09:02,2025-11-23 09:50,2025-11-23 09:07,2025-11-23 09:50,43.0,partial overlap,Medium,Client Reception,Conference Room B
CONF_2426,P056,Testing Acceptance,One-on-One,2025-11-23 09:07,2025-11-23 09:57,2025-11-23 08:45,2025-11-23 09:15,2025-11-23 09:07,2025-11-23 09:15,8.0,partial overlap,Low,Client Reception,Training Room
CONF_2427,P056,Deployment,Design Review,2025-11-19 16:25,2025-11-19 16:56,2025-11-19 16:00,2025-11-19 16:30,2025-11-19 16:25,2025-11-19 16:30,5.0,partial overlap,Low,Product Showcase,Client Reception
CONF_2428,P056,Deployment,Meeting,2025-11-20 16:14,2025-11-20 16:30,2025-11-20 15:45,2025-11-20 16:30,2025-11-20 16:14,2025-11-20 16:30,16.0,full overlap,Low,Cafe,Remote
CONF_2429,P056,Project Discussion,One-on-One,2025-11-16 16:26,2025-11-16 17:14,2025-11-16 16:15,2025-11-16 17:00,2025-11-16 16:26,2025-11-16 17:00,34.0,partial overlap,Medium,Conference Room C,Break Room
CONF_2430,P056,Brainstorming,Deployment,2025-11-14 14:37,2025-11-14 14:53,2025-11-14 14:15,2025-11-14 15:00,2025-11-14 14:37,2025-11-14 14:53,16.0,full overlap,Low,Demo Hall,R&D Center
CONF_2431,P057,Requirements Analysis,Tech Sharing,2025-11-07 15:30,2025-11-07 16:30,2025-11-07 16:15,2025-11-07 17:15,2025-11-07 16:15,2025-11-07 16:30,15.0,partial overlap,Low,Client Reception,Conference Room B
CONF_2432,P057,Client Visit,Testing Acceptance,2025-10-29 10:52,2025-10-29 11:37,2025-10-29 10:45,2025-10-29 12:15,2025-10-29 10:52,2025-10-29 11:37,45.0,full overlap,Medium,Remote,Test Lab
CONF_2433,P057,Client Visit,Code Review,2025-10-30 10:34,2025-10-30 11:23,2025-10-30 10:15,2025-10-30 10:45,2025-10-30 10:34,2025-10-30 10:45,11.0,partial overlap,Low,Office Area 2,Cafe
CONF_2434,P057,Training,Deployment,2025-11-05 18:59,2025-11-05 19:58,2025-11-05 18:45,2025-11-05 20:15,2025-11-05 18:59,2025-11-05 19:58,59.0,full overlap,Medium,Test Lab,Product Showcase
CONF_2435,P057,Design Review,One-on-One,2025-11-04 12:58,2025-11-04 13:30,2025-11-04 12:45,2025-11-04 13:30,2025-11-04 12:58,2025-11-04 13:30,32.0,full overlap,Medium,Test Lab,Conference Room B
CONF_2436,P057,Training,Training,2025-11-08 17:30,2025-11-08 18:30,2025-11-08 16:45,2025-11-08 17:45,2025-11-08 17:30,2025-11-08 17:45,15.0,partial overlap,Low,Conference Room A,Remote
CONF_2437,P057,Tech Sharing,Brainstorming,2025-11-06 13:45,2025-11-06 14:15,2025-11-06 13:45,2025-11-06 14:45,2025-11-06 13:45,2025-11-06 14:15,30.0,full overlap,Medium,R&D Center,R&D Center
CONF_2438,P057,Training,Project Discussion,2025-11-08 10:30,2025-11-08 11:30,2025-11-08 10:30,2025-11-08 11:30,2025-11-08 10:30,2025-11-08 11:30,60.0,full overlap,High,Conference Room B,Cafe
CONF_2439,P057,Product Demo,Training,2025-11-08 18:00,2025-11-08 18:30,2025-11-08 17:30,2025-11-08 18:30,2025-11-08 18:00,2025-11-08 18:30,30.0,full overlap,Medium,Cafe,Conference Room A
CONF_2440,P057,Training,Design Review,2025-11-09 14:45,2025-11-09 15:45,2025-11-09 14:30,2025-11-09 15:30,2025-11-09 14:45,2025-11-09 15:30,45.0,partial overlap,Medium,Demo Hall,Product Showcase
CONF_2441,P057,Testing Acceptance,One-on-One,2025-11-15 16:45,2025-11-15 17:30,2025-11-15 17:00,2025-11-15 18:00,2025-11-15 17:00,2025-11-15 17:30,30.0,partial overlap,Medium,Client Reception,Conference Room B
CONF_2442,P057,Deployment,One-on-One,2025-11-09 14:05,2025-11-09 14:29,2025-11-09 14:00,2025-11-09 14:30,2025-11-09 14:05,2025-11-09 14:29,24.0,full overlap,Low,Client Reception,Conference Room B
CONF_2443,P057,Product Demo,Tech Sharing,2025-11-11 11:42,2025-11-11 12:28,2025-11-11 11:15,2025-11-11 12:00,2025-11-11 11:42,2025-11-11 12:00,18.0,partial overlap,Low,Cafe,Demo Hall
CONF_2444,P057,Deployment,Tech Sharing,2025-11-11 18:07,2025-11-11 19:02,2025-11-11 18:00,2025-11-11 18:45,2025-11-11 18:07,2025-11-11 18:45,38.0,partial overlap,Medium,Product Showcase,Conference Room A
CONF_2445,P057,Design Review,Product Demo,2025-11-11 12:05,2025-11-11 12:24,2025-11-11 11:42,2025-11-11 12:28,2025-11-11 12:05,2025-11-11 12:24,19.0,full overlap,Low,Test Lab,Cafe
CONF_2446,P057,Team Building,Training,2025-11-09 14:57,2025-11-09 15:41,2025-11-09 14:45,2025-11-09 15:45,2025-11-09 14:57,2025-11-09 15:41,44.0,full overlap,Medium,Break Room,Demo Hall
CONF_2447,P057,Team Building,Design Review,2025-11-09 14:57,2025-11-09 15:41,2025-11-09 14:30,2025-11-09 15:30,2025-11-09 14:57,2025-11-09 15:30,33.0,partial overlap,Medium,Break Room,Product Showcase
CONF_2448,P057,Training,Product Demo,2025-11-14 17:30,2025-11-14 18:15,2025-11-14 16:45,2025-11-14 17:45,2025-11-14 17:30,2025-11-14 17:45,15.0,partial overlap,Low,Client Reception,Test Lab
CONF_2449,P057,Operations Check,Meeting,2025-11-15 10:30,2025-11-15 11:15,2025-11-15 10:45,2025-11-15 11:00,2025-11-15 10:45,2025-11-15 11:00,15.0,full overlap,Low,Demo Hall,Cafe
CONF_2450,P057,Project Discussion,Deployment,2025-11-18 11:15,2025-11-18 11:45,2025-11-18 11:15,2025-11-18 11:30,2025-11-18 11:15,2025-11-18 11:30,15.0,full overlap,Low,Conference Room C,Training Room
CONF_2451,P057,Design Review,Meeting,2025-11-18 14:30,2025-11-18 14:45,2025-11-18 14:30,2025-11-18 15:15,2025-11-18 14:30,2025-11-18 14:45,15.0,full overlap,Low,Office Area 1,Client Reception
CONF_2452,P057,Deployment,Design Review,2025-11-14 16:20,2025-11-14 16:43,2025-11-14 16:15,2025-11-14 16:30,2025-11-14 16:20,2025-11-14 16:30,10.0,partial overlap,Low,Product Showcase,Product Showcase
CONF_2453,P057,Testing Acceptance,Meeting,2025-11-18 14:39,2025-11-18 15:21,2025-11-18 14:30,2025-11-18 15:15,2025-11-18 14:39,2025-11-18 15:15,36.0,partial overlap,Medium,Online Meeting,Client Reception
CONF_2454,P057,Testing Acceptance,Design Review,2025-11-18 14:39,2025-11-18 15:21,2025-11-18 14:30,2025-11-18 14:45,2025-11-18 14:39,2025-11-18 14:45,6.0,partial overlap,Low,Online Meeting,Office Area 1
CONF_2455,P057,Training,Team Building,2025-11-14 11:09,2025-11-14 12:05,2025-11-14 11:00,2025-11-14 11:30,2025-11-14 11:09,2025-11-14 11:30,21.0,partial overlap,Low,Conference Room B,Conference Room A
CONF_2456,P057,Training,One-on-One,2025-11-14 11:09,2025-11-14 12:05,2025-11-14 11:45,2025-11-14 12:00,2025-11-14 11:45,2025-11-14 12:00,15.0,full overlap,Low,Conference Room B,Office Area 1
CONF_2457,P057,Requirements Analysis,Operations Check,2025-11-22 14:10,2025-11-22 15:00,2025-11-22 14:00,2025-11-22 14:15,2025-11-22 14:10,2025-11-22 14:15,5.0,partial overlap,Low,Online Meeting,Demo Hall
CONF_2458,P057,Team Building,Testing Acceptance,2025-11-18 14:36,2025-11-18 15:34,2025-11-18 14:39,2025-11-18 15:21,2025-11-18 14:39,2025-11-18 15:21,42.0,full overlap,Medium,Training Room,Online Meeting
CONF_2459,P057,Team Building,Meeting,2025-11-18 14:36,2025-11-18 15:34,2025-11-18 14:30,2025-11-18 15:15,2025-11-18 14:36,2025-11-18 15:15,39.0,partial overlap,Medium,Training Room,Client Reception
CONF_2460,P057,Team Building,Design Review,2025-11-18 14:36,2025-11-18 15:34,2025-11-18 14:30,2025-11-18 14:45,2025-11-18 14:36,2025-11-18 14:45,9.0,partial overlap,Low,Training Room,Office Area 1
CONF_2461,P058,Design Review,Design Review,2025-11-03 11:15,2025-11-03 11:45,2025-11-03 10:45,2025-11-03 12:15,2025-11-03 11:15,2025-11-03 11:45,30.0,full overlap,Medium,Training Room,Office Area 2
CONF_2462,P058,Project Discussion,Requirements Analysis,2025-11-04 08:15,2025-11-04 08:45,2025-11-04 08:15,2025-11-04 08:45,2025-11-04 08:15,2025-11-04 08:45,30.0,full overlap,Medium,Remote,Cafe
CONF_2463,P058,One-on-One,Deployment,2025-11-09 09:45,2025-11-09 10:30,2025-11-09 09:15,2025-11-09 10:00,2025-11-09 09:45,2025-11-09 10:00,15.0,partial overlap,Low,Conference Room B,Product Showcase
CONF_2464,P058,Testing Acceptance,Deployment,2025-11-11 17:15,2025-11-11 18:00,2025-11-11 17:45,2025-11-11 18:15,2025-11-11 17:45,2025-11-11 18:00,15.0,partial overlap,Low,Training Room,Product Showcase
CONF_2465,P058,Client Visit,Brainstorming,2025-11-15 16:15,2025-11-15 17:00,2025-11-15 15:45,2025-11-15 16:45,2025-11-15 16:15,2025-11-15 16:45,30.0,partial overlap,Medium,Conference Room C,Online Meeting
CONF_2466,P058,Client Visit,Deployment,2025-11-15 18:00,2025-11-15 19:00,2025-11-15 18:45,2025-11-15 19:30,2025-11-15 18:45,2025-11-15 19:00,15.0,partial overlap,Low,Cafe,Training Room
CONF_2467,P058,Deployment,Testing Acceptance,2025-11-14 12:15,2025-11-14 12:45,2025-11-14 12:15,2025-11-14 13:00,2025-11-14 12:15,2025-11-14 12:45,30.0,full overlap,Medium,Client Reception,Training Room
CONF_2468,P058,Tech Sharing,Deployment,2025-11-14 12:36,2025-11-14 13:02,2025-11-14 12:15,2025-11-14 12:45,2025-11-14 12:36,2025-11-14 12:45,9.0,partial overlap,Low,Remote,Client Reception
CONF_2469,P058,Tech Sharing,Testing Acceptance,2025-11-14 12:36,2025-11-14 13:02,2025-11-14 12:15,2025-11-14 13:00,2025-11-14 12:36,2025-11-14 13:00,24.0,partial overlap,Low,Remote,Training Room
CONF_2470,P058,Code Review,Testing Acceptance,2025-11-11 17:51,2025-11-11 18:46,2025-11-11 17:15,2025-11-11 18:00,2025-11-11 17:51,2025-11-11 18:00,9.0,partial overlap,Low,R&D Center,Training Room
CONF_2471,P058,Code Review,Deployment,2025-11-11 17:51,2025-11-11 18:46,2025-11-11 17:45,2025-11-11 18:15,2025-11-11 17:51,2025-11-11 18:15,24.0,partial overlap,Low,R&D Center,Product Showcase
CONF_2472,P058,Training,Operations Check,2025-11-13 15:15,2025-11-13 16:00,2025-11-13 15:15,2025-11-13 15:45,2025-11-13 15:15,2025-11-13 15:45,30.0,full overlap,Medium,Conference Room B,Office Area 1
CONF_2473,P058,Design Review,Client Visit,2025-11-15 17:45,2025-11-15 18:30,2025-11-15 18:00,2025-11-15 19:00,2025-11-15 18:00,2025-11-15 18:30,30.0,partial overlap,Medium,Cafe,Cafe
CONF_2474,P058,Brainstorming,Team Building,2025-11-17 10:00,2025-11-17 10:30,2025-11-17 09:45,2025-11-17 10:45,2025-11-17 10:00,2025-11-17 10:30,30.0,full overlap,Medium,Conference Room B,Remote
CONF_2475,P058,Requirements Analysis,Brainstorming,2025-11-18 12:15,2025-11-18 13:00,2025-11-18 12:30,2025-11-18 12:45,2025-11-18 12:30,2025-11-18 12:45,15.0,full overlap,Low,Demo Hall,Office Area 1
CONF_2476,P058,Code Review,Requirements Analysis,2025-11-21 11:15,2025-11-21 12:00,2025-11-21 11:45,2025-11-21 12:15,2025-11-21 11:45,2025-11-21 12:00,15.0,partial overlap,Low,Product Showcase,Test Lab
CONF_2477,P058,Meeting,Code Review,2025-11-21 11:15,2025-11-21 11:45,2025-11-21 11:15,2025-11-21 12:00,2025-11-21 11:15,2025-11-21 11:45,30.0,full overlap,Medium,Client Reception,Product Showcase
CONF_2478,P058,Testing Acceptance,Client Visit,2025-11-19 14:45,2025-11-19 15:00,2025-11-19 14:45,2025-11-19 15:00,2025-11-19 14:45,2025-11-19 15:00,15.0,full overlap,Low,Break Room,Conference Room B
CONF_2479,P058,Team Building,Deployment,2025-11-18 14:00,2025-11-18 14:45,2025-11-18 14:30,2025-11-18 15:15,2025-11-18 14:30,2025-11-18 14:45,15.0,partial overlap,Low,Product Showcase,Break Room
CONF_2480,P058,Requirements Analysis,Tech Sharing,2025-11-13 09:11,2025-11-13 09:34,2025-11-13 08:45,2025-11-13 09:15,2025-11-13 09:11,2025-11-13 09:15,4.0,partial overlap,Low,Test Lab,Break Room
CONF_2481,P058,Requirements Analysis,Operations Check,2025-11-13 15:39,2025-11-13 16:21,2025-11-13 15:15,2025-11-13 15:45,2025-11-13 15:39,2025-11-13 15:45,6.0,partial overlap,Low,R&D Center,Office Area 1
CONF_2482,P058,Requirements Analysis,Training,2025-11-13 15:39,2025-11-13 16:21,2025-11-13 15:15,2025-11-13 16:00,2025-11-13 15:39,2025-11-13 16:00,21.0,partial overlap,Low,R&D Center,Conference Room B
CONF_2483,P058,Meeting,Operations Check,2025-11-22 15:54,2025-11-22 16:15,2025-11-22 15:45,2025-11-22 16:30,2025-11-22 15:54,2025-11-22 16:15,21.0,full overlap,Low,Product Showcase,Conference Room B
CONF_2484,P058,Team Building,Tech Sharing,2025-11-24 16:50,2025-11-24 17:07,2025-11-24 16:45,2025-11-24 17:15,2025-11-24 16:50,2025-11-24 17:07,17.0,full overlap,Low,Training Room,Online Meeting
CONF_2485,P058,Brainstorming,Meeting,2025-11-19 15:00,2025-11-19 15:33,2025-11-19 15:30,2025-11-19 15:45,2025-11-19 15:30,2025-11-19 15:33,3.0,partial overlap,Low,Demo Hall,Cafe
CONF_2486,P058,Product Demo,Client Visit,2025-11-15 18:11,2025-11-15 18:28,2025-11-15 18:00,2025-11-15 19:00,2025-11-15 18:11,2025-11-15 18:28,17.0,full overlap,Low,Training Room,Cafe
CONF_2487,P058,Product Demo,Design Review,2025-11-15 18:11,2025-11-15 18:28,2025-11-15 17:45,2025-11-15 18:30,2025-11-15 18:11,2025-11-15 18:28,17.0,full overlap,Low,Training Room,Cafe
CONF_2488,P058,Team Building,Meeting,2025-11-23 15:09,2025-11-23 15:53,2025-11-23 14:45,2025-11-23 15:30,2025-11-23 15:09,2025-11-23 15:30,21.0,partial overlap,Low,Office Area 2,Cafe
CONF_2489,P058,Product Demo,Brainstorming,2025-11-17 10:21,2025-11-17 11:11,2025-11-17 10:00,2025-11-17 10:30,2025-11-17 10:21,2025-11-17 10:30,9.0,partial overlap,Low,Remote,Conference Room B
CONF_2490,P058,Product Demo,Team Building,2025-11-17 10:21,2025-11-17 11:11,2025-11-17 09:45,2025-11-17 10:45,2025-11-17 10:21,2025-11-17 10:45,24.0,partial overlap,Low,Remote,Remote
CONF_2491,P058,Team Building,Training,2025-11-24 10:57,2025-11-24 11:21,2025-11-24 10:30,2025-11-24 11:00,2025-11-24 10:57,2025-11-24 11:00,3.0,partial overlap,Low,Conference Room C,Office Area 1
CONF_2492,P059,Brainstorming,Training,2025-11-02 12:00,2025-11-02 12:45,2025-11-02 12:15,2025-11-02 13:15,2025-11-02 12:15,2025-11-02 12:45,30.0,partial overlap,Medium,Office Area 1,Cafe
CONF_2493,P059,Requirements Analysis,Testing Acceptance,2025-10-31 09:54,2025-10-31 10:45,2025-10-31 09:30,2025-10-31 10:30,2025-10-31 09:54,2025-10-31 10:30,36.0,partial overlap,Medium,R&D Center,Office Area 2
CONF_2494,P059,Project Discussion,Client Visit,2025-11-08 13:45,2025-11-08 14:15,2025-11-08 13:15,2025-11-08 14:00,2025-11-08 13:45,2025-11-08 14:00,15.0,partial overlap,Low,Conference Room C,Cafe
CONF_2495,P059,Operations Check,Meeting,2025-11-14 09:30,2025-11-14 10:15,2025-11-14 10:00,2025-11-14 10:45,2025-11-14 10:00,2025-11-14 10:15,15.0,partial overlap,Low,Test Lab,Office Area 1
CONF_2496,P059,Team Building,Meeting,2025-11-14 10:00,2025-11-14 11:00,2025-11-14 10:00,2025-11-14 10:45,2025-11-14 10:00,2025-11-14 10:45,45.0,full overlap,Medium,Demo Hall,Office Area 1
CONF_2497,P059,Team Building,Operations Check,2025-11-14 10:00,2025-11-14 11:00,2025-11-14 09:30,2025-11-14 10:15,2025-11-14 10:00,2025-11-14 10:15,15.0,partial overlap,Low,Demo Hall,Test Lab
CONF_2498,P059,Deployment,Team Building,2025-11-12 16:00,2025-11-12 17:00,2025-11-12 15:45,2025-11-12 16:30,2025-11-12 16:00,2025-11-12 16:30,30.0,partial overlap,Medium,Online Meeting,Conference Room B
CONF_2499,P059,Meeting,Product Demo,2025-11-13 12:30,2025-11-13 13:30,2025-11-13 12:30,2025-11-13 13:15,2025-11-13 12:30,2025-11-13 13:15,45.0,full overlap,Medium,Break Room,Remote
CONF_2500,P059,Code Review,Product Demo,2025-11-13 12:52,2025-11-13 13:26,2025-11-13 12:30,2025-11-13 13:15,2025-11-13 12:52,2025-11-13 13:15,23.0,partial overlap,Low,Remote,Remote
CONF_2501,P059,Code Review,Meeting,2025-11-13 12:52,2025-11-13 13:26,2025-11-13 12:30,2025-11-13 13:30,2025-11-13 12:52,2025-11-13 13:26,34.0,full overlap,Medium,Remote,Break Room
CONF_2502,P059,Meeting,Code Review,2025-11-04 13:34,2025-11-04 14:04,2025-11-04 13:15,2025-11-04 13:45,2025-11-04 13:34,2025-11-04 13:45,11.0,partial overlap,Low,Break Room,Product Showcase
CONF_2503,P059,Deployment,Meeting,2025-11-14 10:26,2025-11-14 10:55,2025-11-14 10:00,2025-11-14 10:45,2025-11-14 10:26,2025-11-14 10:45,19.0,partial overlap,Low,Office Area 2,Office Area 1
CONF_2504,P059,Deployment,Team Building,2025-11-14 10:26,2025-11-14 10:55,2025-11-14 10:00,2025-11-14 11:00,2025-11-14 10:26,2025-11-14 10:55,29.0,full overlap,Low,Office Area 2,Demo Hall
CONF_2505,P059,Meeting,Team Building,2025-11-12 15:58,2025-11-12 16:15,2025-11-12 15:45,2025-11-12 16:30,2025-11-12 15:58,2025-11-12 16:15,17.0,full overlap,Low,Conference Room A,Conference Room B
CONF_2506,P059,Meeting,Deployment,2025-11-12 15:58,2025-11-12 16:15,2025-11-12 16:00,2025-11-12 17:00,2025-11-12 16:00,2025-11-12 16:15,15.0,partial overlap,Low,Conference Room A,Online Meeting
CONF_2507,P059,Team Building,Team Building,2025-11-12 16:14,2025-11-12 17:05,2025-11-12 15:45,2025-11-12 16:30,2025-11-12 16:14,2025-11-12 16:30,16.0,partial overlap,Low,Office Area 1,Conference Room B
CONF_2508,P059,Team Building,Meeting,2025-11-12 16:14,2025-11-12 17:05,2025-11-12 15:58,2025-11-12 16:15,2025-11-12 16:14,2025-11-12 16:15,1.0,partial overlap,Low,Office Area 1,Conference Room A
CONF_2509,P059,Team Building,Deployment,2025-11-12 16:14,2025-11-12 17:05,2025-11-12 16:00,2025-11-12 17:00,2025-11-12 16:14,2025-11-12 17:00,46.0,partial overlap,Medium,Office Area 1,Online Meeting
CONF_2510,P059,Requirements Analysis,Training,2025-11-13 10:15,2025-11-13 11:00,2025-11-13 10:30,2025-11-13 11:30,2025-11-13 10:30,2025-11-13 11:00,30.0,partial overlap,Medium,Cafe,Cafe
CONF_2511,P059,Project Discussion,Testing Acceptance,2025-11-15 08:30,2025-11-15 09:00,2025-11-15 08:15,2025-11-15 08:45,2025-11-15 08:30,2025-11-15 08:45,15.0,partial overlap,Low,Office Area 2,Conference Room C
CONF_2512,P059,Tech Sharing,Team Building,2025-11-15 17:30,2025-11-15 18:00,2025-11-15 17:30,2025-11-15 17:45,2025-11-15 17:30,2025-11-15 17:45,15.0,full overlap,Low,Online Meeting,Remote
CONF_2513,P059,Project Discussion,Deployment,2025-11-19 16:45,2025-11-19 17:30,2025-11-19 16:45,2025-11-19 17:15,2025-11-19 16:45,2025-11-19 17:15,30.0,full overlap,Medium,Demo Hall,Conference Room C
CONF_2514,P059,Code Review,Tech Sharing,2025-11-22 13:30,2025-11-22 14:15,2025-11-22 13:45,2025-11-22 14:30,2025-11-22 13:45,2025-11-22 14:15,30.0,partial overlap,Medium,Remote,Break Room
CONF_2515,P059,Brainstorming,Product Demo,2025-11-21 10:30,2025-11-21 11:00,2025-11-21 10:45,2025-11-21 11:00,2025-11-21 10:45,2025-11-21 11:00,15.0,full overlap,Low,Online Meeting,Conference Room A
CONF_2516,P059,Code Review,Team Building,2025-11-15 09:35,2025-11-15 10:21,2025-11-15 09:30,2025-11-15 09:45,2025-11-15 09:35,2025-11-15 09:45,10.0,partial overlap,Low,Conference Room B,Training Room
CONF_2517,P059,Team Building,Tech Sharing,2025-11-22 14:07,2025-11-22 15:07,2025-11-22 13:45,2025-11-22 14:30,2025-11-22 14:07,2025-11-22 14:30,23.0,partial overlap,Low,Office Area 2,Break Room
CONF_2518,P059,Team Building,Code Review,2025-11-22 14:07,2025-11-22 15:07,2025-11-22 13:30,2025-11-22 14:15,2025-11-22 14:07,2025-11-22 14:15,8.0,partial overlap,Low,Office Area 2,Remote
CONF_2519,P059,Tech Sharing,Team Building,2025-11-22 13:54,2025-11-22 14:38,2025-11-22 14:07,2025-11-22 15:07,2025-11-22 14:07,2025-11-22 14:38,31.0,partial overlap,Medium,Conference Room A,Office Area 2
CONF_2520,P059,Tech Sharing,Code Review,2025-11-22 13:54,2025-11-22 14:38,2025-11-22 13:30,2025-11-22 14:15,2025-11-22 13:54,2025-11-22 14:15,21.0,partial overlap,Low,Conference Room A,Remote
CONF_2521,P059,Tech Sharing,Tech Sharing,2025-11-22 13:54,2025-11-22 14:38,2025-11-22 13:45,2025-11-22 14:30,2025-11-22 13:54,2025-11-22 14:30,36.0,partial overlap,Medium,Conference Room A,Break Room
CONF_2522,P059,Project Discussion,Code Review,2025-11-15 09:56,2025-11-15 10:56,2025-11-15 09:35,2025-11-15 10:21,2025-11-15 09:56,2025-11-15 10:21,25.0,partial overlap,Low,Conference Room B,Conference Room B
CONF_2523,P059,Design Review,Tech Sharing,2025-11-15 17:46,2025-11-15 18:17,2025-11-15 17:30,2025-11-15 18:00,2025-11-15 17:46,2025-11-15 18:00,14.0,partial overlap,Low,Conference Room A,Online Meeting
CONF_2524,P059,Design Review,Brainstorming,2025-11-15 17:46,2025-11-15 18:17,2025-11-15 18:00,2025-11-15 18:30,2025-11-15 18:00,2025-11-15 18:17,17.0,partial overlap,Low,Conference Room A,Conference Room A
CONF_2525,P059,Requirements Analysis,Brainstorming,2025-11-15 17:47,2025-11-15 18:21,2025-11-15 18:00,2025-11-15 18:30,2025-11-15 18:00,2025-11-15 18:21,21.0,partial overlap,Low,Client Reception,Conference Room A
CONF_2526,P059,Requirements Analysis,Design Review,2025-11-15 17:47,2025-11-15 18:21,2025-11-15 17:46,2025-11-15 18:17,2025-11-15 17:47,2025-11-15 18:17,30.0,partial overlap,Medium,Client Reception,Conference Room A
CONF_2527,P059,Requirements Analysis,Tech Sharing,2025-11-15 17:47,2025-11-15 18:21,2025-11-15 17:30,2025-11-15 18:00,2025-11-15 17:47,2025-11-15 18:00,13.0,partial overlap,Low,Client Reception,Online Meeting
CONF_2528,P060,One-on-One,One-on-One,2025-10-30 13:45,2025-10-30 14:15,2025-10-30 13:30,2025-10-30 14:00,2025-10-30 13:45,2025-10-30 14:00,15.0,partial overlap,Low,Test Lab,Office Area 2
CONF_2529,P060,Testing Acceptance,Team Building,2025-10-27 08:39,2025-10-27 09:39,2025-10-27 08:15,2025-10-27 08:45,2025-10-27 08:39,2025-10-27 08:45,6.0,partial overlap,Low,Conference Room C,Cafe
CONF_2530,P060,Team Building,Requirements Analysis,2025-11-07 15:15,2025-11-07 16:03,2025-11-07 15:00,2025-11-07 16:00,2025-11-07 15:15,2025-11-07 16:00,45.0,partial overlap,Medium,Product Showcase,Conference Room B
CONF_2531,P060,Requirements Analysis,One-on-One,2025-11-04 11:25,2025-11-04 12:25,2025-11-04 11:15,2025-11-04 12:00,2025-11-04 11:25,2025-11-04 12:00,35.0,partial overlap,Medium,Office Area 1,Remote
CONF_2532,P060,Testing Acceptance,Testing Acceptance,2025-11-06 15:19,2025-11-06 15:47,2025-11-06 15:00,2025-11-06 15:45,2025-11-06 15:19,2025-11-06 15:45,26.0,partial overlap,Low,Client Reception,Training Room
CONF_2533,P060,Testing Acceptance,Requirements Analysis,2025-11-07 16:45,2025-11-07 17:30,2025-11-07 16:30,2025-11-07 17:00,2025-11-07 16:45,2025-11-07 17:00,15.0,partial overlap,Low,R&D Center,Office Area 1
CONF_2534,P060,One-on-One,Requirements Analysis,2025-11-07 10:15,2025-11-07 10:45,2025-11-07 09:30,2025-11-07 10:30,2025-11-07 10:15,2025-11-07 10:30,15.0,partial overlap,Low,Break Room,Office Area 2
CONF_2535,P060,Design Review,Testing Acceptance,2025-11-09 08:00,2025-11-09 08:30,2025-11-09 08:15,2025-11-09 08:45,2025-11-09 08:15,2025-11-09 08:30,15.0,partial overlap,Low,Product Showcase,Training Room
CONF_2536,P060,Operations Check,Project Discussion,2025-11-12 13:15,2025-11-12 14:15,2025-11-12 13:45,2025-11-12 14:30,2025-11-12 13:45,2025-11-12 14:15,30.0,partial overlap,Medium,Online Meeting,Office Area 1
CONF_2537,P060,Team Building,Operations Check,2025-11-12 13:23,2025-11-12 14:11,2025-11-12 13:15,2025-11-12 14:15,2025-11-12 13:23,2025-11-12 14:11,48.0,full overlap,Medium,Client Reception,Online Meeting
CONF_2538,P060,Team Building,Project Discussion,2025-11-12 13:23,2025-11-12 14:11,2025-11-12 13:45,2025-11-12 14:30,2025-11-12 13:45,2025-11-12 14:11,26.0,partial overlap,Low,Client Reception,Office Area 1
CONF_2539,P060,Deployment,Design Review,2025-11-09 08:08,2025-11-09 09:06,2025-11-09 08:00,2025-11-09 08:30,2025-11-09 08:08,2025-11-09 08:30,22.0,partial overlap,Low,R&D Center,Product Showcase
CONF_2540,P060,Deployment,Testing Acceptance,2025-11-09 08:08,2025-11-09 09:06,2025-11-09 08:15,2025-11-09 08:45,2025-11-09 08:15,2025-11-09 08:45,30.0,full overlap,Medium,R&D Center,Training Room
CONF_2541,P060,Tech Sharing,Deployment,2025-11-12 15:10,2025-11-12 15:49,2025-11-12 15:00,2025-11-12 15:30,2025-11-12 15:10,2025-11-12 15:30,20.0,partial overlap,Low,Break Room,Remote
CONF_2542,P060,Tech Sharing,Client Visit,2025-11-06 18:58,2025-11-06 19:24,2025-11-06 18:45,2025-11-06 19:30,2025-11-06 18:58,2025-11-06 19:24,26.0,full overlap,Low,Test Lab,Online Meeting
CONF_2543,P060,One-on-One,Training,2025-11-06 11:35,2025-11-06 12:02,2025-11-06 11:30,2025-11-06 12:15,2025-11-06 11:35,2025-11-06 12:02,27.0,full overlap,Low,Online Meeting,Conference Room B
CONF_2544,P060,Design Review,Code Review,2025-11-14 18:45,2025-11-14 19:30,2025-11-14 18:45,2025-11-14 19:00,2025-11-14 18:45,2025-11-14 19:00,15.0,full overlap,Low,Training Room,Training Room
CONF_2545,P060,Operations Check,Tech Sharing,2025-11-14 15:00,2025-11-14 15:45,2025-11-14 15:15,2025-11-14 16:15,2025-11-14 15:15,2025-11-14 15:45,30.0,partial overlap,Medium,Training Room,Online Meeting
CONF_2546,P060,Deployment,Training,2025-11-19 14:30,2025-11-19 15:15,2025-11-19 14:15,2025-11-19 15:00,2025-11-19 14:30,2025-11-19 15:00,30.0,partial overlap,Medium,Product Showcase,Office Area 2
CONF_2547,P060,Tech Sharing,Training,2025-11-19 14:15,2025-11-19 15:00,2025-11-19 14:15,2025-11-19 15:00,2025-11-19 14:15,2025-11-19 15:00,45.0,full overlap,Medium,Break Room,Office Area 2
CONF_2548,P060,Tech Sharing,Deployment,2025-11-19 14:15,2025-11-19 15:00,2025-11-19 14:30,2025-11-19 15:15,2025-11-19 14:30,2025-11-19 15:00,30.0,partial overlap,Medium,Break Room,Product Showcase
CONF_2549,P060,Code Review,Training,2025-11-13 08:22,2025-11-13 09:09,2025-11-13 08:15,2025-11-13 08:45,2025-11-13 08:22,2025-11-13 08:45,23.0,partial overlap,Low,Conference Room B,Online Meeting
CONF_2550,P060,Operations Check,Design Review,2025-11-14 19:14,2025-11-14 20:13,2025-11-14 18:45,2025-11-14 19:30,2025-11-14 19:14,2025-11-14 19:30,16.0,partial overlap,Low,Cafe,Training Room
CONF_2551,P060,Training,Code Review,2025-11-14 18:52,2025-11-14 19:08,2025-11-14 18:45,2025-11-14 19:00,2025-11-14 18:52,2025-11-14 19:00,8.0,partial overlap,Low,Test Lab,Training Room
CONF_2552,P060,Training,Design Review,2025-11-14 18:52,2025-11-14 19:08,2025-11-14 18:45,2025-11-14 19:30,2025-11-14 18:52,2025-11-14 19:08,16.0,full overlap,Low,Test Lab,Training Room
CONF_2553,P060,Deployment,Deployment,2025-11-20 14:59,2025-11-20 15:42,2025-11-20 14:30,2025-11-20 15:15,2025-11-20 14:59,2025-11-20 15:15,16.0,partial overlap,Low,Online Meeting,Conference Room C
CONF_2554,P061,Design Review,Training,2025-11-03 17:00,2025-11-03 18:30,2025-11-03 17:15,2025-11-03 18:45,2025-11-03 17:15,2025-11-03 18:30,75.0,partial overlap,High,Conference Room B,Demo Hall
CONF_2555,P061,Operations Check,Design Review,2025-10-31 17:07,2025-10-31 17:42,2025-10-31 17:00,2025-10-31 18:00,2025-10-31 17:07,2025-10-31 17:42,35.0,full overlap,Medium,R&D Center,Cafe
CONF_2556,P061,Code Review,Brainstorming,2025-10-27 11:55,2025-10-27 12:38,2025-10-27 11:30,2025-10-27 12:30,2025-10-27 11:55,2025-10-27 12:30,35.0,partial overlap,Medium,Office Area 1,Training Room
CONF_2557,P061,Product Demo,Design Review,2025-11-03 17:14,2025-11-03 18:11,2025-11-03 17:00,2025-11-03 18:30,2025-11-03 17:14,2025-11-03 18:11,57.0,full overlap,Medium,Remote,Conference Room B
CONF_2558,P061,Product Demo,Training,2025-11-03 17:14,2025-11-03 18:11,2025-11-03 17:15,2025-11-03 18:45,2025-11-03 17:15,2025-11-03 18:11,56.0,partial overlap,Medium,Remote,Demo Hall
CONF_2559,P061,Meeting,Client Visit,2025-11-08 13:45,2025-11-08 14:30,2025-11-08 14:00,2025-11-08 14:30,2025-11-08 14:00,2025-11-08 14:30,30.0,full overlap,Medium,Cafe,Product Showcase
CONF_2560,P061,Project Discussion,Meeting,2025-11-08 13:45,2025-11-08 14:15,2025-11-08 13:45,2025-11-08 14:30,2025-11-08 13:45,2025-11-08 14:15,30.0,full overlap,Medium,R&D Center,Cafe
CONF_2561,P061,Project Discussion,Client Visit,2025-11-08 13:45,2025-11-08 14:15,2025-11-08 14:00,2025-11-08 14:30,2025-11-08 14:00,2025-11-08 14:15,15.0,partial overlap,Low,R&D Center,Product Showcase
CONF_2562,P061,Meeting,Client Visit,2025-11-08 10:30,2025-11-08 11:30,2025-11-08 11:00,2025-11-08 11:30,2025-11-08 11:00,2025-11-08 11:30,30.0,full overlap,Medium,Online Meeting,Product Showcase
CONF_2563,P061,Product Demo,Meeting,2025-11-08 16:45,2025-11-08 17:30,2025-11-08 16:15,2025-11-08 17:00,2025-11-08 16:45,2025-11-08 17:00,15.0,partial overlap,Low,Conference Room B,Remote
CONF_2564,P061,Product Demo,Brainstorming,2025-11-14 17:30,2025-11-14 18:15,2025-11-14 18:00,2025-11-14 18:30,2025-11-14 18:00,2025-11-14 18:15,15.0,partial overlap,Low,Cafe,R&D Center
CONF_2565,P061,Operations Check,Operations Check,2025-11-15 11:45,2025-11-15 12:30,2025-11-15 11:45,2025-11-15 12:30,2025-11-15 11:45,2025-11-15 12:30,45.0,full overlap,Medium,Conference Room A,Break Room
CONF_2566,P061,Deployment,Testing Acceptance,2025-11-13 09:13,2025-11-13 09:39,2025-11-13 08:45,2025-11-13 09:45,2025-11-13 09:13,2025-11-13 09:39,26.0,full overlap,Low,Conference Room A,Test Lab
CONF_2567,P061,One-on-One,Brainstorming,2025-11-14 18:17,2025-11-14 18:44,2025-11-14 18:00,2025-11-14 18:30,2025-11-14 18:17,2025-11-14 18:30,13.0,partial overlap,Low,R&D Center,R&D Center
CONF_2568,P061,Design Review,Deployment,2025-11-13 09:28,2025-11-13 10:02,2025-11-13 09:13,2025-11-13 09:39,2025-11-13 09:28,2025-11-13 09:39,11.0,partial overlap,Low,Cafe,Conference Room A
CONF_2569,P061,Design Review,Testing Acceptance,2025-11-13 09:28,2025-11-13 10:02,2025-11-13 08:45,2025-11-13 09:45,2025-11-13 09:28,2025-11-13 09:45,17.0,partial overlap,Low,Cafe,Test Lab
CONF_2570,P061,One-on-One,Tech Sharing,2025-11-19 17:30,2025-11-19 18:00,2025-11-19 17:45,2025-11-19 18:00,2025-11-19 17:45,2025-11-19 18:00,15.0,full overlap,Low,Conference Room A,Conference Room A
CONF_2571,P061,Code Review,Product Demo,2025-11-17 13:00,2025-11-17 13:45,2025-11-17 13:30,2025-11-17 14:15,2025-11-17 13:30,2025-11-17 13:45,15.0,partial overlap,Low,Conference Room B,Break Room
CONF_2572,P061,One-on-One,Code Review,2025-11-20 15:30,2025-11-20 16:15,2025-11-20 15:45,2025-11-20 16:15,2025-11-20 15:45,2025-11-20 16:15,30.0,full overlap,Medium,Break Room,Remote
CONF_2573,P061,Design Review,Tech Sharing,2025-11-19 17:30,2025-11-19 18:15,2025-11-19 17:45,2025-11-19 18:00,2025-11-19 17:45,2025-11-19 18:00,15.0,full overlap,Low,Training Room,Conference Room A
CONF_2574,P061,Design Review,One-on-One,2025-11-19 17:30,2025-11-19 18:15,2025-11-19 17:30,2025-11-19 18:00,2025-11-19 17:30,2025-11-19 18:00,30.0,full overlap,Medium,Training Room,Conference Room A
CONF_2575,P061,Meeting,Training,2025-11-16 15:00,2025-11-16 15:45,2025-11-16 14:30,2025-11-16 15:15,2025-11-16 15:00,2025-11-16 15:15,15.0,partial overlap,Low,Office Area 2,Break Room
CONF_2576,P061,Meeting,Product Demo,2025-11-17 18:30,2025-11-17 19:00,2025-11-17 18:30,2025-11-17 19:30,2025-11-17 18:30,2025-11-17 19:00,30.0,full overlap,Medium,Online Meeting,Test Lab
CONF_2577,P061,Requirements Analysis,Brainstorming,2025-11-19 17:00,2025-11-19 17:45,2025-11-19 16:45,2025-11-19 17:15,2025-11-19 17:00,2025-11-19 17:15,15.0,partial overlap,Low,Client Reception,Test Lab
CONF_2578,P061,Requirements Analysis,One-on-One,2025-11-19 17:00,2025-11-19 17:45,2025-11-19 17:30,2025-11-19 18:00,2025-11-19 17:30,2025-11-19 17:45,15.0,partial overlap,Low,Client Reception,Conference Room A
CONF_2579,P061,Requirements Analysis,Design Review,2025-11-19 17:00,2025-11-19 17:45,2025-11-19 17:30,2025-11-19 18:15,2025-11-19 17:30,2025-11-19 17:45,15.0,partial overlap,Low,Client Reception,Training Room
CONF_2580,P061,Training,Product Demo,2025-11-18 16:45,2025-11-18 17:15,2025-11-18 16:30,2025-11-18 17:15,2025-11-18 16:45,2025-11-18 17:15,30.0,full overlap,Medium,Demo Hall,Conference Room A
CONF_2581,P061,Team Building,Brainstorming,2025-11-19 16:54,2025-11-19 17:52,2025-11-19 16:45,2025-11-19 17:15,2025-11-19 16:54,2025-11-19 17:15,21.0,partial overlap,Low,Demo Hall,Test Lab
CONF_2582,P061,Team Building,One-on-One,2025-11-19 16:54,2025-11-19 17:52,2025-11-19 17:30,2025-11-19 18:00,2025-11-19 17:30,2025-11-19 17:52,22.0,partial overlap,Low,Demo Hall,Conference Room A
CONF_2583,P061,Team Building,Requirements Analysis,2025-11-19 16:54,2025-11-19 17:52,2025-11-19 17:00,2025-11-19 17:45,2025-11-19 17:00,2025-11-19 17:45,45.0,full overlap,Medium,Demo Hall,Client Reception
CONF_2584,P061,Team Building,Design Review,2025-11-19 16:54,2025-11-19 17:52,2025-11-19 17:30,2025-11-19 18:15,2025-11-19 17:30,2025-11-19 17:52,22.0,partial overlap,Low,Demo Hall,Training Room
CONF_2585,P061,Team Building,Tech Sharing,2025-11-19 16:54,2025-11-19 17:52,2025-11-19 17:45,2025-11-19 18:00,2025-11-19 17:45,2025-11-19 17:52,7.0,partial overlap,Low,Demo Hall,Conference Room A
CONF_2586,P061,Code Review,Requirements Analysis,2025-11-20 17:52,2025-11-20 18:30,2025-11-20 17:45,2025-11-20 18:15,2025-11-20 17:52,2025-11-20 18:15,23.0,partial overlap,Low,Online Meeting,Office Area 1
CONF_2587,P061,Tech Sharing,Project Discussion,2025-11-20 12:26,2025-11-20 12:46,2025-11-20 12:15,2025-11-20 13:00,2025-11-20 12:26,2025-11-20 12:46,20.0,full overlap,Low,Training Room,R&D Center
CONF_2588,P061,Design Review,One-on-One,2025-11-22 18:39,2025-11-22 19:00,2025-11-22 18:30,2025-11-22 19:00,2025-11-22 18:39,2025-11-22 19:00,21.0,full overlap,Low,R&D Center,Office Area 2
CONF_2589,P061,Training,Meeting,2025-11-24 15:13,2025-11-24 15:30,2025-11-24 14:45,2025-11-24 15:15,2025-11-24 15:13,2025-11-24 15:15,2.0,partial overlap,Low,Conference Room B,Remote
CONF_2590,P061,Code Review,Code Review,2025-11-20 18:22,2025-11-20 19:03,2025-11-20 17:52,2025-11-20 18:30,2025-11-20 18:22,2025-11-20 18:30,8.0,partial overlap,Low,Remote,Online Meeting
CONF_2591,P061,Operations Check,Tech Sharing,2025-11-18 11:11,2025-11-18 12:00,2025-11-18 11:00,2025-11-18 11:30,2025-11-18 11:11,2025-11-18 11:30,19.0,partial overlap,Low,Online Meeting,Online Meeting
CONF_2592,P061,Product Demo,Training,2025-11-17 13:42,2025-11-17 14:32,2025-11-17 14:30,2025-11-17 15:00,2025-11-17 14:30,2025-11-17 14:32,2.0,partial overlap,Low,Conference Room B,Office Area 2
CONF_2593,P061,Product Demo,Product Demo,2025-11-17 13:42,2025-11-17 14:32,2025-11-17 13:30,2025-11-17 14:15,2025-11-17 13:42,2025-11-17 14:15,33.0,partial overlap,Medium,Conference Room B,Break Room
CONF_2594,P061,Product Demo,Code Review,2025-11-17 13:42,2025-11-17 14:32,2025-11-17 13:00,2025-11-17 13:45,2025-11-17 13:42,2025-11-17 13:45,3.0,partial overlap,Low,Conference Room B,Conference Room B
CONF_2595,P062,Project Discussion,Team Building,2025-11-04 09:30,2025-11-04 10:30,2025-11-04 08:30,2025-11-04 10:00,2025-11-04 09:30,2025-11-04 10:00,30.0,partial overlap,Medium,Conference Room B,Conference Room B
CONF_2596,P062,Requirements Analysis,Tech Sharing,2025-11-01 08:15,2025-11-01 09:45,2025-11-01 08:00,2025-11-01 08:30,2025-11-01 08:15,2025-11-01 08:30,15.0,partial overlap,Low,Product Showcase,Remote
CONF_2597,P062,Requirements Analysis,Tech Sharing,2025-10-30 12:35,2025-10-30 13:05,2025-10-30 12:15,2025-10-30 12:45,2025-10-30 12:35,2025-10-30 12:45,10.0,partial overlap,Low,Conference Room A,Conference Room A
CONF_2598,P062,Operations Check,Tech Sharing,2025-11-04 16:00,2025-11-04 16:45,2025-11-04 15:15,2025-11-04 16:15,2025-11-04 16:00,2025-11-04 16:15,15.0,partial overlap,Low,R&D Center,Office Area 1
CONF_2599,P062,Deployment,Project Discussion,2025-11-08 13:45,2025-11-08 14:30,2025-11-08 13:30,2025-11-08 14:00,2025-11-08 13:45,2025-11-08 14:00,15.0,partial overlap,Low,Conference Room C,Product Showcase
CONF_2600,P062,Deployment,Brainstorming,2025-11-08 13:45,2025-11-08 14:30,2025-11-08 14:00,2025-11-08 14:30,2025-11-08 14:00,2025-11-08 14:30,30.0,full overlap,Medium,Conference Room C,Product Showcase
CONF_2601,P062,Testing Acceptance,Deployment,2025-11-11 15:15,2025-11-11 16:15,2025-11-11 16:00,2025-11-11 17:00,2025-11-11 16:00,2025-11-11 16:15,15.0,partial overlap,Low,Product Showcase,Test Lab
CONF_2602,P062,Meeting,Project Discussion,2025-11-10 10:45,2025-11-10 11:30,2025-11-10 10:30,2025-11-10 11:15,2025-11-10 10:45,2025-11-10 11:15,30.0,partial overlap,Medium,Remote,Product Showcase
CONF_2603,P062,Design Review,Product Demo,2025-11-10 08:45,2025-11-10 09:15,2025-11-10 08:30,2025-11-10 09:30,2025-11-10 08:45,2025-11-10 09:15,30.0,full overlap,Medium,Client Reception,Test Lab
CONF_2604,P062,Code Review,Meeting,2025-11-10 11:11,2025-11-10 12:09,2025-11-10 10:45,2025-11-10 11:30,2025-11-10 11:11,2025-11-10 11:30,19.0,partial overlap,Low,Office Area 1,Remote
CONF_2605,P062,Code Review,Project Discussion,2025-11-10 11:11,2025-11-10 12:09,2025-11-10 10:30,2025-11-10 11:15,2025-11-10 11:11,2025-11-10 11:15,4.0,partial overlap,Low,Office Area 1,Product Showcase
CONF_2606,P062,Testing Acceptance,Product Demo,2025-11-17 16:00,2025-11-17 16:45,2025-11-17 15:45,2025-11-17 16:15,2025-11-17 16:00,2025-11-17 16:15,15.0,partial overlap,Low,Remote,Cafe
CONF_2607,P062,Training,Operations Check,2025-11-18 13:00,2025-11-18 13:45,2025-11-18 12:30,2025-11-18 13:15,2025-11-18 13:00,2025-11-18 13:15,15.0,partial overlap,Low,Conference Room A,Conference Room C
CONF_2608,P062,Requirements Analysis,One-on-One,2025-11-21 13:45,2025-11-21 14:30,2025-11-21 13:30,2025-11-21 14:00,2025-11-21 13:45,2025-11-21 14:00,15.0,partial overlap,Low,Office Area 2,Online Meeting
CONF_2609,P062,Brainstorming,Product Demo,2025-11-17 16:00,2025-11-17 16:30,2025-11-17 15:45,2025-11-17 16:15,2025-11-17 16:00,2025-11-17 16:15,15.0,partial overlap,Low,Break Room,Cafe
CONF_2610,P062,Brainstorming,Testing Acceptance,2025-11-17 16:00,2025-11-17 16:30,2025-11-17 16:00,2025-11-17 16:45,2025-11-17 16:00,2025-11-17 16:30,30.0,full overlap,Medium,Break Room,Remote
CONF_2611,P062,One-on-One,Operations Check,2025-11-22 13:15,2025-11-22 13:30,2025-11-22 13:15,2025-11-22 14:00,2025-11-22 13:15,2025-11-22 13:30,15.0,full overlap,Low,Conference Room C,Cafe
CONF_2612,P062,Code Review,Requirements Analysis,2025-11-21 14:00,2025-11-21 14:30,2025-11-21 13:45,2025-11-21 14:30,2025-11-21 14:00,2025-11-21 14:30,30.0,full overlap,Medium,Online Meeting,Office Area 2
CONF_2613,P062,Requirements Analysis,Testing Acceptance,2025-11-19 17:45,2025-11-19 18:30,2025-11-19 17:45,2025-11-19 18:30,2025-11-19 17:45,2025-11-19 18:30,45.0,full overlap,Medium,R&D Center,Cafe
CONF_2614,P062,Deployment,Design Review,2025-11-24 15:15,2025-11-24 16:00,2025-11-24 14:45,2025-11-24 15:30,2025-11-24 15:15,2025-11-24 15:30,15.0,partial overlap,Low,Remote,Demo Hall
CONF_2615,P062,One-on-One,Operations Check,2025-11-18 12:40,2025-11-18 12:58,2025-11-18 12:30,2025-11-18 13:15,2025-11-18 12:40,2025-11-18 12:58,18.0,full overlap,Low,Conference Room B,Conference Room C
CONF_2616,P062,Code Review,Operations Check,2025-11-14 15:10,2025-11-14 16:00,2025-11-14 15:00,2025-11-14 15:45,2025-11-14 15:10,2025-11-14 15:45,35.0,partial overlap,Medium,Break Room,Office Area 2
CONF_2617,P062,Testing Acceptance,Testing Acceptance,2025-11-19 17:53,2025-11-19 18:35,2025-11-19 17:45,2025-11-19 18:30,2025-11-19 17:53,2025-11-19 18:30,37.0,partial overlap,Medium,Conference Room B,Cafe
CONF_2618,P062,Testing Acceptance,Requirements Analysis,2025-11-19 17:53,2025-11-19 18:35,2025-11-19 17:45,2025-11-19 18:30,2025-11-19 17:53,2025-11-19 18:30,37.0,partial overlap,Medium,Conference Room B,R&D Center
CONF_2619,P062,Project Discussion,Testing Acceptance,2025-11-19 18:05,2025-11-19 18:46,2025-11-19 17:45,2025-11-19 18:30,2025-11-19 18:05,2025-11-19 18:30,25.0,partial overlap,Low,Cafe,Cafe
CONF_2620,P062,Project Discussion,Requirements Analysis,2025-11-19 18:05,2025-11-19 18:46,2025-11-19 17:45,2025-11-19 18:30,2025-11-19 18:05,2025-11-19 18:30,25.0,partial overlap,Low,Cafe,R&D Center
CONF_2621,P062,Project Discussion,Testing Acceptance,2025-11-19 18:05,2025-11-19 18:46,2025-11-19 17:53,2025-11-19 18:35,2025-11-19 18:05,2025-11-19 18:35,30.0,partial overlap,Medium,Cafe,Conference Room B
CONF_2622,P062,Code Review,Design Review,2025-11-24 14:50,2025-11-24 15:28,2025-11-24 14:45,2025-11-24 15:30,2025-11-24 14:50,2025-11-24 15:28,38.0,full overlap,Medium,Office Area 2,Demo Hall
CONF_2623,P062,Code Review,Deployment,2025-11-24 14:50,2025-11-24 15:28,2025-11-24 15:15,2025-11-24 16:00,2025-11-24 15:15,2025-11-24 15:28,13.0,partial overlap,Low,Office Area 2,Remote
CONF_2624,P063,Brainstorming,Training,2025-11-04 14:00,2025-11-04 14:30,2025-11-04 13:45,2025-11-04 14:45,2025-11-04 14:00,2025-11-04 14:30,30.0,full overlap,Medium,Demo Hall,Client Reception
CONF_2625,P063,Testing Acceptance,Brainstorming,2025-11-04 14:15,2025-11-04 14:36,2025-11-04 14:00,2025-11-04 14:30,2025-11-04 14:15,2025-11-04 14:30,15.0,partial overlap,Low,Conference Room B,Demo Hall
CONF_2626,P063,Testing Acceptance,Training,2025-11-04 14:15,2025-11-04 14:36,2025-11-04 13:45,2025-11-04 14:45,2025-11-04 14:15,2025-11-04 14:36,21.0,full overlap,Low,Conference Room B,Client Reception
CONF_2627,P063,Requirements Analysis,Training,2025-11-11 11:45,2025-11-11 12:45,2025-11-11 11:45,2025-11-11 12:30,2025-11-11 11:45,2025-11-11 12:30,45.0,full overlap,Medium,Remote,Conference Room C
CONF_2628,P063,Code Review,Training,2025-11-13 12:30,2025-11-13 13:00,2025-11-13 12:15,2025-11-13 13:00,2025-11-13 12:30,2025-11-13 13:00,30.0,full overlap,Medium,Conference Room C,Conference Room A
CONF_2629,P063,Testing Acceptance,Team Building,2025-11-07 12:54,2025-11-07 13:37,2025-11-07 12:45,2025-11-07 13:30,2025-11-07 12:54,2025-11-07 13:30,36.0,partial overlap,Medium,Conference Room B,R&D Center
CONF_2630,P063,Team Building,Testing Acceptance,2025-11-07 13:11,2025-11-07 13:27,2025-11-07 12:54,2025-11-07 13:37,2025-11-07 13:11,2025-11-07 13:27,16.0,full overlap,Low,Client Reception,Conference Room B
CONF_2631,P063,Team Building,Team Building,2025-11-07 13:11,2025-11-07 13:27,2025-11-07 12:45,2025-11-07 13:30,2025-11-07 13:11,2025-11-07 13:27,16.0,full overlap,Low,Client Reception,R&D Center
CONF_2632,P063,Tech Sharing,Design Review,2025-11-10 17:03,2025-11-10 17:21,2025-11-10 16:45,2025-11-10 17:15,2025-11-10 17:03,2025-11-10 17:15,12.0,partial overlap,Low,Product Showcase,Online Meeting
CONF_2633,P063,Client Visit,Client Visit,2025-11-11 15:04,2025-11-11 15:54,2025-11-11 14:45,2025-11-11 15:45,2025-11-11 15:04,2025-11-11 15:45,41.0,partial overlap,Medium,Break Room,Client Reception
CONF_2634,P063,Design Review,Training,2025-11-13 12:00,2025-11-13 12:45,2025-11-13 12:15,2025-11-13 13:00,2025-11-13 12:15,2025-11-13 12:45,30.0,partial overlap,Medium,Test Lab,Conference Room A
CONF_2635,P063,Design Review,Code Review,2025-11-13 12:00,2025-11-13 12:45,2025-11-13 12:30,2025-11-13 13:00,2025-11-13 12:30,2025-11-13 12:45,15.0,partial overlap,Low,Test Lab,Conference Room C
CONF_2636,P063,Deployment,Team Building,2025-11-13 10:45,2025-11-13 11:00,2025-11-13 10:30,2025-11-13 11:15,2025-11-13 10:45,2025-11-13 11:00,15.0,full overlap,Low,Product Showcase,Office Area 2
CONF_2637,P063,Project Discussion,Tech Sharing,2025-11-14 11:45,2025-11-14 12:00,2025-11-14 11:45,2025-11-14 12:30,2025-11-14 11:45,2025-11-14 12:00,15.0,full overlap,Low,Conference Room C,Remote
CONF_2638,P063,Tech Sharing,Requirements Analysis,2025-11-21 10:15,2025-11-21 10:45,2025-11-21 10:15,2025-11-21 11:00,2025-11-21 10:15,2025-11-21 10:45,30.0,full overlap,Medium,R&D Center,Remote
CONF_2639,P063,One-on-One,Client Visit,2025-11-18 10:00,2025-11-18 10:15,2025-11-18 10:00,2025-11-18 10:15,2025-11-18 10:00,2025-11-18 10:15,15.0,full overlap,Low,Product Showcase,Remote
CONF_2640,P063,Training,Project Discussion,2025-11-20 10:30,2025-11-20 10:45,2025-11-20 10:15,2025-11-20 10:45,2025-11-20 10:30,2025-11-20 10:45,15.0,full overlap,Low,Product Showcase,Test Lab
CONF_2641,P063,Tech Sharing,Requirements Analysis,2025-11-12 14:24,2025-11-12 15:05,2025-11-12 14:15,2025-11-12 14:30,2025-11-12 14:24,2025-11-12 14:30,6.0,partial overlap,Low,Client Reception,R&D Center
CONF_2642,P063,Meeting,Project Discussion,2025-11-24 12:14,2025-11-24 12:30,2025-11-24 12:00,2025-11-24 12:15,2025-11-24 12:14,2025-11-24 12:15,1.0,partial overlap,Low,Conference Room B,Remote
CONF_2643,P063,Client Visit,Requirements Analysis,2025-11-21 10:26,2025-11-21 10:52,2025-11-21 10:15,2025-11-21 11:00,2025-11-21 10:26,2025-11-21 10:52,26.0,full overlap,Low,Training Room,Remote
CONF_2644,P063,Client Visit,Tech Sharing,2025-11-21 10:26,2025-11-21 10:52,2025-11-21 10:15,2025-11-21 10:45,2025-11-21 10:26,2025-11-21 10:45,19.0,partial overlap,Low,Training Room,R&D Center
CONF_2645,P063,Meeting,Requirements Analysis,2025-11-12 14:29,2025-11-12 14:45,2025-11-12 14:15,2025-11-12 14:30,2025-11-12 14:29,2025-11-12 14:30,1.0,partial overlap,Low,Client Reception,R&D Center
CONF_2646,P063,Meeting,Tech Sharing,2025-11-12 14:29,2025-11-12 14:45,2025-11-12 14:24,2025-11-12 15:05,2025-11-12 14:29,2025-11-12 14:45,16.0,full overlap,Low,Client Reception,Client Reception
CONF_2647,P063,Meeting,Product Demo,2025-11-24 18:22,2025-11-24 19:04,2025-11-24 18:00,2025-11-24 18:30,2025-11-24 18:22,2025-11-24 18:30,8.0,partial overlap,Low,Office Area 1,Conference Room A
CONF_2648,P063,Testing Acceptance,Product Demo,2025-11-19 18:28,2025-11-19 19:03,2025-11-19 18:15,2025-11-19 19:00,2025-11-19 18:28,2025-11-19 19:00,32.0,partial overlap,Medium,R&D Center,Test Lab
CONF_2649,P063,Team Building,Code Review,2025-11-24 09:52,2025-11-24 10:09,2025-11-24 09:45,2025-11-24 10:30,2025-11-24 09:52,2025-11-24 10:09,17.0,full overlap,Low,Cafe,Remote
CONF_2650,P064,Brainstorming,Tech Sharing,2025-10-31 15:30,2025-10-31 16:30,2025-10-31 15:00,2025-10-31 16:00,2025-10-31 15:30,2025-10-31 16:00,30.0,partial overlap,Medium,Cafe,Office Area 1
CONF_2651,P064,Meeting,Meeting,2025-11-02 11:30,2025-11-02 12:30,2025-11-02 11:30,2025-11-02 12:00,2025-11-02 11:30,2025-11-02 12:00,30.0,full overlap,Medium,Break Room,Cafe
CONF_2652,P064,Tech Sharing,Product Demo,2025-11-03 17:22,2025-11-03 18:05,2025-11-03 17:00,2025-11-03 17:45,2025-11-03 17:22,2025-11-03 17:45,23.0,partial overlap,Low,Remote,Training Room
CONF_2653,P064,Tech Sharing,Requirements Analysis,2025-11-03 17:22,2025-11-03 18:05,2025-11-03 18:00,2025-11-03 19:00,2025-11-03 18:00,2025-11-03 18:05,5.0,partial overlap,Low,Remote,Conference Room B
CONF_2654,P064,Code Review,Deployment,2025-11-01 13:48,2025-11-01 14:14,2025-11-01 13:30,2025-11-01 15:00,2025-11-01 13:48,2025-11-01 14:14,26.0,full overlap,Low,Conference Room A,Product Showcase
CONF_2655,P064,Design Review,Requirements Analysis,2025-11-03 17:49,2025-11-03 18:13,2025-11-03 18:00,2025-11-03 19:00,2025-11-03 18:00,2025-11-03 18:13,13.0,partial overlap,Low,Office Area 2,Conference Room B
CONF_2656,P064,Design Review,Tech Sharing,2025-11-03 17:49,2025-11-03 18:13,2025-11-03 17:22,2025-11-03 18:05,2025-11-03 17:49,2025-11-03 18:05,16.0,partial overlap,Low,Office Area 2,Remote
CONF_2657,P064,Requirements Analysis,Product Demo,2025-11-08 13:30,2025-11-08 14:30,2025-11-08 13:45,2025-11-08 14:15,2025-11-08 13:45,2025-11-08 14:15,30.0,full overlap,Medium,R&D Center,Product Showcase
CONF_2658,P064,One-on-One,Team Building,2025-11-08 11:00,2025-11-08 11:45,2025-11-08 10:30,2025-11-08 11:30,2025-11-08 11:00,2025-11-08 11:30,30.0,partial overlap,Medium,Training Room,Break Room
CONF_2659,P064,One-on-One,Brainstorming,2025-11-10 13:00,2025-11-10 14:00,2025-11-10 12:30,2025-11-10 13:30,2025-11-10 13:00,2025-11-10 13:30,30.0,partial overlap,Medium,Remote,Conference Room B
CONF_2660,P064,Deployment,Code Review,2025-11-12 10:15,2025-11-12 11:15,2025-11-12 11:00,2025-11-12 11:45,2025-11-12 11:00,2025-11-12 11:15,15.0,partial overlap,Low,Demo Hall,R&D Center
CONF_2661,P064,Code Review,Testing Acceptance,2025-11-04 15:57,2025-11-04 16:50,2025-11-04 15:45,2025-11-04 16:15,2025-11-04 15:57,2025-11-04 16:15,18.0,partial overlap,Low,Conference Room A,Client Reception
CONF_2662,P064,Product Demo,Code Review,2025-11-11 18:53,2025-11-11 19:20,2025-11-11 18:45,2025-11-11 19:45,2025-11-11 18:53,2025-11-11 19:20,27.0,full overlap,Low,R&D Center,Conference Room A
CONF_2663,P064,One-on-One,Product Demo,2025-11-06 16:58,2025-11-06 17:54,2025-11-06 16:30,2025-11-06 17:15,2025-11-06 16:58,2025-11-06 17:15,17.0,partial overlap,Low,Office Area 2,Conference Room C
CONF_2664,P064,One-on-One,Brainstorming,2025-11-06 16:58,2025-11-06 17:54,2025-11-06 17:30,2025-11-06 18:00,2025-11-06 17:30,2025-11-06 17:54,24.0,partial overlap,Low,Office Area 2,Conference Room A
CONF_2665,P064,Testing Acceptance,Training,2025-11-04 12:12,2025-11-04 13:04,2025-11-04 12:00,2025-11-04 12:30,2025-11-04 12:12,2025-11-04 12:30,18.0,partial overlap,Low,Training Room,Test Lab
CONF_2666,P064,Deployment,Project Discussion,2025-11-09 17:02,2025-11-09 17:17,2025-11-09 16:45,2025-11-09 17:30,2025-11-09 17:02,2025-11-09 17:17,15.0,full overlap,Low,Online Meeting,Cafe
CONF_2667,P064,Client Visit,Product Demo,2025-11-08 14:12,2025-11-08 14:35,2025-11-08 13:45,2025-11-08 14:15,2025-11-08 14:12,2025-11-08 14:15,3.0,partial overlap,Low,Client Reception,Product Showcase
CONF_2668,P064,Client Visit,Requirements Analysis,2025-11-08 14:12,2025-11-08 14:35,2025-11-08 13:30,2025-11-08 14:30,2025-11-08 14:12,2025-11-08 14:30,18.0,partial overlap,Low,Client Reception,R&D Center
CONF_2669,P064,Product Demo,Code Review,2025-11-16 12:30,2025-11-16 13:15,2025-11-16 12:15,2025-11-16 13:00,2025-11-16 12:30,2025-11-16 13:00,30.0,partial overlap,Medium,Conference Room B,Office Area 2
CONF_2670,P064,Requirements Analysis,Training,2025-11-17 17:30,2025-11-17 18:15,2025-11-17 17:45,2025-11-17 18:00,2025-11-17 17:45,2025-11-17 18:00,15.0,full overlap,Low,Break Room,Break Room
CONF_2671,P064,Team Building,Testing Acceptance,2025-11-21 09:15,2025-11-21 09:45,2025-11-21 09:00,2025-11-21 09:45,2025-11-21 09:15,2025-11-21 09:45,30.0,full overlap,Medium,Training Room,Test Lab
CONF_2672,P064,One-on-One,Requirements Analysis,2025-11-17 17:30,2025-11-17 17:45,2025-11-17 17:30,2025-11-17 18:15,2025-11-17 17:30,2025-11-17 17:45,15.0,full overlap,Low,Training Room,Break Room
CONF_2673,P064,Project Discussion,Meeting,2025-11-19 09:15,2025-11-19 09:30,2025-11-19 09:00,2025-11-19 09:30,2025-11-19 09:15,2025-11-19 09:30,15.0,full overlap,Low,Online Meeting,Remote
CONF_2674,P064,Training,Testing Acceptance,2025-11-19 13:41,2025-11-19 14:22,2025-11-19 13:15,2025-11-19 13:45,2025-11-19 13:41,2025-11-19 13:45,4.0,partial overlap,Low,R&D Center,Training Room
CONF_2675,P064,Deployment,Requirements Analysis,2025-11-13 18:54,2025-11-13 19:30,2025-11-13 18:45,2025-11-13 19:15,2025-11-13 18:54,2025-11-13 19:15,21.0,partial overlap,Low,Conference Room C,Cafe
CONF_2676,P064,Design Review,Training,2025-11-22 16:56,2025-11-22 17:17,2025-11-22 16:30,2025-11-22 17:00,2025-11-22 16:56,2025-11-22 17:00,4.0,partial overlap,Low,Online Meeting,Remote
CONF_2677,P064,Code Review,Training,2025-11-22 16:38,2025-11-22 17:00,2025-11-22 16:30,2025-11-22 17:00,2025-11-22 16:38,2025-11-22 17:00,22.0,full overlap,Low,Demo Hall,Remote
CONF_2678,P064,Code Review,Design Review,2025-11-22 16:38,2025-11-22 17:00,2025-11-22 16:56,2025-11-22 17:17,2025-11-22 16:56,2025-11-22 17:00,4.0,partial overlap,Low,Demo Hall,Online Meeting
CONF_2679,P064,Testing Acceptance,Operations Check,2025-11-17 15:52,2025-11-17 16:08,2025-11-17 15:45,2025-11-17 16:00,2025-11-17 15:52,2025-11-17 16:00,8.0,partial overlap,Low,Demo Hall,Remote
CONF_2680,P064,Product Demo,Design Review,2025-11-19 18:22,2025-11-19 19:20,2025-11-19 18:15,2025-11-19 19:00,2025-11-19 18:22,2025-11-19 19:00,38.0,partial overlap,Medium,Conference Room B,Test Lab
CONF_2681,P064,Deployment,Project Discussion,2025-11-16 08:21,2025-11-16 09:14,2025-11-16 08:15,2025-11-16 08:30,2025-11-16 08:21,2025-11-16 08:30,9.0,partial overlap,Low,Conference Room C,R&D Center
CONF_2682,P064,Brainstorming,Requirements Analysis,2025-11-24 17:35,2025-11-24 18:31,2025-11-24 17:15,2025-11-24 18:00,2025-11-24 17:35,2025-11-24 18:00,25.0,partial overlap,Low,Demo Hall,Product Showcase
CONF_2683,P065,Code Review,Brainstorming,2025-11-05 11:11,2025-11-05 11:29,2025-11-05 11:00,2025-11-05 11:45,2025-11-05 11:11,2025-11-05 11:29,18.0,full overlap,Low,Training Room,Online Meeting
CONF_2684,P065,Project Discussion,Project Discussion,2025-11-04 10:56,2025-11-04 11:37,2025-11-04 10:30,2025-11-04 11:15,2025-11-04 10:56,2025-11-04 11:15,19.0,partial overlap,Low,Training Room,Conference Room A
CONF_2685,P065,Training,Product Demo,2025-11-04 17:45,2025-11-04 18:10,2025-11-04 17:15,2025-11-04 18:15,2025-11-04 17:45,2025-11-04 18:10,25.0,full overlap,Low,Break Room,Conference Room C
CONF_2686,P065,Client Visit,Code Review,2025-11-08 11:15,2025-11-08 12:15,2025-11-08 11:00,2025-11-08 11:30,2025-11-08 11:15,2025-11-08 11:30,15.0,partial overlap,Low,Office Area 1,Office Area 2
CONF_2687,P065,Project Discussion,Meeting,2025-11-12 15:30,2025-11-12 16:15,2025-11-12 15:00,2025-11-12 15:45,2025-11-12 15:30,2025-11-12 15:45,15.0,partial overlap,Low,Office Area 1,Cafe
CONF_2688,P065,Training,One-on-One,2025-11-09 14:45,2025-11-09 15:30,2025-11-09 14:30,2025-11-09 15:00,2025-11-09 14:45,2025-11-09 15:00,15.0,partial overlap,Low,Cafe,Conference Room A
CONF_2689,P065,Project Discussion,Brainstorming,2025-11-17 08:24,2025-11-17 08:54,2025-11-17 08:30,2025-11-17 09:15,2025-11-17 08:30,2025-11-17 08:54,24.0,partial overlap,Low,Demo Hall,Training Room
CONF_2690,P065,Project Discussion,Project Discussion,2025-11-17 08:24,2025-11-17 08:54,2025-11-17 08:00,2025-11-17 08:30,2025-11-17 08:24,2025-11-17 08:30,6.0,partial overlap,Low,Demo Hall,Client Reception
CONF_2691,P065,Deployment,Code Review,2025-11-10 15:29,2025-11-10 16:25,2025-11-10 15:00,2025-11-10 15:45,2025-11-10 15:29,2025-11-10 15:45,16.0,partial overlap,Low,Break Room,Conference Room A
CONF_2692,P065,Product Demo,Meeting,2025-11-12 15:07,2025-11-12 15:24,2025-11-12 15:00,2025-11-12 15:45,2025-11-12 15:07,2025-11-12 15:24,17.0,full overlap,Low,Conference Room A,Cafe
CONF_2693,P065,Deployment,Requirements Analysis,2025-11-13 11:15,2025-11-13 11:30,2025-11-13 11:15,2025-11-13 11:45,2025-11-13 11:15,2025-11-13 11:30,15.0,full overlap,Low,R&D Center,Product Showcase
CONF_2694,P065,Code Review,Training,2025-11-18 15:45,2025-11-18 16:00,2025-11-18 15:45,2025-11-18 16:00,2025-11-18 15:45,2025-11-18 16:00,15.0,full overlap,Low,Conference Room C,Cafe
CONF_2695,P065,One-on-One,Code Review,2025-11-19 11:15,2025-11-19 11:30,2025-11-19 11:15,2025-11-19 11:45,2025-11-19 11:15,2025-11-19 11:30,15.0,full overlap,Low,Conference Room B,Remote
CONF_2696,P065,Requirements Analysis,Requirements Analysis,2025-11-17 14:15,2025-11-17 15:00,2025-11-17 14:30,2025-11-17 15:00,2025-11-17 14:30,2025-11-17 15:00,30.0,full overlap,Medium,Office Area 1,Break Room
CONF_2697,P065,Project Discussion,Meeting,2025-11-15 11:45,2025-11-15 12:00,2025-11-15 11:45,2025-11-15 12:15,2025-11-15 11:45,2025-11-15 12:00,15.0,full overlap,Low,Demo Hall,Office Area 1
CONF_2698,P065,Product Demo,One-on-One,2025-11-17 10:30,2025-11-17 10:45,2025-11-17 10:30,2025-11-17 10:45,2025-11-17 10:30,2025-11-17 10:45,15.0,full overlap,Low,Break Room,Office Area 1
CONF_2699,P065,Tech Sharing,Training,2025-11-18 14:15,2025-11-18 15:00,2025-11-18 14:30,2025-11-18 14:45,2025-11-18 14:30,2025-11-18 14:45,15.0,full overlap,Low,Break Room,Conference Room A
CONF_2700,P065,Tech Sharing,Product Demo,2025-11-17 18:30,2025-11-17 18:45,2025-11-17 18:00,2025-11-17 18:45,2025-11-17 18:30,2025-11-17 18:45,15.0,full overlap,Low,Client Reception,Office Area 1
CONF_2701,P065,Testing Acceptance,Deployment,2025-11-20 18:15,2025-11-20 18:45,2025-11-20 18:00,2025-11-20 18:30,2025-11-20 18:15,2025-11-20 18:30,15.0,partial overlap,Low,Office Area 1,Remote
CONF_2702,P065,Project Discussion,Client Visit,2025-11-23 14:00,2025-11-23 14:15,2025-11-23 14:00,2025-11-23 14:45,2025-11-23 14:00,2025-11-23 14:15,15.0,full overlap,Low,R&D Center,Training Room
CONF_2703,P065,Project Discussion,Testing Acceptance,2025-11-20 18:35,2025-11-20 19:29,2025-11-20 18:15,2025-11-20 18:45,2025-11-20 18:35,2025-11-20 18:45,10.0,partial overlap,Low,Training Room,Office Area 1
CONF_2704,P065,Deployment,Meeting,2025-11-21 09:12,2025-11-21 09:27,2025-11-21 09:00,2025-11-21 09:15,2025-11-21 09:12,2025-11-21 09:15,3.0,partial overlap,Low,Demo Hall,Break Room
CONF_2705,P065,Meeting,Brainstorming,2025-11-20 12:42,2025-11-20 13:34,2025-11-20 12:15,2025-11-20 13:00,2025-11-20 12:42,2025-11-20 13:00,18.0,partial overlap,Low,Conference Room C,Client Reception
CONF_2706,P065,Meeting,Meeting,2025-11-20 12:42,2025-11-20 13:34,2025-11-20 13:00,2025-11-20 13:30,2025-11-20 13:00,2025-11-20 13:30,30.0,full overlap,Medium,Conference Room C,R&D Center
CONF_2707,P065,One-on-One,Requirements Analysis,2025-11-19 12:00,2025-11-19 12:48,2025-11-19 12:45,2025-11-19 13:15,2025-11-19 12:45,2025-11-19 12:48,3.0,partial overlap,Low,Remote,Cafe
CONF_2708,P065,Design Review,Training,2025-11-18 14:37,2025-11-18 15:29,2025-11-18 14:30,2025-11-18 14:45,2025-11-18 14:37,2025-11-18 14:45,8.0,partial overlap,Low,Demo Hall,Conference Room A
CONF_2709,P065,Design Review,Tech Sharing,2025-11-18 14:37,2025-11-18 15:29,2025-11-18 14:15,2025-11-18 15:00,2025-11-18 14:37,2025-11-18 15:00,23.0,partial overlap,Low,Demo Hall,Break Room
CONF_2710,P066,Operations Check,Client Visit,2025-10-31 08:00,2025-10-31 09:30,2025-10-31 08:00,2025-10-31 08:45,2025-10-31 08:00,2025-10-31 08:45,45.0,full overlap,Medium,Training Room,Conference Room B
CONF_2711,P066,Client Visit,Design Review,2025-11-04 18:12,2025-11-04 18:32,2025-11-04 17:45,2025-11-04 19:15,2025-11-04 18:12,2025-11-04 18:32,20.0,full overlap,Low,Cafe,Test Lab
CONF_2712,P066,Training,Client Visit,2025-11-04 18:30,2025-11-04 18:53,2025-11-04 18:12,2025-11-04 18:32,2025-11-04 18:30,2025-11-04 18:32,2.0,partial overlap,Low,Client Reception,Cafe
CONF_2713,P066,Training,Design Review,2025-11-04 18:30,2025-11-04 18:53,2025-11-04 17:45,2025-11-04 19:15,2025-11-04 18:30,2025-11-04 18:53,23.0,full overlap,Low,Client Reception,Test Lab
CONF_2714,P066,Operations Check,One-on-One,2025-11-11 14:45,2025-11-11 15:45,2025-11-11 14:45,2025-11-11 15:15,2025-11-11 14:45,2025-11-11 15:15,30.0,full overlap,Medium,Client Reception,Client Reception
CONF_2715,P066,Code Review,Team Building,2025-11-12 14:45,2025-11-12 15:30,2025-11-12 15:15,2025-11-12 15:45,2025-11-12 15:15,2025-11-12 15:30,15.0,partial overlap,Low,Conference Room A,Training Room
CONF_2716,P066,One-on-One,Client Visit,2025-11-11 09:30,2025-11-11 10:15,2025-11-11 08:45,2025-11-11 09:45,2025-11-11 09:30,2025-11-11 09:45,15.0,partial overlap,Low,Training Room,Client Reception
CONF_2717,P066,Tech Sharing,Team Building,2025-11-12 14:30,2025-11-12 15:30,2025-11-12 15:15,2025-11-12 15:45,2025-11-12 15:15,2025-11-12 15:30,15.0,partial overlap,Low,Client Reception,Training Room
CONF_2718,P066,Tech Sharing,Code Review,2025-11-12 14:30,2025-11-12 15:30,2025-11-12 14:45,2025-11-12 15:30,2025-11-12 14:45,2025-11-12 15:30,45.0,full overlap,Medium,Client Reception,Conference Room A
CONF_2719,P066,Team Building,Deployment,2025-11-13 09:15,2025-11-13 10:15,2025-11-13 09:00,2025-11-13 09:45,2025-11-13 09:15,2025-11-13 09:45,30.0,partial overlap,Medium,Break Room,Demo Hall
CONF_2720,P066,Product Demo,Testing Acceptance,2025-11-06 13:58,2025-11-06 14:46,2025-11-06 14:45,2025-11-06 15:30,2025-11-06 14:45,2025-11-06 14:46,1.0,partial overlap,Low,Break Room,Client Reception
CONF_2721,P066,Product Demo,Testing Acceptance,2025-11-06 13:58,2025-11-06 14:46,2025-11-06 13:45,2025-11-06 14:30,2025-11-06 13:58,2025-11-06 14:30,32.0,partial overlap,Medium,Break Room,Cafe
CONF_2722,P066,Deployment,Operations Check,2025-11-10 17:12,2025-11-10 18:07,2025-11-10 17:00,2025-11-10 18:00,2025-11-10 17:12,2025-11-10 18:00,48.0,partial overlap,Medium,Conference Room A,Break Room
CONF_2723,P066,Team Building,Operations Check,2025-11-12 12:46,2025-11-12 13:34,2025-11-12 12:30,2025-11-12 13:00,2025-11-12 12:46,2025-11-12 13:00,14.0,partial overlap,Low,Conference Room A,Remote
CONF_2724,P066,Requirements Analysis,Tech Sharing,2025-11-12 14:42,2025-11-12 15:13,2025-11-12 14:30,2025-11-12 15:30,2025-11-12 14:42,2025-11-12 15:13,31.0,full overlap,Medium,Online Meeting,Client Reception
CONF_2725,P066,Requirements Analysis,Code Review,2025-11-12 14:42,2025-11-12 15:13,2025-11-12 14:45,2025-11-12 15:30,2025-11-12 14:45,2025-11-12 15:13,28.0,partial overlap,Low,Online Meeting,Conference Room A
CONF_2726,P066,Meeting,Deployment,2025-11-16 18:30,2025-11-16 18:45,2025-11-16 18:00,2025-11-16 18:45,2025-11-16 18:30,2025-11-16 18:45,15.0,full overlap,Low,Break Room,Remote
CONF_2727,P066,Testing Acceptance,Team Building,2025-11-13 10:00,2025-11-13 10:15,2025-11-13 09:15,2025-11-13 10:15,2025-11-13 10:00,2025-11-13 10:15,15.0,full overlap,Low,Online Meeting,Break Room
CONF_2728,P066,Design Review,Testing Acceptance,2025-11-14 18:15,2025-11-14 18:30,2025-11-14 18:15,2025-11-14 18:45,2025-11-14 18:15,2025-11-14 18:30,15.0,full overlap,Low,Remote,Conference Room C
CONF_2729,P066,Brainstorming,Code Review,2025-11-20 09:06,2025-11-20 09:53,2025-11-20 09:00,2025-11-20 09:30,2025-11-20 09:06,2025-11-20 09:30,24.0,partial overlap,Low,Office Area 1,R&D Center
CONF_2730,P066,Project Discussion,Brainstorming,2025-11-23 11:23,2025-11-23 11:56,2025-11-23 11:15,2025-11-23 11:30,2025-11-23 11:23,2025-11-23 11:30,7.0,partial overlap,Low,Conference Room A,Office Area 1
CONF_2731,P066,Design Review,Deployment,2025-11-16 18:36,2025-11-16 19:15,2025-11-16 18:00,2025-11-16 18:45,2025-11-16 18:36,2025-11-16 18:45,9.0,partial overlap,Low,Product Showcase,Remote
CONF_2732,P066,Design Review,Meeting,2025-11-16 18:36,2025-11-16 19:15,2025-11-16 18:30,2025-11-16 18:45,2025-11-16 18:36,2025-11-16 18:45,9.0,partial overlap,Low,Product Showcase,Break Room
CONF_2733,P066,Training,Team Building,2025-11-19 17:39,2025-11-19 18:12,2025-11-19 17:30,2025-11-19 17:45,2025-11-19 17:39,2025-11-19 17:45,6.0,partial overlap,Low,R&D Center,Remote
CONF_2734,P067,Design Review,Training,2025-11-01 11:45,2025-11-01 12:30,2025-11-01 11:30,2025-11-01 13:00,2025-11-01 11:45,2025-11-01 12:30,45.0,full overlap,Medium,R&D Center,Cafe
CONF_2735,P067,Client Visit,Deployment,2025-10-28 16:51,2025-10-28 17:16,2025-10-28 16:30,2025-10-28 18:00,2025-10-28 16:51,2025-10-28 17:16,25.0,full overlap,Low,Office Area 2,Training Room
CONF_2736,P067,Testing Acceptance,Project Discussion,2025-11-06 16:45,2025-11-06 17:45,2025-11-06 17:00,2025-11-06 18:30,2025-11-06 17:00,2025-11-06 17:45,45.0,partial overlap,Medium,Break Room,Office Area 2
CONF_2737,P067,Testing Acceptance,Client Visit,2025-11-08 18:00,2025-11-08 19:00,2025-11-08 18:45,2025-11-08 19:45,2025-11-08 18:45,2025-11-08 19:00,15.0,partial overlap,Low,Conference Room C,Online Meeting
CONF_2738,P067,Testing Acceptance,Brainstorming,2025-11-12 10:00,2025-11-12 11:00,2025-11-12 09:30,2025-11-12 10:15,2025-11-12 10:00,2025-11-12 10:15,15.0,partial overlap,Low,Break Room,Conference Room C
CONF_2739,P067,Project Discussion,Testing Acceptance,2025-11-11 14:00,2025-11-11 14:30,2025-11-11 13:45,2025-11-11 14:45,2025-11-11 14:00,2025-11-11 14:30,30.0,full overlap,Medium,Training Room,Office Area 2
CONF_2740,P067,Tech Sharing,Product Demo,2025-11-12 15:51,2025-11-12 16:38,2025-11-12 15:45,2025-11-12 16:15,2025-11-12 15:51,2025-11-12 16:15,24.0,partial overlap,Low,Training Room,Break Room
CONF_2741,P067,Deployment,Operations Check,2025-11-09 08:59,2025-11-09 09:33,2025-11-09 08:30,2025-11-09 09:00,2025-11-09 08:59,2025-11-09 09:00,1.0,partial overlap,Low,Client Reception,Office Area 1
CONF_2742,P067,Testing Acceptance,Operations Check,2025-11-09 08:48,2025-11-09 09:30,2025-11-09 08:30,2025-11-09 09:00,2025-11-09 08:48,2025-11-09 09:00,12.0,partial overlap,Low,Product Showcase,Office Area 1
CONF_2743,P067,Testing Acceptance,Deployment,2025-11-09 08:48,2025-11-09 09:30,2025-11-09 08:59,2025-11-09 09:33,2025-11-09 08:59,2025-11-09 09:30,31.0,partial overlap,Medium,Product Showcase,Client Reception
CONF_2744,P067,Tech Sharing,Code Review,2025-11-16 14:15,2025-11-16 15:00,2025-11-16 14:30,2025-11-16 15:30,2025-11-16 14:30,2025-11-16 15:00,30.0,partial overlap,Medium,Client Reception,Conference Room C
CONF_2745,P067,Training,Tech Sharing,2025-11-16 14:15,2025-11-16 14:30,2025-11-16 14:15,2025-11-16 15:00,2025-11-16 14:15,2025-11-16 14:30,15.0,full overlap,Low,R&D Center,Client Reception
CONF_2746,P067,Product Demo,Training,2025-11-14 09:00,2025-11-14 09:45,2025-11-14 09:00,2025-11-14 10:00,2025-11-14 09:00,2025-11-14 09:45,45.0,full overlap,Medium,Office Area 2,R&D Center
CONF_2747,P067,Operations Check,One-on-One,2025-11-15 18:15,2025-11-15 19:00,2025-11-15 17:45,2025-11-15 18:45,2025-11-15 18:15,2025-11-15 18:45,30.0,partial overlap,Medium,R&D Center,Online Meeting
CONF_2748,P067,One-on-One,Meeting,2025-11-18 18:30,2025-11-18 19:00,2025-11-18 18:00,2025-11-18 18:45,2025-11-18 18:30,2025-11-18 18:45,15.0,partial overlap,Low,Client Reception,Conference Room C
CONF_2749,P067,Product Demo,Training,2025-11-17 08:43,2025-11-17 09:38,2025-11-17 08:15,2025-11-17 09:00,2025-11-17 08:43,2025-11-17 09:00,17.0,partial overlap,Low,Remote,Product Showcase
CONF_2750,P068,Tech Sharing,Requirements Analysis,2025-11-05 08:00,2025-11-05 09:00,2025-11-05 08:45,2025-11-05 09:45,2025-11-05 08:45,2025-11-05 09:00,15.0,partial overlap,Low,Cafe,Online Meeting
CONF_2751,P068,Requirements Analysis,Project Discussion,2025-11-11 16:30,2025-11-11 17:00,2025-11-11 16:15,2025-11-11 16:45,2025-11-11 16:30,2025-11-11 16:45,15.0,partial overlap,Low,Conference Room A,Office Area 2
CONF_2752,P068,Meeting,Testing Acceptance,2025-11-08 13:45,2025-11-08 14:30,2025-11-08 14:15,2025-11-08 15:00,2025-11-08 14:15,2025-11-08 14:30,15.0,partial overlap,Low,Product Showcase,Break Room
CONF_2753,P068,Tech Sharing,Testing Acceptance,2025-11-16 11:30,2025-11-16 12:30,2025-11-16 11:30,2025-11-16 12:30,2025-11-16 11:30,2025-11-16 12:30,60.0,full overlap,High,Conference Room B,Break Room
CONF_2754,P068,Design Review,Tech Sharing,2025-11-16 17:30,2025-11-16 18:15,2025-11-16 17:15,2025-11-16 18:00,2025-11-16 17:30,2025-11-16 18:00,30.0,partial overlap,Medium,Training Room,Office Area 1
CONF_2755,P068,Meeting,Requirements Analysis,2025-11-11 10:45,2025-11-11 11:45,2025-11-11 11:30,2025-11-11 12:00,2025-11-11 11:30,2025-11-11 11:45,15.0,partial overlap,Low,Client Reception,Client Reception
CONF_2756,P068,One-on-One,Testing Acceptance,2025-11-10 16:32,2025-11-10 16:49,2025-11-10 16:15,2025-11-10 16:45,2025-11-10 16:32,2025-11-10 16:45,13.0,partial overlap,Low,Training Room,Remote
CONF_2757,P068,Testing Acceptance,Meeting,2025-11-11 11:14,2025-11-11 11:35,2025-11-11 10:45,2025-11-11 11:45,2025-11-11 11:14,2025-11-11 11:35,21.0,full overlap,Low,Conference Room B,Client Reception
CONF_2758,P068,Testing Acceptance,Requirements Analysis,2025-11-11 11:14,2025-11-11 11:35,2025-11-11 11:30,2025-11-11 12:00,2025-11-11 11:30,2025-11-11 11:35,5.0,partial overlap,Low,Conference Room B,Client Reception
CONF_2759,P068,Training,Testing Acceptance,2025-11-16 11:15,2025-11-16 11:45,2025-11-16 11:30,2025-11-16 12:30,2025-11-16 11:30,2025-11-16 11:45,15.0,partial overlap,Low,Remote,Break Room
CONF_2760,P068,Training,Tech Sharing,2025-11-16 11:15,2025-11-16 11:45,2025-11-16 11:30,2025-11-16 12:30,2025-11-16 11:30,2025-11-16 11:45,15.0,partial overlap,Low,Remote,Conference Room B
CONF_2761,P068,Project Discussion,Team Building,2025-11-20 11:00,2025-11-20 11:45,2025-11-20 11:30,2025-11-20 11:45,2025-11-20 11:30,2025-11-20 11:45,15.0,full overlap,Low,Product Showcase,Conference Room C
CONF_2762,P068,Tech Sharing,Project Discussion,2025-11-20 18:00,2025-11-20 18:45,2025-11-20 18:15,2025-11-20 19:00,2025-11-20 18:15,2025-11-20 18:45,30.0,partial overlap,Medium,Test Lab,Conference Room C
CONF_2763,P068,Code Review,Meeting,2025-11-24 12:30,2025-11-24 12:45,2025-11-24 12:00,2025-11-24 12:45,2025-11-24 12:30,2025-11-24 12:45,15.0,full overlap,Low,Conference Room A,Conference Room A
CONF_2764,P068,Tech Sharing,Product Demo,2025-11-21 11:00,2025-11-21 11:45,2025-11-21 10:45,2025-11-21 11:30,2025-11-21 11:00,2025-11-21 11:30,30.0,partial overlap,Medium,Conference Room A,Cafe
CONF_2765,P068,Product Demo,Client Visit,2025-11-14 08:17,2025-11-14 09:06,2025-11-14 08:00,2025-11-14 08:45,2025-11-14 08:17,2025-11-14 08:45,28.0,partial overlap,Low,R&D Center,Client Reception
CONF_2766,P068,Code Review,One-on-One,2025-11-20 10:15,2025-11-20 10:37,2025-11-20 10:00,2025-11-20 10:30,2025-11-20 10:15,2025-11-20 10:30,15.0,partial overlap,Low,Demo Hall,Product Showcase
CONF_2767,P068,Design Review,Code Review,2025-11-15 15:32,2025-11-15 16:29,2025-11-15 15:15,2025-11-15 16:00,2025-11-15 15:32,2025-11-15 16:00,28.0,partial overlap,Low,Client Reception,Office Area 2
CONF_2768,P068,Operations Check,Requirements Analysis,2025-11-14 16:06,2025-11-14 16:42,2025-11-14 15:45,2025-11-14 16:15,2025-11-14 16:06,2025-11-14 16:15,9.0,partial overlap,Low,Client Reception,Conference Room C
CONF_2769,P068,Testing Acceptance,Tech Sharing,2025-11-16 11:40,2025-11-16 12:13,2025-11-16 11:30,2025-11-16 12:30,2025-11-16 11:40,2025-11-16 12:13,33.0,full overlap,Medium,R&D Center,Conference Room B
CONF_2770,P068,Testing Acceptance,Training,2025-11-16 11:40,2025-11-16 12:13,2025-11-16 11:15,2025-11-16 11:45,2025-11-16 11:40,2025-11-16 11:45,5.0,partial overlap,Low,R&D Center,Remote
CONF_2771,P068,Testing Acceptance,Testing Acceptance,2025-11-16 11:40,2025-11-16 12:13,2025-11-16 11:30,2025-11-16 12:30,2025-11-16 11:40,2025-11-16 12:13,33.0,full overlap,Medium,R&D Center,Break Room
CONF_2772,P068,Requirements Analysis,Requirements Analysis,2025-11-19 11:58,2025-11-19 12:46,2025-11-19 12:45,2025-11-19 13:30,2025-11-19 12:45,2025-11-19 12:46,1.0,partial overlap,Low,Break Room,Office Area 2
CONF_2773,P068,Requirements Analysis,Meeting,2025-11-19 11:58,2025-11-19 12:46,2025-11-19 11:45,2025-11-19 12:15,2025-11-19 11:58,2025-11-19 12:15,17.0,partial overlap,Low,Break Room,Demo Hall
CONF_2774,P068,Team Building,Brainstorming,2025-11-21 15:41,2025-11-21 15:56,2025-11-21 15:15,2025-11-21 16:00,2025-11-21 15:41,2025-11-21 15:56,15.0,full overlap,Low,Remote,Client Reception
CONF_2775,P068,One-on-One,Design Review,2025-11-15 15:41,2025-11-15 16:03,2025-11-15 15:32,2025-11-15 16:29,2025-11-15 15:41,2025-11-15 16:03,22.0,full overlap,Low,R&D Center,Client Reception
CONF_2776,P068,One-on-One,Code Review,2025-11-15 15:41,2025-11-15 16:03,2025-11-15 15:15,2025-11-15 16:00,2025-11-15 15:41,2025-11-15 16:00,19.0,partial overlap,Low,R&D Center,Office Area 2
CONF_2777,P068,Client Visit,Requirements Analysis,2025-11-19 12:24,2025-11-19 12:53,2025-11-19 12:45,2025-11-19 13:30,2025-11-19 12:45,2025-11-19 12:53,8.0,partial overlap,Low,Cafe,Office Area 2
CONF_2778,P068,Client Visit,Requirements Analysis,2025-11-19 12:24,2025-11-19 12:53,2025-11-19 11:58,2025-11-19 12:46,2025-11-19 12:24,2025-11-19 12:46,22.0,partial overlap,Low,Cafe,Break Room
CONF_2779,P068,Training,Design Review,2025-11-17 12:06,2025-11-17 12:35,2025-11-17 12:00,2025-11-17 12:15,2025-11-17 12:06,2025-11-17 12:15,9.0,partial overlap,Low,Online Meeting,Training Room
CONF_2780,P069,Project Discussion,Operations Check,2025-11-02 16:30,2025-11-02 17:30,2025-11-02 16:00,2025-11-02 16:45,2025-11-02 16:30,2025-11-02 16:45,15.0,partial overlap,Low,Conference Room B,Product Showcase
CONF_2781,P069,Training,Deployment,2025-10-31 09:52,2025-10-31 10:20,2025-10-31 09:45,2025-10-31 11:15,2025-10-31 09:52,2025-10-31 10:20,28.0,full overlap,Low,Client Reception,Conference Room A
CONF_2782,P069,Brainstorming,Deployment,2025-10-31 10:13,2025-10-31 10:54,2025-10-31 09:45,2025-10-31 11:15,2025-10-31 10:13,2025-10-31 10:54,41.0,full overlap,Medium,Test Lab,Conference Room A
CONF_2783,P069,Brainstorming,Training,2025-10-31 10:13,2025-10-31 10:54,2025-10-31 09:52,2025-10-31 10:20,2025-10-31 10:13,2025-10-31 10:20,7.0,partial overlap,Low,Test Lab,Client Reception
CONF_2784,P069,Brainstorming,Design Review,2025-11-06 08:45,2025-11-06 09:45,2025-11-06 08:15,2025-11-06 09:15,2025-11-06 08:45,2025-11-06 09:15,30.0,partial overlap,Medium,Remote,Client Reception
CONF_2785,P069,Client Visit,Testing Acceptance,2025-11-12 15:45,2025-11-12 16:45,2025-11-12 16:30,2025-11-12 17:30,2025-11-12 16:30,2025-11-12 16:45,15.0,partial overlap,Low,R&D Center,Office Area 2
CONF_2786,P069,Team Building,Brainstorming,2025-11-11 08:00,2025-11-11 09:00,2025-11-11 08:00,2025-11-11 08:45,2025-11-11 08:00,2025-11-11 08:45,45.0,full overlap,Medium,R&D Center,Product Showcase
CONF_2787,P069,Deployment,Client Visit,2025-11-12 15:30,2025-11-12 16:15,2025-11-12 15:45,2025-11-12 16:45,2025-11-12 15:45,2025-11-12 16:15,30.0,partial overlap,Medium,Conference Room B,R&D Center
CONF_2788,P069,Client Visit,Code Review,2025-11-11 18:15,2025-11-11 18:45,2025-11-11 17:45,2025-11-11 18:30,2025-11-11 18:15,2025-11-11 18:30,15.0,partial overlap,Low,R&D Center,Training Room
CONF_2789,P069,Operations Check,Deployment,2025-11-12 15:58,2025-11-12 16:26,2025-11-12 15:30,2025-11-12 16:15,2025-11-12 15:58,2025-11-12 16:15,17.0,partial overlap,Low,R&D Center,Conference Room B
CONF_2790,P069,Operations Check,Client Visit,2025-11-12 15:58,2025-11-12 16:26,2025-11-12 15:45,2025-11-12 16:45,2025-11-12 15:58,2025-11-12 16:26,28.0,full overlap,Low,R&D Center,R&D Center
CONF_2791,P069,Tech Sharing,Testing Acceptance,2025-11-12 16:47,2025-11-12 17:32,2025-11-12 16:30,2025-11-12 17:30,2025-11-12 16:47,2025-11-12 17:30,43.0,partial overlap,Medium,Remote,Office Area 2
CONF_2792,P069,Meeting,Testing Acceptance,2025-11-12 16:26,2025-11-12 17:13,2025-11-12 16:30,2025-11-12 17:30,2025-11-12 16:30,2025-11-12 17:13,43.0,partial overlap,Medium,R&D Center,Office Area 2
CONF_2793,P069,Meeting,Client Visit,2025-11-12 16:26,2025-11-12 17:13,2025-11-12 15:45,2025-11-12 16:45,2025-11-12 16:26,2025-11-12 16:45,19.0,partial overlap,Low,R&D Center,R&D Center
CONF_2794,P069,Meeting,Tech Sharing,2025-11-12 16:26,2025-11-12 17:13,2025-11-12 16:47,2025-11-12 17:32,2025-11-12 16:47,2025-11-12 17:13,26.0,partial overlap,Low,R&D Center,Remote
CONF_2795,P069,Meeting,Project Discussion,2025-11-18 09:30,2025-11-18 09:45,2025-11-18 09:15,2025-11-18 09:45,2025-11-18 09:30,2025-11-18 09:45,15.0,full overlap,Low,Demo Hall,R&D Center
CONF_2796,P069,Training,One-on-One,2025-11-21 17:00,2025-11-21 17:45,2025-11-21 17:00,2025-11-21 17:15,2025-11-21 17:00,2025-11-21 17:15,15.0,full overlap,Low,Conference Room A,Online Meeting
CONF_2797,P069,Client Visit,Testing Acceptance,2025-11-17 09:45,2025-11-17 10:30,2025-11-17 10:00,2025-11-17 10:45,2025-11-17 10:00,2025-11-17 10:30,30.0,partial overlap,Medium,Break Room,Office Area 2
CONF_2798,P069,One-on-One,Deployment,2025-11-17 13:45,2025-11-17 14:15,2025-11-17 13:45,2025-11-17 14:15,2025-11-17 13:45,2025-11-17 14:15,30.0,full overlap,Medium,Office Area 2,R&D Center
CONF_2799,P069,Brainstorming,Brainstorming,2025-11-16 09:15,2025-11-16 09:45,2025-11-16 09:00,2025-11-16 09:45,2025-11-16 09:15,2025-11-16 09:45,30.0,full overlap,Medium,Remote,Online Meeting
CONF_2800,P069,Operations Check,Testing Acceptance,2025-11-19 11:30,2025-11-19 12:15,2025-11-19 12:00,2025-11-19 12:15,2025-11-19 12:00,2025-11-19 12:15,15.0,full overlap,Low,Office Area 2,Test Lab
CONF_2801,P069,Design Review,Client Visit,2025-11-19 08:11,2025-11-19 08:42,2025-11-19 08:00,2025-11-19 08:15,2025-11-19 08:11,2025-11-19 08:15,4.0,partial overlap,Low,Conference Room B,Conference Room A
CONF_2802,P069,Requirements Analysis,Operations Check,2025-11-19 11:40,2025-11-19 11:55,2025-11-19 11:30,2025-11-19 12:15,2025-11-19 11:40,2025-11-19 11:55,15.0,full overlap,Low,Conference Room C,Office Area 2
CONF_2803,P069,Training,Operations Check,2025-11-19 16:59,2025-11-19 17:56,2025-11-19 16:30,2025-11-19 17:00,2025-11-19 16:59,2025-11-19 17:00,1.0,partial overlap,Low,Conference Room A,Product Showcase
CONF_2804,P069,Code Review,Design Review,2025-11-17 16:40,2025-11-17 17:12,2025-11-17 16:30,2025-11-17 17:15,2025-11-17 16:40,2025-11-17 17:12,32.0,full overlap,Medium,Test Lab,Cafe
CONF_2805,P069,Product Demo,Operations Check,2025-11-14 13:09,2025-11-14 13:46,2025-11-14 12:45,2025-11-14 13:30,2025-11-14 13:09,2025-11-14 13:30,21.0,partial overlap,Low,Conference Room C,Remote
CONF_2806,P070,Operations Check,Product Demo,2025-10-31 10:15,2025-10-31 11:04,2025-10-31 10:00,2025-10-31 10:45,2025-10-31 10:15,2025-10-31 10:45,30.0,partial overlap,Medium,Product Showcase,Training Room
CONF_2807,P070,Product Demo,Requirements Analysis,2025-11-11 17:45,2025-11-11 18:30,2025-11-11 18:00,2025-11-11 19:00,2025-11-11 18:00,2025-11-11 18:30,30.0,partial overlap,Medium,Online Meeting,Break Room
CONF_2808,P070,Deployment,Operations Check,2025-11-12 13:45,2025-11-12 14:15,2025-11-12 13:30,2025-11-12 14:00,2025-11-12 13:45,2025-11-12 14:00,15.0,partial overlap,Low,Conference Room C,Conference Room A
CONF_2809,P070,Meeting,Testing Acceptance,2025-11-09 08:15,2025-11-09 09:15,2025-11-09 08:15,2025-11-09 09:00,2025-11-09 08:15,2025-11-09 09:00,45.0,full overlap,Medium,Test Lab,R&D Center
CONF_2810,P070,Meeting,Tech Sharing,2025-11-12 10:00,2025-11-12 11:00,2025-11-12 10:30,2025-11-12 11:15,2025-11-12 10:30,2025-11-12 11:00,30.0,partial overlap,Medium,Training Room,Break Room
CONF_2811,P070,Client Visit,Tech Sharing,2025-11-08 09:15,2025-11-08 09:45,2025-11-08 09:30,2025-11-08 10:30,2025-11-08 09:30,2025-11-08 09:45,15.0,partial overlap,Low,Remote,Office Area 1
CONF_2812,P070,Tech Sharing,One-on-One,2025-11-10 13:15,2025-11-10 14:15,2025-11-10 13:00,2025-11-10 13:45,2025-11-10 13:15,2025-11-10 13:45,30.0,partial overlap,Medium,Test Lab,Conference Room B
CONF_2813,P070,Requirements Analysis,Testing Acceptance,2025-11-09 08:28,2025-11-09 09:22,2025-11-09 08:15,2025-11-09 09:00,2025-11-09 08:28,2025-11-09 09:00,32.0,partial overlap,Medium,R&D Center,R&D Center
CONF_2814,P070,Requirements Analysis,Meeting,2025-11-09 08:28,2025-11-09 09:22,2025-11-09 08:15,2025-11-09 09:15,2025-11-09 08:28,2025-11-09 09:15,47.0,partial overlap,Medium,R&D Center,Test Lab
CONF_2815,P070,Brainstorming,One-on-One,2025-11-10 11:41,2025-11-10 12:29,2025-11-10 11:15,2025-11-10 12:15,2025-11-10 11:41,2025-11-10 12:15,34.0,partial overlap,Medium,Break Room,Office Area 1
CONF_2816,P070,Design Review,Code Review,2025-11-05 14:01,2025-11-05 14:42,2025-11-05 13:45,2025-11-05 14:30,2025-11-05 14:01,2025-11-05 14:30,29.0,partial overlap,Low,Office Area 2,Conference Room B
CONF_2817,P070,Code Review,Client Visit,2025-11-14 18:00,2025-11-14 18:15,2025-11-14 17:45,2025-11-14 18:30,2025-11-14 18:00,2025-11-14 18:15,15.0,full overlap,Low,Client Reception,Conference Room C
CONF_2818,P070,Team Building,Deployment,2025-11-15 15:15,2025-11-15 15:45,2025-11-15 15:30,2025-11-15 16:15,2025-11-15 15:30,2025-11-15 15:45,15.0,partial overlap,Low,Office Area 1,R&D Center
CONF_2819,P070,Testing Acceptance,Training,2025-11-23 15:45,2025-11-23 16:15,2025-11-23 15:45,2025-11-23 16:00,2025-11-23 15:45,2025-11-23 16:00,15.0,full overlap,Low,Online Meeting,Conference Room C
CONF_2820,P070,Training,One-on-One,2025-11-18 12:15,2025-11-18 13:00,2025-11-18 12:45,2025-11-18 13:30,2025-11-18 12:45,2025-11-18 13:00,15.0,partial overlap,Low,Office Area 2,Conference Room B
CONF_2821,P070,Testing Acceptance,Deployment,2025-11-25 18:47,2025-11-25 19:46,2025-11-25 18:30,2025-11-25 19:00,2025-11-25 18:47,2025-11-25 19:00,13.0,partial overlap,Low,Conference Room B,Cafe
CONF_2822,P070,Training,Team Building,2025-11-18 17:43,2025-11-18 18:37,2025-11-18 17:30,2025-11-18 17:45,2025-11-18 17:43,2025-11-18 17:45,2.0,partial overlap,Low,Office Area 2,Break Room
CONF_2823,P070,Deployment,Meeting,2025-11-17 11:20,2025-11-17 12:00,2025-11-17 11:45,2025-11-17 12:00,2025-11-17 11:45,2025-11-17 12:00,15.0,full overlap,Low,R&D Center,Training Room
CONF_2824,P070,Project Discussion,Training,2025-11-18 11:51,2025-11-18 12:38,2025-11-18 12:15,2025-11-18 13:00,2025-11-18 12:15,2025-11-18 12:38,23.0,partial overlap,Low,Remote,Office Area 2
CONF_2825,P070,Team Building,Brainstorming,2025-11-21 15:34,2025-11-21 16:17,2025-11-21 15:15,2025-11-21 16:00,2025-11-21 15:34,2025-11-21 16:00,26.0,partial overlap,Low,Conference Room B,R&D Center
CONF_2826,P070,One-on-One,Tech Sharing,2025-11-23 11:41,2025-11-23 12:18,2025-11-23 11:30,2025-11-23 11:45,2025-11-23 11:41,2025-11-23 11:45,4.0,partial overlap,Low,Conference Room C,Office Area 2
CONF_2827,P070,Brainstorming,Testing Acceptance,2025-11-25 19:16,2025-11-25 19:38,2025-11-25 18:47,2025-11-25 19:46,2025-11-25 19:16,2025-11-25 19:38,22.0,full overlap,Low,Client Reception,Conference Room B
CONF_2828,P070,Operations Check,One-on-One,2025-11-23 11:43,2025-11-23 12:42,2025-11-23 11:41,2025-11-23 12:18,2025-11-23 11:43,2025-11-23 12:18,35.0,partial overlap,Medium,Cafe,Conference Room C
CONF_2829,P070,Operations Check,Tech Sharing,2025-11-23 11:43,2025-11-23 12:42,2025-11-23 11:30,2025-11-23 11:45,2025-11-23 11:43,2025-11-23 11:45,2.0,partial overlap,Low,Cafe,Office Area 2
CONF_2830,P070,Training,Brainstorming,2025-11-13 12:41,2025-11-13 13:02,2025-11-13 12:15,2025-11-13 12:45,2025-11-13 12:41,2025-11-13 12:45,4.0,partial overlap,Low,Test Lab,Online Meeting
CONF_2831,P071,Meeting,Brainstorming,2025-11-02 10:15,2025-11-02 11:15,2025-11-02 11:00,2025-11-02 11:30,2025-11-02 11:00,2025-11-02 11:15,15.0,partial overlap,Low,Conference Room C,Conference Room B
CONF_2832,P071,Deployment,Meeting,2025-11-02 09:30,2025-11-02 10:30,2025-11-02 10:15,2025-11-02 11:15,2025-11-02 10:15,2025-11-02 10:30,15.0,partial overlap,Low,Office Area 2,Conference Room C
CONF_2833,P071,Client Visit,Meeting,2025-11-06 13:36,2025-11-06 14:07,2025-11-06 13:15,2025-11-06 13:45,2025-11-06 13:36,2025-11-06 13:45,9.0,partial overlap,Low,Conference Room B,Product Showcase
CONF_2834,P071,Requirements Analysis,Meeting,2025-11-05 11:06,2025-11-05 11:26,2025-11-05 11:00,2025-11-05 12:00,2025-11-05 11:06,2025-11-05 11:26,20.0,full overlap,Low,Break Room,Test Lab
CONF_2835,P071,Brainstorming,Project Discussion,2025-11-09 18:18,2025-11-09 19:15,2025-11-09 18:00,2025-11-09 19:30,2025-11-09 18:18,2025-11-09 19:15,57.0,full overlap,Medium,Conference Room C,Client Reception
CONF_2836,P071,Tech Sharing,Brainstorming,2025-11-09 18:24,2025-11-09 19:10,2025-11-09 18:18,2025-11-09 19:15,2025-11-09 18:24,2025-11-09 19:10,46.0,full overlap,Medium,Cafe,Conference Room C
CONF_2837,P071,Tech Sharing,Project Discussion,2025-11-09 18:24,2025-11-09 19:10,2025-11-09 18:00,2025-11-09 19:30,2025-11-09 18:24,2025-11-09 19:10,46.0,full overlap,Medium,Cafe,Client Reception
CONF_2838,P071,Operations Check,Brainstorming,2025-11-11 16:30,2025-11-11 17:00,2025-11-11 16:00,2025-11-11 16:45,2025-11-11 16:30,2025-11-11 16:45,15.0,partial overlap,Low,Training Room,Online Meeting
CONF_2839,P071,Training,Project Discussion,2025-11-10 10:15,2025-11-10 11:15,2025-11-10 09:45,2025-11-10 10:30,2025-11-10 10:15,2025-11-10 10:30,15.0,partial overlap,Low,Cafe,Office Area 2
CONF_2840,P071,Product Demo,Tech Sharing,2025-11-10 13:00,2025-11-10 14:00,2025-11-10 13:30,2025-11-10 14:00,2025-11-10 13:30,2025-11-10 14:00,30.0,full overlap,Medium,Test Lab,Conference Room A
CONF_2841,P071,Design Review,Operations Check,2025-11-07 08:19,2025-11-07 08:38,2025-11-07 08:00,2025-11-07 08:30,2025-11-07 08:19,2025-11-07 08:30,11.0,partial overlap,Low,Online Meeting,Online Meeting
CONF_2842,P071,Requirements Analysis,Tech Sharing,2025-11-10 13:55,2025-11-10 14:34,2025-11-10 13:30,2025-11-10 14:00,2025-11-10 13:55,2025-11-10 14:00,5.0,partial overlap,Low,Client Reception,Conference Room A
CONF_2843,P071,Requirements Analysis,Product Demo,2025-11-10 13:55,2025-11-10 14:34,2025-11-10 13:00,2025-11-10 14:00,2025-11-10 13:55,2025-11-10 14:00,5.0,partial overlap,Low,Client Reception,Test Lab
CONF_2844,P071,Operations Check,Product Demo,2025-11-17 11:45,2025-11-17 12:15,2025-11-17 12:00,2025-11-17 12:15,2025-11-17 12:00,2025-11-17 12:15,15.0,full overlap,Low,Product Showcase,Product Showcase
CONF_2845,P071,Deployment,Requirements Analysis,2025-11-14 18:00,2025-11-14 18:15,2025-11-14 17:45,2025-11-14 18:45,2025-11-14 18:00,2025-11-14 18:15,15.0,full overlap,Low,Conference Room C,Client Reception
CONF_2846,P071,Team Building,Team Building,2025-11-18 13:45,2025-11-18 14:30,2025-11-18 13:45,2025-11-18 14:30,2025-11-18 13:45,2025-11-18 14:30,45.0,full overlap,Medium,Conference Room A,Office Area 2
CONF_2847,P071,Testing Acceptance,Design Review,2025-11-15 08:15,2025-11-15 08:30,2025-11-15 08:15,2025-11-15 08:45,2025-11-15 08:15,2025-11-15 08:30,15.0,full overlap,Low,Break Room,R&D Center
CONF_2848,P071,Training,Tech Sharing,2025-11-23 09:15,2025-11-23 10:00,2025-11-23 09:15,2025-11-23 09:45,2025-11-23 09:15,2025-11-23 09:45,30.0,full overlap,Medium,Conference Room B,Conference Room C
CONF_2849,P071,Team Building,Code Review,2025-11-19 10:00,2025-11-19 10:45,2025-11-19 09:45,2025-11-19 10:15,2025-11-19 10:00,2025-11-19 10:15,15.0,partial overlap,Low,Client Reception,Break Room
CONF_2850,P071,Project Discussion,Training,2025-11-23 09:45,2025-11-23 10:15,2025-11-23 09:15,2025-11-23 10:00,2025-11-23 09:45,2025-11-23 10:00,15.0,partial overlap,Low,Training Room,Conference Room B
CONF_2851,P071,Requirements Analysis,Team Building,2025-11-19 10:08,2025-11-19 10:28,2025-11-19 10:00,2025-11-19 10:45,2025-11-19 10:08,2025-11-19 10:28,20.0,full overlap,Low,Client Reception,Client Reception
CONF_2852,P071,Requirements Analysis,Code Review,2025-11-19 10:08,2025-11-19 10:28,2025-11-19 09:45,2025-11-19 10:15,2025-11-19 10:08,2025-11-19 10:15,7.0,partial overlap,Low,Client Reception,Break Room
CONF_2853,P071,Operations Check,Product Demo,2025-11-17 11:52,2025-11-17 12:31,2025-11-17 12:00,2025-11-17 12:15,2025-11-17 12:00,2025-11-17 12:15,15.0,full overlap,Low,Product Showcase,Product Showcase
CONF_2854,P071,Operations Check,Operations Check,2025-11-17 11:52,2025-11-17 12:31,2025-11-17 12:30,2025-11-17 12:45,2025-11-17 12:30,2025-11-17 12:31,1.0,partial overlap,Low,Product Showcase,Conference Room A
CONF_2855,P071,Operations Check,Operations Check,2025-11-17 11:52,2025-11-17 12:31,2025-11-17 11:45,2025-11-17 12:15,2025-11-17 11:52,2025-11-17 12:15,23.0,partial overlap,Low,Product Showcase,Product Showcase
CONF_2856,P071,Testing Acceptance,Product Demo,2025-11-21 13:55,2025-11-21 14:34,2025-11-21 13:30,2025-11-21 14:15,2025-11-21 13:55,2025-11-21 14:15,20.0,partial overlap,Low,Remote,Office Area 1
CONF_2857,P071,Team Building,Tech Sharing,2025-11-23 09:25,2025-11-23 10:17,2025-11-23 09:15,2025-11-23 09:45,2025-11-23 09:25,2025-11-23 09:45,20.0,partial overlap,Low,Break Room,Conference Room C
CONF_2858,P071,Team Building,Training,2025-11-23 09:25,2025-11-23 10:17,2025-11-23 09:15,2025-11-23 10:00,2025-11-23 09:25,2025-11-23 10:00,35.0,partial overlap,Medium,Break Room,Conference Room B
CONF_2859,P071,Team Building,Project Discussion,2025-11-23 09:25,2025-11-23 10:17,2025-11-23 09:45,2025-11-23 10:15,2025-11-23 09:45,2025-11-23 10:15,30.0,full overlap,Medium,Break Room,Training Room
CONF_2860,P071,Product Demo,Code Review,2025-11-16 13:38,2025-11-16 14:11,2025-11-16 13:30,2025-11-16 14:00,2025-11-16 13:38,2025-11-16 14:00,22.0,partial overlap,Low,Demo Hall,R&D Center
CONF_2861,P071,Code Review,Testing Acceptance,2025-11-17 09:03,2025-11-17 10:03,2025-11-17 10:00,2025-11-17 10:30,2025-11-17 10:00,2025-11-17 10:03,3.0,partial overlap,Low,Break Room,Product Showcase
CONF_2862,P071,Code Review,Meeting,2025-11-17 09:03,2025-11-17 10:03,2025-11-17 08:45,2025-11-17 09:30,2025-11-17 09:03,2025-11-17 09:30,27.0,partial overlap,Low,Break Room,Demo Hall
CONF_2863,P071,Design Review,Design Review,2025-11-18 11:36,2025-11-18 11:57,2025-11-18 11:28,2025-11-18 12:01,2025-11-18 11:36,2025-11-18 11:57,21.0,full overlap,Low,Office Area 2,Cafe
CONF_2864,P071,Testing Acceptance,Team Building,2025-11-19 09:55,2025-11-19 10:55,2025-11-19 10:00,2025-11-19 10:45,2025-11-19 10:00,2025-11-19 10:45,45.0,full overlap,Medium,Client Reception,Client Reception
CONF_2865,P071,Testing Acceptance,Code Review,2025-11-19 09:55,2025-11-19 10:55,2025-11-19 09:45,2025-11-19 10:15,2025-11-19 09:55,2025-11-19 10:15,20.0,partial overlap,Low,Client Reception,Break Room
CONF_2866,P071,Testing Acceptance,Requirements Analysis,2025-11-19 09:55,2025-11-19 10:55,2025-11-19 10:08,2025-11-19 10:28,2025-11-19 10:08,2025-11-19 10:28,20.0,full overlap,Low,Client Reception,Client Reception
CONF_2867,P072,Training,Meeting,2025-10-31 17:28,2025-10-31 17:59,2025-10-31 17:15,2025-10-31 17:45,2025-10-31 17:28,2025-10-31 17:45,17.0,partial overlap,Low,Break Room,Client Reception
CONF_2868,P072,Operations Check,Tech Sharing,2025-11-06 18:08,2025-11-06 18:29,2025-11-06 18:00,2025-11-06 18:45,2025-11-06 18:08,2025-11-06 18:29,21.0,full overlap,Low,Conference Room C,Office Area 2
CONF_2869,P072,Testing Acceptance,Testing Acceptance,2025-11-01 18:10,2025-11-01 18:37,2025-11-01 18:00,2025-11-01 18:45,2025-11-01 18:10,2025-11-01 18:37,27.0,full overlap,Low,Test Lab,Training Room
CONF_2870,P072,Brainstorming,Team Building,2025-11-06 12:27,2025-11-06 12:52,2025-11-06 12:00,2025-11-06 12:30,2025-11-06 12:27,2025-11-06 12:30,3.0,partial overlap,Low,Office Area 2,Office Area 2
CONF_2871,P072,Brainstorming,Operations Check,2025-10-30 14:39,2025-10-30 15:05,2025-10-30 14:30,2025-10-30 15:00,2025-10-30 14:39,2025-10-30 15:00,21.0,partial overlap,Low,Office Area 1,Office Area 2
CONF_2872,P072,Project Discussion,Team Building,2025-11-11 10:15,2025-11-11 11:00,2025-11-11 10:30,2025-11-11 11:00,2025-11-11 10:30,2025-11-11 11:00,30.0,full overlap,Medium,Remote,Conference Room B
CONF_2873,P072,Code Review,One-on-One,2025-11-13 15:28,2025-11-13 15:53,2025-11-13 15:00,2025-11-13 15:45,2025-11-13 15:28,2025-11-13 15:45,17.0,partial overlap,Low,Cafe,Demo Hall
CONF_2874,P072,Operations Check,Meeting,2025-11-12 10:30,2025-11-12 11:00,2025-11-12 10:15,2025-11-12 11:00,2025-11-12 10:30,2025-11-12 11:00,30.0,full overlap,Medium,Office Area 2,Conference Room A
CONF_2875,P072,Deployment,Meeting,2025-11-12 10:45,2025-11-12 11:30,2025-11-12 10:15,2025-11-12 11:00,2025-11-12 10:45,2025-11-12 11:00,15.0,partial overlap,Low,R&D Center,Conference Room A
CONF_2876,P072,Deployment,Operations Check,2025-11-12 10:45,2025-11-12 11:30,2025-11-12 10:30,2025-11-12 11:00,2025-11-12 10:45,2025-11-12 11:00,15.0,partial overlap,Low,R&D Center,Office Area 2
CONF_2877,P072,Team Building,Requirements Analysis,2025-11-16 08:30,2025-11-16 08:45,2025-11-16 08:00,2025-11-16 09:00,2025-11-16 08:30,2025-11-16 08:45,15.0,full overlap,Low,Test Lab,Office Area 1
CONF_2878,P072,Project Discussion,Meeting,2025-11-15 12:00,2025-11-15 12:45,2025-11-15 11:45,2025-11-15 12:30,2025-11-15 12:00,2025-11-15 12:30,30.0,partial overlap,Medium,Conference Room C,Test Lab
CONF_2879,P072,Training,Operations Check,2025-11-15 17:15,2025-11-15 17:30,2025-11-15 16:45,2025-11-15 17:45,2025-11-15 17:15,2025-11-15 17:30,15.0,full overlap,Low,R&D Center,Test Lab
CONF_2880,P072,Requirements Analysis,Project Discussion,2025-11-18 12:15,2025-11-18 12:30,2025-11-18 12:15,2025-11-18 12:30,2025-11-18 12:15,2025-11-18 12:30,15.0,full overlap,Low,Conference Room A,Conference Room C
CONF_2881,P072,Meeting,Deployment,2025-11-21 11:38,2025-11-21 12:25,2025-11-21 11:15,2025-11-21 12:00,2025-11-21 11:38,2025-11-21 12:00,22.0,partial overlap,Low,Conference Room A,Remote
CONF_2882,P072,Tech Sharing,Operations Check,2025-11-20 17:53,2025-11-20 18:19,2025-11-20 17:30,2025-11-20 18:00,2025-11-20 17:53,2025-11-20 18:00,7.0,partial overlap,Low,R&D Center,Conference Room B
CONF_2883,P072,Requirements Analysis,Meeting,2025-11-21 08:25,2025-11-21 09:00,2025-11-21 08:00,2025-11-21 08:30,2025-11-21 08:25,2025-11-21 08:30,5.0,partial overlap,Low,R&D Center,R&D Center
CONF_2884,P072,Team Building,Requirements Analysis,2025-11-20 10:45,2025-11-20 11:33,2025-11-20 10:30,2025-11-20 11:15,2025-11-20 10:45,2025-11-20 11:15,30.0,partial overlap,Medium,Conference Room A,Client Reception
CONF_2885,P072,Testing Acceptance,Client Visit,2025-11-19 11:53,2025-11-19 12:42,2025-11-19 11:30,2025-11-19 12:00,2025-11-19 11:53,2025-11-19 12:00,7.0,partial overlap,Low,Client Reception,Remote
CONF_2886,P072,Product Demo,Project Discussion,2025-11-15 12:26,2025-11-15 12:57,2025-11-15 12:00,2025-11-15 12:45,2025-11-15 12:26,2025-11-15 12:45,19.0,partial overlap,Low,Cafe,Conference Room C
CONF_2887,P072,Product Demo,Meeting,2025-11-15 12:26,2025-11-15 12:57,2025-11-15 11:45,2025-11-15 12:30,2025-11-15 12:26,2025-11-15 12:30,4.0,partial overlap,Low,Cafe,Test Lab
CONF_2888,P072,Brainstorming,Operations Check,2025-11-13 09:52,2025-11-13 10:30,2025-11-13 10:00,2025-11-13 10:45,2025-11-13 10:00,2025-11-13 10:30,30.0,partial overlap,Medium,R&D Center,Conference Room A
CONF_2889,P072,Brainstorming,Training,2025-11-13 09:52,2025-11-13 10:30,2025-11-13 09:30,2025-11-13 10:00,2025-11-13 09:52,2025-11-13 10:00,8.0,partial overlap,Low,R&D Center,Break Room
CONF_2890,P072,Requirements Analysis,Design Review,2025-11-19 17:15,2025-11-19 17:44,2025-11-19 17:00,2025-11-19 17:30,2025-11-19 17:15,2025-11-19 17:30,15.0,partial overlap,Low,Conference Room A,Client Reception
CONF_2891,P073,Code Review,Client Visit,2025-10-31 11:30,2025-10-31 12:15,2025-10-31 11:15,2025-10-31 11:45,2025-10-31 11:30,2025-10-31 11:45,15.0,partial overlap,Low,Conference Room A,Office Area 2
CONF_2892,P073,Testing Acceptance,Code Review,2025-11-02 15:00,2025-11-02 15:30,2025-11-02 14:30,2025-11-02 16:00,2025-11-02 15:00,2025-11-02 15:30,30.0,full overlap,Medium,Break Room,Office Area 2
CONF_2893,P073,Training,Product Demo,2025-11-02 11:32,2025-11-02 12:15,2025-11-02 11:15,2025-11-02 12:15,2025-11-02 11:32,2025-11-02 12:15,43.0,full overlap,Medium,Cafe,Break Room
CONF_2894,P073,Tech Sharing,Product Demo,2025-10-27 09:24,2025-10-27 09:52,2025-10-27 09:15,2025-10-27 10:45,2025-10-27 09:24,2025-10-27 09:52,28.0,full overlap,Low,Demo Hall,Remote
CONF_2895,P073,Requirements Analysis,Code Review,2025-10-31 11:50,2025-10-31 12:12,2025-10-31 11:30,2025-10-31 12:15,2025-10-31 11:50,2025-10-31 12:12,22.0,full overlap,Low,Training Room,Conference Room A
CONF_2896,P073,Product Demo,Meeting,2025-11-03 12:08,2025-11-03 12:37,2025-11-03 11:45,2025-11-03 13:15,2025-11-03 12:08,2025-11-03 12:37,29.0,full overlap,Low,Online Meeting,Test Lab
CONF_2897,P073,Testing Acceptance,Deployment,2025-11-04 08:26,2025-11-04 08:44,2025-11-04 08:15,2025-11-04 09:00,2025-11-04 08:26,2025-11-04 08:44,18.0,full overlap,Low,Training Room,Conference Room B
CONF_2898,P073,Testing Acceptance,Product Demo,2025-11-05 15:30,2025-11-05 16:30,2025-11-05 15:45,2025-11-05 16:15,2025-11-05 15:45,2025-11-05 16:15,30.0,full overlap,Medium,Product Showcase,Demo Hall
CONF_2899,P073,Testing Acceptance,Product Demo,2025-11-09 08:00,2025-11-09 08:30,2025-11-09 08:00,2025-11-09 08:45,2025-11-09 08:00,2025-11-09 08:30,30.0,full overlap,Medium,Online Meeting,Demo Hall
CONF_2900,P073,Operations Check,Training,2025-11-08 09:15,2025-11-08 10:00,2025-11-08 09:00,2025-11-08 10:00,2025-11-08 09:15,2025-11-08 10:00,45.0,full overlap,Medium,Cafe,R&D Center
CONF_2901,P073,Product Demo,Operations Check,2025-11-08 13:59,2025-11-08 14:28,2025-11-08 13:30,2025-11-08 14:15,2025-11-08 13:59,2025-11-08 14:15,16.0,partial overlap,Low,Office Area 2,Cafe
CONF_2902,P073,Meeting,Tech Sharing,2025-11-13 15:52,2025-11-13 16:35,2025-11-13 15:45,2025-11-13 16:15,2025-11-13 15:52,2025-11-13 16:15,23.0,partial overlap,Low,Test Lab,Training Room
CONF_2903,P073,Brainstorming,Product Demo,2025-11-08 14:25,2025-11-08 15:10,2025-11-08 13:59,2025-11-08 14:28,2025-11-08 14:25,2025-11-08 14:28,3.0,partial overlap,Low,Test Lab,Office Area 2
CONF_2904,P073,Project Discussion,One-on-One,2025-11-11 17:13,2025-11-11 17:56,2025-11-11 17:30,2025-11-11 18:00,2025-11-11 17:30,2025-11-11 17:56,26.0,partial overlap,Low,Test Lab,Conference Room A
CONF_2905,P073,Project Discussion,Design Review,2025-11-11 17:13,2025-11-11 17:56,2025-11-11 17:00,2025-11-11 17:30,2025-11-11 17:13,2025-11-11 17:30,17.0,partial overlap,Low,Test Lab,Online Meeting
CONF_2906,P073,Testing Acceptance,Brainstorming,2025-11-08 14:55,2025-11-08 15:38,2025-11-08 14:25,2025-11-08 15:10,2025-11-08 14:55,2025-11-08 15:10,15.0,partial overlap,Low,Conference Room B,Test Lab
CONF_2907,P073,Brainstorming,Operations Check,2025-11-14 09:00,2025-11-14 09:15,2025-11-14 09:00,2025-11-14 10:00,2025-11-14 09:00,2025-11-14 09:15,15.0,full overlap,Low,Conference Room A,Office Area 2
CONF_2908,P073,Deployment,One-on-One,2025-11-13 09:00,2025-11-13 09:30,2025-11-13 09:15,2025-11-13 10:00,2025-11-13 09:15,2025-11-13 09:30,15.0,partial overlap,Low,Product Showcase,Office Area 1
CONF_2909,P073,Operations Check,Operations Check,2025-11-17 14:30,2025-11-17 14:45,2025-11-17 14:00,2025-11-17 14:45,2025-11-17 14:30,2025-11-17 14:45,15.0,full overlap,Low,R&D Center,Product Showcase
CONF_2910,P073,Testing Acceptance,Operations Check,2025-11-17 14:30,2025-11-17 15:15,2025-11-17 14:00,2025-11-17 14:45,2025-11-17 14:30,2025-11-17 14:45,15.0,partial overlap,Low,Online Meeting,Product Showcase
CONF_2911,P073,Testing Acceptance,Operations Check,2025-11-17 14:30,2025-11-17 15:15,2025-11-17 14:30,2025-11-17 14:45,2025-11-17 14:30,2025-11-17 14:45,15.0,full overlap,Low,Online Meeting,R&D Center
CONF_2912,P073,Testing Acceptance,Deployment,2025-11-17 14:30,2025-11-17 15:15,2025-11-17 15:00,2025-11-17 15:45,2025-11-17 15:00,2025-11-17 15:15,15.0,partial overlap,Low,Online Meeting,Conference Room A
CONF_2913,P073,Project Discussion,Tech Sharing,2025-11-18 11:00,2025-11-18 11:15,2025-11-18 11:00,2025-11-18 11:30,2025-11-18 11:00,2025-11-18 11:15,15.0,full overlap,Low,Conference Room C,Conference Room C
CONF_2914,P073,Tech Sharing,Operations Check,2025-11-17 14:15,2025-11-17 14:45,2025-11-17 14:30,2025-11-17 14:45,2025-11-17 14:30,2025-11-17 14:45,15.0,full overlap,Low,Office Area 1,R&D Center
CONF_2915,P073,Tech Sharing,Operations Check,2025-11-17 14:15,2025-11-17 14:45,2025-11-17 14:00,2025-11-17 14:45,2025-11-17 14:15,2025-11-17 14:45,30.0,full overlap,Medium,Office Area 1,Product Showcase
CONF_2916,P073,Tech Sharing,Testing Acceptance,2025-11-17 14:15,2025-11-17 14:45,2025-11-17 14:30,2025-11-17 15:15,2025-11-17 14:30,2025-11-17 14:45,15.0,partial overlap,Low,Office Area 1,Online Meeting
CONF_2917,P073,Operations Check,Requirements Analysis,2025-11-24 08:45,2025-11-24 09:00,2025-11-24 08:15,2025-11-24 09:00,2025-11-24 08:45,2025-11-24 09:00,15.0,full overlap,Low,Remote,Product Showcase
CONF_2918,P073,One-on-One,Requirements Analysis,2025-11-24 08:43,2025-11-24 09:33,2025-11-24 08:15,2025-11-24 09:00,2025-11-24 08:43,2025-11-24 09:00,17.0,partial overlap,Low,Conference Room A,Product Showcase
CONF_2919,P073,One-on-One,Operations Check,2025-11-24 08:43,2025-11-24 09:33,2025-11-24 08:45,2025-11-24 09:00,2025-11-24 08:45,2025-11-24 09:00,15.0,full overlap,Low,Conference Room A,Remote
CONF_2920,P073,Project Discussion,Brainstorming,2025-11-18 15:45,2025-11-18 16:40,2025-11-18 15:30,2025-11-18 16:15,2025-11-18 15:45,2025-11-18 16:15,30.0,partial overlap,Medium,Office Area 1,Conference Room B
CONF_2921,P074,Team Building,Team Building,2025-10-28 14:15,2025-10-28 14:45,2025-10-28 13:00,2025-10-28 14:30,2025-10-28 14:15,2025-10-28 14:30,15.0,partial overlap,Low,Break Room,R&D Center
CONF_2922,P074,Requirements Analysis,Team Building,2025-11-01 09:15,2025-11-01 10:45,2025-11-01 09:30,2025-11-01 10:30,2025-11-01 09:30,2025-11-01 10:30,60.0,full overlap,High,Demo Hall,Client Reception
CONF_2923,P074,Product Demo,Client Visit,2025-11-03 16:51,2025-11-03 17:34,2025-11-03 16:45,2025-11-03 17:45,2025-11-03 16:51,2025-11-03 17:34,43.0,full overlap,Medium,Remote,Remote
CONF_2924,P074,Project Discussion,Client Visit,2025-11-06 14:30,2025-11-06 15:00,2025-11-06 14:00,2025-11-06 15:00,2025-11-06 14:30,2025-11-06 15:00,30.0,full overlap,Medium,Office Area 2,Test Lab
CONF_2925,P074,Requirements Analysis,Requirements Analysis,2025-11-08 15:15,2025-11-08 16:15,2025-11-08 15:15,2025-11-08 15:45,2025-11-08 15:15,2025-11-08 15:45,30.0,full overlap,Medium,Demo Hall,Test Lab
CONF_2926,P074,Deployment,Requirements Analysis,2025-11-07 15:45,2025-11-07 16:30,2025-11-07 16:15,2025-11-07 17:45,2025-11-07 16:15,2025-11-07 16:30,15.0,partial overlap,Low,Demo Hall,Demo Hall
CONF_2927,P074,One-on-One,Requirements Analysis,2025-11-08 15:15,2025-11-08 16:15,2025-11-08 15:15,2025-11-08 15:45,2025-11-08 15:15,2025-11-08 15:45,30.0,full overlap,Medium,Training Room,Test Lab
CONF_2928,P074,One-on-One,Requirements Analysis,2025-11-08 15:15,2025-11-08 16:15,2025-11-08 15:15,2025-11-08 16:15,2025-11-08 15:15,2025-11-08 16:15,60.0,full overlap,High,Training Room,Demo Hall
CONF_2929,P074,Operations Check,Requirements Analysis,2025-11-11 18:15,2025-11-11 19:00,2025-11-11 18:30,2025-11-11 19:30,2025-11-11 18:30,2025-11-11 19:00,30.0,partial overlap,Medium,Office Area 1,Office Area 1
CONF_2930,P074,Client Visit,Testing Acceptance,2025-11-07 08:59,2025-11-07 09:14,2025-11-07 08:45,2025-11-07 09:45,2025-11-07 08:59,2025-11-07 09:14,15.0,full overlap,Low,Cafe,Test Lab
CONF_2931,P074,Client Visit,Requirements Analysis,2025-11-07 15:51,2025-11-07 16:20,2025-11-07 16:15,2025-11-07 17:45,2025-11-07 16:15,2025-11-07 16:20,5.0,partial overlap,Low,R&D Center,Demo Hall
CONF_2932,P074,Client Visit,Deployment,2025-11-07 15:51,2025-11-07 16:20,2025-11-07 15:45,2025-11-07 16:30,2025-11-07 15:51,2025-11-07 16:20,29.0,full overlap,Low,R&D Center,Demo Hall
CONF_2933,P074,Deployment,Project Discussion,2025-11-08 09:35,2025-11-08 10:11,2025-11-08 09:30,2025-11-08 10:30,2025-11-08 09:35,2025-11-08 10:11,36.0,full overlap,Medium,Conference Room C,Demo Hall
CONF_2934,P074,Meeting,Requirements Analysis,2025-11-08 15:35,2025-11-08 16:13,2025-11-08 15:15,2025-11-08 15:45,2025-11-08 15:35,2025-11-08 15:45,10.0,partial overlap,Low,Online Meeting,Test Lab
CONF_2935,P074,Meeting,Requirements Analysis,2025-11-08 15:35,2025-11-08 16:13,2025-11-08 15:15,2025-11-08 16:15,2025-11-08 15:35,2025-11-08 16:13,38.0,full overlap,Medium,Online Meeting,Demo Hall
CONF_2936,P074,Meeting,One-on-One,2025-11-08 15:35,2025-11-08 16:13,2025-11-08 15:15,2025-11-08 16:15,2025-11-08 15:35,2025-11-08 16:13,38.0,full overlap,Medium,Online Meeting,Training Room
CONF_2937,P074,Meeting,Tech Sharing,2025-11-18 14:45,2025-11-18 15:30,2025-11-18 15:00,2025-11-18 15:15,2025-11-18 15:00,2025-11-18 15:15,15.0,full overlap,Low,Cafe,Remote
CONF_2938,P074,Requirements Analysis,Client Visit,2025-11-13 14:00,2025-11-13 14:15,2025-11-13 14:00,2025-11-13 14:30,2025-11-13 14:00,2025-11-13 14:15,15.0,full overlap,Low,Client Reception,Remote
CONF_2939,P074,Project Discussion,Deployment,2025-11-16 12:45,2025-11-16 13:30,2025-11-16 12:45,2025-11-16 13:30,2025-11-16 12:45,2025-11-16 13:30,45.0,full overlap,Medium,Online Meeting,Demo Hall
CONF_2940,P074,Team Building,Requirements Analysis,2025-11-19 18:15,2025-11-19 19:00,2025-11-19 18:15,2025-11-19 18:30,2025-11-19 18:15,2025-11-19 18:30,15.0,full overlap,Low,Remote,Conference Room A
CONF_2941,P074,Design Review,Team Building,2025-11-17 13:30,2025-11-17 14:15,2025-11-17 13:30,2025-11-17 14:00,2025-11-17 13:30,2025-11-17 14:00,30.0,full overlap,Medium,Client Reception,Demo Hall
CONF_2942,P074,Meeting,Client Visit,2025-11-18 18:30,2025-11-18 19:00,2025-11-18 18:30,2025-11-18 19:00,2025-11-18 18:30,2025-11-18 19:00,30.0,full overlap,Medium,Test Lab,Remote
CONF_2943,P074,Testing Acceptance,Deployment,2025-11-24 17:00,2025-11-24 17:30,2025-11-24 16:45,2025-11-24 17:30,2025-11-24 17:00,2025-11-24 17:30,30.0,full overlap,Medium,R&D Center,Cafe
CONF_2944,P074,Meeting,Team Building,2025-11-18 11:45,2025-11-18 12:00,2025-11-18 11:45,2025-11-18 12:15,2025-11-18 11:45,2025-11-18 12:00,15.0,full overlap,Low,Demo Hall,Conference Room B
CONF_2945,P074,Design Review,Project Discussion,2025-11-18 10:15,2025-11-18 10:45,2025-11-18 10:30,2025-11-18 10:45,2025-11-18 10:30,2025-11-18 10:45,15.0,full overlap,Low,Test Lab,Test Lab
CONF_2946,P074,One-on-One,Deployment,2025-11-24 17:30,2025-11-24 18:00,2025-11-24 17:30,2025-11-24 17:45,2025-11-24 17:30,2025-11-24 17:45,15.0,full overlap,Low,Product Showcase,Office Area 1
CONF_2947,P074,Operations Check,Deployment,2025-11-16 12:54,2025-11-16 13:12,2025-11-16 12:45,2025-11-16 13:30,2025-11-16 12:54,2025-11-16 13:12,18.0,full overlap,Low,Cafe,Demo Hall
CONF_2948,P074,Operations Check,Project Discussion,2025-11-16 12:54,2025-11-16 13:12,2025-11-16 12:45,2025-11-16 13:30,2025-11-16 12:54,2025-11-16 13:12,18.0,full overlap,Low,Cafe,Online Meeting
CONF_2949,P074,One-on-One,Deployment,2025-11-16 12:55,2025-11-16 13:27,2025-11-16 12:45,2025-11-16 13:30,2025-11-16 12:55,2025-11-16 13:27,32.0,full overlap,Medium,Conference Room B,Demo Hall
CONF_2950,P074,One-on-One,Project Discussion,2025-11-16 12:55,2025-11-16 13:27,2025-11-16 12:45,2025-11-16 13:30,2025-11-16 12:55,2025-11-16 13:27,32.0,full overlap,Medium,Conference Room B,Online Meeting
CONF_2951,P074,One-on-One,Operations Check,2025-11-16 12:55,2025-11-16 13:27,2025-11-16 12:54,2025-11-16 13:12,2025-11-16 12:55,2025-11-16 13:12,17.0,partial overlap,Low,Conference Room B,Cafe
CONF_2952,P074,Design Review,Tech Sharing,2025-11-14 16:35,2025-11-14 17:26,2025-11-14 16:30,2025-11-14 16:45,2025-11-14 16:35,2025-11-14 16:45,10.0,partial overlap,Low,Product Showcase,Break Room
CONF_2953,P074,Design Review,Team Building,2025-11-14 16:35,2025-11-14 17:26,2025-11-14 17:15,2025-11-14 17:45,2025-11-14 17:15,2025-11-14 17:26,11.0,partial overlap,Low,Product Showcase,Conference Room C
CONF_2954,P074,Product Demo,One-on-One,2025-11-19 15:44,2025-11-19 16:14,2025-11-19 15:15,2025-11-19 15:45,2025-11-19 15:44,2025-11-19 15:45,1.0,partial overlap,Low,Training Room,Cafe
CONF_2955,P074,Requirements Analysis,Project Discussion,2025-11-16 13:09,2025-11-16 13:39,2025-11-16 12:45,2025-11-16 13:30,2025-11-16 13:09,2025-11-16 13:30,21.0,partial overlap,Low,Conference Room C,Online Meeting
CONF_2956,P074,Requirements Analysis,Deployment,2025-11-16 13:09,2025-11-16 13:39,2025-11-16 12:45,2025-11-16 13:30,2025-11-16 13:09,2025-11-16 13:30,21.0,partial overlap,Low,Conference Room C,Demo Hall
CONF_2957,P074,Requirements Analysis,Requirements Analysis,2025-11-16 13:09,2025-11-16 13:39,2025-11-16 13:30,2025-11-16 14:00,2025-11-16 13:30,2025-11-16 13:39,9.0,partial overlap,Low,Conference Room C,Cafe
CONF_2958,P074,Requirements Analysis,Operations Check,2025-11-16 13:09,2025-11-16 13:39,2025-11-16 12:54,2025-11-16 13:12,2025-11-16 13:09,2025-11-16 13:12,3.0,partial overlap,Low,Conference Room C,Cafe
CONF_2959,P074,Requirements Analysis,One-on-One,2025-11-16 13:09,2025-11-16 13:39,2025-11-16 12:55,2025-11-16 13:27,2025-11-16 13:09,2025-11-16 13:27,18.0,partial overlap,Low,Conference Room C,Conference Room B
CONF_2960,P074,Operations Check,Tech Sharing,2025-11-18 15:06,2025-11-18 15:54,2025-11-18 15:00,2025-11-18 15:15,2025-11-18 15:06,2025-11-18 15:15,9.0,partial overlap,Low,Online Meeting,Remote
CONF_2961,P074,Operations Check,Meeting,2025-11-18 15:06,2025-11-18 15:54,2025-11-18 14:45,2025-11-18 15:30,2025-11-18 15:06,2025-11-18 15:30,24.0,partial overlap,Low,Online Meeting,Cafe
CONF_2962,P074,Operations Check,Team Building,2025-11-23 09:10,2025-11-23 09:33,2025-11-23 09:00,2025-11-23 09:30,2025-11-23 09:10,2025-11-23 09:30,20.0,partial overlap,Low,Office Area 2,Test Lab
CONF_2963,P074,Project Discussion,Project Discussion,2025-11-18 10:22,2025-11-18 10:43,2025-11-18 10:30,2025-11-18 10:45,2025-11-18 10:30,2025-11-18 10:43,13.0,partial overlap,Low,Demo Hall,Test Lab
CONF_2964,P074,Project Discussion,Design Review,2025-11-18 10:22,2025-11-18 10:43,2025-11-18 10:15,2025-11-18 10:45,2025-11-18 10:22,2025-11-18 10:43,21.0,full overlap,Low,Demo Hall,Test Lab
CONF_2965,P075,Client Visit,Product Demo,2025-10-30 18:30,2025-10-30 19:02,2025-10-30 18:15,2025-10-30 19:15,2025-10-30 18:30,2025-10-30 19:02,32.0,full overlap,Medium,Product Showcase,Conference Room B
CONF_2966,P075,Design Review,Brainstorming,2025-10-30 15:48,2025-10-30 16:20,2025-10-30 15:30,2025-10-30 16:15,2025-10-30 15:48,2025-10-30 16:15,27.0,partial overlap,Low,Training Room,Client Reception
CONF_2967,P075,Tech Sharing,Design Review,2025-11-04 14:14,2025-11-04 15:09,2025-11-04 14:00,2025-11-04 14:30,2025-11-04 14:14,2025-11-04 14:30,16.0,partial overlap,Low,Client Reception,Test Lab
CONF_2968,P075,One-on-One,Client Visit,2025-10-31 17:07,2025-10-31 17:50,2025-10-31 17:00,2025-10-31 17:30,2025-10-31 17:07,2025-10-31 17:30,23.0,partial overlap,Low,Conference Room A,R&D Center
CONF_2969,P075,Deployment,Operations Check,2025-11-04 18:44,2025-11-04 19:35,2025-11-04 18:30,2025-11-04 19:30,2025-11-04 18:44,2025-11-04 19:30,46.0,partial overlap,Medium,Office Area 2,Demo Hall
CONF_2970,P075,Brainstorming,Product Demo,2025-11-05 08:58,2025-11-05 09:24,2025-11-05 08:45,2025-11-05 09:15,2025-11-05 08:58,2025-11-05 09:15,17.0,partial overlap,Low,Demo Hall,Office Area 1
CONF_2971,P075,Team Building,Training,2025-11-08 13:45,2025-11-08 14:30,2025-11-08 13:30,2025-11-08 14:30,2025-11-08 13:45,2025-11-08 14:30,45.0,full overlap,Medium,Product Showcase,Cafe
CONF_2972,P075,Brainstorming,Operations Check,2025-11-13 12:45,2025-11-13 13:30,2025-11-13 12:45,2025-11-13 13:45,2025-11-13 12:45,2025-11-13 13:30,45.0,full overlap,Medium,Office Area 1,Training Room
CONF_2973,P075,Deployment,Meeting,2025-11-14 08:00,2025-11-14 09:00,2025-11-14 08:00,2025-11-14 09:00,2025-11-14 08:00,2025-11-14 09:00,60.0,full overlap,High,Training Room,Office Area 1
CONF_2974,P075,One-on-One,Meeting,2025-11-14 15:45,2025-11-14 16:45,2025-11-14 16:00,2025-11-14 16:30,2025-11-14 16:00,2025-11-14 16:30,30.0,full overlap,Medium,Online Meeting,Office Area 2
CONF_2975,P075,Team Building,Team Building,2025-11-08 14:11,2025-11-08 14:34,2025-11-08 13:45,2025-11-08 14:30,2025-11-08 14:11,2025-11-08 14:30,19.0,partial overlap,Low,Remote,Product Showcase
CONF_2976,P075,Team Building,Training,2025-11-08 14:11,2025-11-08 14:34,2025-11-08 13:30,2025-11-08 14:30,2025-11-08 14:11,2025-11-08 14:30,19.0,partial overlap,Low,Remote,Cafe
CONF_2977,P075,Design Review,Tech Sharing,2025-11-16 10:30,2025-11-16 10:45,2025-11-16 10:30,2025-11-16 11:15,2025-11-16 10:30,2025-11-16 10:45,15.0,full overlap,Low,Conference Room A,Remote
CONF_2978,P075,Client Visit,One-on-One,2025-11-15 17:15,2025-11-15 18:00,2025-11-15 17:45,2025-11-15 18:30,2025-11-15 17:45,2025-11-15 18:00,15.0,partial overlap,Low,Online Meeting,Demo Hall
CONF_2979,P075,Client Visit,Tech Sharing,2025-11-21 12:00,2025-11-21 12:30,2025-11-21 11:45,2025-11-21 12:15,2025-11-21 12:00,2025-11-21 12:15,15.0,partial overlap,Low,Cafe,R&D Center
CONF_2980,P075,Brainstorming,Meeting,2025-11-20 08:30,2025-11-20 09:15,2025-11-20 09:00,2025-11-20 09:30,2025-11-20 09:00,2025-11-20 09:15,15.0,partial overlap,Low,Demo Hall,Break Room
CONF_2981,P075,One-on-One,Requirements Analysis,2025-11-14 11:56,2025-11-14 12:44,2025-11-14 11:45,2025-11-14 12:15,2025-11-14 11:56,2025-11-14 12:15,19.0,partial overlap,Low,Office Area 2,Office Area 2
CONF_2982,P075,Training,Team Building,2025-11-16 15:37,2025-11-16 16:00,2025-11-16 15:15,2025-11-16 16:00,2025-11-16 15:37,2025-11-16 16:00,23.0,full overlap,Low,Conference Room A,Office Area 2
CONF_2983,P075,Tech Sharing,Requirements Analysis,2025-11-17 17:37,2025-11-17 18:29,2025-11-17 17:30,2025-11-17 18:15,2025-11-17 17:37,2025-11-17 18:15,38.0,partial overlap,Medium,Remote,Cafe
CONF_2984,P076,Requirements Analysis,Design Review,2025-11-02 15:00,2025-11-02 15:45,2025-11-02 14:30,2025-11-02 16:00,2025-11-02 15:00,2025-11-02 15:45,45.0,full overlap,Medium,Office Area 1,Demo Hall
CONF_2985,P076,Brainstorming,Design Review,2025-11-02 15:45,2025-11-02 16:30,2025-11-02 14:30,2025-11-02 16:00,2025-11-02 15:45,2025-11-02 16:00,15.0,partial overlap,Low,Demo Hall,Demo Hall
CONF_2986,P076,Requirements Analysis,Client Visit,2025-10-30 17:46,2025-10-30 18:35,2025-10-30 17:30,2025-10-30 18:00,2025-10-30 17:46,2025-10-30 18:00,14.0,partial overlap,Low,Conference Room B,Training Room
CONF_2987,P076,Deployment,Client Visit,2025-11-07 16:30,2025-11-07 17:30,2025-11-07 17:00,2025-11-07 17:30,2025-11-07 17:00,2025-11-07 17:30,30.0,full overlap,Medium,Conference Room B,Product Showcase
CONF_2988,P076,One-on-One,Design Review,2025-11-08 09:15,2025-11-08 10:00,2025-11-08 08:45,2025-11-08 09:30,2025-11-08 09:15,2025-11-08 09:30,15.0,partial overlap,Low,R&D Center,Online Meeting
CONF_2989,P076,Testing Acceptance,Brainstorming,2025-11-09 12:30,2025-11-09 13:30,2025-11-09 12:15,2025-11-09 13:15,2025-11-09 12:30,2025-11-09 13:15,45.0,partial overlap,Medium,Remote,Demo Hall
CONF_2990,P076,Brainstorming,One-on-One,2025-11-08 09:03,2025-11-08 09:44,2025-11-08 09:15,2025-11-08 10:00,2025-11-08 09:15,2025-11-08 09:44,29.0,partial overlap,Low,Conference Room B,R&D Center
CONF_2991,P076,Brainstorming,Design Review,2025-11-08 09:03,2025-11-08 09:44,2025-11-08 08:45,2025-11-08 09:30,2025-11-08 09:03,2025-11-08 09:30,27.0,partial overlap,Low,Conference Room B,Online Meeting
CONF_2992,P076,Requirements Analysis,Brainstorming,2025-11-09 12:40,2025-11-09 13:38,2025-11-09 12:15,2025-11-09 13:15,2025-11-09 12:40,2025-11-09 13:15,35.0,partial overlap,Medium,Break Room,Demo Hall
CONF_2993,P076,Requirements Analysis,Testing Acceptance,2025-11-09 12:40,2025-11-09 13:38,2025-11-09 12:30,2025-11-09 13:30,2025-11-09 12:40,2025-11-09 13:30,50.0,partial overlap,Medium,Break Room,Remote
CONF_2994,P076,Team Building,Project Discussion,2025-11-11 13:25,2025-11-11 14:03,2025-11-11 13:00,2025-11-11 14:00,2025-11-11 13:25,2025-11-11 14:00,35.0,partial overlap,Medium,Office Area 1,Conference Room B
CONF_2995,P076,Requirements Analysis,Requirements Analysis,2025-11-12 09:43,2025-11-12 10:34,2025-11-12 09:30,2025-11-12 10:15,2025-11-12 09:43,2025-11-12 10:15,32.0,partial overlap,Medium,Conference Room A,Client Reception
CONF_2996,P076,One-on-One,Operations Check,2025-11-13 14:45,2025-11-13 15:21,2025-11-13 14:15,2025-11-13 15:15,2025-11-13 14:45,2025-11-13 15:15,30.0,partial overlap,Medium,Demo Hall,Conference Room C
CONF_2997,P076,One-on-One,Brainstorming,2025-11-16 16:00,2025-11-16 16:30,2025-11-16 16:15,2025-11-16 17:00,2025-11-16 16:15,2025-11-16 16:30,15.0,partial overlap,Low,Conference Room B,Office Area 2
CONF_2998,P076,Meeting,Brainstorming,2025-11-16 16:45,2025-11-16 17:15,2025-11-16 16:15,2025-11-16 17:00,2025-11-16 16:45,2025-11-16 17:00,15.0,partial overlap,Low,Test Lab,Office Area 2
CONF_2999,P076,Code Review,Design Review,2025-11-19 17:45,2025-11-19 18:00,2025-11-19 17:45,2025-11-19 18:00,2025-11-19 17:45,2025-11-19 18:00,15.0,full overlap,Low,Conference Room A,Office Area 2
CONF_3000,P076,Training,Client Visit,2025-11-20 10:30,2025-11-20 11:00,2025-11-20 10:15,2025-11-20 11:00,2025-11-20 10:30,2025-11-20 11:00,30.0,full overlap,Medium,Conference Room C,Online Meeting
CONF_3001,P076,Requirements Analysis,Meeting,2025-11-16 16:20,2025-11-16 16:50,2025-11-16 16:45,2025-11-16 17:15,2025-11-16 16:45,2025-11-16 16:50,5.0,partial overlap,Low,Office Area 1,Test Lab
CONF_3002,P076,Requirements Analysis,One-on-One,2025-11-16 16:20,2025-11-16 16:50,2025-11-16 16:00,2025-11-16 16:30,2025-11-16 16:20,2025-11-16 16:30,10.0,partial overlap,Low,Office Area 1,Conference Room B
CONF_3003,P076,Requirements Analysis,Brainstorming,2025-11-16 16:20,2025-11-16 16:50,2025-11-16 16:15,2025-11-16 17:00,2025-11-16 16:20,2025-11-16 16:50,30.0,full overlap,Medium,Office Area 1,Office Area 2
CONF_3004,P076,Code Review,Deployment,2025-11-16 10:36,2025-11-16 11:24,2025-11-16 10:30,2025-11-16 11:00,2025-11-16 10:36,2025-11-16 11:00,24.0,partial overlap,Low,Conference Room A,Conference Room A
CONF_3005,P076,Code Review,Testing Acceptance,2025-11-16 10:36,2025-11-16 11:24,2025-11-16 11:15,2025-11-16 11:45,2025-11-16 11:15,2025-11-16 11:24,9.0,partial overlap,Low,Conference Room A,Demo Hall
CONF_3006,P076,Client Visit,Requirements Analysis,2025-11-23 13:13,2025-11-23 14:06,2025-11-23 14:00,2025-11-23 14:30,2025-11-23 14:00,2025-11-23 14:06,6.0,partial overlap,Low,Online Meeting,Break Room
CONF_3007,P076,Client Visit,Team Building,2025-11-23 13:13,2025-11-23 14:06,2025-11-23 13:00,2025-11-23 13:45,2025-11-23 13:13,2025-11-23 13:45,32.0,partial overlap,Medium,Online Meeting,Conference Room A
CONF_3008,P076,Requirements Analysis,One-on-One,2025-11-16 16:27,2025-11-16 16:43,2025-11-16 16:00,2025-11-16 16:30,2025-11-16 16:27,2025-11-16 16:30,3.0,partial overlap,Low,Cafe,Conference Room B
CONF_3009,P076,Requirements Analysis,Requirements Analysis,2025-11-16 16:27,2025-11-16 16:43,2025-11-16 16:20,2025-11-16 16:50,2025-11-16 16:27,2025-11-16 16:43,16.0,full overlap,Low,Cafe,Office Area 1
CONF_3010,P076,Requirements Analysis,Brainstorming,2025-11-16 16:27,2025-11-16 16:43,2025-11-16 16:15,2025-11-16 17:00,2025-11-16 16:27,2025-11-16 16:43,16.0,full overlap,Low,Cafe,Office Area 2
CONF_3011,P077,One-on-One,Meeting,2025-11-04 15:30,2025-11-04 16:15,2025-11-04 14:45,2025-11-04 16:15,2025-11-04 15:30,2025-11-04 16:15,45.0,full overlap,Medium,Conference Room C,Client Reception
CONF_3012,P077,Requirements Analysis,Requirements Analysis,2025-11-02 14:32,2025-11-02 14:48,2025-11-02 14:15,2025-11-02 15:15,2025-11-02 14:32,2025-11-02 14:48,16.0,full overlap,Low,Conference Room B,Demo Hall
CONF_3013,P077,Requirements Analysis,Training,2025-10-31 09:30,2025-10-31 10:26,2025-10-31 09:15,2025-10-31 10:45,2025-10-31 09:30,2025-10-31 10:26,56.0,full overlap,Medium,Conference Room A,Office Area 2
CONF_3014,P077,Training,Tech Sharing,2025-11-08 13:30,2025-11-08 14:00,2025-11-08 13:15,2025-11-08 14:45,2025-11-08 13:30,2025-11-08 14:00,30.0,full overlap,Medium,Conference Room A,Test Lab
CONF_3015,P077,Brainstorming,Tech Sharing,2025-11-08 14:30,2025-11-08 15:15,2025-11-08 13:15,2025-11-08 14:45,2025-11-08 14:30,2025-11-08 14:45,15.0,partial overlap,Low,Test Lab,Test Lab
CONF_3016,P077,Design Review,Operations Check,2025-11-16 10:30,2025-11-16 11:00,2025-11-16 10:00,2025-11-16 11:00,2025-11-16 10:30,2025-11-16 11:00,30.0,full overlap,Medium,Office Area 2,Online Meeting
CONF_3017,P077,One-on-One,Requirements Analysis,2025-11-11 15:45,2025-11-11 16:30,2025-11-11 16:15,2025-11-11 17:00,2025-11-11 16:15,2025-11-11 16:30,15.0,partial overlap,Low,R&D Center,Online Meeting
CONF_3018,P077,One-on-One,Meeting,2025-11-11 15:45,2025-11-11 16:30,2025-11-11 15:00,2025-11-11 16:00,2025-11-11 15:45,2025-11-11 16:00,15.0,partial overlap,Low,R&D Center,Office Area 2
CONF_3019,P077,Meeting,Product Demo,2025-11-15 19:05,2025-11-15 19:57,2025-11-15 18:45,2025-11-15 19:15,2025-11-15 19:05,2025-11-15 19:15,10.0,partial overlap,Low,Conference Room B,Office Area 1
CONF_3020,P077,Meeting,Training,2025-11-14 09:16,2025-11-14 09:50,2025-11-14 09:00,2025-11-14 10:00,2025-11-14 09:16,2025-11-14 09:50,34.0,full overlap,Medium,Remote,Test Lab
CONF_3021,P077,Requirements Analysis,Brainstorming,2025-11-16 08:15,2025-11-16 08:30,2025-11-16 08:15,2025-11-16 08:30,2025-11-16 08:15,2025-11-16 08:30,15.0,full overlap,Low,Training Room,Break Room
CONF_3022,P077,Product Demo,Operations Check,2025-11-16 10:30,2025-11-16 10:45,2025-11-16 10:00,2025-11-16 11:00,2025-11-16 10:30,2025-11-16 10:45,15.0,full overlap,Low,Office Area 1,Online Meeting
CONF_3023,P077,Product Demo,Design Review,2025-11-16 10:30,2025-11-16 10:45,2025-11-16 10:30,2025-11-16 11:00,2025-11-16 10:30,2025-11-16 10:45,15.0,full overlap,Low,Office Area 1,Office Area 2
CONF_3024,P077,Testing Acceptance,Product Demo,2025-11-16 10:00,2025-11-16 10:45,2025-11-16 10:30,2025-11-16 10:45,2025-11-16 10:30,2025-11-16 10:45,15.0,full overlap,Low,Cafe,Office Area 1
CONF_3025,P077,Testing Acceptance,Operations Check,2025-11-16 10:00,2025-11-16 10:45,2025-11-16 10:00,2025-11-16 11:00,2025-11-16 10:00,2025-11-16 10:45,45.0,full overlap,Medium,Cafe,Online Meeting
CONF_3026,P077,Testing Acceptance,Design Review,2025-11-16 10:00,2025-11-16 10:45,2025-11-16 10:30,2025-11-16 11:00,2025-11-16 10:30,2025-11-16 10:45,15.0,partial overlap,Low,Cafe,Office Area 2
CONF_3027,P077,Testing Acceptance,Operations Check,2025-11-20 10:45,2025-11-20 11:15,2025-11-20 11:00,2025-11-20 11:30,2025-11-20 11:00,2025-11-20 11:15,15.0,partial overlap,Low,Break Room,Demo Hall
CONF_3028,P077,One-on-One,Tech Sharing,2025-11-24 13:45,2025-11-24 14:15,2025-11-24 13:45,2025-11-24 14:30,2025-11-24 13:45,2025-11-24 14:15,30.0,full overlap,Medium,Break Room,Remote
CONF_3029,P077,Product Demo,Product Demo,2025-11-17 15:21,2025-11-17 15:51,2025-11-17 15:15,2025-11-17 15:45,2025-11-17 15:21,2025-11-17 15:45,24.0,partial overlap,Low,Online Meeting,Conference Room C
CONF_3030,P077,Tech Sharing,One-on-One,2025-11-20 08:53,2025-11-20 09:52,2025-11-20 08:30,2025-11-20 09:15,2025-11-20 08:53,2025-11-20 09:15,22.0,partial overlap,Low,Test Lab,R&D Center
CONF_3031,P077,Team Building,Product Demo,2025-11-14 16:58,2025-11-14 17:51,2025-11-14 16:45,2025-11-14 17:30,2025-11-14 16:58,2025-11-14 17:30,32.0,partial overlap,Medium,Cafe,Client Reception
CONF_3032,P077,Team Building,Deployment,2025-11-21 18:43,2025-11-21 19:30,2025-11-21 18:30,2025-11-21 19:00,2025-11-21 18:43,2025-11-21 19:00,17.0,partial overlap,Low,Test Lab,Product Showcase
CONF_3033,P077,Requirements Analysis,Operations Check,2025-11-20 11:23,2025-11-20 12:01,2025-11-20 11:00,2025-11-20 11:30,2025-11-20 11:23,2025-11-20 11:30,7.0,partial overlap,Low,Product Showcase,Demo Hall
CONF_3034,P077,Brainstorming,Testing Acceptance,2025-11-20 11:07,2025-11-20 12:01,2025-11-20 10:45,2025-11-20 11:15,2025-11-20 11:07,2025-11-20 11:15,8.0,partial overlap,Low,Office Area 2,Break Room
CONF_3035,P077,Brainstorming,Operations Check,2025-11-20 11:07,2025-11-20 12:01,2025-11-20 11:00,2025-11-20 11:30,2025-11-20 11:07,2025-11-20 11:30,23.0,partial overlap,Low,Office Area 2,Demo Hall
CONF_3036,P077,Brainstorming,Requirements Analysis,2025-11-20 11:07,2025-11-20 12:01,2025-11-20 11:23,2025-11-20 12:01,2025-11-20 11:23,2025-11-20 12:01,38.0,full overlap,Medium,Office Area 2,Product Showcase
CONF_3037,P077,Brainstorming,Deployment,2025-11-16 16:27,2025-11-16 17:04,2025-11-16 16:15,2025-11-16 17:00,2025-11-16 16:27,2025-11-16 17:00,33.0,partial overlap,Medium,Demo Hall,Demo Hall
CONF_3038,P078,Operations Check,Code Review,2025-10-30 11:30,2025-10-30 12:30,2025-10-30 10:45,2025-10-30 11:45,2025-10-30 11:30,2025-10-30 11:45,15.0,partial overlap,Low,Break Room,Break Room
CONF_3039,P078,Project Discussion,Client Visit,2025-11-09 12:00,2025-11-09 12:45,2025-11-09 11:45,2025-11-09 12:15,2025-11-09 12:00,2025-11-09 12:15,15.0,partial overlap,Low,Demo Hall,R&D Center
CONF_3040,P078,One-on-One,Operations Check,2025-10-30 11:41,2025-10-30 12:13,2025-10-30 11:30,2025-10-30 12:30,2025-10-30 11:41,2025-10-30 12:13,32.0,full overlap,Medium,Client Reception,Break Room
CONF_3041,P078,One-on-One,Code Review,2025-10-30 11:41,2025-10-30 12:13,2025-10-30 10:45,2025-10-30 11:45,2025-10-30 11:41,2025-10-30 11:45,4.0,partial overlap,Low,Client Reception,Break Room
CONF_3042,P078,One-on-One,Client Visit,2025-11-09 12:09,2025-11-09 12:40,2025-11-09 11:45,2025-11-09 12:15,2025-11-09 12:09,2025-11-09 12:15,6.0,partial overlap,Low,Cafe,R&D Center
CONF_3043,P078,One-on-One,Project Discussion,2025-11-09 12:09,2025-11-09 12:40,2025-11-09 12:00,2025-11-09 12:45,2025-11-09 12:09,2025-11-09 12:40,31.0,full overlap,Medium,Cafe,Demo Hall
CONF_3044,P078,Team Building,Operations Check,2025-11-01 09:50,2025-11-01 10:35,2025-11-01 09:30,2025-11-01 10:15,2025-11-01 09:50,2025-11-01 10:15,25.0,partial overlap,Low,Client Reception,Cafe
CONF_3045,P078,Deployment,Operations Check,2025-11-01 09:53,2025-11-01 10:23,2025-11-01 09:30,2025-11-01 10:15,2025-11-01 09:53,2025-11-01 10:15,22.0,partial overlap,Low,Training Room,Cafe
CONF_3046,P078,Deployment,Team Building,2025-11-01 09:53,2025-11-01 10:23,2025-11-01 09:50,2025-11-01 10:35,2025-11-01 09:53,2025-11-01 10:23,30.0,full overlap,Medium,Training Room,Client Reception
CONF_3047,P078,Meeting,One-on-One,2025-11-09 12:30,2025-11-09 13:30,2025-11-09 12:09,2025-11-09 12:40,2025-11-09 12:30,2025-11-09 12:40,10.0,partial overlap,Low,Product Showcase,Cafe
CONF_3048,P078,Meeting,Project Discussion,2025-11-09 12:30,2025-11-09 13:30,2025-11-09 12:00,2025-11-09 12:45,2025-11-09 12:30,2025-11-09 12:45,15.0,partial overlap,Low,Product Showcase,Demo Hall
CONF_3049,P078,Design Review,Meeting,2025-11-08 18:00,2025-11-08 18:30,2025-11-08 18:15,2025-11-08 19:45,2025-11-08 18:15,2025-11-08 18:30,15.0,partial overlap,Low,Client Reception,Training Room
CONF_3050,P078,Tech Sharing,Project Discussion,2025-11-12 15:45,2025-11-12 16:30,2025-11-12 16:15,2025-11-12 17:15,2025-11-12 16:15,2025-11-12 16:30,15.0,partial overlap,Low,Online Meeting,Break Room
CONF_3051,P078,Product Demo,Meeting,2025-11-09 13:15,2025-11-09 14:00,2025-11-09 12:30,2025-11-09 13:30,2025-11-09 13:15,2025-11-09 13:30,15.0,partial overlap,Low,Office Area 2,Product Showcase
CONF_3052,P078,One-on-One,One-on-One,2025-11-12 12:45,2025-11-12 13:15,2025-11-12 12:45,2025-11-12 13:45,2025-11-12 12:45,2025-11-12 13:15,30.0,full overlap,Medium,Online Meeting,Conference Room C
CONF_3053,P078,Operations Check,Team Building,2025-11-11 13:55,2025-11-11 14:26,2025-11-11 13:45,2025-11-11 14:15,2025-11-11 13:55,2025-11-11 14:15,20.0,partial overlap,Low,R&D Center,Conference Room C
CONF_3054,P078,Testing Acceptance,Requirements Analysis,2025-11-08 15:36,2025-11-08 16:09,2025-11-08 15:15,2025-11-08 16:15,2025-11-08 15:36,2025-11-08 16:09,33.0,full overlap,Medium,Training Room,Break Room
CONF_3055,P078,Requirements Analysis,Deployment,2025-11-18 14:45,2025-11-18 15:30,2025-11-18 15:15,2025-11-18 16:00,2025-11-18 15:15,2025-11-18 15:30,15.0,partial overlap,Low,Break Room,Break Room
CONF_3056,P078,Deployment,Requirements Analysis,2025-11-16 15:45,2025-11-16 16:00,2025-11-16 15:30,2025-11-16 16:15,2025-11-16 15:45,2025-11-16 16:00,15.0,full overlap,Low,Training Room,Product Showcase
CONF_3057,P078,Requirements Analysis,Requirements Analysis,2025-11-16 16:00,2025-11-16 16:45,2025-11-16 15:30,2025-11-16 16:15,2025-11-16 16:00,2025-11-16 16:15,15.0,partial overlap,Low,Product Showcase,Product Showcase
CONF_3058,P078,Operations Check,One-on-One,2025-11-21 18:15,2025-11-21 18:30,2025-11-21 18:00,2025-11-21 18:45,2025-11-21 18:15,2025-11-21 18:30,15.0,full overlap,Low,Test Lab,Conference Room A
CONF_3059,P078,Project Discussion,Brainstorming,2025-11-21 15:15,2025-11-21 15:30,2025-11-21 15:15,2025-11-21 16:00,2025-11-21 15:15,2025-11-21 15:30,15.0,full overlap,Low,Office Area 1,R&D Center
CONF_3060,P078,Client Visit,Product Demo,2025-11-20 09:15,2025-11-20 09:45,2025-11-20 09:15,2025-11-20 09:45,2025-11-20 09:15,2025-11-20 09:45,30.0,full overlap,Medium,Product Showcase,Demo Hall
CONF_3061,P078,Deployment,Brainstorming,2025-11-21 15:00,2025-11-21 15:45,2025-11-21 15:15,2025-11-21 16:00,2025-11-21 15:15,2025-11-21 15:45,30.0,partial overlap,Medium,Test Lab,R&D Center
CONF_3062,P078,Deployment,Project Discussion,2025-11-21 15:00,2025-11-21 15:45,2025-11-21 15:15,2025-11-21 15:30,2025-11-21 15:15,2025-11-21 15:30,15.0,full overlap,Low,Test Lab,Office Area 1
CONF_3063,P078,Operations Check,Deployment,2025-11-18 14:45,2025-11-18 15:30,2025-11-18 15:15,2025-11-18 16:00,2025-11-18 15:15,2025-11-18 15:30,15.0,partial overlap,Low,Remote,Break Room
CONF_3064,P078,Operations Check,Requirements Analysis,2025-11-18 14:45,2025-11-18 15:30,2025-11-18 14:45,2025-11-18 15:30,2025-11-18 14:45,2025-11-18 15:30,45.0,full overlap,Medium,Remote,Break Room
CONF_3065,P078,Client Visit,Brainstorming,2025-11-17 18:30,2025-11-17 19:15,2025-11-17 18:45,2025-11-17 19:00,2025-11-17 18:45,2025-11-17 19:00,15.0,full overlap,Low,Demo Hall,Conference Room C
CONF_3066,P078,Product Demo,Deployment,2025-11-19 14:30,2025-11-19 14:45,2025-11-19 14:30,2025-11-19 15:15,2025-11-19 14:30,2025-11-19 14:45,15.0,full overlap,Low,Demo Hall,Conference Room A
CONF_3067,P078,Training,Operations Check,2025-11-21 18:29,2025-11-21 19:03,2025-11-21 18:15,2025-11-21 18:30,2025-11-21 18:29,2025-11-21 18:30,1.0,partial overlap,Low,Break Room,Test Lab
CONF_3068,P078,Training,One-on-One,2025-11-21 18:29,2025-11-21 19:03,2025-11-21 18:00,2025-11-21 18:45,2025-11-21 18:29,2025-11-21 18:45,16.0,partial overlap,Low,Break Room,Conference Room A
CONF_3069,P079,Design Review,Design Review,2025-11-05 12:30,2025-11-05 13:15,2025-11-05 12:30,2025-11-05 13:15,2025-11-05 12:30,2025-11-05 13:15,45.0,full overlap,Medium,Product Showcase,Office Area 2
CONF_3070,P079,Operations Check,Brainstorming,2025-11-07 10:00,2025-11-07 10:30,2025-11-07 09:00,2025-11-07 10:30,2025-11-07 10:00,2025-11-07 10:30,30.0,full overlap,Medium,Office Area 2,Conference Room B
CONF_3071,P079,Requirements Analysis,One-on-One,2025-11-06 16:15,2025-11-06 17:15,2025-11-06 16:45,2025-11-06 17:15,2025-11-06 16:45,2025-11-06 17:15,30.0,full overlap,Medium,Conference Room C,Break Room
CONF_3072,P079,Brainstorming,One-on-One,2025-11-06 16:45,2025-11-06 17:30,2025-11-06 16:45,2025-11-06 17:15,2025-11-06 16:45,2025-11-06 17:15,30.0,full overlap,Medium,Conference Room A,Break Room
CONF_3073,P079,Brainstorming,Requirements Analysis,2025-11-06 16:45,2025-11-06 17:30,2025-11-06 16:15,2025-11-06 17:15,2025-11-06 16:45,2025-11-06 17:15,30.0,partial overlap,Medium,Conference Room A,Conference Room C
CONF_3074,P079,Training,Requirements Analysis,2025-11-13 15:15,2025-11-13 16:00,2025-11-13 15:15,2025-11-13 16:15,2025-11-13 15:15,2025-11-13 16:00,45.0,full overlap,Medium,Test Lab,Remote
CONF_3075,P079,Design Review,Tech Sharing,2025-11-10 16:00,2025-11-10 16:45,2025-11-10 16:30,2025-11-10 17:15,2025-11-10 16:30,2025-11-10 16:45,15.0,partial overlap,Low,Cafe,Conference Room A
CONF_3076,P079,Operations Check,Requirements Analysis,2025-11-13 16:00,2025-11-13 16:45,2025-11-13 15:15,2025-11-13 16:15,2025-11-13 16:00,2025-11-13 16:15,15.0,partial overlap,Low,Remote,Remote
CONF_3077,P079,Design Review,Tech Sharing,2025-11-05 13:37,2025-11-05 14:30,2025-11-05 13:30,2025-11-05 14:00,2025-11-05 13:37,2025-11-05 14:00,23.0,partial overlap,Low,Demo Hall,Cafe
CONF_3078,P079,Team Building,One-on-One,2025-11-16 14:45,2025-11-16 15:30,2025-11-16 14:30,2025-11-16 15:15,2025-11-16 14:45,2025-11-16 15:15,30.0,partial overlap,Medium,Break Room,Cafe
CONF_3079,P079,One-on-One,One-on-One,2025-11-17 11:30,2025-11-17 12:15,2025-11-17 11:00,2025-11-17 11:45,2025-11-17 11:30,2025-11-17 11:45,15.0,partial overlap,Low,Conference Room B,Conference Room C
CONF_3080,P079,Deployment,Product Demo,2025-11-13 09:00,2025-11-13 09:45,2025-11-13 09:15,2025-11-13 09:45,2025-11-13 09:15,2025-11-13 09:45,30.0,full overlap,Medium,Online Meeting,Test Lab
CONF_3081,P079,Training,One-on-One,2025-11-16 14:15,2025-11-16 14:45,2025-11-16 14:30,2025-11-16 15:15,2025-11-16 14:30,2025-11-16 14:45,15.0,partial overlap,Low,Office Area 1,Cafe
CONF_3082,P079,One-on-One,Code Review,2025-11-17 09:00,2025-11-17 09:45,2025-11-17 09:00,2025-11-17 09:45,2025-11-17 09:00,2025-11-17 09:45,45.0,full overlap,Medium,Online Meeting,Online Meeting
CONF_3083,P079,One-on-One,Product Demo,2025-11-15 12:30,2025-11-15 13:00,2025-11-15 12:30,2025-11-15 13:15,2025-11-15 12:30,2025-11-15 13:00,30.0,full overlap,Medium,Conference Room A,Product Showcase
CONF_3084,P079,Meeting,Meeting,2025-11-19 17:30,2025-11-19 18:15,2025-11-19 17:15,2025-11-19 17:45,2025-11-19 17:30,2025-11-19 17:45,15.0,partial overlap,Low,Cafe,Demo Hall
CONF_3085,P079,Code Review,One-on-One,2025-11-17 12:00,2025-11-17 12:15,2025-11-17 11:30,2025-11-17 12:15,2025-11-17 12:00,2025-11-17 12:15,15.0,full overlap,Low,Conference Room A,Conference Room B
CONF_3086,P079,Training,One-on-One,2025-11-16 14:30,2025-11-16 14:45,2025-11-16 14:30,2025-11-16 15:15,2025-11-16 14:30,2025-11-16 14:45,15.0,full overlap,Low,Remote,Cafe
CONF_3087,P079,Training,Training,2025-11-16 14:30,2025-11-16 14:45,2025-11-16 14:15,2025-11-16 14:45,2025-11-16 14:30,2025-11-16 14:45,15.0,full overlap,Low,Remote,Office Area 1
CONF_3088,P079,One-on-One,Operations Check,2025-11-18 15:45,2025-11-18 16:30,2025-11-18 15:45,2025-11-18 16:00,2025-11-18 15:45,2025-11-18 16:00,15.0,full overlap,Low,Online Meeting,Training Room
CONF_3089,P079,Client Visit,Training,2025-11-20 14:00,2025-11-20 14:15,2025-11-20 13:45,2025-11-20 14:15,2025-11-20 14:00,2025-11-20 14:15,15.0,full overlap,Low,Online Meeting,Break Room
CONF_3090,P079,Training,Training,2025-11-20 13:30,2025-11-20 14:15,2025-11-20 13:45,2025-11-20 14:15,2025-11-20 13:45,2025-11-20 14:15,30.0,full overlap,Medium,Conference Room A,Break Room
CONF_3091,P079,Training,Client Visit,2025-11-20 13:30,2025-11-20 14:15,2025-11-20 14:00,2025-11-20 14:15,2025-11-20 14:00,2025-11-20 14:15,15.0,full overlap,Low,Conference Room A,Online Meeting
CONF_3092,P079,Deployment,Brainstorming,2025-11-20 16:54,2025-11-20 17:33,2025-11-20 16:30,2025-11-20 17:15,2025-11-20 16:54,2025-11-20 17:15,21.0,partial overlap,Low,Conference Room B,Break Room
CONF_3093,P079,Deployment,One-on-One,2025-11-20 16:54,2025-11-20 17:33,2025-11-20 17:30,2025-11-20 18:00,2025-11-20 17:30,2025-11-20 17:33,3.0,partial overlap,Low,Conference Room B,Demo Hall
CONF_3094,P079,Deployment,Operations Check,2025-11-18 15:51,2025-11-18 16:11,2025-11-18 15:45,2025-11-18 16:00,2025-11-18 15:51,2025-11-18 16:00,9.0,partial overlap,Low,Demo Hall,Training Room
CONF_3095,P079,Deployment,One-on-One,2025-11-18 15:51,2025-11-18 16:11,2025-11-18 15:45,2025-11-18 16:30,2025-11-18 15:51,2025-11-18 16:11,20.0,full overlap,Low,Demo Hall,Online Meeting
CONF_3096,P079,Code Review,Product Demo,2025-11-13 09:20,2025-11-13 09:47,2025-11-13 09:15,2025-11-13 09:45,2025-11-13 09:20,2025-11-13 09:45,25.0,partial overlap,Low,Training Room,Test Lab
CONF_3097,P079,Code Review,Deployment,2025-11-13 09:20,2025-11-13 09:47,2025-11-13 09:00,2025-11-13 09:45,2025-11-13 09:20,2025-11-13 09:45,25.0,partial overlap,Low,Training Room,Online Meeting
CONF_3098,P079,Design Review,Client Visit,2025-11-22 18:06,2025-11-22 18:32,2025-11-22 18:00,2025-11-22 18:30,2025-11-22 18:06,2025-11-22 18:30,24.0,partial overlap,Low,Training Room,Demo Hall
CONF_3099,P079,Requirements Analysis,Deployment,2025-11-18 16:08,2025-11-18 16:43,2025-11-18 15:51,2025-11-18 16:11,2025-11-18 16:08,2025-11-18 16:11,3.0,partial overlap,Low,Online Meeting,Demo Hall
CONF_3100,P079,Requirements Analysis,One-on-One,2025-11-18 16:08,2025-11-18 16:43,2025-11-18 15:45,2025-11-18 16:30,2025-11-18 16:08,2025-11-18 16:30,22.0,partial overlap,Low,Online Meeting,Online Meeting
CONF_3101,P079,Training,Requirements Analysis,2025-11-22 11:55,2025-11-22 12:37,2025-11-22 11:30,2025-11-22 12:00,2025-11-22 11:55,2025-11-22 12:00,5.0,partial overlap,Low,Break Room,R&D Center
CONF_3102,P080,Testing Acceptance,Client Visit,2025-11-02 18:30,2025-11-02 19:00,2025-11-02 18:15,2025-11-02 19:15,2025-11-02 18:30,2025-11-02 19:00,30.0,full overlap,Medium,Conference Room C,Remote
CONF_3103,P080,Operations Check,Brainstorming,2025-11-08 15:38,2025-11-08 15:55,2025-11-08 15:15,2025-11-08 16:15,2025-11-08 15:38,2025-11-08 15:55,17.0,full overlap,Low,Test Lab,Product Showcase
CONF_3104,P080,Code Review,Brainstorming,2025-11-08 15:45,2025-11-08 16:27,2025-11-08 15:15,2025-11-08 16:15,2025-11-08 15:45,2025-11-08 16:15,30.0,partial overlap,Medium,Remote,Product Showcase
CONF_3105,P080,Code Review,Operations Check,2025-11-08 15:45,2025-11-08 16:27,2025-11-08 15:38,2025-11-08 15:55,2025-11-08 15:45,2025-11-08 15:55,10.0,partial overlap,Low,Remote,Test Lab
CONF_3106,P080,Project Discussion,Product Demo,2025-11-08 17:45,2025-11-08 18:01,2025-11-08 17:30,2025-11-08 18:15,2025-11-08 17:45,2025-11-08 18:01,16.0,full overlap,Low,R&D Center,Office Area 2
CONF_3107,P080,Client Visit,Product Demo,2025-11-08 18:04,2025-11-08 18:58,2025-11-08 17:30,2025-11-08 18:15,2025-11-08 18:04,2025-11-08 18:15,11.0,partial overlap,Low,Conference Room A,Office Area 2
CONF_3108,P080,Operations Check,Deployment,2025-11-04 16:30,2025-11-04 17:30,2025-11-04 16:45,2025-11-04 17:15,2025-11-04 16:45,2025-11-04 17:15,30.0,full overlap,Medium,Online Meeting,Training Room
CONF_3109,P080,Operations Check,Meeting,2025-11-07 16:30,2025-11-07 17:15,2025-11-07 17:00,2025-11-07 17:45,2025-11-07 17:00,2025-11-07 17:15,15.0,partial overlap,Low,R&D Center,Test Lab
CONF_3110,P080,Testing Acceptance,Team Building,2025-11-07 12:15,2025-11-07 13:15,2025-11-07 11:30,2025-11-07 12:30,2025-11-07 12:15,2025-11-07 12:30,15.0,partial overlap,Low,Break Room,Client Reception
CONF_3111,P080,Requirements Analysis,Code Review,2025-11-07 14:00,2025-11-07 15:00,2025-11-07 13:15,2025-11-07 14:15,2025-11-07 14:00,2025-11-07 14:15,15.0,partial overlap,Low,Office Area 2,Conference Room C
CONF_3112,P080,Deployment,Requirements Analysis,2025-11-07 14:30,2025-11-07 15:00,2025-11-07 14:00,2025-11-07 15:00,2025-11-07 14:30,2025-11-07 15:00,30.0,full overlap,Medium,Demo Hall,Office Area 2
CONF_3113,P080,Client Visit,Product Demo,2025-11-08 17:30,2025-11-08 18:15,2025-11-08 17:30,2025-11-08 18:15,2025-11-08 17:30,2025-11-08 18:15,45.0,full overlap,Medium,Office Area 1,Office Area 2
CONF_3114,P080,Client Visit,Client Visit,2025-11-08 17:30,2025-11-08 18:15,2025-11-08 18:04,2025-11-08 18:58,2025-11-08 18:04,2025-11-08 18:15,11.0,partial overlap,Low,Office Area 1,Conference Room A
CONF_3115,P080,Client Visit,Project Discussion,2025-11-08 17:30,2025-11-08 18:15,2025-11-08 17:45,2025-11-08 18:01,2025-11-08 17:45,2025-11-08 18:01,16.0,full overlap,Low,Office Area 1,R&D Center
CONF_3116,P080,Testing Acceptance,Deployment,2025-11-12 13:30,2025-11-12 14:15,2025-11-12 14:00,2025-11-12 14:30,2025-11-12 14:00,2025-11-12 14:15,15.0,partial overlap,Low,Training Room,R&D Center
CONF_3117,P080,Deployment,Requirements Analysis,2025-11-10 15:15,2025-11-10 16:15,2025-11-10 15:45,2025-11-10 16:15,2025-11-10 15:45,2025-11-10 16:15,30.0,full overlap,Medium,Test Lab,R&D Center
CONF_3118,P080,One-on-One,Requirements Analysis,2025-11-07 14:36,2025-11-07 15:09,2025-11-07 14:00,2025-11-07 15:00,2025-11-07 14:36,2025-11-07 15:00,24.0,partial overlap,Low,Office Area 1,Office Area 2
CONF_3119,P080,One-on-One,Deployment,2025-11-07 14:36,2025-11-07 15:09,2025-11-07 14:30,2025-11-07 15:00,2025-11-07 14:36,2025-11-07 15:00,24.0,partial overlap,Low,Office Area 1,Demo Hall
CONF_3120,P080,Product Demo,Design Review,2025-11-05 13:16,2025-11-05 13:42,2025-11-05 13:00,2025-11-05 13:30,2025-11-05 13:16,2025-11-05 13:30,14.0,partial overlap,Low,Conference Room A,Product Showcase
CONF_3121,P080,Meeting,Team Building,2025-11-07 12:25,2025-11-07 12:51,2025-11-07 11:30,2025-11-07 12:30,2025-11-07 12:25,2025-11-07 12:30,5.0,partial overlap,Low,Product Showcase,Client Reception
CONF_3122,P080,Meeting,Testing Acceptance,2025-11-07 12:25,2025-11-07 12:51,2025-11-07 12:15,2025-11-07 13:15,2025-11-07 12:25,2025-11-07 12:51,26.0,full overlap,Low,Product Showcase,Break Room
CONF_3123,P080,Design Review,Product Demo,2025-11-08 17:50,2025-11-08 18:11,2025-11-08 17:30,2025-11-08 18:15,2025-11-08 17:50,2025-11-08 18:11,21.0,full overlap,Low,Office Area 1,Office Area 2
CONF_3124,P080,Design Review,Client Visit,2025-11-08 17:50,2025-11-08 18:11,2025-11-08 17:30,2025-11-08 18:15,2025-11-08 17:50,2025-11-08 18:11,21.0,full overlap,Low,Office Area 1,Office Area 1
CONF_3125,P080,Design Review,Project Discussion,2025-11-08 17:50,2025-11-08 18:11,2025-11-08 17:45,2025-11-08 18:01,2025-11-08 17:50,2025-11-08 18:01,11.0,partial overlap,Low,Office Area 1,R&D Center
CONF_3126,P080,Design Review,Client Visit,2025-11-08 17:50,2025-11-08 18:11,2025-11-08 18:04,2025-11-08 18:58,2025-11-08 18:04,2025-11-08 18:11,7.0,partial overlap,Low,Office Area 1,Conference Room A
CONF_3127,P080,Requirements Analysis,Code Review,2025-11-14 08:15,2025-11-14 08:52,2025-11-14 08:00,2025-11-14 08:30,2025-11-14 08:15,2025-11-14 08:30,15.0,partial overlap,Low,Online Meeting,Conference Room A
CONF_3128,P080,Requirements Analysis,Deployment,2025-11-12 14:11,2025-11-12 15:07,2025-11-12 14:00,2025-11-12 14:30,2025-11-12 14:11,2025-11-12 14:30,19.0,partial overlap,Low,Demo Hall,R&D Center
CONF_3129,P080,Requirements Analysis,Testing Acceptance,2025-11-12 14:11,2025-11-12 15:07,2025-11-12 13:30,2025-11-12 14:15,2025-11-12 14:11,2025-11-12 14:15,4.0,partial overlap,Low,Demo Hall,Training Room
CONF_3130,P080,Design Review,Requirements Analysis,2025-11-10 16:07,2025-11-10 16:24,2025-11-10 15:45,2025-11-10 16:15,2025-11-10 16:07,2025-11-10 16:15,8.0,partial overlap,Low,Product Showcase,R&D Center
CONF_3131,P080,Design Review,Deployment,2025-11-10 16:07,2025-11-10 16:24,2025-11-10 15:15,2025-11-10 16:15,2025-11-10 16:07,2025-11-10 16:15,8.0,partial overlap,Low,Product Showcase,Test Lab
CONF_3132,P080,Training,Code Review,2025-11-17 17:00,2025-11-17 17:15,2025-11-17 16:45,2025-11-17 17:30,2025-11-17 17:00,2025-11-17 17:15,15.0,full overlap,Low,Client Reception,Training Room
CONF_3133,P080,Operations Check,One-on-One,2025-11-14 11:30,2025-11-14 12:15,2025-11-14 11:45,2025-11-14 12:30,2025-11-14 11:45,2025-11-14 12:15,30.0,partial overlap,Medium,Remote,Training Room
CONF_3134,P080,Team Building,Client Visit,2025-11-19 09:30,2025-11-19 09:45,2025-11-19 09:00,2025-11-19 09:45,2025-11-19 09:30,2025-11-19 09:45,15.0,full overlap,Low,R&D Center,Training Room
CONF_3135,P080,Tech Sharing,Meeting,2025-11-21 16:00,2025-11-21 16:15,2025-11-21 16:00,2025-11-21 16:45,2025-11-21 16:00,2025-11-21 16:15,15.0,full overlap,Low,Test Lab,Online Meeting
CONF_3136,P080,Testing Acceptance,Product Demo,2025-11-18 13:45,2025-11-18 14:00,2025-11-18 13:45,2025-11-18 14:30,2025-11-18 13:45,2025-11-18 14:00,15.0,full overlap,Low,Online Meeting,Client Reception
CONF_3137,P080,Code Review,Project Discussion,2025-11-18 08:15,2025-11-18 09:00,2025-11-18 08:45,2025-11-18 09:00,2025-11-18 08:45,2025-11-18 09:00,15.0,full overlap,Low,Client Reception,Demo Hall
CONF_3138,P080,Testing Acceptance,Client Visit,2025-11-21 11:13,2025-11-21 12:03,2025-11-21 10:45,2025-11-21 11:15,2025-11-21 11:13,2025-11-21 11:15,2.0,partial overlap,Low,Client Reception,Cafe
CONF_3139,P080,Testing Acceptance,Product Demo,2025-11-18 14:12,2025-11-18 14:52,2025-11-18 13:45,2025-11-18 14:30,2025-11-18 14:12,2025-11-18 14:30,18.0,partial overlap,Low,R&D Center,Client Reception
CONF_3140,P080,Project Discussion,Product Demo,2025-11-19 17:35,2025-11-19 18:31,2025-11-19 18:30,2025-11-19 18:45,2025-11-19 18:30,2025-11-19 18:31,1.0,partial overlap,Low,Test Lab,Office Area 1
CONF_3141,P080,Project Discussion,Team Building,2025-11-19 17:35,2025-11-19 18:31,2025-11-19 17:40,2025-11-19 18:30,2025-11-19 17:40,2025-11-19 18:30,50.0,full overlap,Medium,Test Lab,R&D Center
CONF_3142,P080,Deployment,Meeting,2025-11-12 10:41,2025-11-12 11:33,2025-11-12 10:30,2025-11-12 10:45,2025-11-12 10:41,2025-11-12 10:45,4.0,partial overlap,Low,Conference Room C,Break Room
CONF_3143,P080,Project Discussion,Operations Check,2025-11-14 11:45,2025-11-14 12:04,2025-11-14 11:30,2025-11-14 12:15,2025-11-14 11:45,2025-11-14 12:04,19.0,full overlap,Low,Cafe,Remote
CONF_3144,P080,Project Discussion,One-on-One,2025-11-14 11:45,2025-11-14 12:04,2025-11-14 11:45,2025-11-14 12:30,2025-11-14 11:45,2025-11-14 12:04,19.0,full overlap,Low,Cafe,Training Room
CONF_3145,P081,Team Building,Meeting,2025-11-02 10:15,2025-11-02 11:00,2025-11-02 10:00,2025-11-02 11:00,2025-11-02 10:15,2025-11-02 11:00,45.0,full overlap,Medium,Remote,Office Area 2
CONF_3146,P081,Code Review,Code Review,2025-11-01 16:45,2025-11-01 18:15,2025-11-01 16:30,2025-11-01 17:30,2025-11-01 16:45,2025-11-01 17:30,45.0,partial overlap,Medium,Demo Hall,Online Meeting
CONF_3147,P081,Project Discussion,Code Review,2025-11-07 10:35,2025-11-07 10:58,2025-11-07 10:15,2025-11-07 11:00,2025-11-07 10:35,2025-11-07 10:58,23.0,full overlap,Low,Training Room,Client Reception
CONF_3148,P081,Operations Check,Code Review,2025-11-01 16:46,2025-11-01 17:38,2025-11-01 16:45,2025-11-01 18:15,2025-11-01 16:46,2025-11-01 17:38,52.0,full overlap,Medium,R&D Center,Demo Hall
CONF_3149,P081,Operations Check,Code Review,2025-11-01 16:46,2025-11-01 17:38,2025-11-01 16:30,2025-11-01 17:30,2025-11-01 16:46,2025-11-01 17:30,44.0,partial overlap,Medium,R&D Center,Online Meeting
CONF_3150,P081,Training,Code Review,2025-11-07 09:45,2025-11-07 10:30,2025-11-07 10:15,2025-11-07 11:00,2025-11-07 10:15,2025-11-07 10:30,15.0,partial overlap,Low,Client Reception,Client Reception
CONF_3151,P081,Training,Operations Check,2025-11-06 09:45,2025-11-06 10:45,2025-11-06 10:00,2025-11-06 10:45,2025-11-06 10:00,2025-11-06 10:45,45.0,full overlap,Medium,Product Showcase,Test Lab
CONF_3152,P081,Code Review,Requirements Analysis,2025-11-14 10:15,2025-11-14 10:45,2025-11-14 10:30,2025-11-14 11:15,2025-11-14 10:30,2025-11-14 10:45,15.0,partial overlap,Low,Demo Hall,Office Area 2
CONF_3153,P081,Project Discussion,Requirements Analysis,2025-11-14 10:55,2025-11-14 11:51,2025-11-14 10:30,2025-11-14 11:15,2025-11-14 10:55,2025-11-14 11:15,20.0,partial overlap,Low,Demo Hall,Office Area 2
CONF_3154,P081,Design Review,Requirements Analysis,2025-11-04 17:59,2025-11-04 18:46,2025-11-04 17:45,2025-11-04 18:30,2025-11-04 17:59,2025-11-04 18:30,31.0,partial overlap,Medium,Client Reception,Conference Room B
CONF_3155,P081,Tech Sharing,Operations Check,2025-11-09 10:40,2025-11-09 11:08,2025-11-09 10:30,2025-11-09 11:00,2025-11-09 10:40,2025-11-09 11:00,20.0,partial overlap,Low,Demo Hall,Remote
CONF_3156,P081,Product Demo,Project Discussion,2025-11-14 11:00,2025-11-14 11:22,2025-11-14 10:55,2025-11-14 11:51,2025-11-14 11:00,2025-11-14 11:22,22.0,full overlap,Low,Training Room,Demo Hall
CONF_3157,P081,Product Demo,Requirements Analysis,2025-11-14 11:00,2025-11-14 11:22,2025-11-14 10:30,2025-11-14 11:15,2025-11-14 11:00,2025-11-14 11:15,15.0,partial overlap,Low,Training Room,Office Area 2
CONF_3158,P081,Tech Sharing,Operations Check,2025-11-09 10:55,2025-11-09 11:17,2025-11-09 10:30,2025-11-09 11:00,2025-11-09 10:55,2025-11-09 11:00,5.0,partial overlap,Low,Conference Room A,Remote
CONF_3159,P081,Tech Sharing,Tech Sharing,2025-11-09 10:55,2025-11-09 11:17,2025-11-09 10:40,2025-11-09 11:08,2025-11-09 10:55,2025-11-09 11:08,13.0,partial overlap,Low,Conference Room A,Demo Hall
CONF_3160,P081,Deployment,Design Review,2025-11-17 09:45,2025-11-17 10:27,2025-11-17 09:30,2025-11-17 10:15,2025-11-17 09:45,2025-11-17 10:15,30.0,partial overlap,Medium,Conference Room C,Break Room
CONF_3161,P081,Operations Check,Project Discussion,2025-11-14 10:35,2025-11-14 11:03,2025-11-14 10:55,2025-11-14 11:51,2025-11-14 10:55,2025-11-14 11:03,8.0,partial overlap,Low,Office Area 1,Demo Hall
CONF_3162,P081,Operations Check,Code Review,2025-11-14 10:35,2025-11-14 11:03,2025-11-14 10:15,2025-11-14 10:45,2025-11-14 10:35,2025-11-14 10:45,10.0,partial overlap,Low,Office Area 1,Demo Hall
CONF_3163,P081,Operations Check,Product Demo,2025-11-14 10:35,2025-11-14 11:03,2025-11-14 11:00,2025-11-14 11:22,2025-11-14 11:00,2025-11-14 11:03,3.0,partial overlap,Low,Office Area 1,Training Room
CONF_3164,P081,Operations Check,Requirements Analysis,2025-11-14 10:35,2025-11-14 11:03,2025-11-14 10:30,2025-11-14 11:15,2025-11-14 10:35,2025-11-14 11:03,28.0,full overlap,Low,Office Area 1,Office Area 2
CONF_3165,P081,Client Visit,Brainstorming,2025-11-08 14:26,2025-11-08 15:04,2025-11-08 14:15,2025-11-08 15:00,2025-11-08 14:26,2025-11-08 15:00,34.0,partial overlap,Medium,Client Reception,Test Lab
CONF_3166,P081,Deployment,Brainstorming,2025-11-08 12:12,2025-11-08 12:33,2025-11-08 12:00,2025-11-08 13:00,2025-11-08 12:12,2025-11-08 12:33,21.0,full overlap,Low,Training Room,Online Meeting
CONF_3167,P081,Team Building,Requirements Analysis,2025-11-04 17:58,2025-11-04 18:31,2025-11-04 17:45,2025-11-04 18:30,2025-11-04 17:58,2025-11-04 18:30,32.0,partial overlap,Medium,Demo Hall,Conference Room B
CONF_3168,P081,Team Building,Design Review,2025-11-04 17:58,2025-11-04 18:31,2025-11-04 17:59,2025-11-04 18:46,2025-11-04 17:59,2025-11-04 18:31,32.0,partial overlap,Medium,Demo Hall,Client Reception
CONF_3169,P081,Client Visit,Requirements Analysis,2025-11-04 18:14,2025-11-04 18:37,2025-11-04 17:45,2025-11-04 18:30,2025-11-04 18:14,2025-11-04 18:30,16.0,partial overlap,Low,Conference Room C,Conference Room B
CONF_3170,P081,Client Visit,Design Review,2025-11-04 18:14,2025-11-04 18:37,2025-11-04 17:59,2025-11-04 18:46,2025-11-04 18:14,2025-11-04 18:37,23.0,full overlap,Low,Conference Room C,Client Reception
CONF_3171,P081,Client Visit,Team Building,2025-11-04 18:14,2025-11-04 18:37,2025-11-04 17:58,2025-11-04 18:31,2025-11-04 18:14,2025-11-04 18:31,17.0,partial overlap,Low,Conference Room C,Demo Hall
CONF_3172,P081,Testing Acceptance,Code Review,2025-11-19 17:45,2025-11-19 18:00,2025-11-19 17:15,2025-11-19 18:00,2025-11-19 17:45,2025-11-19 18:00,15.0,full overlap,Low,Training Room,Test Lab
CONF_3173,P081,Product Demo,Design Review,2025-11-17 09:15,2025-11-17 10:00,2025-11-17 09:30,2025-11-17 10:15,2025-11-17 09:30,2025-11-17 10:00,30.0,partial overlap,Medium,Office Area 2,Break Room
CONF_3174,P081,Product Demo,Deployment,2025-11-17 09:15,2025-11-17 10:00,2025-11-17 09:45,2025-11-17 10:27,2025-11-17 09:45,2025-11-17 10:00,15.0,partial overlap,Low,Office Area 2,Conference Room C
CONF_3175,P081,Project Discussion,Meeting,2025-11-17 17:45,2025-11-17 18:15,2025-11-17 17:30,2025-11-17 18:00,2025-11-17 17:45,2025-11-17 18:00,15.0,partial overlap,Low,Demo Hall,Online Meeting
CONF_3176,P081,Requirements Analysis,Deployment,2025-11-18 14:27,2025-11-18 15:17,2025-11-18 14:30,2025-11-18 15:15,2025-11-18 14:30,2025-11-18 15:15,45.0,full overlap,Medium,Online Meeting,Conference Room A
CONF_3177,P081,Requirements Analysis,Deployment,2025-11-18 14:27,2025-11-18 15:17,2025-11-18 15:15,2025-11-18 15:45,2025-11-18 15:15,2025-11-18 15:17,2.0,partial overlap,Low,Online Meeting,Conference Room C
CONF_3178,P081,Meeting,Training,2025-11-21 13:15,2025-11-21 14:12,2025-11-21 13:00,2025-11-21 13:45,2025-11-21 13:15,2025-11-21 13:45,30.0,partial overlap,Medium,Product Showcase,Office Area 1
CONF_3179,P081,Client Visit,Operations Check,2025-11-25 19:09,2025-11-25 19:51,2025-11-25 18:45,2025-11-25 19:15,2025-11-25 19:09,2025-11-25 19:15,6.0,partial overlap,Low,Demo Hall,Remote
CONF_3180,P081,Code Review,Client Visit,2025-11-25 19:25,2025-11-25 19:54,2025-11-25 19:09,2025-11-25 19:51,2025-11-25 19:25,2025-11-25 19:51,26.0,partial overlap,Low,Test Lab,Demo Hall
CONF_3181,P081,Operations Check,Project Discussion,2025-11-18 12:23,2025-11-18 13:14,2025-11-18 12:15,2025-11-18 12:45,2025-11-18 12:23,2025-11-18 12:45,22.0,partial overlap,Low,Cafe,Cafe
CONF_3182,P081,Client Visit,Project Discussion,2025-11-17 17:53,2025-11-17 18:08,2025-11-17 17:45,2025-11-17 18:15,2025-11-17 17:53,2025-11-17 18:08,15.0,full overlap,Low,Remote,Demo Hall
CONF_3183,P081,Client Visit,Meeting,2025-11-17 17:53,2025-11-17 18:08,2025-11-17 17:30,2025-11-17 18:00,2025-11-17 17:53,2025-11-17 18:00,7.0,partial overlap,Low,Remote,Online Meeting
CONF_3184,P082,Tech Sharing,Code Review,2025-11-03 12:15,2025-11-03 13:00,2025-11-03 11:00,2025-11-03 12:30,2025-11-03 12:15,2025-11-03 12:30,15.0,partial overlap,Low,Office Area 2,Training Room
CONF_3185,P082,One-on-One,Design Review,2025-11-02 17:00,2025-11-02 18:00,2025-11-02 16:15,2025-11-02 17:15,2025-11-02 17:00,2025-11-02 17:15,15.0,partial overlap,Low,Conference Room B,Client Reception
CONF_3186,P082,Meeting,One-on-One,2025-10-27 13:21,2025-10-27 13:49,2025-10-27 13:15,2025-10-27 14:45,2025-10-27 13:21,2025-10-27 13:49,28.0,full overlap,Low,Remote,Conference Room C
CONF_3187,P082,Testing Acceptance,Training,2025-11-05 14:56,2025-11-05 15:30,2025-11-05 14:45,2025-11-05 15:45,2025-11-05 14:56,2025-11-05 15:30,34.0,full overlap,Medium,Cafe,Product Showcase
CONF_3188,P082,Client Visit,One-on-One,2025-11-02 16:34,2025-11-02 17:03,2025-11-02 17:00,2025-11-02 18:00,2025-11-02 17:00,2025-11-02 17:03,3.0,partial overlap,Low,Office Area 2,Conference Room B
CONF_3189,P082,Client Visit,Design Review,2025-11-02 16:34,2025-11-02 17:03,2025-11-02 16:15,2025-11-02 17:15,2025-11-02 16:34,2025-11-02 17:03,29.0,full overlap,Low,Office Area 2,Client Reception
CONF_3190,P082,Project Discussion,Code Review,2025-11-07 11:45,2025-11-07 12:30,2025-11-07 11:45,2025-11-07 12:15,2025-11-07 11:45,2025-11-07 12:15,30.0,full overlap,Medium,Break Room,Office Area 2
CONF_3191,P082,Client Visit,Design Review,2025-11-10 12:00,2025-11-10 13:00,2025-11-10 11:45,2025-11-10 12:30,2025-11-10 12:00,2025-11-10 12:30,30.0,partial overlap,Medium,Demo Hall,Conference Room A
CONF_3192,P082,Team Building,Team Building,2025-11-12 18:45,2025-11-12 19:30,2025-11-12 18:15,2025-11-12 19:15,2025-11-12 18:45,2025-11-12 19:15,30.0,partial overlap,Medium,Conference Room B,R&D Center
CONF_3193,P082,Operations Check,Training,2025-11-11 17:55,2025-11-11 18:53,2025-11-11 18:45,2025-11-11 19:30,2025-11-11 18:45,2025-11-11 18:53,8.0,partial overlap,Low,Client Reception,Demo Hall
CONF_3194,P082,Operations Check,One-on-One,2025-11-11 17:55,2025-11-11 18:53,2025-11-11 17:45,2025-11-11 18:30,2025-11-11 17:55,2025-11-11 18:30,35.0,partial overlap,Medium,Client Reception,Demo Hall
CONF_3195,P082,Code Review,Design Review,2025-11-10 12:06,2025-11-10 12:35,2025-11-10 11:45,2025-11-10 12:30,2025-11-10 12:06,2025-11-10 12:30,24.0,partial overlap,Low,R&D Center,Conference Room A
CONF_3196,P082,Code Review,Client Visit,2025-11-10 12:06,2025-11-10 12:35,2025-11-10 12:00,2025-11-10 13:00,2025-11-10 12:06,2025-11-10 12:35,29.0,full overlap,Low,R&D Center,Demo Hall
CONF_3197,P082,Project Discussion,Code Review,2025-11-04 09:08,2025-11-04 09:45,2025-11-04 09:30,2025-11-04 10:00,2025-11-04 09:30,2025-11-04 09:45,15.0,partial overlap,Low,Remote,Office Area 2
CONF_3198,P082,Project Discussion,Code Review,2025-11-04 09:08,2025-11-04 09:45,2025-11-04 09:00,2025-11-04 09:30,2025-11-04 09:08,2025-11-04 09:30,22.0,partial overlap,Low,Remote,Break Room
CONF_3199,P082,Project Discussion,Product Demo,2025-11-10 09:28,2025-11-10 10:11,2025-11-10 09:00,2025-11-10 09:30,2025-11-10 09:28,2025-11-10 09:30,2.0,partial overlap,Low,Office Area 2,Demo Hall
CONF_3200,P082,Brainstorming,Design Review,2025-11-10 12:20,2025-11-10 12:45,2025-11-10 11:45,2025-11-10 12:30,2025-11-10 12:20,2025-11-10 12:30,10.0,partial overlap,Low,Conference Room C,Conference Room A
CONF_3201,P082,Brainstorming,Code Review,2025-11-10 12:20,2025-11-10 12:45,2025-11-10 12:06,2025-11-10 12:35,2025-11-10 12:20,2025-11-10 12:35,15.0,partial overlap,Low,Conference Room C,R&D Center
CONF_3202,P082,Brainstorming,Client Visit,2025-11-10 12:20,2025-11-10 12:45,2025-11-10 12:00,2025-11-10 13:00,2025-11-10 12:20,2025-11-10 12:45,25.0,full overlap,Low,Conference Room C,Demo Hall
CONF_3203,P082,Deployment,Operations Check,2025-11-19 10:30,2025-11-19 11:15,2025-11-19 10:00,2025-11-19 10:45,2025-11-19 10:30,2025-11-19 10:45,15.0,partial overlap,Low,Demo Hall,Product Showcase
CONF_3204,P082,Deployment,Requirements Analysis,2025-11-19 10:30,2025-11-19 11:15,2025-11-19 11:00,2025-11-19 11:45,2025-11-19 11:00,2025-11-19 11:15,15.0,partial overlap,Low,Demo Hall,Demo Hall
CONF_3205,P082,Requirements Analysis,Requirements Analysis,2025-11-17 17:30,2025-11-17 17:45,2025-11-17 17:30,2025-11-17 18:15,2025-11-17 17:30,2025-11-17 17:45,15.0,full overlap,Low,Demo Hall,Office Area 1
CONF_3206,P082,Code Review,Meeting,2025-11-19 14:57,2025-11-19 15:50,2025-11-19 14:30,2025-11-19 15:00,2025-11-19 14:57,2025-11-19 15:00,3.0,partial overlap,Low,Conference Room B,Online Meeting
CONF_3207,P082,Training,Training,2025-11-25 11:14,2025-11-25 12:01,2025-11-25 11:00,2025-11-25 11:45,2025-11-25 11:14,2025-11-25 11:45,31.0,partial overlap,Medium,Training Room,Demo Hall
CONF_3208,P082,Training,Meeting,2025-11-19 14:35,2025-11-19 14:55,2025-11-19 14:30,2025-11-19 15:00,2025-11-19 14:35,2025-11-19 14:55,20.0,full overlap,Low,Online Meeting,Online Meeting
CONF_3209,P082,Client Visit,Product Demo,2025-11-15 13:04,2025-11-15 13:56,2025-11-15 13:15,2025-11-15 14:00,2025-11-15 13:15,2025-11-15 13:56,41.0,partial overlap,Medium,Test Lab,Conference Room A
CONF_3210,P082,Client Visit,Requirements Analysis,2025-11-15 13:04,2025-11-15 13:56,2025-11-15 12:45,2025-11-15 13:15,2025-11-15 13:04,2025-11-15 13:15,11.0,partial overlap,Low,Test Lab,Office Area 2
CONF_3211,P082,Training,Client Visit,2025-11-15 19:12,2025-11-15 19:51,2025-11-15 18:45,2025-11-15 19:30,2025-11-15 19:12,2025-11-15 19:30,18.0,partial overlap,Low,Office Area 2,Product Showcase
CONF_3212,P083,Project Discussion,Product Demo,2025-11-01 16:40,2025-11-01 17:25,2025-11-01 16:15,2025-11-01 17:15,2025-11-01 16:40,2025-11-01 17:15,35.0,partial overlap,Medium,Break Room,Cafe
CONF_3213,P083,Tech Sharing,Brainstorming,2025-11-04 08:57,2025-11-04 09:36,2025-11-04 08:45,2025-11-04 10:15,2025-11-04 08:57,2025-11-04 09:36,39.0,full overlap,Medium,Conference Room A,Product Showcase
CONF_3214,P083,Testing Acceptance,Tech Sharing,2025-11-02 16:16,2025-11-02 17:15,2025-11-02 16:00,2025-11-02 17:00,2025-11-02 16:16,2025-11-02 17:00,44.0,partial overlap,Medium,Demo Hall,Conference Room A
CONF_3215,P083,Requirements Analysis,One-on-One,2025-11-12 10:45,2025-11-12 11:45,2025-11-12 10:45,2025-11-12 11:15,2025-11-12 10:45,2025-11-12 11:15,30.0,full overlap,Medium,Break Room,Remote
CONF_3216,P083,Design Review,Deployment,2025-11-14 18:45,2025-11-14 19:45,2025-11-14 18:15,2025-11-14 19:00,2025-11-14 18:45,2025-11-14 19:00,15.0,partial overlap,Low,Online Meeting,Client Reception
CONF_3217,P083,Design Review,Deployment,2025-11-09 12:15,2025-11-09 13:00,2025-11-09 11:45,2025-11-09 12:30,2025-11-09 12:15,2025-11-09 12:30,15.0,partial overlap,Low,Remote,Remote
CONF_3218,P083,Code Review,One-on-One,2025-11-12 10:30,2025-11-12 11:15,2025-11-12 10:45,2025-11-12 11:15,2025-11-12 10:45,2025-11-12 11:15,30.0,full overlap,Medium,Remote,Remote
CONF_3219,P083,Code Review,Requirements Analysis,2025-11-12 10:30,2025-11-12 11:15,2025-11-12 10:45,2025-11-12 11:45,2025-11-12 10:45,2025-11-12 11:15,30.0,partial overlap,Medium,Remote,Break Room
CONF_3220,P083,Deployment,Design Review,2025-11-14 18:40,2025-11-14 19:28,2025-11-14 18:45,2025-11-14 19:45,2025-11-14 18:45,2025-11-14 19:28,43.0,partial overlap,Medium,Cafe,Online Meeting
CONF_3221,P083,Deployment,Deployment,2025-11-14 18:40,2025-11-14 19:28,2025-11-14 18:15,2025-11-14 19:00,2025-11-14 18:40,2025-11-14 19:00,20.0,partial overlap,Low,Cafe,Client Reception
CONF_3222,P083,Requirements Analysis,Tech Sharing,2025-11-12 13:38,2025-11-12 14:23,2025-11-12 13:15,2025-11-12 14:15,2025-11-12 13:38,2025-11-12 14:15,37.0,partial overlap,Medium,Cafe,Product Showcase
CONF_3223,P083,Meeting,Deployment,2025-11-14 18:58,2025-11-14 19:19,2025-11-14 18:40,2025-11-14 19:28,2025-11-14 18:58,2025-11-14 19:19,21.0,full overlap,Low,Break Room,Cafe
CONF_3224,P083,Meeting,Deployment,2025-11-14 18:58,2025-11-14 19:19,2025-11-14 18:15,2025-11-14 19:00,2025-11-14 18:58,2025-11-14 19:00,2.0,partial overlap,Low,Break Room,Client Reception
CONF_3225,P083,Meeting,Design Review,2025-11-14 18:58,2025-11-14 19:19,2025-11-14 18:45,2025-11-14 19:45,2025-11-14 18:58,2025-11-14 19:19,21.0,full overlap,Low,Break Room,Online Meeting
CONF_3226,P083,Training,Meeting,2025-11-17 15:42,2025-11-17 16:07,2025-11-17 15:30,2025-11-17 16:00,2025-11-17 15:42,2025-11-17 16:00,18.0,partial overlap,Low,Training Room,Remote
CONF_3227,P083,Testing Acceptance,Client Visit,2025-11-11 17:24,2025-11-11 18:03,2025-11-11 17:15,2025-11-11 17:45,2025-11-11 17:24,2025-11-11 17:45,21.0,partial overlap,Low,Online Meeting,Product Showcase
CONF_3228,P083,Meeting,Meeting,2025-11-15 11:15,2025-11-15 11:45,2025-11-15 11:30,2025-11-15 12:30,2025-11-15 11:30,2025-11-15 11:45,15.0,partial overlap,Low,Test Lab,Conference Room B
CONF_3229,P083,One-on-One,Code Review,2025-11-16 09:15,2025-11-16 10:00,2025-11-16 09:30,2025-11-16 09:45,2025-11-16 09:30,2025-11-16 09:45,15.0,full overlap,Low,Test Lab,Online Meeting
CONF_3230,P083,Deployment,Operations Check,2025-11-14 08:45,2025-11-14 09:00,2025-11-14 08:45,2025-11-14 09:15,2025-11-14 08:45,2025-11-14 09:00,15.0,full overlap,Low,Conference Room B,R&D Center
CONF_3231,P083,Code Review,Deployment,2025-11-14 18:00,2025-11-14 18:45,2025-11-14 18:40,2025-11-14 19:28,2025-11-14 18:40,2025-11-14 18:45,5.0,partial overlap,Low,Conference Room A,Cafe
CONF_3232,P083,Code Review,Deployment,2025-11-14 18:00,2025-11-14 18:45,2025-11-14 18:15,2025-11-14 19:00,2025-11-14 18:15,2025-11-14 18:45,30.0,partial overlap,Medium,Conference Room A,Client Reception
CONF_3233,P083,Tech Sharing,Tech Sharing,2025-11-19 14:00,2025-11-19 14:45,2025-11-19 14:00,2025-11-19 14:30,2025-11-19 14:00,2025-11-19 14:30,30.0,full overlap,Medium,Online Meeting,Training Room
CONF_3234,P083,One-on-One,Brainstorming,2025-11-21 16:15,2025-11-21 16:45,2025-11-21 16:00,2025-11-21 16:45,2025-11-21 16:15,2025-11-21 16:45,30.0,full overlap,Medium,R&D Center,R&D Center
CONF_3235,P083,Training,Training,2025-11-17 08:00,2025-11-17 08:45,2025-11-17 08:15,2025-11-17 09:00,2025-11-17 08:15,2025-11-17 08:45,30.0,partial overlap,Medium,Training Room,Conference Room B
CONF_3236,P083,One-on-One,Brainstorming,2025-11-18 18:45,2025-11-18 19:15,2025-11-18 18:45,2025-11-18 19:15,2025-11-18 18:45,2025-11-18 19:15,30.0,full overlap,Medium,Break Room,Online Meeting
CONF_3237,P083,Requirements Analysis,Tech Sharing,2025-11-18 13:15,2025-11-18 13:45,2025-11-18 13:30,2025-11-18 14:15,2025-11-18 13:30,2025-11-18 13:45,15.0,partial overlap,Low,Client Reception,Conference Room C
CONF_3238,P083,One-on-One,Meeting,2025-11-20 09:30,2025-11-20 09:45,2025-11-20 09:30,2025-11-20 10:15,2025-11-20 09:30,2025-11-20 09:45,15.0,full overlap,Low,Conference Room B,R&D Center
CONF_3239,P083,Deployment,Tech Sharing,2025-11-15 14:58,2025-11-15 15:54,2025-11-15 14:30,2025-11-15 15:15,2025-11-15 14:58,2025-11-15 15:15,17.0,partial overlap,Low,Demo Hall,Break Room
CONF_3240,P083,Product Demo,Brainstorming,2025-11-18 18:50,2025-11-18 19:48,2025-11-18 18:45,2025-11-18 19:15,2025-11-18 18:50,2025-11-18 19:15,25.0,partial overlap,Low,Break Room,Online Meeting
CONF_3241,P083,Product Demo,One-on-One,2025-11-18 18:50,2025-11-18 19:48,2025-11-18 18:45,2025-11-18 19:15,2025-11-18 18:50,2025-11-18 19:15,25.0,partial overlap,Low,Break Room,Break Room
CONF_3242,P083,One-on-One,Meeting,2025-11-20 09:43,2025-11-20 10:41,2025-11-20 09:30,2025-11-20 10:15,2025-11-20 09:43,2025-11-20 10:15,32.0,partial overlap,Medium,Demo Hall,R&D Center
CONF_3243,P083,One-on-One,One-on-One,2025-11-20 09:43,2025-11-20 10:41,2025-11-20 09:30,2025-11-20 09:45,2025-11-20 09:43,2025-11-20 09:45,2.0,partial overlap,Low,Demo Hall,Conference Room B
CONF_3244,P083,Tech Sharing,Brainstorming,2025-11-14 10:27,2025-11-14 11:13,2025-11-14 10:15,2025-11-14 11:00,2025-11-14 10:27,2025-11-14 11:00,33.0,partial overlap,Medium,R&D Center,Office Area 1
CONF_3245,P083,Tech Sharing,Tech Sharing,2025-11-20 17:10,2025-11-20 18:04,2025-11-20 16:45,2025-11-20 17:30,2025-11-20 17:10,2025-11-20 17:30,20.0,partial overlap,Low,Office Area 2,Break Room
CONF_3246,P083,Testing Acceptance,Deployment,2025-11-15 14:43,2025-11-15 15:06,2025-11-15 14:58,2025-11-15 15:54,2025-11-15 14:58,2025-11-15 15:06,8.0,partial overlap,Low,Break Room,Demo Hall
CONF_3247,P083,Testing Acceptance,Tech Sharing,2025-11-15 14:43,2025-11-15 15:06,2025-11-15 14:30,2025-11-15 15:15,2025-11-15 14:43,2025-11-15 15:06,23.0,full overlap,Low,Break Room,Break Room
CONF_3248,P084,Project Discussion,Project Discussion,2025-11-03 11:38,2025-11-03 12:16,2025-11-03 11:30,2025-11-03 12:00,2025-11-03 11:38,2025-11-03 12:00,22.0,partial overlap,Low,Cafe,Online Meeting
CONF_3249,P084,Operations Check,Training,2025-11-06 12:30,2025-11-06 13:00,2025-11-06 12:15,2025-11-06 12:45,2025-11-06 12:30,2025-11-06 12:45,15.0,partial overlap,Low,Remote,Online Meeting
CONF_3250,P084,Tech Sharing,One-on-One,2025-11-09 14:30,2025-11-09 15:30,2025-11-09 14:30,2025-11-09 15:00,2025-11-09 14:30,2025-11-09 15:00,30.0,full overlap,Medium,Break Room,Conference Room A
CONF_3251,P084,Team Building,Brainstorming,2025-11-13 18:00,2025-11-13 19:00,2025-11-13 18:30,2025-11-13 19:00,2025-11-13 18:30,2025-11-13 19:00,30.0,full overlap,Medium,Break Room,Cafe
CONF_3252,P084,Design Review,Tech Sharing,2025-11-07 10:06,2025-11-07 10:58,2025-11-07 09:45,2025-11-07 10:30,2025-11-07 10:06,2025-11-07 10:30,24.0,partial overlap,Low,Conference Room C,Break Room
CONF_3253,P084,Testing Acceptance,One-on-One,2025-11-09 13:30,2025-11-09 14:20,2025-11-09 13:15,2025-11-09 14:15,2025-11-09 13:30,2025-11-09 14:15,45.0,partial overlap,Medium,Test Lab,Conference Room C
CONF_3254,P084,Operations Check,Project Discussion,2025-11-11 17:14,2025-11-11 17:31,2025-11-11 16:45,2025-11-11 17:30,2025-11-11 17:14,2025-11-11 17:30,16.0,partial overlap,Low,Conference Room A,Conference Room C
CONF_3255,P084,Deployment,Tech Sharing,2025-11-06 15:09,2025-11-06 15:27,2025-11-06 14:45,2025-11-06 15:30,2025-11-06 15:09,2025-11-06 15:27,18.0,full overlap,Low,Online Meeting,Office Area 2
CONF_3256,P084,Tech Sharing,Meeting,2025-11-17 10:42,2025-11-17 11:04,2025-11-17 10:15,2025-11-17 11:00,2025-11-17 10:42,2025-11-17 11:00,18.0,partial overlap,Low,Office Area 2,Demo Hall
CONF_3257,P084,Code Review,Design Review,2025-11-16 14:15,2025-11-16 14:30,2025-11-16 13:45,2025-11-16 14:45,2025-11-16 14:15,2025-11-16 14:30,15.0,full overlap,Low,Client Reception,Office Area 1
CONF_3258,P084,Project Discussion,Requirements Analysis,2025-11-17 12:30,2025-11-17 13:15,2025-11-17 12:30,2025-11-17 12:45,2025-11-17 12:30,2025-11-17 12:45,15.0,full overlap,Low,Client Reception,Demo Hall
CONF_3259,P084,Operations Check,Design Review,2025-11-21 15:15,2025-11-21 15:30,2025-11-21 15:00,2025-11-21 15:45,2025-11-21 15:15,2025-11-21 15:30,15.0,full overlap,Low,Client Reception,Conference Room A
CONF_3260,P084,Code Review,One-on-One,2025-11-21 09:45,2025-11-21 10:15,2025-11-21 09:45,2025-11-21 10:00,2025-11-21 09:45,2025-11-21 10:00,15.0,full overlap,Low,Break Room,Training Room
CONF_3261,P084,Client Visit,One-on-One,2025-11-18 18:15,2025-11-18 18:45,2025-11-18 18:30,2025-11-18 19:15,2025-11-18 18:30,2025-11-18 18:45,15.0,partial overlap,Low,Product Showcase,Client Reception
CONF_3262,P084,Meeting,Code Review,2025-11-21 10:00,2025-11-21 10:30,2025-11-21 09:45,2025-11-21 10:15,2025-11-21 10:00,2025-11-21 10:15,15.0,partial overlap,Low,Break Room,Break Room
CONF_3263,P084,Requirements Analysis,Tech Sharing,2025-11-23 16:18,2025-11-23 16:48,2025-11-23 16:00,2025-11-23 16:30,2025-11-23 16:18,2025-11-23 16:30,12.0,partial overlap,Low,Test Lab,Remote
CONF_3264,P084,Brainstorming,One-on-One,2025-11-22 09:09,2025-11-22 09:48,2025-11-22 08:45,2025-11-22 09:30,2025-11-22 09:09,2025-11-22 09:30,21.0,partial overlap,Low,Conference Room A,Conference Room C
CONF_3265,P084,Meeting,Tech Sharing,2025-11-24 11:03,2025-11-24 11:31,2025-11-24 11:00,2025-11-24 11:30,2025-11-24 11:03,2025-11-24 11:30,27.0,partial overlap,Low,Office Area 1,Conference Room A
CONF_3266,P084,Tech Sharing,Code Review,2025-11-21 10:08,2025-11-21 10:36,2025-11-21 09:45,2025-11-21 10:15,2025-11-21 10:08,2025-11-21 10:15,7.0,partial overlap,Low,Product Showcase,Break Room
CONF_3267,P084,Tech Sharing,Meeting,2025-11-21 10:08,2025-11-21 10:36,2025-11-21 10:00,2025-11-21 10:30,2025-11-21 10:08,2025-11-21 10:30,22.0,partial overlap,Low,Product Showcase,Break Room
CONF_3268,P084,Code Review,Tech Sharing,2025-11-16 11:21,2025-11-16 12:16,2025-11-16 11:30,2025-11-16 12:00,2025-11-16 11:30,2025-11-16 12:00,30.0,full overlap,Medium,R&D Center,Conference Room C
CONF_3269,P084,Operations Check,One-on-One,2025-11-22 09:01,2025-11-22 09:52,2025-11-22 08:45,2025-11-22 09:30,2025-11-22 09:01,2025-11-22 09:30,29.0,partial overlap,Low,Client Reception,Conference Room C
CONF_3270,P084,Operations Check,Brainstorming,2025-11-22 09:01,2025-11-22 09:52,2025-11-22 09:09,2025-11-22 09:48,2025-11-22 09:09,2025-11-22 09:48,39.0,full overlap,Medium,Client Reception,Conference Room A
CONF_3271,P084,Training,Brainstorming,2025-11-20 10:50,2025-11-20 11:23,2025-11-20 10:50,2025-11-20 11:40,2025-11-20 10:50,2025-11-20 11:23,33.0,full overlap,Medium,Conference Room B,Break Room
CONF_3272,P085,Testing Acceptance,Code Review,2025-11-04 15:30,2025-11-04 17:00,2025-11-04 15:00,2025-11-04 16:00,2025-11-04 15:30,2025-11-04 16:00,30.0,partial overlap,Medium,Online Meeting,Office Area 2
CONF_3273,P085,Client Visit,Project Discussion,2025-11-01 08:22,2025-11-01 08:50,2025-11-01 08:00,2025-11-01 08:30,2025-11-01 08:22,2025-11-01 08:30,8.0,partial overlap,Low,Client Reception,R&D Center
CONF_3274,P085,Meeting,One-on-One,2025-11-09 08:11,2025-11-09 08:37,2025-11-09 08:00,2025-11-09 08:45,2025-11-09 08:11,2025-11-09 08:37,26.0,full overlap,Low,Break Room,Product Showcase
CONF_3275,P085,Requirements Analysis,Code Review,2025-11-04 15:00,2025-11-04 15:45,2025-11-04 15:00,2025-11-04 16:00,2025-11-04 15:00,2025-11-04 15:45,45.0,full overlap,Medium,Break Room,Office Area 2
CONF_3276,P085,Requirements Analysis,Testing Acceptance,2025-11-04 15:00,2025-11-04 15:45,2025-11-04 15:30,2025-11-04 17:00,2025-11-04 15:30,2025-11-04 15:45,15.0,partial overlap,Low,Break Room,Online Meeting
CONF_3277,P085,Deployment,Product Demo,2025-11-07 14:15,2025-11-07 15:00,2025-11-07 14:15,2025-11-07 15:15,2025-11-07 14:15,2025-11-07 15:00,45.0,full overlap,Medium,Office Area 1,Product Showcase
CONF_3278,P085,Team Building,Requirements Analysis,2025-11-10 10:00,2025-11-10 11:00,2025-11-10 10:15,2025-11-10 11:15,2025-11-10 10:15,2025-11-10 11:00,45.0,partial overlap,Medium,Remote,Test Lab
CONF_3279,P085,Design Review,Testing Acceptance,2025-11-13 10:15,2025-11-13 11:00,2025-11-13 10:15,2025-11-13 11:00,2025-11-13 10:15,2025-11-13 11:00,45.0,full overlap,Medium,Office Area 2,Office Area 1
CONF_3280,P085,Requirements Analysis,Operations Check,2025-11-13 15:45,2025-11-13 16:30,2025-11-13 15:30,2025-11-13 16:30,2025-11-13 15:45,2025-11-13 16:30,45.0,full overlap,Medium,Cafe,Product Showcase
CONF_3281,P085,Code Review,One-on-One,2025-11-11 17:45,2025-11-11 18:30,2025-11-11 18:00,2025-11-11 19:00,2025-11-11 18:00,2025-11-11 18:30,30.0,partial overlap,Medium,Conference Room B,Product Showcase
CONF_3282,P085,Testing Acceptance,Deployment,2025-11-17 18:06,2025-11-17 18:25,2025-11-17 18:00,2025-11-17 18:45,2025-11-17 18:06,2025-11-17 18:25,19.0,full overlap,Low,Demo Hall,Remote
CONF_3283,P085,Training,Meeting,2025-11-10 12:51,2025-11-10 13:14,2025-11-10 12:45,2025-11-10 13:15,2025-11-10 12:51,2025-11-10 13:14,23.0,full overlap,Low,Demo Hall,Demo Hall
CONF_3284,P085,Code Review,Training,2025-11-10 13:09,2025-11-10 14:06,2025-11-10 12:51,2025-11-10 13:14,2025-11-10 13:09,2025-11-10 13:14,5.0,partial overlap,Low,Conference Room A,Demo Hall
CONF_3285,P085,Code Review,Meeting,2025-11-10 13:09,2025-11-10 14:06,2025-11-10 12:45,2025-11-10 13:15,2025-11-10 13:09,2025-11-10 13:15,6.0,partial overlap,Low,Conference Room A,Demo Hall
CONF_3286,P085,Operations Check,Team Building,2025-11-12 14:45,2025-11-12 15:15,2025-11-12 14:45,2025-11-12 15:30,2025-11-12 14:45,2025-11-12 15:15,30.0,full overlap,Medium,Cafe,R&D Center
CONF_3287,P085,Tech Sharing,One-on-One,2025-11-15 15:15,2025-11-15 15:30,2025-11-15 15:15,2025-11-15 15:45,2025-11-15 15:15,2025-11-15 15:30,15.0,full overlap,Low,Product Showcase,Conference Room C
CONF_3288,P085,Product Demo,Project Discussion,2025-11-13 14:30,2025-11-13 15:00,2025-11-13 14:15,2025-11-13 15:00,2025-11-13 14:30,2025-11-13 15:00,30.0,full overlap,Medium,Office Area 2,Test Lab
CONF_3289,P085,Code Review,Product Demo,2025-11-20 11:30,2025-11-20 11:45,2025-11-20 11:30,2025-11-20 12:00,2025-11-20 11:30,2025-11-20 11:45,15.0,full overlap,Low,Training Room,Training Room
CONF_3290,P085,Client Visit,Team Building,2025-11-19 17:15,2025-11-19 17:45,2025-11-19 17:30,2025-11-19 18:00,2025-11-19 17:30,2025-11-19 17:45,15.0,partial overlap,Low,Demo Hall,Conference Room A
CONF_3291,P085,Requirements Analysis,Team Building,2025-11-22 11:45,2025-11-22 12:15,2025-11-22 11:30,2025-11-22 12:00,2025-11-22 11:45,2025-11-22 12:00,15.0,partial overlap,Low,Conference Room A,Office Area 2
CONF_3292,P085,Tech Sharing,Client Visit,2025-11-19 17:30,2025-11-19 18:00,2025-11-19 17:15,2025-11-19 17:45,2025-11-19 17:30,2025-11-19 17:45,15.0,partial overlap,Low,Conference Room A,Demo Hall
CONF_3293,P085,Tech Sharing,Team Building,2025-11-19 17:30,2025-11-19 18:00,2025-11-19 17:30,2025-11-19 18:00,2025-11-19 17:30,2025-11-19 18:00,30.0,full overlap,Medium,Conference Room A,Conference Room A
CONF_3294,P085,Code Review,Client Visit,2025-11-25 17:53,2025-11-25 18:12,2025-11-25 17:45,2025-11-25 18:30,2025-11-25 17:53,2025-11-25 18:12,19.0,full overlap,Low,Conference Room C,Conference Room A
CONF_3295,P085,One-on-One,Deployment,2025-11-20 15:50,2025-11-20 16:50,2025-11-20 15:30,2025-11-20 16:15,2025-11-20 15:50,2025-11-20 16:15,25.0,partial overlap,Low,Test Lab,Break Room
CONF_3296,P085,Design Review,Requirements Analysis,2025-11-14 18:36,2025-11-14 19:30,2025-11-14 18:15,2025-11-14 18:45,2025-11-14 18:36,2025-11-14 18:45,9.0,partial overlap,Low,Office Area 1,Online Meeting
CONF_3297,P085,One-on-One,Design Review,2025-11-19 17:56,2025-11-19 18:31,2025-11-19 18:15,2025-11-19 19:00,2025-11-19 18:15,2025-11-19 18:31,16.0,partial overlap,Low,Demo Hall,R&D Center
CONF_3298,P085,One-on-One,Team Building,2025-11-19 17:56,2025-11-19 18:31,2025-11-19 17:30,2025-11-19 18:00,2025-11-19 17:56,2025-11-19 18:00,4.0,partial overlap,Low,Demo Hall,Conference Room A
CONF_3299,P085,One-on-One,Tech Sharing,2025-11-19 17:56,2025-11-19 18:31,2025-11-19 17:30,2025-11-19 18:00,2025-11-19 17:56,2025-11-19 18:00,4.0,partial overlap,Low,Demo Hall,Conference Room A
CONF_3300,P085,Code Review,Design Review,2025-11-21 17:20,2025-11-21 17:45,2025-11-21 17:15,2025-11-21 17:30,2025-11-21 17:20,2025-11-21 17:30,10.0,partial overlap,Low,Client Reception,Test Lab
CONF_3301,P085,One-on-One,Meeting,2025-11-20 11:07,2025-11-20 11:57,2025-11-20 10:45,2025-11-20 11:30,2025-11-20 11:07,2025-11-20 11:30,23.0,partial overlap,Low,Online Meeting,Office Area 1
CONF_3302,P085,One-on-One,Code Review,2025-11-20 11:07,2025-11-20 11:57,2025-11-20 11:30,2025-11-20 11:45,2025-11-20 11:30,2025-11-20 11:45,15.0,full overlap,Low,Online Meeting,Training Room
CONF_3303,P085,One-on-One,Product Demo,2025-11-20 11:07,2025-11-20 11:57,2025-11-20 11:30,2025-11-20 12:00,2025-11-20 11:30,2025-11-20 11:57,27.0,partial overlap,Low,Online Meeting,Training Room
CONF_3304,P086,Testing Acceptance,Meeting,2025-10-30 12:15,2025-10-30 13:45,2025-10-30 13:00,2025-10-30 13:45,2025-10-30 13:00,2025-10-30 13:45,45.0,full overlap,Medium,Training Room,Online Meeting
CONF_3305,P086,Deployment,Client Visit,2025-11-02 14:15,2025-11-02 15:45,2025-11-02 15:00,2025-11-02 15:45,2025-11-02 15:00,2025-11-02 15:45,45.0,full overlap,Medium,Office Area 2,Online Meeting
CONF_3306,P086,Tech Sharing,Project Discussion,2025-11-07 17:15,2025-11-07 18:00,2025-11-07 17:30,2025-11-07 18:30,2025-11-07 17:30,2025-11-07 18:00,30.0,partial overlap,Medium,Office Area 2,Demo Hall
CONF_3307,P086,Requirements Analysis,Design Review,2025-11-09 14:15,2025-11-09 15:00,2025-11-09 14:30,2025-11-09 15:00,2025-11-09 14:30,2025-11-09 15:00,30.0,full overlap,Medium,Conference Room B,Training Room
CONF_3308,P086,Meeting,Deployment,2025-11-10 17:45,2025-11-10 18:45,2025-11-10 17:30,2025-11-10 18:00,2025-11-10 17:45,2025-11-10 18:00,15.0,partial overlap,Low,Demo Hall,Conference Room B
CONF_3309,P086,Project Discussion,Tech Sharing,2025-11-12 12:30,2025-11-12 13:15,2025-11-12 12:30,2025-11-12 13:15,2025-11-12 12:30,2025-11-12 13:15,45.0,full overlap,Medium,Remote,Demo Hall
CONF_3310,P086,Training,Design Review,2025-11-10 11:34,2025-11-10 12:13,2025-11-10 11:15,2025-11-10 12:00,2025-11-10 11:34,2025-11-10 12:00,26.0,partial overlap,Low,Client Reception,Cafe
CONF_3311,P086,Code Review,Requirements Analysis,2025-11-21 12:00,2025-11-21 12:30,2025-11-21 12:00,2025-11-21 12:30,2025-11-21 12:00,2025-11-21 12:30,30.0,full overlap,Medium,Training Room,Remote
CONF_3312,P086,Training,Client Visit,2025-11-18 09:30,2025-11-18 10:15,2025-11-18 09:45,2025-11-18 10:30,2025-11-18 09:45,2025-11-18 10:15,30.0,partial overlap,Medium,Conference Room A,Product Showcase
CONF_3313,P086,Deployment,Product Demo,2025-11-20 18:45,2025-11-20 19:15,2025-11-20 18:45,2025-11-20 19:30,2025-11-20 18:45,2025-11-20 19:15,30.0,full overlap,Medium,Remote,Conference Room C
CONF_3314,P086,Team Building,Team Building,2025-11-23 11:45,2025-11-23 12:09,2025-11-23 11:45,2025-11-23 12:00,2025-11-23 11:45,2025-11-23 12:00,15.0,full overlap,Low,Office Area 2,Remote
CONF_3315,P086,Team Building,Design Review,2025-11-23 11:45,2025-11-23 12:09,2025-11-23 12:00,2025-11-23 12:45,2025-11-23 12:00,2025-11-23 12:09,9.0,partial overlap,Low,Office Area 2,Online Meeting
CONF_3316,P086,Testing Acceptance,Training,2025-11-18 10:07,2025-11-18 10:39,2025-11-18 09:30,2025-11-18 10:15,2025-11-18 10:07,2025-11-18 10:15,8.0,partial overlap,Low,Conference Room C,Conference Room A
CONF_3317,P086,Testing Acceptance,Client Visit,2025-11-18 10:07,2025-11-18 10:39,2025-11-18 09:45,2025-11-18 10:30,2025-11-18 10:07,2025-11-18 10:30,23.0,partial overlap,Low,Conference Room C,Product Showcase
CONF_3318,P086,Operations Check,Deployment,2025-11-16 18:54,2025-11-16 19:39,2025-11-16 18:45,2025-11-16 19:30,2025-11-16 18:54,2025-11-16 19:30,36.0,partial overlap,Medium,Test Lab,Demo Hall
CONF_3319,P086,Team Building,Code Review,2025-11-24 15:41,2025-11-24 16:20,2025-11-24 15:30,2025-11-24 16:15,2025-11-24 15:41,2025-11-24 16:15,34.0,partial overlap,Medium,Online Meeting,Conference Room C
CONF_3320,P086,Training,Tech Sharing,2025-11-21 09:48,2025-11-21 10:38,2025-11-21 09:30,2025-11-21 10:15,2025-11-21 09:48,2025-11-21 10:15,27.0,partial overlap,Low,Cafe,Product Showcase
CONF_3321,P087,Project Discussion,Tech Sharing,2025-11-03 18:44,2025-11-03 19:31,2025-11-03 18:30,2025-11-03 20:00,2025-11-03 18:44,2025-11-03 19:31,47.0,full overlap,Medium,Office Area 2,R&D Center
CONF_3322,P087,Code Review,Training,2025-11-01 13:04,2025-11-01 13:29,2025-11-01 12:45,2025-11-01 13:30,2025-11-01 13:04,2025-11-01 13:29,25.0,full overlap,Low,Remote,Training Room
CONF_3323,P087,Design Review,Tech Sharing,2025-11-03 18:53,2025-11-03 19:51,2025-11-03 18:30,2025-11-03 20:00,2025-11-03 18:53,2025-11-03 19:51,58.0,full overlap,Medium,Online Meeting,R&D Center
CONF_3324,P087,Design Review,Project Discussion,2025-11-03 18:53,2025-11-03 19:51,2025-11-03 18:44,2025-11-03 19:31,2025-11-03 18:53,2025-11-03 19:31,38.0,partial overlap,Medium,Online Meeting,Office Area 2
CONF_3325,P087,Requirements Analysis,Design Review,2025-10-30 09:11,2025-10-30 10:08,2025-10-30 09:00,2025-10-30 10:00,2025-10-30 09:11,2025-10-30 10:00,49.0,partial overlap,Medium,Online Meeting,R&D Center
CONF_3326,P087,One-on-One,Testing Acceptance,2025-11-05 10:15,2025-11-05 11:15,2025-11-05 11:00,2025-11-05 12:00,2025-11-05 11:00,2025-11-05 11:15,15.0,partial overlap,Low,Test Lab,R&D Center
CONF_3327,P087,Meeting,Code Review,2025-11-12 10:45,2025-11-12 11:30,2025-11-12 11:15,2025-11-12 11:45,2025-11-12 11:15,2025-11-12 11:30,15.0,partial overlap,Low,Demo Hall,Test Lab
CONF_3328,P087,Requirements Analysis,Meeting,2025-11-14 11:15,2025-11-14 12:15,2025-11-14 11:15,2025-11-14 12:15,2025-11-14 11:15,2025-11-14 12:15,60.0,full overlap,High,Demo Hall,Training Room
CONF_3329,P087,Product Demo,Product Demo,2025-11-06 13:16,2025-11-06 14:07,2025-11-06 13:00,2025-11-06 14:00,2025-11-06 13:16,2025-11-06 14:00,44.0,partial overlap,Medium,Conference Room A,Client Reception
CONF_3330,P087,Operations Check,Product Demo,2025-11-13 09:09,2025-11-13 10:06,2025-11-13 08:45,2025-11-13 09:15,2025-11-13 09:09,2025-11-13 09:15,6.0,partial overlap,Low,Office Area 2,Office Area 1
CONF_3331,P087,Team Building,Training,2025-11-13 11:20,2025-11-13 11:40,2025-11-13 11:15,2025-11-13 12:00,2025-11-13 11:20,2025-11-13 11:40,20.0,full overlap,Low,Break Room,Conference Room B
CONF_3332,P087,Testing Acceptance,Testing Acceptance,2025-11-05 11:17,2025-11-05 12:01,2025-11-05 11:00,2025-11-05 12:00,2025-11-05 11:17,2025-11-05 12:00,43.0,partial overlap,Medium,Conference Room A,R&D Center
CONF_3333,P087,Operations Check,Meeting,2025-11-12 11:05,2025-11-12 11:55,2025-11-12 10:45,2025-11-12 11:30,2025-11-12 11:05,2025-11-12 11:30,25.0,partial overlap,Low,Product Showcase,Demo Hall
CONF_3334,P087,Operations Check,Code Review,2025-11-12 11:05,2025-11-12 11:55,2025-11-12 11:15,2025-11-12 11:45,2025-11-12 11:15,2025-11-12 11:45,30.0,full overlap,Medium,Product Showcase,Test Lab
CONF_3335,P087,Project Discussion,Design Review,2025-11-14 09:27,2025-11-14 10:25,2025-11-14 09:00,2025-11-14 09:45,2025-11-14 09:27,2025-11-14 09:45,18.0,partial overlap,Low,Conference Room A,Test Lab
CONF_3336,P087,Product Demo,Project Discussion,2025-11-12 12:27,2025-11-12 12:43,2025-11-12 12:00,2025-11-12 12:30,2025-11-12 12:27,2025-11-12 12:30,3.0,partial overlap,Low,Online Meeting,Training Room
CONF_3337,P087,Project Discussion,Project Discussion,2025-11-20 09:45,2025-11-20 10:15,2025-11-20 09:45,2025-11-20 10:15,2025-11-20 09:45,2025-11-20 10:15,30.0,full overlap,Medium,R&D Center,R&D Center
CONF_3338,P087,Training,Team Building,2025-11-17 15:30,2025-11-17 16:15,2025-11-17 15:00,2025-11-17 15:45,2025-11-17 15:30,2025-11-17 15:45,15.0,partial overlap,Low,Training Room,Online Meeting
CONF_3339,P087,One-on-One,Meeting,2025-11-19 16:30,2025-11-19 16:45,2025-11-19 16:30,2025-11-19 17:00,2025-11-19 16:30,2025-11-19 16:45,15.0,full overlap,Low,R&D Center,Remote
CONF_3340,P087,Code Review,Design Review,2025-11-19 14:30,2025-11-19 15:15,2025-11-19 15:00,2025-11-19 15:30,2025-11-19 15:00,2025-11-19 15:15,15.0,partial overlap,Low,Client Reception,Test Lab
CONF_3341,P087,Product Demo,Operations Check,2025-11-17 13:00,2025-11-17 13:45,2025-11-17 13:00,2025-11-17 13:15,2025-11-17 13:00,2025-11-17 13:15,15.0,full overlap,Low,Demo Hall,Conference Room B
CONF_3342,P087,Client Visit,Design Review,2025-11-18 15:30,2025-11-18 16:15,2025-11-18 15:30,2025-11-18 15:45,2025-11-18 15:30,2025-11-18 15:45,15.0,full overlap,Low,R&D Center,R&D Center
CONF_3343,P087,Team Building,Deployment,2025-11-19 10:45,2025-11-19 11:30,2025-11-19 11:00,2025-11-19 11:15,2025-11-19 11:00,2025-11-19 11:15,15.0,full overlap,Low,Cafe,Conference Room B
CONF_3344,P087,Code Review,Product Demo,2025-11-17 13:24,2025-11-17 13:50,2025-11-17 13:00,2025-11-17 13:45,2025-11-17 13:24,2025-11-17 13:45,21.0,partial overlap,Low,Conference Room B,Demo Hall
CONF_3345,P087,Code Review,Operations Check,2025-11-17 13:24,2025-11-17 13:50,2025-11-17 13:45,2025-11-17 14:30,2025-11-17 13:45,2025-11-17 13:50,5.0,partial overlap,Low,Conference Room B,Online Meeting
CONF_3346,P087,Project Discussion,Code Review,2025-11-17 13:37,2025-11-17 14:11,2025-11-17 13:24,2025-11-17 13:50,2025-11-17 13:37,2025-11-17 13:50,13.0,partial overlap,Low,Client Reception,Conference Room B
CONF_3347,P087,Project Discussion,Product Demo,2025-11-17 13:37,2025-11-17 14:11,2025-11-17 13:00,2025-11-17 13:45,2025-11-17 13:37,2025-11-17 13:45,8.0,partial overlap,Low,Client Reception,Demo Hall
CONF_3348,P087,Project Discussion,Operations Check,2025-11-17 13:37,2025-11-17 14:11,2025-11-17 13:45,2025-11-17 14:30,2025-11-17 13:45,2025-11-17 14:11,26.0,partial overlap,Low,Client Reception,Online Meeting
CONF_3349,P088,Brainstorming,Product Demo,2025-11-03 10:00,2025-11-03 11:30,2025-11-03 11:00,2025-11-03 11:45,2025-11-03 11:00,2025-11-03 11:30,30.0,partial overlap,Medium,Training Room,Online Meeting
CONF_3350,P088,Deployment,Team Building,2025-11-03 12:30,2025-11-03 13:15,2025-11-03 12:45,2025-11-03 13:30,2025-11-03 12:45,2025-11-03 13:15,30.0,partial overlap,Medium,Test Lab,Demo Hall
CONF_3351,P088,Meeting,Meeting,2025-11-08 18:27,2025-11-08 19:12,2025-11-08 18:15,2025-11-08 19:15,2025-11-08 18:27,2025-11-08 19:12,45.0,full overlap,Medium,Conference Room B,Client Reception
CONF_3352,P088,Design Review,Deployment,2025-11-05 09:47,2025-11-05 10:33,2025-11-05 09:30,2025-11-05 11:00,2025-11-05 09:47,2025-11-05 10:33,46.0,full overlap,Medium,Office Area 2,Conference Room C
CONF_3353,P088,Tech Sharing,Project Discussion,2025-11-01 09:38,2025-11-01 10:35,2025-11-01 09:30,2025-11-01 10:00,2025-11-01 09:38,2025-11-01 10:00,22.0,partial overlap,Low,Remote,Office Area 1
CONF_3354,P088,Team Building,Project Discussion,2025-11-01 09:56,2025-11-01 10:38,2025-11-01 09:30,2025-11-01 10:00,2025-11-01 09:56,2025-11-01 10:00,4.0,partial overlap,Low,Remote,Office Area 1
CONF_3355,P088,Team Building,Tech Sharing,2025-11-01 09:56,2025-11-01 10:38,2025-11-01 09:38,2025-11-01 10:35,2025-11-01 09:56,2025-11-01 10:35,39.0,partial overlap,Medium,Remote,Remote
CONF_3356,P088,Meeting,Project Discussion,2025-11-01 09:53,2025-11-01 10:28,2025-11-01 09:30,2025-11-01 10:00,2025-11-01 09:53,2025-11-01 10:00,7.0,partial overlap,Low,Break Room,Office Area 1
CONF_3357,P088,Meeting,Tech Sharing,2025-11-01 09:53,2025-11-01 10:28,2025-11-01 09:38,2025-11-01 10:35,2025-11-01 09:53,2025-11-01 10:28,35.0,full overlap,Medium,Break Room,Remote
CONF_3358,P088,Meeting,Team Building,2025-11-01 09:53,2025-11-01 10:28,2025-11-01 09:56,2025-11-01 10:38,2025-11-01 09:56,2025-11-01 10:28,32.0,partial overlap,Medium,Break Room,Remote
CONF_3359,P088,Tech Sharing,Meeting,2025-11-01 10:10,2025-11-01 10:36,2025-11-01 09:53,2025-11-01 10:28,2025-11-01 10:10,2025-11-01 10:28,18.0,partial overlap,Low,Client Reception,Break Room
CONF_3360,P088,Tech Sharing,Tech Sharing,2025-11-01 10:10,2025-11-01 10:36,2025-11-01 09:38,2025-11-01 10:35,2025-11-01 10:10,2025-11-01 10:35,25.0,partial overlap,Low,Client Reception,Remote
CONF_3361,P088,Tech Sharing,Team Building,2025-11-01 10:10,2025-11-01 10:36,2025-11-01 09:56,2025-11-01 10:38,2025-11-01 10:10,2025-11-01 10:36,26.0,full overlap,Low,Client Reception,Remote
CONF_3362,P088,Design Review,Testing Acceptance,2025-11-07 09:30,2025-11-07 10:30,2025-11-07 10:15,2025-11-07 11:45,2025-11-07 10:15,2025-11-07 10:30,15.0,partial overlap,Low,Break Room,Remote
CONF_3363,P088,Training,Design Review,2025-11-07 09:45,2025-11-07 10:45,2025-11-07 09:30,2025-11-07 10:30,2025-11-07 09:45,2025-11-07 10:30,45.0,partial overlap,Medium,Break Room,Break Room
CONF_3364,P088,Training,Testing Acceptance,2025-11-07 09:45,2025-11-07 10:45,2025-11-07 10:15,2025-11-07 11:45,2025-11-07 10:15,2025-11-07 10:45,30.0,partial overlap,Medium,Break Room,Remote
CONF_3365,P088,Testing Acceptance,Product Demo,2025-11-11 16:45,2025-11-11 17:45,2025-11-11 17:15,2025-11-11 18:15,2025-11-11 17:15,2025-11-11 17:45,30.0,partial overlap,Medium,Conference Room A,Break Room
CONF_3366,P088,Requirements Analysis,Brainstorming,2025-11-15 09:45,2025-11-15 10:45,2025-11-15 09:15,2025-11-15 10:00,2025-11-15 09:45,2025-11-15 10:00,15.0,partial overlap,Low,Demo Hall,Office Area 1
CONF_3367,P088,Training,Product Demo,2025-11-14 18:14,2025-11-14 19:07,2025-11-14 18:00,2025-11-14 18:45,2025-11-14 18:14,2025-11-14 18:45,31.0,partial overlap,Medium,Test Lab,R&D Center
CONF_3368,P088,Design Review,Product Demo,2025-11-11 17:07,2025-11-11 17:52,2025-11-11 17:15,2025-11-11 18:15,2025-11-11 17:15,2025-11-11 17:52,37.0,partial overlap,Medium,Office Area 2,Break Room
CONF_3369,P088,Design Review,Testing Acceptance,2025-11-11 17:07,2025-11-11 17:52,2025-11-11 16:45,2025-11-11 17:45,2025-11-11 17:07,2025-11-11 17:45,38.0,partial overlap,Medium,Office Area 2,Conference Room A
CONF_3370,P088,Training,Training,2025-11-14 18:41,2025-11-14 19:12,2025-11-14 18:14,2025-11-14 19:07,2025-11-14 18:41,2025-11-14 19:07,26.0,partial overlap,Low,Conference Room C,Test Lab
CONF_3371,P088,Training,Product Demo,2025-11-14 18:41,2025-11-14 19:12,2025-11-14 18:00,2025-11-14 18:45,2025-11-14 18:41,2025-11-14 18:45,4.0,partial overlap,Low,Conference Room C,R&D Center
CONF_3372,P088,One-on-One,Brainstorming,2025-11-15 17:29,2025-11-15 18:01,2025-11-15 17:15,2025-11-15 18:00,2025-11-15 17:29,2025-11-15 18:00,31.0,partial overlap,Medium,Conference Room C,R&D Center
CONF_3373,P088,Deployment,Brainstorming,2025-11-15 09:15,2025-11-15 09:45,2025-11-15 09:15,2025-11-15 10:00,2025-11-15 09:15,2025-11-15 09:45,30.0,full overlap,Medium,Training Room,Office Area 1
CONF_3374,P088,Meeting,Training,2025-11-17 08:30,2025-11-17 09:15,2025-11-17 08:00,2025-11-17 08:45,2025-11-17 08:30,2025-11-17 08:45,15.0,partial overlap,Low,Cafe,Break Room
CONF_3375,P088,One-on-One,Product Demo,2025-11-18 08:45,2025-11-18 09:15,2025-11-18 08:45,2025-11-18 09:00,2025-11-18 08:45,2025-11-18 09:00,15.0,full overlap,Low,Product Showcase,Cafe
CONF_3376,P088,Brainstorming,Testing Acceptance,2025-11-19 16:30,2025-11-19 17:00,2025-11-19 16:45,2025-11-19 17:15,2025-11-19 16:45,2025-11-19 17:00,15.0,partial overlap,Low,Test Lab,Online Meeting
CONF_3377,P088,Code Review,Operations Check,2025-11-23 12:15,2025-11-23 13:00,2025-11-23 11:45,2025-11-23 12:30,2025-11-23 12:15,2025-11-23 12:30,15.0,partial overlap,Low,Online Meeting,Remote
CONF_3378,P088,Requirements Analysis,Product Demo,2025-11-18 08:52,2025-11-18 09:40,2025-11-18 08:45,2025-11-18 09:00,2025-11-18 08:52,2025-11-18 09:00,8.0,partial overlap,Low,R&D Center,Cafe
CONF_3379,P088,Requirements Analysis,One-on-One,2025-11-18 08:52,2025-11-18 09:40,2025-11-18 08:45,2025-11-18 09:15,2025-11-18 08:52,2025-11-18 09:15,23.0,partial overlap,Low,R&D Center,Product Showcase
CONF_3380,P088,Project Discussion,Meeting,2025-11-17 08:57,2025-11-17 09:23,2025-11-17 08:30,2025-11-17 09:15,2025-11-17 08:57,2025-11-17 09:15,18.0,partial overlap,Low,Training Room,Cafe
CONF_3381,P088,One-on-One,Product Demo,2025-11-13 14:23,2025-11-13 14:43,2025-11-13 14:00,2025-11-13 14:45,2025-11-13 14:23,2025-11-13 14:43,20.0,full overlap,Low,Client Reception,Office Area 2
CONF_3382,P088,Client Visit,Meeting,2025-11-17 08:58,2025-11-17 09:20,2025-11-17 08:30,2025-11-17 09:15,2025-11-17 08:58,2025-11-17 09:15,17.0,partial overlap,Low,Conference Room C,Cafe
CONF_3383,P088,Client Visit,Project Discussion,2025-11-17 08:58,2025-11-17 09:20,2025-11-17 08:57,2025-11-17 09:23,2025-11-17 08:58,2025-11-17 09:20,22.0,full overlap,Low,Conference Room C,Training Room
CONF_3384,P088,Deployment,Operations Check,2025-11-17 18:49,2025-11-17 19:05,2025-11-17 18:30,2025-11-17 19:15,2025-11-17 18:49,2025-11-17 19:05,16.0,full overlap,Low,R&D Center,Test Lab
CONF_3385,P088,Project Discussion,Requirements Analysis,2025-11-21 16:11,2025-11-21 16:44,2025-11-21 16:00,2025-11-21 16:45,2025-11-21 16:11,2025-11-21 16:44,33.0,full overlap,Medium,Break Room,Conference Room B
CONF_3386,P089,Product Demo,Deployment,2025-10-29 11:15,2025-10-29 11:45,2025-10-29 11:30,2025-10-29 12:15,2025-10-29 11:30,2025-10-29 11:45,15.0,partial overlap,Low,Conference Room A,Break Room
CONF_3387,P089,Design Review,Testing Acceptance,2025-11-04 11:45,2025-11-04 12:30,2025-11-04 12:15,2025-11-04 13:45,2025-11-04 12:15,2025-11-04 12:30,15.0,partial overlap,Low,Test Lab,Conference Room A
CONF_3388,P089,Project Discussion,Testing Acceptance,2025-11-04 12:01,2025-11-04 12:16,2025-11-04 12:15,2025-11-04 13:45,2025-11-04 12:15,2025-11-04 12:16,1.0,partial overlap,Low,Test Lab,Conference Room A
CONF_3389,P089,Project Discussion,Design Review,2025-11-04 12:01,2025-11-04 12:16,2025-11-04 11:45,2025-11-04 12:30,2025-11-04 12:01,2025-11-04 12:16,15.0,full overlap,Low,Test Lab,Test Lab
CONF_3390,P089,Testing Acceptance,Brainstorming,2025-11-06 18:45,2025-11-06 19:15,2025-11-06 18:45,2025-11-06 19:30,2025-11-06 18:45,2025-11-06 19:15,30.0,full overlap,Medium,Office Area 1,Demo Hall
CONF_3391,P089,Testing Acceptance,Code Review,2025-11-07 11:00,2025-11-07 11:45,2025-11-07 10:15,2025-11-07 11:15,2025-11-07 11:00,2025-11-07 11:15,15.0,partial overlap,Low,R&D Center,R&D Center
CONF_3392,P089,Client Visit,One-on-One,2025-11-09 08:00,2025-11-09 08:45,2025-11-09 08:00,2025-11-09 08:30,2025-11-09 08:00,2025-11-09 08:30,30.0,full overlap,Medium,Office Area 2,Demo Hall
CONF_3393,P089,Deployment,Tech Sharing,2025-11-14 12:15,2025-11-14 13:15,2025-11-14 11:30,2025-11-14 12:30,2025-11-14 12:15,2025-11-14 12:30,15.0,partial overlap,Low,Office Area 1,Test Lab
CONF_3394,P089,Requirements Analysis,One-on-One,2025-11-06 08:56,2025-11-06 09:27,2025-11-06 08:45,2025-11-06 09:30,2025-11-06 08:56,2025-11-06 09:27,31.0,full overlap,Medium,Conference Room C,Break Room
CONF_3395,P089,Team Building,Testing Acceptance,2025-11-17 14:28,2025-11-17 15:09,2025-11-17 14:00,2025-11-17 15:00,2025-11-17 14:28,2025-11-17 15:00,32.0,partial overlap,Medium,Online Meeting,Break Room
CONF_3396,P089,Brainstorming,Operations Check,2025-11-10 11:23,2025-11-10 12:08,2025-11-10 11:15,2025-11-10 12:00,2025-11-10 11:23,2025-11-10 12:00,37.0,partial overlap,Medium,Conference Room C,Training Room
CONF_3397,P089,Brainstorming,Brainstorming,2025-11-10 11:23,2025-11-10 12:08,2025-11-10 12:00,2025-11-10 13:00,2025-11-10 12:00,2025-11-10 12:08,8.0,partial overlap,Low,Conference Room C,Conference Room C
CONF_3398,P089,Brainstorming,Requirements Analysis,2025-11-12 11:48,2025-11-12 12:47,2025-11-12 11:30,2025-11-12 12:15,2025-11-12 11:48,2025-11-12 12:15,27.0,partial overlap,Low,Conference Room C,Demo Hall
CONF_3399,P089,Project Discussion,Client Visit,2025-11-13 18:45,2025-11-13 19:30,2025-11-13 18:15,2025-11-13 19:15,2025-11-13 18:45,2025-11-13 19:15,30.0,partial overlap,Medium,Client Reception,Office Area 1
CONF_3400,P089,Deployment,Tech Sharing,2025-11-19 11:45,2025-11-19 12:15,2025-11-19 12:00,2025-11-19 12:30,2025-11-19 12:00,2025-11-19 12:15,15.0,partial overlap,Low,Office Area 2,Conference Room C
CONF_3401,P089,Design Review,One-on-One,2025-11-14 15:00,2025-11-14 15:30,2025-11-14 15:15,2025-11-14 15:45,2025-11-14 15:15,2025-11-14 15:30,15.0,partial overlap,Low,Demo Hall,Demo Hall
CONF_3402,P089,Design Review,Requirements Analysis,2025-11-15 10:45,2025-11-15 11:15,2025-11-15 10:30,2025-11-15 11:30,2025-11-15 10:45,2025-11-15 11:15,30.0,full overlap,Medium,Cafe,Conference Room B
CONF_3403,P089,Product Demo,One-on-One,2025-11-20 16:45,2025-11-20 17:30,2025-11-20 17:15,2025-11-20 18:00,2025-11-20 17:15,2025-11-20 17:30,15.0,partial overlap,Low,Office Area 1,Online Meeting
CONF_3404,P089,Project Discussion,Requirements Analysis,2025-11-21 10:30,2025-11-21 11:00,2025-11-21 10:30,2025-11-21 11:00,2025-11-21 10:30,2025-11-21 11:00,30.0,full overlap,Medium,Product Showcase,Office Area 1
CONF_3405,P089,Team Building,Testing Acceptance,2025-11-17 13:30,2025-11-17 14:15,2025-11-17 14:00,2025-11-17 15:00,2025-11-17 14:00,2025-11-17 14:15,15.0,partial overlap,Low,Demo Hall,Break Room
CONF_3406,P089,Project Discussion,Meeting,2025-11-21 13:00,2025-11-21 13:45,2025-11-21 12:45,2025-11-21 13:30,2025-11-21 13:00,2025-11-21 13:30,30.0,partial overlap,Medium,Cafe,Product Showcase
CONF_3407,P089,Deployment,Project Discussion,2025-11-21 13:30,2025-11-21 13:45,2025-11-21 13:00,2025-11-21 13:45,2025-11-21 13:30,2025-11-21 13:45,15.0,full overlap,Low,Product Showcase,Cafe
CONF_3408,P089,Operations Check,Operations Check,2025-11-18 13:35,2025-11-18 13:54,2025-11-18 13:45,2025-11-18 14:15,2025-11-18 13:45,2025-11-18 13:54,9.0,partial overlap,Low,Cafe,Office Area 1
CONF_3409,P089,Operations Check,Brainstorming,2025-11-18 13:35,2025-11-18 13:54,2025-11-18 13:30,2025-11-18 13:45,2025-11-18 13:35,2025-11-18 13:45,10.0,partial overlap,Low,Cafe,Conference Room A
CONF_3410,P089,Operations Check,Operations Check,2025-11-23 11:13,2025-11-23 11:32,2025-11-23 10:45,2025-11-23 11:15,2025-11-23 11:13,2025-11-23 11:15,2.0,partial overlap,Low,Office Area 2,Break Room
CONF_3411,P089,Design Review,Meeting,2025-11-21 13:11,2025-11-21 13:38,2025-11-21 12:45,2025-11-21 13:30,2025-11-21 13:11,2025-11-21 13:30,19.0,partial overlap,Low,Remote,Product Showcase
CONF_3412,P089,Design Review,Project Discussion,2025-11-21 13:11,2025-11-21 13:38,2025-11-21 13:00,2025-11-21 13:45,2025-11-21 13:11,2025-11-21 13:38,27.0,full overlap,Low,Remote,Cafe
CONF_3413,P089,Design Review,Deployment,2025-11-21 13:11,2025-11-21 13:38,2025-11-21 13:30,2025-11-21 13:45,2025-11-21 13:30,2025-11-21 13:38,8.0,partial overlap,Low,Remote,Product Showcase
CONF_3414,P089,One-on-One,Operations Check,2025-11-16 13:29,2025-11-16 13:58,2025-11-16 13:15,2025-11-16 14:00,2025-11-16 13:29,2025-11-16 13:58,29.0,full overlap,Low,Remote,Office Area 2
CONF_3415,P089,One-on-One,Meeting,2025-11-18 11:11,2025-11-18 12:08,2025-11-18 11:45,2025-11-18 12:15,2025-11-18 11:45,2025-11-18 12:08,23.0,partial overlap,Low,Online Meeting,Client Reception
CONF_3416,P089,One-on-One,Tech Sharing,2025-11-18 11:11,2025-11-18 12:08,2025-11-18 10:45,2025-11-18 11:30,2025-11-18 11:11,2025-11-18 11:30,19.0,partial overlap,Low,Online Meeting,Product Showcase
CONF_3417,P089,Training,Product Demo,2025-11-15 16:06,2025-11-15 16:22,2025-11-15 15:45,2025-11-15 16:15,2025-11-15 16:06,2025-11-15 16:15,9.0,partial overlap,Low,Office Area 2,Conference Room C
CONF_3418,P090,Tech Sharing,Team Building,2025-11-01 17:39,2025-11-01 18:10,2025-11-01 17:15,2025-11-01 18:15,2025-11-01 17:39,2025-11-01 18:10,31.0,full overlap,Medium,Office Area 1,Client Reception
CONF_3419,P090,Deployment,Design Review,2025-11-04 16:05,2025-11-04 16:54,2025-11-04 16:00,2025-11-04 16:45,2025-11-04 16:05,2025-11-04 16:45,40.0,partial overlap,Medium,Product Showcase,Conference Room A
CONF_3420,P090,Client Visit,Deployment,2025-11-05 16:38,2025-11-05 17:35,2025-11-05 16:15,2025-11-05 17:15,2025-11-05 16:38,2025-11-05 17:15,37.0,partial overlap,Medium,Client Reception,Conference Room C
CONF_3421,P090,Meeting,Training,2025-11-06 15:45,2025-11-06 16:30,2025-11-06 16:00,2025-11-06 17:00,2025-11-06 16:00,2025-11-06 16:30,30.0,partial overlap,Medium,Test Lab,Remote
CONF_3422,P090,Product Demo,Testing Acceptance,2025-11-09 14:15,2025-11-09 14:45,2025-11-09 14:00,2025-11-09 14:45,2025-11-09 14:15,2025-11-09 14:45,30.0,full overlap,Medium,Office Area 1,Online Meeting
CONF_3423,P090,Deployment,Client Visit,2025-11-11 08:45,2025-11-11 09:15,2025-11-11 08:45,2025-11-11 09:15,2025-11-11 08:45,2025-11-11 09:15,30.0,full overlap,Medium,Demo Hall,Office Area 2
CONF_3424,P090,Project Discussion,Brainstorming,2025-11-08 16:59,2025-11-08 17:36,2025-11-08 16:30,2025-11-08 17:00,2025-11-08 16:59,2025-11-08 17:00,1.0,partial overlap,Low,Online Meeting,Product Showcase
CONF_3425,P090,Product Demo,Meeting,2025-11-14 17:19,2025-11-14 17:42,2025-11-14 17:00,2025-11-14 18:00,2025-11-14 17:19,2025-11-14 17:42,23.0,full overlap,Low,Training Room,Client Reception
CONF_3426,P090,Product Demo,Product Demo,2025-11-09 14:25,2025-11-09 15:22,2025-11-09 14:15,2025-11-09 14:45,2025-11-09 14:25,2025-11-09 14:45,20.0,partial overlap,Low,Training Room,Office Area 1
CONF_3427,P090,Product Demo,Testing Acceptance,2025-11-09 14:25,2025-11-09 15:22,2025-11-09 14:00,2025-11-09 14:45,2025-11-09 14:25,2025-11-09 14:45,20.0,partial overlap,Low,Training Room,Online Meeting
CONF_3428,P090,Project Discussion,Training,2025-11-06 16:28,2025-11-06 17:22,2025-11-06 16:00,2025-11-06 17:00,2025-11-06 16:28,2025-11-06 17:00,32.0,partial overlap,Medium,Online Meeting,Remote
CONF_3429,P090,Project Discussion,Meeting,2025-11-06 16:28,2025-11-06 17:22,2025-11-06 15:45,2025-11-06 16:30,2025-11-06 16:28,2025-11-06 16:30,2.0,partial overlap,Low,Online Meeting,Test Lab
CONF_3430,P090,Client Visit,Deployment,2025-11-13 16:38,2025-11-13 17:36,2025-11-13 16:15,2025-11-13 17:00,2025-11-13 16:38,2025-11-13 17:00,22.0,partial overlap,Low,Conference Room B,Product Showcase
CONF_3431,P090,Design Review,Meeting,2025-11-14 16:30,2025-11-14 17:15,2025-11-14 17:00,2025-11-14 18:00,2025-11-14 17:00,2025-11-14 17:15,15.0,partial overlap,Low,Conference Room C,Client Reception
CONF_3432,P090,Design Review,Design Review,2025-11-14 16:30,2025-11-14 17:00,2025-11-14 16:30,2025-11-14 17:15,2025-11-14 16:30,2025-11-14 17:00,30.0,full overlap,Medium,Test Lab,Conference Room C
CONF_3433,P090,Brainstorming,Deployment,2025-11-20 08:30,2025-11-20 09:00,2025-11-20 08:45,2025-11-20 09:15,2025-11-20 08:45,2025-11-20 09:00,15.0,partial overlap,Low,Client Reception,Online Meeting
CONF_3434,P090,Team Building,Tech Sharing,2025-11-20 16:00,2025-11-20 16:45,2025-11-20 16:00,2025-11-20 16:45,2025-11-20 16:00,2025-11-20 16:45,45.0,full overlap,Medium,R&D Center,Office Area 2
CONF_3435,P090,One-on-One,Training,2025-11-23 08:45,2025-11-23 09:30,2025-11-23 08:30,2025-11-23 09:00,2025-11-23 08:45,2025-11-23 09:00,15.0,partial overlap,Low,Break Room,Demo Hall
CONF_3436,P090,Operations Check,Meeting,2025-11-17 12:30,2025-11-17 13:00,2025-11-17 12:30,2025-11-17 13:00,2025-11-17 12:30,2025-11-17 13:00,30.0,full overlap,Medium,Break Room,Client Reception
CONF_3437,P090,Training,Design Review,2025-11-17 15:30,2025-11-17 15:45,2025-11-17 15:00,2025-11-17 15:45,2025-11-17 15:30,2025-11-17 15:45,15.0,full overlap,Low,Demo Hall,Cafe
CONF_3438,P090,Deployment,Training,2025-11-20 12:00,2025-11-20 12:45,2025-11-20 12:15,2025-11-20 13:00,2025-11-20 12:15,2025-11-20 12:45,30.0,partial overlap,Medium,Online Meeting,Break Room
CONF_3439,P090,One-on-One,Tech Sharing,2025-11-21 10:40,2025-11-21 10:57,2025-11-21 10:30,2025-11-21 11:15,2025-11-21 10:40,2025-11-21 10:57,17.0,full overlap,Low,Office Area 1,Client Reception
CONF_3440,P090,Client Visit,Training,2025-11-17 15:36,2025-11-17 16:29,2025-11-17 15:30,2025-11-17 15:45,2025-11-17 15:36,2025-11-17 15:45,9.0,partial overlap,Low,Office Area 2,Demo Hall
CONF_3441,P090,Client Visit,Training,2025-11-17 15:36,2025-11-17 16:29,2025-11-17 15:45,2025-11-17 16:30,2025-11-17 15:45,2025-11-17 16:29,44.0,partial overlap,Medium,Office Area 2,Office Area 2
CONF_3442,P090,Client Visit,Design Review,2025-11-17 15:36,2025-11-17 16:29,2025-11-17 15:00,2025-11-17 15:45,2025-11-17 15:36,2025-11-17 15:45,9.0,partial overlap,Low,Office Area 2,Cafe
CONF_3443,P090,Design Review,Brainstorming,2025-11-21 13:00,2025-11-21 13:51,2025-11-21 12:45,2025-11-21 13:15,2025-11-21 13:00,2025-11-21 13:15,15.0,partial overlap,Low,Remote,R&D Center
CONF_3444,P090,Tech Sharing,Tech Sharing,2025-11-20 16:28,2025-11-20 16:51,2025-11-20 16:00,2025-11-20 16:45,2025-11-20 16:28,2025-11-20 16:45,17.0,partial overlap,Low,Break Room,Office Area 2
CONF_3445,P090,Tech Sharing,Team Building,2025-11-20 16:28,2025-11-20 16:51,2025-11-20 16:00,2025-11-20 16:45,2025-11-20 16:28,2025-11-20 16:45,17.0,partial overlap,Low,Break Room,R&D Center
CONF_3446,P090,Operations Check,Brainstorming,2025-11-21 13:14,2025-11-21 13:44,2025-11-21 12:45,2025-11-21 13:15,2025-11-21 13:14,2025-11-21 13:15,1.0,partial overlap,Low,R&D Center,R&D Center
CONF_3447,P090,Operations Check,Design Review,2025-11-21 13:14,2025-11-21 13:44,2025-11-21 13:00,2025-11-21 13:51,2025-11-21 13:14,2025-11-21 13:44,30.0,full overlap,Medium,R&D Center,Remote
CONF_3448,P090,Project Discussion,Code Review,2025-11-15 10:39,2025-11-15 10:54,2025-11-15 10:15,2025-11-15 11:00,2025-11-15 10:39,2025-11-15 10:54,15.0,full overlap,Low,Conference Room B,Training Room
CONF_3449,P090,Requirements Analysis,Requirements Analysis,2025-11-12 10:12,2025-11-12 10:30,2025-11-12 10:00,2025-11-12 10:45,2025-11-12 10:12,2025-11-12 10:30,18.0,full overlap,Low,Test Lab,Demo Hall
CONF_3450,P090,Code Review,Design Review,2025-11-19 13:29,2025-11-19 14:02,2025-11-19 13:15,2025-11-19 13:30,2025-11-19 13:29,2025-11-19 13:30,1.0,partial overlap,Low,Client Reception,Cafe
CONF_3451,P091,Requirements Analysis,Requirements Analysis,2025-10-31 09:30,2025-10-31 11:00,2025-10-31 10:45,2025-10-31 11:45,2025-10-31 10:45,2025-10-31 11:00,15.0,partial overlap,Low,Conference Room A,Test Lab
CONF_3452,P091,Deployment,Requirements Analysis,2025-10-31 09:55,2025-10-31 10:42,2025-10-31 09:30,2025-10-31 11:00,2025-10-31 09:55,2025-10-31 10:42,47.0,full overlap,Medium,Conference Room C,Conference Room A
CONF_3453,P091,Client Visit,Requirements Analysis,2025-10-31 11:07,2025-10-31 11:58,2025-10-31 10:45,2025-10-31 11:45,2025-10-31 11:07,2025-10-31 11:45,38.0,partial overlap,Medium,Demo Hall,Test Lab
CONF_3454,P091,Brainstorming,One-on-One,2025-11-08 17:00,2025-11-08 17:30,2025-11-08 16:45,2025-11-08 17:30,2025-11-08 17:00,2025-11-08 17:30,30.0,full overlap,Medium,Conference Room B,Demo Hall
CONF_3455,P091,Design Review,Operations Check,2025-11-11 13:00,2025-11-11 13:45,2025-11-11 12:30,2025-11-11 13:15,2025-11-11 13:00,2025-11-11 13:15,15.0,partial overlap,Low,Break Room,Product Showcase
CONF_3456,P091,Requirements Analysis,Design Review,2025-11-11 12:45,2025-11-11 13:45,2025-11-11 13:00,2025-11-11 13:45,2025-11-11 13:00,2025-11-11 13:45,45.0,full overlap,Medium,Training Room,Break Room
CONF_3457,P091,Requirements Analysis,Operations Check,2025-11-11 12:45,2025-11-11 13:45,2025-11-11 12:30,2025-11-11 13:15,2025-11-11 12:45,2025-11-11 13:15,30.0,partial overlap,Medium,Training Room,Product Showcase
CONF_3458,P091,One-on-One,Team Building,2025-11-11 10:15,2025-11-11 10:45,2025-11-11 10:00,2025-11-11 10:45,2025-11-11 10:15,2025-11-11 10:45,30.0,full overlap,Medium,Demo Hall,R&D Center
CONF_3459,P091,Testing Acceptance,Team Building,2025-11-08 11:59,2025-11-08 12:46,2025-11-08 12:30,2025-11-08 13:00,2025-11-08 12:30,2025-11-08 12:46,16.0,partial overlap,Low,R&D Center,Training Room
CONF_3460,P091,Testing Acceptance,One-on-One,2025-11-08 11:59,2025-11-08 12:46,2025-11-08 11:30,2025-11-08 12:00,2025-11-08 11:59,2025-11-08 12:00,1.0,partial overlap,Low,R&D Center,Test Lab
CONF_3461,P091,Training,Training,2025-11-09 18:10,2025-11-09 19:00,2025-11-09 17:45,2025-11-09 18:45,2025-11-09 18:10,2025-11-09 18:45,35.0,partial overlap,Medium,Product Showcase,Test Lab
CONF_3462,P091,Tech Sharing,Deployment,2025-11-10 14:10,2025-11-10 14:59,2025-11-10 13:45,2025-11-10 14:15,2025-11-10 14:10,2025-11-10 14:15,5.0,partial overlap,Low,Cafe,Conference Room B
CONF_3463,P091,Operations Check,Brainstorming,2025-11-14 17:55,2025-11-14 18:31,2025-11-14 17:45,2025-11-14 18:30,2025-11-14 17:55,2025-11-14 18:30,35.0,partial overlap,Medium,Online Meeting,Office Area 1
CONF_3464,P091,Code Review,Product Demo,2025-11-17 16:00,2025-11-17 16:45,2025-11-17 15:45,2025-11-17 16:15,2025-11-17 16:00,2025-11-17 16:15,15.0,partial overlap,Low,R&D Center,Office Area 1
CONF_3465,P091,Deployment,Requirements Analysis,2025-11-16 10:00,2025-11-16 10:15,2025-11-16 09:45,2025-11-16 10:15,2025-11-16 10:00,2025-11-16 10:15,15.0,full overlap,Low,Client Reception,Remote
CONF_3466,P091,Meeting,Code Review,2025-11-15 10:00,2025-11-15 10:45,2025-11-15 10:00,2025-11-15 10:30,2025-11-15 10:00,2025-11-15 10:30,30.0,full overlap,Medium,Conference Room A,Training Room
CONF_3467,P091,Project Discussion,Project Discussion,2025-11-19 13:15,2025-11-19 14:00,2025-11-19 13:45,2025-11-19 14:00,2025-11-19 13:45,2025-11-19 14:00,15.0,full overlap,Low,Demo Hall,Conference Room B
CONF_3468,P091,Operations Check,Tech Sharing,2025-11-18 13:15,2025-11-18 14:00,2025-11-18 13:30,2025-11-18 14:00,2025-11-18 13:30,2025-11-18 14:00,30.0,full overlap,Medium,Conference Room B,Break Room
CONF_3469,P091,Design Review,Training,2025-11-20 14:30,2025-11-20 14:45,2025-11-20 14:30,2025-11-20 15:00,2025-11-20 14:30,2025-11-20 14:45,15.0,full overlap,Low,Break Room,Conference Room C
CONF_3470,P091,Product Demo,Client Visit,2025-11-19 11:15,2025-11-19 11:30,2025-11-19 10:45,2025-11-19 11:30,2025-11-19 11:15,2025-11-19 11:30,15.0,full overlap,Low,Conference Room B,Conference Room B
CONF_3471,P091,Requirements Analysis,Tech Sharing,2025-11-20 12:43,2025-11-20 13:06,2025-11-20 12:30,2025-11-20 13:15,2025-11-20 12:43,2025-11-20 13:06,23.0,full overlap,Low,Online Meeting,Cafe
CONF_3472,P091,Brainstorming,Requirements Analysis,2025-11-17 18:50,2025-11-17 19:12,2025-11-17 18:30,2025-11-17 19:15,2025-11-17 18:50,2025-11-17 19:12,22.0,full overlap,Low,Client Reception,Client Reception
CONF_3473,P091,Brainstorming,Testing Acceptance,2025-11-15 13:41,2025-11-15 14:09,2025-11-15 13:15,2025-11-15 13:45,2025-11-15 13:41,2025-11-15 13:45,4.0,partial overlap,Low,Conference Room C,Cafe
CONF_3474,P091,Meeting,Testing Acceptance,2025-11-16 08:27,2025-11-16 09:10,2025-11-16 08:00,2025-11-16 08:30,2025-11-16 08:27,2025-11-16 08:30,3.0,partial overlap,Low,Break Room,Product Showcase
CONF_3475,P091,Team Building,Design Review,2025-11-14 09:15,2025-11-14 09:48,2025-11-14 09:00,2025-11-14 09:30,2025-11-14 09:15,2025-11-14 09:30,15.0,partial overlap,Low,R&D Center,Break Room
CONF_3476,P091,Team Building,Brainstorming,2025-11-18 11:37,2025-11-18 12:13,2025-11-18 11:15,2025-11-18 12:00,2025-11-18 11:37,2025-11-18 12:00,23.0,partial overlap,Low,Conference Room C,Conference Room B
CONF_3477,P092,Project Discussion,Client Visit,2025-10-30 08:00,2025-10-30 08:30,2025-10-30 08:00,2025-10-30 08:45,2025-10-30 08:00,2025-10-30 08:30,30.0,full overlap,Medium,Test Lab,Client Reception
CONF_3478,P092,Requirements Analysis,Operations Check,2025-11-08 10:00,2025-11-08 10:30,2025-11-08 10:15,2025-11-08 11:15,2025-11-08 10:15,2025-11-08 10:30,15.0,partial overlap,Low,Conference Room B,Cafe
CONF_3479,P092,Training,Requirements Analysis,2025-11-08 10:00,2025-11-08 11:00,2025-11-08 10:00,2025-11-08 10:30,2025-11-08 10:00,2025-11-08 10:30,30.0,full overlap,Medium,Product Showcase,Conference Room B
CONF_3480,P092,Training,Operations Check,2025-11-08 10:00,2025-11-08 11:00,2025-11-08 10:15,2025-11-08 11:15,2025-11-08 10:15,2025-11-08 11:00,45.0,partial overlap,Medium,Product Showcase,Cafe
CONF_3481,P092,One-on-One,Product Demo,2025-11-03 16:17,2025-11-03 16:51,2025-11-03 16:00,2025-11-03 17:30,2025-11-03 16:17,2025-11-03 16:51,34.0,full overlap,Medium,Conference Room C,Demo Hall
CONF_3482,P092,Client Visit,Tech Sharing,2025-10-28 18:23,2025-10-28 19:06,2025-10-28 18:15,2025-10-28 19:00,2025-10-28 18:23,2025-10-28 19:00,37.0,partial overlap,Medium,Demo Hall,Test Lab
CONF_3483,P092,One-on-One,Training,2025-11-08 10:30,2025-11-08 11:00,2025-11-08 10:00,2025-11-08 11:00,2025-11-08 10:30,2025-11-08 11:00,30.0,full overlap,Medium,Test Lab,Product Showcase
CONF_3484,P092,One-on-One,Operations Check,2025-11-08 10:30,2025-11-08 11:00,2025-11-08 10:15,2025-11-08 11:15,2025-11-08 10:30,2025-11-08 11:00,30.0,full overlap,Medium,Test Lab,Cafe
CONF_3485,P092,Requirements Analysis,Client Visit,2025-11-11 12:45,2025-11-11 13:15,2025-11-11 12:30,2025-11-11 13:00,2025-11-11 12:45,2025-11-11 13:00,15.0,partial overlap,Low,Test Lab,Training Room
CONF_3486,P092,Team Building,Requirements Analysis,2025-11-11 12:42,2025-11-11 13:07,2025-11-11 12:45,2025-11-11 13:15,2025-11-11 12:45,2025-11-11 13:07,22.0,partial overlap,Low,Training Room,Test Lab
CONF_3487,P092,Team Building,Client Visit,2025-11-11 12:42,2025-11-11 13:07,2025-11-11 12:30,2025-11-11 13:00,2025-11-11 12:42,2025-11-11 13:00,18.0,partial overlap,Low,Training Room,Training Room
CONF_3488,P092,Operations Check,Training,2025-11-15 10:45,2025-11-15 11:30,2025-11-15 11:15,2025-11-15 12:00,2025-11-15 11:15,2025-11-15 11:30,15.0,partial overlap,Low,Conference Room A,Online Meeting
CONF_3489,P092,Requirements Analysis,Testing Acceptance,2025-11-14 15:45,2025-11-14 16:30,2025-11-14 15:30,2025-11-14 16:15,2025-11-14 15:45,2025-11-14 16:15,30.0,partial overlap,Medium,Cafe,Training Room
CONF_3490,P092,Product Demo,Team Building,2025-11-14 10:00,2025-11-14 10:45,2025-11-14 10:15,2025-11-14 11:15,2025-11-14 10:15,2025-11-14 10:45,30.0,partial overlap,Medium,Conference Room C,Remote
CONF_3491,P092,Operations Check,Meeting,2025-11-19 16:15,2025-11-19 16:30,2025-11-19 16:15,2025-11-19 16:30,2025-11-19 16:15,2025-11-19 16:30,15.0,full overlap,Low,Cafe,Break Room
CONF_3492,P092,Tech Sharing,One-on-One,2025-11-18 11:15,2025-11-18 12:00,2025-11-18 11:00,2025-11-18 11:30,2025-11-18 11:15,2025-11-18 11:30,15.0,partial overlap,Low,Office Area 1,Conference Room B
CONF_3493,P092,Project Discussion,Project Discussion,2025-11-19 13:15,2025-11-19 13:45,2025-11-19 13:15,2025-11-19 14:00,2025-11-19 13:15,2025-11-19 13:45,30.0,full overlap,Medium,R&D Center,Online Meeting
CONF_3494,P092,Team Building,Client Visit,2025-11-25 15:29,2025-11-25 16:13,2025-11-25 15:45,2025-11-25 16:30,2025-11-25 15:45,2025-11-25 16:13,28.0,partial overlap,Low,Test Lab,R&D Center
CONF_3495,P092,Team Building,Client Visit,2025-11-25 15:29,2025-11-25 16:13,2025-11-25 15:15,2025-11-25 15:45,2025-11-25 15:29,2025-11-25 15:45,16.0,partial overlap,Low,Test Lab,Remote
CONF_3496,P092,Code Review,Requirements Analysis,2025-11-16 11:10,2025-11-16 11:52,2025-11-16 10:45,2025-11-16 11:30,2025-11-16 11:10,2025-11-16 11:30,20.0,partial overlap,Low,R&D Center,Office Area 1
CONF_3497,P092,Project Discussion,Client Visit,2025-11-13 11:35,2025-11-13 12:12,2025-11-13 11:30,2025-11-13 12:00,2025-11-13 11:35,2025-11-13 12:00,25.0,partial overlap,Low,Conference Room C,Training Room
CONF_3498,P092,Project Discussion,Project Discussion,2025-11-13 11:39,2025-11-13 12:14,2025-11-13 11:35,2025-11-13 12:12,2025-11-13 11:39,2025-11-13 12:12,33.0,partial overlap,Medium,Product Showcase,Conference Room C
CONF_3499,P092,Project Discussion,Client Visit,2025-11-13 11:39,2025-11-13 12:14,2025-11-13 11:30,2025-11-13 12:00,2025-11-13 11:39,2025-11-13 12:00,21.0,partial overlap,Low,Product Showcase,Training Room
CONF_3500,P092,Testing Acceptance,Client Visit,2025-11-17 14:00,2025-11-17 14:17,2025-11-17 13:30,2025-11-17 14:15,2025-11-17 14:00,2025-11-17 14:15,15.0,partial overlap,Low,Break Room,Conference Room B
CONF_3501,P092,One-on-One,Training,2025-11-21 17:56,2025-11-21 18:34,2025-11-21 17:30,2025-11-21 18:00,2025-11-21 17:56,2025-11-21 18:00,4.0,partial overlap,Low,Cafe,Office Area 1
CONF_3502,P092,One-on-One,Testing Acceptance,2025-11-21 17:56,2025-11-21 18:34,2025-11-21 18:30,2025-11-21 19:00,2025-11-21 18:30,2025-11-21 18:34,4.0,partial overlap,Low,Cafe,Cafe
CONF_3503,P092,Testing Acceptance,Operations Check,2025-11-20 08:10,2025-11-20 08:29,2025-11-20 08:00,2025-11-20 08:45,2025-11-20 08:10,2025-11-20 08:29,19.0,full overlap,Low,Product Showcase,Break Room
CONF_3504,P093,Project Discussion,Training,2025-11-05 16:11,2025-11-05 16:54,2025-11-05 16:00,2025-11-05 16:30,2025-11-05 16:11,2025-11-05 16:30,19.0,partial overlap,Low,Conference Room C,Conference Room C
CONF_3505,P093,Testing Acceptance,Deployment,2025-11-08 09:45,2025-11-08 10:45,2025-11-08 09:45,2025-11-08 10:15,2025-11-08 09:45,2025-11-08 10:15,30.0,full overlap,Medium,Office Area 2,Client Reception
CONF_3506,P093,Requirements Analysis,Training,2025-11-09 17:00,2025-11-09 17:45,2025-11-09 16:15,2025-11-09 17:15,2025-11-09 17:00,2025-11-09 17:15,15.0,partial overlap,Low,Online Meeting,Product Showcase
CONF_3507,P093,Requirements Analysis,Project Discussion,2025-11-09 17:00,2025-11-09 17:45,2025-11-09 17:30,2025-11-09 18:00,2025-11-09 17:30,2025-11-09 17:45,15.0,partial overlap,Low,Online Meeting,Office Area 1
CONF_3508,P093,One-on-One,Training,2025-11-09 16:45,2025-11-09 17:15,2025-11-09 16:15,2025-11-09 17:15,2025-11-09 16:45,2025-11-09 17:15,30.0,full overlap,Medium,Test Lab,Product Showcase
CONF_3509,P093,One-on-One,Requirements Analysis,2025-11-09 16:45,2025-11-09 17:15,2025-11-09 17:00,2025-11-09 17:45,2025-11-09 17:00,2025-11-09 17:15,15.0,partial overlap,Low,Test Lab,Online Meeting
CONF_3510,P093,Tech Sharing,Tech Sharing,2025-11-09 14:30,2025-11-09 15:15,2025-11-09 14:45,2025-11-09 15:30,2025-11-09 14:45,2025-11-09 15:15,30.0,partial overlap,Medium,Training Room,R&D Center
CONF_3511,P093,Training,Operations Check,2025-11-12 14:24,2025-11-12 14:58,2025-11-12 14:00,2025-11-12 14:45,2025-11-12 14:24,2025-11-12 14:45,21.0,partial overlap,Low,Test Lab,Product Showcase
CONF_3512,P093,Tech Sharing,Client Visit,2025-11-11 14:57,2025-11-11 15:23,2025-11-11 14:30,2025-11-11 15:15,2025-11-11 14:57,2025-11-11 15:15,18.0,partial overlap,Low,Conference Room A,Remote
CONF_3513,P093,Training,Training,2025-11-13 10:45,2025-11-13 11:07,2025-11-13 10:30,2025-11-13 11:30,2025-11-13 10:45,2025-11-13 11:07,22.0,full overlap,Low,Online Meeting,Demo Hall
CONF_3514,P093,Training,Testing Acceptance,2025-11-14 17:51,2025-11-14 18:46,2025-11-14 17:45,2025-11-14 18:45,2025-11-14 17:51,2025-11-14 18:45,54.0,partial overlap,Medium,Test Lab,Training Room
CONF_3515,P093,Training,Training,2025-11-13 11:15,2025-11-13 12:00,2025-11-13 10:30,2025-11-13 11:30,2025-11-13 11:15,2025-11-13 11:30,15.0,partial overlap,Low,Cafe,Demo Hall
CONF_3516,P093,Operations Check,Project Discussion,2025-11-14 13:45,2025-11-14 14:30,2025-11-14 13:30,2025-11-14 14:00,2025-11-14 13:45,2025-11-14 14:00,15.0,partial overlap,Low,Office Area 2,Training Room
CONF_3517,P093,Deployment,Client Visit,2025-11-19 08:00,2025-11-19 08:30,2025-11-19 08:00,2025-11-19 08:15,2025-11-19 08:00,2025-11-19 08:15,15.0,full overlap,Low,Online Meeting,Demo Hall
CONF_3518,P093,Requirements Analysis,Client Visit,2025-11-18 12:45,2025-11-18 13:15,2025-11-18 12:45,2025-11-18 13:30,2025-11-18 12:45,2025-11-18 13:15,30.0,full overlap,Medium,Test Lab,Remote
CONF_3519,P093,Tech Sharing,Product Demo,2025-11-15 12:00,2025-11-15 12:15,2025-11-15 12:00,2025-11-15 12:30,2025-11-15 12:00,2025-11-15 12:15,15.0,full overlap,Low,Test Lab,Conference Room A
CONF_3520,P093,Tech Sharing,Design Review,2025-11-18 10:45,2025-11-18 11:30,2025-11-18 11:00,2025-11-18 11:30,2025-11-18 11:00,2025-11-18 11:30,30.0,full overlap,Medium,Online Meeting,Cafe
CONF_3521,P093,Client Visit,Brainstorming,2025-11-16 12:32,2025-11-16 12:52,2025-11-16 12:15,2025-11-16 13:00,2025-11-16 12:32,2025-11-16 12:52,20.0,full overlap,Low,Break Room,Break Room
CONF_3522,P093,One-on-One,Project Discussion,2025-11-23 18:58,2025-11-23 19:39,2025-11-23 18:30,2025-11-23 19:15,2025-11-23 18:58,2025-11-23 19:15,17.0,partial overlap,Low,Remote,Office Area 1
CONF_3523,P093,Deployment,Tech Sharing,2025-11-23 11:35,2025-11-23 12:13,2025-11-23 11:15,2025-11-23 11:45,2025-11-23 11:35,2025-11-23 11:45,10.0,partial overlap,Low,Conference Room A,Office Area 2
CONF_3524,P093,Deployment,Client Visit,2025-11-18 13:06,2025-11-18 13:22,2025-11-18 12:45,2025-11-18 13:30,2025-11-18 13:06,2025-11-18 13:22,16.0,full overlap,Low,Break Room,Remote
CONF_3525,P093,Deployment,Requirements Analysis,2025-11-18 13:06,2025-11-18 13:22,2025-11-18 12:45,2025-11-18 13:15,2025-11-18 13:06,2025-11-18 13:15,9.0,partial overlap,Low,Break Room,Test Lab
CONF_3526,P094,Operations Check,Product Demo,2025-10-29 12:45,2025-10-29 14:15,2025-10-29 11:45,2025-10-29 13:15,2025-10-29 12:45,2025-10-29 13:15,30.0,partial overlap,Medium,Break Room,Training Room
CONF_3527,P094,Testing Acceptance,Operations Check,2025-11-01 17:59,2025-11-01 18:51,2025-11-01 18:45,2025-11-01 20:15,2025-11-01 18:45,2025-11-01 18:51,6.0,partial overlap,Low,Test Lab,Office Area 1
CONF_3528,P094,Testing Acceptance,Tech Sharing,2025-11-01 17:59,2025-11-01 18:51,2025-11-01 17:30,2025-11-01 18:00,2025-11-01 17:59,2025-11-01 18:00,1.0,partial overlap,Low,Test Lab,Test Lab
CONF_3529,P094,Operations Check,Operations Check,2025-11-01 19:02,2025-11-01 19:42,2025-11-01 18:45,2025-11-01 20:15,2025-11-01 19:02,2025-11-01 19:42,40.0,full overlap,Medium,Training Room,Office Area 1
CONF_3530,P094,Deployment,One-on-One,2025-11-05 12:58,2025-11-05 13:25,2025-11-05 12:30,2025-11-05 13:15,2025-11-05 12:58,2025-11-05 13:15,17.0,partial overlap,Low,Remote,Training Room
CONF_3531,P094,Tech Sharing,Design Review,2025-10-29 11:18,2025-10-29 12:00,2025-10-29 11:00,2025-10-29 11:30,2025-10-29 11:18,2025-10-29 11:30,12.0,partial overlap,Low,Office Area 2,Remote
CONF_3532,P094,Tech Sharing,Product Demo,2025-10-29 11:18,2025-10-29 12:00,2025-10-29 11:45,2025-10-29 13:15,2025-10-29 11:45,2025-10-29 12:00,15.0,partial overlap,Low,Office Area 2,Training Room
CONF_3533,P094,Requirements Analysis,Tech Sharing,2025-10-29 11:20,2025-10-29 12:01,2025-10-29 11:18,2025-10-29 12:00,2025-10-29 11:20,2025-10-29 12:00,40.0,partial overlap,Medium,R&D Center,Office Area 2
CONF_3534,P094,Requirements Analysis,Design Review,2025-10-29 11:20,2025-10-29 12:01,2025-10-29 11:00,2025-10-29 11:30,2025-10-29 11:20,2025-10-29 11:30,10.0,partial overlap,Low,R&D Center,Remote
CONF_3535,P094,Requirements Analysis,Product Demo,2025-10-29 11:20,2025-10-29 12:01,2025-10-29 11:45,2025-10-29 13:15,2025-10-29 11:45,2025-10-29 12:01,16.0,partial overlap,Low,R&D Center,Training Room
CONF_3536,P094,Meeting,Code Review,2025-11-05 10:23,2025-11-05 10:53,2025-11-05 10:15,2025-11-05 10:59,2025-11-05 10:23,2025-11-05 10:53,30.0,full overlap,Medium,Client Reception,Break Room
CONF_3537,P094,Design Review,Design Review,2025-11-07 13:00,2025-11-07 14:00,2025-11-07 13:15,2025-11-07 14:15,2025-11-07 13:15,2025-11-07 14:00,45.0,partial overlap,Medium,Client Reception,Office Area 1
CONF_3538,P094,Team Building,Deployment,2025-11-10 17:00,2025-11-10 18:00,2025-11-10 17:45,2025-11-10 18:30,2025-11-10 17:45,2025-11-10 18:00,15.0,partial overlap,Low,Client Reception,Cafe
CONF_3539,P094,Team Building,Product Demo,2025-11-10 17:00,2025-11-10 18:00,2025-11-10 17:00,2025-11-10 17:30,2025-11-10 17:00,2025-11-10 17:30,30.0,full overlap,Medium,Client Reception,Client Reception
CONF_3540,P094,Brainstorming,Product Demo,2025-11-10 12:12,2025-11-10 13:10,2025-11-10 11:45,2025-11-10 12:45,2025-11-10 12:12,2025-11-10 12:45,33.0,partial overlap,Medium,Test Lab,Office Area 2
CONF_3541,P094,Client Visit,Design Review,2025-11-08 17:11,2025-11-08 17:26,2025-11-08 17:00,2025-11-08 17:30,2025-11-08 17:11,2025-11-08 17:26,15.0,full overlap,Low,Conference Room C,Online Meeting
CONF_3542,P094,Tech Sharing,Project Discussion,2025-11-13 11:12,2025-11-13 11:47,2025-11-13 11:00,2025-11-13 11:45,2025-11-13 11:12,2025-11-13 11:45,33.0,partial overlap,Medium,Conference Room B,Client Reception
CONF_3543,P094,Requirements Analysis,Product Demo,2025-11-10 12:13,2025-11-10 12:49,2025-11-10 11:45,2025-11-10 12:45,2025-11-10 12:13,2025-11-10 12:45,32.0,partial overlap,Medium,Conference Room B,Office Area 2
CONF_3544,P094,Requirements Analysis,Brainstorming,2025-11-10 12:13,2025-11-10 12:49,2025-11-10 12:12,2025-11-10 13:10,2025-11-10 12:13,2025-11-10 12:49,36.0,full overlap,Medium,Conference Room B,Test Lab
CONF_3545,P094,One-on-One,Client Visit,2025-11-15 09:05,2025-11-15 09:25,2025-11-15 09:00,2025-11-15 10:00,2025-11-15 09:05,2025-11-15 09:25,20.0,full overlap,Low,Product Showcase,Office Area 1
CONF_3546,P094,One-on-One,Client Visit,2025-11-09 18:26,2025-11-09 18:55,2025-11-09 18:15,2025-11-09 18:45,2025-11-09 18:26,2025-11-09 18:45,19.0,partial overlap,Low,Remote,Office Area 2
CONF_3547,P094,Product Demo,Client Visit,2025-11-08 17:23,2025-11-08 18:23,2025-11-08 17:11,2025-11-08 17:26,2025-11-08 17:23,2025-11-08 17:26,3.0,partial overlap,Low,Office Area 2,Conference Room C
CONF_3548,P094,Product Demo,Design Review,2025-11-08 17:23,2025-11-08 18:23,2025-11-08 17:00,2025-11-08 17:30,2025-11-08 17:23,2025-11-08 17:30,7.0,partial overlap,Low,Office Area 2,Online Meeting
CONF_3549,P094,Operations Check,Design Review,2025-11-12 13:57,2025-11-12 14:16,2025-11-12 13:30,2025-11-12 14:30,2025-11-12 13:57,2025-11-12 14:16,19.0,full overlap,Low,Test Lab,Cafe
CONF_3550,P094,Project Discussion,Training,2025-11-12 18:00,2025-11-12 18:30,2025-11-12 18:00,2025-11-12 19:00,2025-11-12 18:00,2025-11-12 18:30,30.0,full overlap,Medium,R&D Center,Demo Hall
CONF_3551,P094,One-on-One,Tech Sharing,2025-11-13 16:30,2025-11-13 17:15,2025-11-13 16:30,2025-11-13 17:30,2025-11-13 16:30,2025-11-13 17:15,45.0,full overlap,Medium,Online Meeting,Product Showcase
CONF_3552,P094,Design Review,Testing Acceptance,2025-11-14 08:15,2025-11-14 09:00,2025-11-14 08:45,2025-11-14 09:15,2025-11-14 08:45,2025-11-14 09:00,15.0,partial overlap,Low,Demo Hall,Demo Hall
CONF_3553,P094,Requirements Analysis,Testing Acceptance,2025-11-14 08:45,2025-11-14 09:30,2025-11-14 08:45,2025-11-14 09:15,2025-11-14 08:45,2025-11-14 09:15,30.0,full overlap,Medium,Office Area 2,Demo Hall
CONF_3554,P094,Requirements Analysis,Design Review,2025-11-14 08:45,2025-11-14 09:30,2025-11-14 08:15,2025-11-14 09:00,2025-11-14 08:45,2025-11-14 09:00,15.0,partial overlap,Low,Office Area 2,Demo Hall
CONF_3555,P094,Code Review,Project Discussion,2025-11-16 10:15,2025-11-16 10:45,2025-11-16 10:00,2025-11-16 10:45,2025-11-16 10:15,2025-11-16 10:45,30.0,full overlap,Medium,Training Room,Demo Hall
CONF_3556,P094,Brainstorming,Code Review,2025-11-20 10:45,2025-11-20 11:15,2025-11-20 10:30,2025-11-20 11:00,2025-11-20 10:45,2025-11-20 11:00,15.0,partial overlap,Low,Office Area 2,Training Room
CONF_3557,P094,Brainstorming,Team Building,2025-11-20 10:45,2025-11-20 11:15,2025-11-20 11:00,2025-11-20 11:45,2025-11-20 11:00,2025-11-20 11:15,15.0,partial overlap,Low,Office Area 2,Demo Hall
CONF_3558,P094,Operations Check,Brainstorming,2025-11-20 11:00,2025-11-20 11:45,2025-11-20 10:45,2025-11-20 11:15,2025-11-20 11:00,2025-11-20 11:15,15.0,partial overlap,Low,Training Room,Office Area 2
CONF_3559,P094,Operations Check,Team Building,2025-11-20 11:00,2025-11-20 11:45,2025-11-20 11:00,2025-11-20 11:45,2025-11-20 11:00,2025-11-20 11:45,45.0,full overlap,Medium,Training Room,Demo Hall
CONF_3560,P094,Design Review,Team Building,2025-11-20 11:21,2025-11-20 11:46,2025-11-20 11:00,2025-11-20 11:45,2025-11-20 11:21,2025-11-20 11:45,24.0,partial overlap,Low,Demo Hall,Demo Hall
CONF_3561,P094,Design Review,Operations Check,2025-11-20 11:21,2025-11-20 11:46,2025-11-20 11:00,2025-11-20 11:45,2025-11-20 11:21,2025-11-20 11:45,24.0,partial overlap,Low,Demo Hall,Training Room
CONF_3562,P094,Code Review,Brainstorming,2025-11-15 08:30,2025-11-15 08:52,2025-11-15 08:15,2025-11-15 09:00,2025-11-15 08:30,2025-11-15 08:52,22.0,full overlap,Low,Conference Room C,Remote
CONF_3563,P094,Design Review,Requirements Analysis,2025-11-17 13:26,2025-11-17 13:46,2025-11-17 13:15,2025-11-17 13:45,2025-11-17 13:26,2025-11-17 13:45,19.0,partial overlap,Low,Client Reception,Office Area 2
CONF_3564,P094,Testing Acceptance,Operations Check,2025-11-18 17:59,2025-11-18 18:17,2025-11-18 18:15,2025-11-18 18:30,2025-11-18 18:15,2025-11-18 18:17,2.0,partial overlap,Low,Cafe,Demo Hall
CONF_3565,P094,Testing Acceptance,Deployment,2025-11-18 17:59,2025-11-18 18:17,2025-11-18 17:30,2025-11-18 18:15,2025-11-18 17:59,2025-11-18 18:15,16.0,partial overlap,Low,Cafe,R&D Center
CONF_3566,P094,Deployment,Testing Acceptance,2025-11-17 15:14,2025-11-17 15:44,2025-11-17 14:45,2025-11-17 15:30,2025-11-17 15:14,2025-11-17 15:30,16.0,partial overlap,Low,Remote,Demo Hall
CONF_3567,P094,One-on-One,Code Review,2025-11-20 10:41,2025-11-20 11:04,2025-11-20 10:30,2025-11-20 11:00,2025-11-20 10:41,2025-11-20 11:00,19.0,partial overlap,Low,Test Lab,Training Room
CONF_3568,P094,One-on-One,Brainstorming,2025-11-20 10:41,2025-11-20 11:04,2025-11-20 10:45,2025-11-20 11:15,2025-11-20 10:45,2025-11-20 11:04,19.0,partial overlap,Low,Test Lab,Office Area 2
CONF_3569,P094,One-on-One,Operations Check,2025-11-20 10:41,2025-11-20 11:04,2025-11-20 11:00,2025-11-20 11:45,2025-11-20 11:00,2025-11-20 11:04,4.0,partial overlap,Low,Test Lab,Training Room
CONF_3570,P094,One-on-One,Team Building,2025-11-20 10:41,2025-11-20 11:04,2025-11-20 11:00,2025-11-20 11:45,2025-11-20 11:00,2025-11-20 11:04,4.0,partial overlap,Low,Test Lab,Demo Hall
CONF_3571,P095,Tech Sharing,Project Discussion,2025-11-03 13:30,2025-11-03 14:15,2025-11-03 13:45,2025-11-03 15:15,2025-11-03 13:45,2025-11-03 14:15,30.0,partial overlap,Medium,Office Area 2,Conference Room A
CONF_3572,P095,Training,Team Building,2025-11-04 17:50,2025-11-04 18:10,2025-11-04 17:45,2025-11-04 19:15,2025-11-04 17:50,2025-11-04 18:10,20.0,full overlap,Low,Cafe,Conference Room A
CONF_3573,P095,Deployment,Team Building,2025-11-04 18:30,2025-11-04 19:30,2025-11-04 17:45,2025-11-04 19:15,2025-11-04 18:30,2025-11-04 19:15,45.0,partial overlap,Medium,Office Area 1,Conference Room A
CONF_3574,P095,Tech Sharing,Testing Acceptance,2025-11-07 10:30,2025-11-07 11:15,2025-11-07 11:00,2025-11-07 11:45,2025-11-07 11:00,2025-11-07 11:15,15.0,partial overlap,Low,Product Showcase,Online Meeting
CONF_3575,P095,Training,Code Review,2025-11-11 16:15,2025-11-11 17:00,2025-11-11 16:45,2025-11-11 17:45,2025-11-11 16:45,2025-11-11 17:00,15.0,partial overlap,Low,Cafe,Demo Hall
CONF_3576,P095,Training,Client Visit,2025-11-11 09:45,2025-11-11 10:45,2025-11-11 10:15,2025-11-11 11:15,2025-11-11 10:15,2025-11-11 10:45,30.0,partial overlap,Medium,Office Area 1,Conference Room C
CONF_3577,P095,Code Review,Design Review,2025-11-17 08:45,2025-11-17 09:45,2025-11-17 08:45,2025-11-17 09:30,2025-11-17 08:45,2025-11-17 09:30,45.0,full overlap,Medium,Remote,Test Lab
CONF_3578,P095,One-on-One,Requirements Analysis,2025-11-15 15:32,2025-11-15 15:59,2025-11-15 15:15,2025-11-15 16:00,2025-11-15 15:32,2025-11-15 15:59,27.0,full overlap,Low,Conference Room C,Break Room
CONF_3579,P095,Testing Acceptance,Requirements Analysis,2025-11-12 15:36,2025-11-12 16:05,2025-11-12 15:30,2025-11-12 16:00,2025-11-12 15:36,2025-11-12 16:00,24.0,partial overlap,Low,Office Area 1,Conference Room A
CONF_3580,P095,Operations Check,Tech Sharing,2025-11-11 18:30,2025-11-11 19:01,2025-11-11 18:00,2025-11-11 18:45,2025-11-11 18:30,2025-11-11 18:45,15.0,partial overlap,Low,R&D Center,Conference Room C
CONF_3581,P095,Operations Check,Design Review,2025-11-17 08:45,2025-11-17 09:00,2025-11-17 08:45,2025-11-17 09:30,2025-11-17 08:45,2025-11-17 09:00,15.0,full overlap,Low,Client Reception,Test Lab
CONF_3582,P095,Operations Check,Code Review,2025-11-17 08:45,2025-11-17 09:00,2025-11-17 08:45,2025-11-17 09:45,2025-11-17 08:45,2025-11-17 09:00,15.0,full overlap,Low,Client Reception,Remote
CONF_3583,P095,Tech Sharing,Code Review,2025-11-17 09:30,2025-11-17 10:00,2025-11-17 08:45,2025-11-17 09:45,2025-11-17 09:30,2025-11-17 09:45,15.0,partial overlap,Low,Client Reception,Remote
CONF_3584,P095,Client Visit,Training,2025-11-15 10:15,2025-11-15 11:00,2025-11-15 10:45,2025-11-15 11:15,2025-11-15 10:45,2025-11-15 11:00,15.0,partial overlap,Low,Office Area 2,Client Reception
CONF_3585,P095,Meeting,Testing Acceptance,2025-11-18 12:15,2025-11-18 13:00,2025-11-18 12:00,2025-11-18 12:30,2025-11-18 12:15,2025-11-18 12:30,15.0,partial overlap,Low,R&D Center,Break Room
CONF_3586,P095,One-on-One,Team Building,2025-11-16 12:15,2025-11-16 13:00,2025-11-16 11:45,2025-11-16 12:30,2025-11-16 12:15,2025-11-16 12:30,15.0,partial overlap,Low,Conference Room C,Office Area 1
CONF_3587,P095,Design Review,Testing Acceptance,2025-11-17 16:30,2025-11-17 17:15,2025-11-17 16:30,2025-11-17 17:00,2025-11-17 16:30,2025-11-17 17:00,30.0,full overlap,Medium,Client Reception,Office Area 1
CONF_3588,P095,Project Discussion,Tech Sharing,2025-11-17 09:30,2025-11-17 10:15,2025-11-17 09:30,2025-11-17 10:00,2025-11-17 09:30,2025-11-17 10:00,30.0,full overlap,Medium,Demo Hall,Client Reception
CONF_3589,P095,Project Discussion,Code Review,2025-11-17 09:30,2025-11-17 10:15,2025-11-17 08:45,2025-11-17 09:45,2025-11-17 09:30,2025-11-17 09:45,15.0,partial overlap,Low,Demo Hall,Remote
CONF_3590,P095,Tech Sharing,Product Demo,2025-11-22 15:15,2025-11-22 15:30,2025-11-22 15:00,2025-11-22 15:45,2025-11-22 15:15,2025-11-22 15:30,15.0,full overlap,Low,Remote,Client Reception
CONF_3591,P095,Testing Acceptance,Tech Sharing,2025-11-17 09:45,2025-11-17 10:15,2025-11-17 09:30,2025-11-17 10:00,2025-11-17 09:45,2025-11-17 10:00,15.0,partial overlap,Low,Office Area 1,Client Reception
CONF_3592,P095,Testing Acceptance,Project Discussion,2025-11-17 09:45,2025-11-17 10:15,2025-11-17 09:30,2025-11-17 10:15,2025-11-17 09:45,2025-11-17 10:15,30.0,full overlap,Medium,Office Area 1,Demo Hall
CONF_3593,P095,One-on-One,Training,2025-11-22 17:00,2025-11-22 17:30,2025-11-22 17:15,2025-11-22 17:45,2025-11-22 17:15,2025-11-22 17:30,15.0,partial overlap,Low,Office Area 1,Break Room
CONF_3594,P095,Tech Sharing,Code Review,2025-11-21 11:15,2025-11-21 11:30,2025-11-21 11:00,2025-11-21 11:45,2025-11-21 11:15,2025-11-21 11:30,15.0,full overlap,Low,Conference Room B,Office Area 2
CONF_3595,P095,Meeting,One-on-One,2025-11-23 15:46,2025-11-23 16:30,2025-11-23 15:30,2025-11-23 16:00,2025-11-23 15:46,2025-11-23 16:00,14.0,partial overlap,Low,Conference Room A,Conference Room C
CONF_3596,P095,Testing Acceptance,Design Review,2025-11-17 16:58,2025-11-17 17:26,2025-11-17 16:30,2025-11-17 17:15,2025-11-17 16:58,2025-11-17 17:15,17.0,partial overlap,Low,Test Lab,Client Reception
CONF_3597,P095,Testing Acceptance,Testing Acceptance,2025-11-17 16:58,2025-11-17 17:26,2025-11-17 16:30,2025-11-17 17:00,2025-11-17 16:58,2025-11-17 17:00,2.0,partial overlap,Low,Test Lab,Office Area 1
CONF_3598,P095,Project Discussion,Meeting,2025-11-18 12:30,2025-11-18 13:22,2025-11-18 12:15,2025-11-18 13:00,2025-11-18 12:30,2025-11-18 13:00,30.0,partial overlap,Medium,Online Meeting,R&D Center
CONF_3599,P095,Meeting,One-on-One,2025-11-16 12:36,2025-11-16 12:51,2025-11-16 12:15,2025-11-16 13:00,2025-11-16 12:36,2025-11-16 12:51,15.0,full overlap,Low,Test Lab,Conference Room C
CONF_3600,P095,One-on-One,Project Discussion,2025-11-17 09:53,2025-11-17 10:42,2025-11-17 09:30,2025-11-17 10:15,2025-11-17 09:53,2025-11-17 10:15,22.0,partial overlap,Low,Conference Room C,Demo Hall
CONF_3601,P095,One-on-One,Tech Sharing,2025-11-17 09:53,2025-11-17 10:42,2025-11-17 09:30,2025-11-17 10:00,2025-11-17 09:53,2025-11-17 10:00,7.0,partial overlap,Low,Conference Room C,Client Reception
CONF_3602,P095,One-on-One,Testing Acceptance,2025-11-17 09:53,2025-11-17 10:42,2025-11-17 09:45,2025-11-17 10:15,2025-11-17 09:53,2025-11-17 10:15,22.0,partial overlap,Low,Conference Room C,Office Area 1
CONF_3603,P095,Brainstorming,Client Visit,2025-11-19 15:51,2025-11-19 16:22,2025-11-19 15:45,2025-11-19 16:15,2025-11-19 15:51,2025-11-19 16:15,24.0,partial overlap,Low,Online Meeting,Client Reception
CONF_3604,P095,Operations Check,Project Discussion,2025-11-18 12:26,2025-11-18 13:23,2025-11-18 12:30,2025-11-18 13:22,2025-11-18 12:30,2025-11-18 13:22,52.0,full overlap,Medium,Client Reception,Online Meeting
CONF_3605,P095,Operations Check,Testing Acceptance,2025-11-18 12:26,2025-11-18 13:23,2025-11-18 12:00,2025-11-18 12:30,2025-11-18 12:26,2025-11-18 12:30,4.0,partial overlap,Low,Client Reception,Break Room
CONF_3606,P095,Operations Check,Meeting,2025-11-18 12:26,2025-11-18 13:23,2025-11-18 12:15,2025-11-18 13:00,2025-11-18 12:26,2025-11-18 13:00,34.0,partial overlap,Medium,Client Reception,R&D Center
CONF_3607,P095,One-on-One,Project Discussion,2025-11-18 12:31,2025-11-18 13:24,2025-11-18 12:30,2025-11-18 13:22,2025-11-18 12:31,2025-11-18 13:22,51.0,partial overlap,Medium,Online Meeting,Online Meeting
CONF_3608,P095,One-on-One,Operations Check,2025-11-18 12:31,2025-11-18 13:24,2025-11-18 12:26,2025-11-18 13:23,2025-11-18 12:31,2025-11-18 13:23,52.0,partial overlap,Medium,Online Meeting,Client Reception
CONF_3609,P095,One-on-One,Meeting,2025-11-18 12:31,2025-11-18 13:24,2025-11-18 12:15,2025-11-18 13:00,2025-11-18 12:31,2025-11-18 13:00,29.0,partial overlap,Low,Online Meeting,R&D Center
CONF_3610,P096,Tech Sharing,Deployment,2025-11-02 11:15,2025-11-02 11:45,2025-11-02 11:00,2025-11-02 12:30,2025-11-02 11:15,2025-11-02 11:45,30.0,full overlap,Medium,Office Area 2,R&D Center
CONF_3611,P096,Training,Product Demo,2025-11-02 13:15,2025-11-02 14:45,2025-11-02 12:30,2025-11-02 13:30,2025-11-02 13:15,2025-11-02 13:30,15.0,partial overlap,Low,Conference Room C,R&D Center
CONF_3612,P096,Client Visit,Team Building,2025-10-30 15:43,2025-10-30 16:35,2025-10-30 15:15,2025-10-30 16:00,2025-10-30 15:43,2025-10-30 16:00,17.0,partial overlap,Low,Office Area 2,Online Meeting
CONF_3613,P096,One-on-One,Project Discussion,2025-11-04 15:02,2025-11-04 15:21,2025-11-04 14:45,2025-11-04 16:15,2025-11-04 15:02,2025-11-04 15:21,19.0,full overlap,Low,Client Reception,Test Lab
CONF_3614,P096,Requirements Analysis,Requirements Analysis,2025-11-06 14:45,2025-11-06 15:45,2025-11-06 15:15,2025-11-06 16:00,2025-11-06 15:15,2025-11-06 15:45,30.0,partial overlap,Medium,Break Room,Office Area 2
CONF_3615,P096,Code Review,Operations Check,2025-11-13 11:15,2025-11-13 12:00,2025-11-13 11:15,2025-11-13 12:15,2025-11-13 11:15,2025-11-13 12:00,45.0,full overlap,Medium,Demo Hall,Product Showcase
CONF_3616,P096,Brainstorming,Testing Acceptance,2025-11-15 14:30,2025-11-15 15:15,2025-11-15 14:30,2025-11-15 15:30,2025-11-15 14:30,2025-11-15 15:15,45.0,full overlap,Medium,Cafe,Demo Hall
CONF_3617,P096,Meeting,Meeting,2025-11-14 11:45,2025-11-14 12:45,2025-11-14 12:30,2025-11-14 13:15,2025-11-14 12:30,2025-11-14 12:45,15.0,partial overlap,Low,Training Room,Test Lab
CONF_3618,P096,Training,Design Review,2025-11-12 16:09,2025-11-12 16:41,2025-11-12 16:00,2025-11-12 17:00,2025-11-12 16:09,2025-11-12 16:41,32.0,full overlap,Medium,Break Room,Office Area 1
CONF_3619,P096,Requirements Analysis,Training,2025-11-12 16:29,2025-11-12 17:04,2025-11-12 16:09,2025-11-12 16:41,2025-11-12 16:29,2025-11-12 16:41,12.0,partial overlap,Low,Demo Hall,Break Room
CONF_3620,P096,Requirements Analysis,Design Review,2025-11-12 16:29,2025-11-12 17:04,2025-11-12 16:00,2025-11-12 17:00,2025-11-12 16:29,2025-11-12 17:00,31.0,partial overlap,Medium,Demo Hall,Office Area 1
CONF_3621,P096,Training,Design Review,2025-11-08 13:41,2025-11-08 14:15,2025-11-08 13:15,2025-11-08 14:15,2025-11-08 13:41,2025-11-08 14:15,34.0,full overlap,Medium,Training Room,Conference Room A
CONF_3622,P096,Deployment,Brainstorming,2025-11-17 18:15,2025-11-17 19:00,2025-11-17 18:15,2025-11-17 18:45,2025-11-17 18:15,2025-11-17 18:45,30.0,full overlap,Medium,Client Reception,Client Reception
CONF_3623,P096,Product Demo,Deployment,2025-11-16 10:30,2025-11-16 10:45,2025-11-16 10:00,2025-11-16 10:45,2025-11-16 10:30,2025-11-16 10:45,15.0,full overlap,Low,Demo Hall,R&D Center
CONF_3624,P096,Tech Sharing,Meeting,2025-11-18 10:45,2025-11-18 11:00,2025-11-18 10:15,2025-11-18 11:00,2025-11-18 10:45,2025-11-18 11:00,15.0,full overlap,Low,Demo Hall,Office Area 1
CONF_3625,P096,Deployment,Tech Sharing,2025-11-18 10:30,2025-11-18 11:15,2025-11-18 10:45,2025-11-18 11:00,2025-11-18 10:45,2025-11-18 11:00,15.0,full overlap,Low,Product Showcase,Demo Hall
CONF_3626,P096,Deployment,Meeting,2025-11-18 10:30,2025-11-18 11:15,2025-11-18 10:15,2025-11-18 11:00,2025-11-18 10:30,2025-11-18 11:00,30.0,partial overlap,Medium,Product Showcase,Office Area 1
CONF_3627,P096,Testing Acceptance,Operations Check,2025-11-23 09:30,2025-11-23 10:15,2025-11-23 09:00,2025-11-23 09:45,2025-11-23 09:30,2025-11-23 09:45,15.0,partial overlap,Low,Training Room,Office Area 1
CONF_3628,P096,One-on-One,Team Building,2025-11-22 15:15,2025-11-22 16:00,2025-11-22 15:15,2025-11-22 15:30,2025-11-22 15:15,2025-11-22 15:30,15.0,full overlap,Low,Demo Hall,Conference Room A
CONF_3629,P096,Product Demo,Operations Check,2025-11-21 08:30,2025-11-21 09:00,2025-11-21 08:15,2025-11-21 08:45,2025-11-21 08:30,2025-11-21 08:45,15.0,partial overlap,Low,Product Showcase,R&D Center
CONF_3630,P096,Requirements Analysis,Meeting,2025-11-14 09:27,2025-11-14 09:48,2025-11-14 09:15,2025-11-14 09:30,2025-11-14 09:27,2025-11-14 09:30,3.0,partial overlap,Low,Office Area 1,Conference Room B
CONF_3631,P096,Requirements Analysis,Design Review,2025-11-14 09:27,2025-11-14 09:48,2025-11-14 09:30,2025-11-14 10:00,2025-11-14 09:30,2025-11-14 09:48,18.0,partial overlap,Low,Office Area 1,Cafe
CONF_3632,P096,One-on-One,Project Discussion,2025-11-21 10:58,2025-11-21 11:38,2025-11-21 10:45,2025-11-21 11:30,2025-11-21 10:58,2025-11-21 11:30,32.0,partial overlap,Medium,Office Area 2,Remote
CONF_3633,P096,Operations Check,Brainstorming,2025-11-17 18:44,2025-11-17 19:32,2025-11-17 18:15,2025-11-17 18:45,2025-11-17 18:44,2025-11-17 18:45,1.0,partial overlap,Low,Conference Room B,Client Reception
CONF_3634,P096,Operations Check,Deployment,2025-11-17 18:44,2025-11-17 19:32,2025-11-17 18:15,2025-11-17 19:00,2025-11-17 18:44,2025-11-17 19:00,16.0,partial overlap,Low,Conference Room B,Client Reception
CONF_3635,P096,Brainstorming,Meeting,2025-11-18 10:40,2025-11-18 11:35,2025-11-18 10:15,2025-11-18 11:00,2025-11-18 10:40,2025-11-18 11:00,20.0,partial overlap,Low,Client Reception,Office Area 1
CONF_3636,P096,Brainstorming,Deployment,2025-11-18 10:40,2025-11-18 11:35,2025-11-18 10:30,2025-11-18 11:15,2025-11-18 10:40,2025-11-18 11:15,35.0,partial overlap,Medium,Client Reception,Product Showcase
CONF_3637,P096,Brainstorming,Tech Sharing,2025-11-18 10:40,2025-11-18 11:35,2025-11-18 10:45,2025-11-18 11:00,2025-11-18 10:45,2025-11-18 11:00,15.0,full overlap,Low,Client Reception,Demo Hall
CONF_3638,P096,Training,One-on-One,2025-11-16 13:05,2025-11-16 13:38,2025-11-16 12:45,2025-11-16 13:15,2025-11-16 13:05,2025-11-16 13:15,10.0,partial overlap,Low,Conference Room C,Online Meeting
CONF_3639,P097,Testing Acceptance,Tech Sharing,2025-11-03 14:30,2025-11-03 15:15,2025-11-03 13:45,2025-11-03 14:45,2025-11-03 14:30,2025-11-03 14:45,15.0,partial overlap,Low,Conference Room A,Office Area 1
CONF_3640,P097,Requirements Analysis,Code Review,2025-11-05 18:30,2025-11-05 19:30,2025-11-05 18:15,2025-11-05 19:45,2025-11-05 18:30,2025-11-05 19:30,60.0,full overlap,High,Break Room,Test Lab
CONF_3641,P097,Design Review,Code Review,2025-11-01 08:39,2025-11-01 09:29,2025-11-01 08:15,2025-11-01 09:15,2025-11-01 08:39,2025-11-01 09:15,36.0,partial overlap,Medium,Cafe,Office Area 2
CONF_3642,P097,One-on-One,Operations Check,2025-10-29 16:43,2025-10-29 17:26,2025-10-29 16:30,2025-10-29 17:15,2025-10-29 16:43,2025-10-29 17:15,32.0,partial overlap,Medium,Client Reception,Office Area 2
CONF_3643,P097,Team Building,Deployment,2025-11-12 18:30,2025-11-12 19:00,2025-11-12 18:30,2025-11-12 19:00,2025-11-12 18:30,2025-11-12 19:00,30.0,full overlap,Medium,Office Area 2,Training Room
CONF_3644,P097,Team Building,Meeting,2025-11-10 15:45,2025-11-10 16:45,2025-11-10 16:00,2025-11-10 16:45,2025-11-10 16:00,2025-11-10 16:45,45.0,full overlap,Medium,Client Reception,Conference Room C
CONF_3645,P097,One-on-One,Project Discussion,2025-11-13 14:00,2025-11-13 14:45,2025-11-13 14:30,2025-11-13 15:15,2025-11-13 14:30,2025-11-13 14:45,15.0,partial overlap,Low,Office Area 1,Office Area 1
CONF_3646,P097,Operations Check,Tech Sharing,2025-11-11 11:41,2025-11-11 12:09,2025-11-11 11:15,2025-11-11 12:15,2025-11-11 11:41,2025-11-11 12:09,28.0,full overlap,Low,Product Showcase,Break Room
CONF_3647,P097,Code Review,Meeting,2025-11-16 11:31,2025-11-16 11:57,2025-11-16 11:15,2025-11-16 12:15,2025-11-16 11:31,2025-11-16 11:57,26.0,full overlap,Low,Break Room,Office Area 2
CONF_3648,P097,Operations Check,Tech Sharing,2025-11-11 11:25,2025-11-11 12:15,2025-11-11 11:15,2025-11-11 12:15,2025-11-11 11:25,2025-11-11 12:15,50.0,full overlap,Medium,Conference Room C,Break Room
CONF_3649,P097,Operations Check,Operations Check,2025-11-11 11:25,2025-11-11 12:15,2025-11-11 11:41,2025-11-11 12:09,2025-11-11 11:41,2025-11-11 12:09,28.0,full overlap,Low,Conference Room C,Product Showcase
CONF_3650,P097,Code Review,Project Discussion,2025-11-12 09:25,2025-11-12 09:51,2025-11-12 09:45,2025-11-12 10:45,2025-11-12 09:45,2025-11-12 09:51,6.0,partial overlap,Low,Training Room,Cafe
CONF_3651,P097,Code Review,Client Visit,2025-11-12 09:25,2025-11-12 09:51,2025-11-12 09:00,2025-11-12 09:45,2025-11-12 09:25,2025-11-12 09:45,20.0,partial overlap,Low,Training Room,Product Showcase
CONF_3652,P097,Brainstorming,Operations Check,2025-11-11 12:03,2025-11-11 12:24,2025-11-11 11:25,2025-11-11 12:15,2025-11-11 12:03,2025-11-11 12:15,12.0,partial overlap,Low,Client Reception,Conference Room C
CONF_3653,P097,Brainstorming,Tech Sharing,2025-11-11 12:03,2025-11-11 12:24,2025-11-11 11:15,2025-11-11 12:15,2025-11-11 12:03,2025-11-11 12:15,12.0,partial overlap,Low,Client Reception,Break Room
CONF_3654,P097,Brainstorming,Operations Check,2025-11-11 12:03,2025-11-11 12:24,2025-11-11 11:41,2025-11-11 12:09,2025-11-11 12:03,2025-11-11 12:09,6.0,partial overlap,Low,Client Reception,Product Showcase
CONF_3655,P097,Client Visit,Client Visit,2025-11-13 10:35,2025-11-13 11:05,2025-11-13 10:30,2025-11-13 11:00,2025-11-13 10:35,2025-11-13 11:00,25.0,partial overlap,Low,Client Reception,Office Area 2
CONF_3656,P097,Deployment,Requirements Analysis,2025-11-12 11:15,2025-11-12 12:00,2025-11-12 10:45,2025-11-12 11:30,2025-11-12 11:15,2025-11-12 11:30,15.0,partial overlap,Low,Office Area 1,Test Lab
CONF_3657,P097,Testing Acceptance,Deployment,2025-11-21 12:30,2025-11-21 13:15,2025-11-21 12:15,2025-11-21 13:00,2025-11-21 12:30,2025-11-21 13:00,30.0,partial overlap,Medium,Online Meeting,Conference Room A
CONF_3658,P097,Testing Acceptance,Project Discussion,2025-11-15 17:15,2025-11-15 17:45,2025-11-15 17:00,2025-11-15 17:30,2025-11-15 17:15,2025-11-15 17:30,15.0,partial overlap,Low,Break Room,Office Area 2
CONF_3659,P097,Client Visit,Project Discussion,2025-11-17 18:30,2025-11-17 19:15,2025-11-17 18:15,2025-11-17 18:45,2025-11-17 18:30,2025-11-17 18:45,15.0,partial overlap,Low,Product Showcase,Demo Hall
CONF_3660,P097,Team Building,Project Discussion,2025-11-17 17:15,2025-11-17 17:30,2025-11-17 16:45,2025-11-17 17:30,2025-11-17 17:15,2025-11-17 17:30,15.0,full overlap,Low,Break Room,Client Reception
CONF_3661,P097,Code Review,Deployment,2025-11-21 12:45,2025-11-21 13:30,2025-11-21 12:15,2025-11-21 13:00,2025-11-21 12:45,2025-11-21 13:00,15.0,partial overlap,Low,Demo Hall,Conference Room A
CONF_3662,P097,Code Review,Testing Acceptance,2025-11-21 12:45,2025-11-21 13:30,2025-11-21 12:30,2025-11-21 13:15,2025-11-21 12:45,2025-11-21 13:15,30.0,partial overlap,Medium,Demo Hall,Online Meeting
CONF_3663,P097,Meeting,Operations Check,2025-11-23 08:00,2025-11-23 08:45,2025-11-23 08:00,2025-11-23 08:45,2025-11-23 08:00,2025-11-23 08:45,45.0,full overlap,Medium,Conference Room A,Cafe
CONF_3664,P097,Design Review,Product Demo,2025-11-20 14:45,2025-11-20 15:15,2025-11-20 15:00,2025-11-20 15:45,2025-11-20 15:00,2025-11-20 15:15,15.0,partial overlap,Low,Demo Hall,Product Showcase
CONF_3665,P097,Team Building,Team Building,2025-11-19 17:55,2025-11-19 18:10,2025-11-19 18:00,2025-11-19 18:30,2025-11-19 18:00,2025-11-19 18:10,10.0,partial overlap,Low,Training Room,Conference Room B
CONF_3666,P097,Project Discussion,Operations Check,2025-11-23 08:24,2025-11-23 09:21,2025-11-23 08:00,2025-11-23 08:45,2025-11-23 08:24,2025-11-23 08:45,21.0,partial overlap,Low,Conference Room A,Cafe
CONF_3667,P097,Project Discussion,Meeting,2025-11-23 08:24,2025-11-23 09:21,2025-11-23 08:00,2025-11-23 08:45,2025-11-23 08:24,2025-11-23 08:45,21.0,partial overlap,Low,Conference Room A,Conference Room A
CONF_3668,P097,Brainstorming,Meeting,2025-11-20 12:17,2025-11-20 13:02,2025-11-20 12:00,2025-11-20 12:30,2025-11-20 12:17,2025-11-20 12:30,13.0,partial overlap,Low,Demo Hall,Office Area 2
CONF_3669,P097,One-on-One,Team Building,2025-11-20 09:53,2025-11-20 10:45,2025-11-20 09:45,2025-11-20 10:30,2025-11-20 09:53,2025-11-20 10:30,37.0,partial overlap,Medium,Online Meeting,Product Showcase
CONF_3670,P098,Brainstorming,One-on-One,2025-11-05 17:47,2025-11-05 18:08,2025-11-05 17:30,2025-11-05 18:30,2025-11-05 17:47,2025-11-05 18:08,21.0,full overlap,Low,Remote,Office Area 2
CONF_3671,P098,Testing Acceptance,Client Visit,2025-11-07 15:46,2025-11-07 16:33,2025-11-07 15:30,2025-11-07 16:30,2025-11-07 15:46,2025-11-07 16:30,44.0,partial overlap,Medium,Cafe,R&D Center
CONF_3672,P098,Testing Acceptance,Team Building,2025-11-04 11:45,2025-11-04 12:45,2025-11-04 11:15,2025-11-04 12:15,2025-11-04 11:45,2025-11-04 12:15,30.0,partial overlap,Medium,Conference Room C,Test Lab
CONF_3673,P098,Tech Sharing,Product Demo,2025-11-08 15:45,2025-11-08 16:30,2025-11-08 16:15,2025-11-08 16:45,2025-11-08 16:15,2025-11-08 16:30,15.0,partial overlap,Low,Conference Room A,Remote
CONF_3674,P098,Team Building,Deployment,2025-11-10 13:00,2025-11-10 13:45,2025-11-10 13:30,2025-11-10 14:15,2025-11-10 13:30,2025-11-10 13:45,15.0,partial overlap,Low,Online Meeting,Conference Room B
CONF_3675,P098,Tech Sharing,Product Demo,2025-11-12 12:45,2025-11-12 13:45,2025-11-12 13:30,2025-11-12 14:15,2025-11-12 13:30,2025-11-12 13:45,15.0,partial overlap,Low,R&D Center,Client Reception
CONF_3676,P098,One-on-One,Tech Sharing,2025-11-12 12:56,2025-11-12 13:38,2025-11-12 12:45,2025-11-12 13:45,2025-11-12 12:56,2025-11-12 13:38,42.0,full overlap,Medium,Demo Hall,R&D Center
CONF_3677,P098,One-on-One,Product Demo,2025-11-12 12:56,2025-11-12 13:38,2025-11-12 13:30,2025-11-12 14:15,2025-11-12 13:30,2025-11-12 13:38,8.0,partial overlap,Low,Demo Hall,Client Reception
CONF_3678,P098,Testing Acceptance,Design Review,2025-11-13 18:26,2025-11-13 19:10,2025-11-13 18:15,2025-11-13 19:15,2025-11-13 18:26,2025-11-13 19:10,44.0,full overlap,Medium,Online Meeting,Conference Room B
CONF_3679,P098,Code Review,One-on-One,2025-11-16 08:45,2025-11-16 09:34,2025-11-16 08:30,2025-11-16 09:15,2025-11-16 08:45,2025-11-16 09:15,30.0,partial overlap,Medium,Test Lab,Online Meeting
CONF_3680,P098,Operations Check,One-on-One,2025-11-12 13:18,2025-11-12 13:56,2025-11-12 12:56,2025-11-12 13:38,2025-11-12 13:18,2025-11-12 13:38,20.0,partial overlap,Low,Conference Room A,Demo Hall
CONF_3681,P098,Operations Check,Product Demo,2025-11-12 13:18,2025-11-12 13:56,2025-11-12 13:30,2025-11-12 14:15,2025-11-12 13:30,2025-11-12 13:56,26.0,partial overlap,Low,Conference Room A,Client Reception
CONF_3682,P098,Operations Check,Tech Sharing,2025-11-12 13:18,2025-11-12 13:56,2025-11-12 12:45,2025-11-12 13:45,2025-11-12 13:18,2025-11-12 13:45,27.0,partial overlap,Low,Conference Room A,R&D Center
CONF_3683,P098,Team Building,Testing Acceptance,2025-11-13 18:31,2025-11-13 18:56,2025-11-13 18:26,2025-11-13 19:10,2025-11-13 18:31,2025-11-13 18:56,25.0,full overlap,Low,Conference Room C,Online Meeting
CONF_3684,P098,Team Building,Design Review,2025-11-13 18:31,2025-11-13 18:56,2025-11-13 18:15,2025-11-13 19:15,2025-11-13 18:31,2025-11-13 18:56,25.0,full overlap,Low,Conference Room C,Conference Room B
CONF_3685,P098,Project Discussion,Testing Acceptance,2025-11-16 16:09,2025-11-16 16:32,2025-11-16 15:45,2025-11-16 16:45,2025-11-16 16:09,2025-11-16 16:32,23.0,full overlap,Low,Remote,Client Reception
CONF_3686,P098,Training,Meeting,2025-11-06 09:06,2025-11-06 09:31,2025-11-06 09:00,2025-11-06 09:45,2025-11-06 09:06,2025-11-06 09:31,25.0,full overlap,Low,Conference Room B,Product Showcase
CONF_3687,P098,Tech Sharing,Team Building,2025-11-13 18:40,2025-11-13 18:59,2025-11-13 18:31,2025-11-13 18:56,2025-11-13 18:40,2025-11-13 18:56,16.0,partial overlap,Low,Remote,Conference Room C
CONF_3688,P098,Tech Sharing,Testing Acceptance,2025-11-13 18:40,2025-11-13 18:59,2025-11-13 18:26,2025-11-13 19:10,2025-11-13 18:40,2025-11-13 18:59,19.0,full overlap,Low,Remote,Online Meeting
CONF_3689,P098,Tech Sharing,Design Review,2025-11-13 18:40,2025-11-13 18:59,2025-11-13 18:15,2025-11-13 19:15,2025-11-13 18:40,2025-11-13 18:59,19.0,full overlap,Low,Remote,Conference Room B
CONF_3690,P098,Product Demo,Testing Acceptance,2025-11-13 18:00,2025-11-13 18:45,2025-11-13 18:26,2025-11-13 19:10,2025-11-13 18:26,2025-11-13 18:45,19.0,partial overlap,Low,Training Room,Online Meeting
CONF_3691,P098,Product Demo,Design Review,2025-11-13 18:00,2025-11-13 18:45,2025-11-13 18:15,2025-11-13 19:15,2025-11-13 18:15,2025-11-13 18:45,30.0,partial overlap,Medium,Training Room,Conference Room B
CONF_3692,P098,Product Demo,Team Building,2025-11-13 18:00,2025-11-13 18:45,2025-11-13 18:31,2025-11-13 18:56,2025-11-13 18:31,2025-11-13 18:45,14.0,partial overlap,Low,Training Room,Conference Room C
CONF_3693,P098,Product Demo,Tech Sharing,2025-11-13 18:00,2025-11-13 18:45,2025-11-13 18:40,2025-11-13 18:59,2025-11-13 18:40,2025-11-13 18:45,5.0,partial overlap,Low,Training Room,Remote
CONF_3694,P098,Meeting,One-on-One,2025-11-16 08:30,2025-11-16 09:15,2025-11-16 08:30,2025-11-16 09:15,2025-11-16 08:30,2025-11-16 09:15,45.0,full overlap,Medium,Training Room,Online Meeting
CONF_3695,P098,Meeting,Code Review,2025-11-16 08:30,2025-11-16 09:15,2025-11-16 08:45,2025-11-16 09:34,2025-11-16 08:45,2025-11-16 09:15,30.0,partial overlap,Medium,Training Room,Test Lab
CONF_3696,P098,Requirements Analysis,Design Review,2025-11-17 14:30,2025-11-17 15:00,2025-11-17 14:15,2025-11-17 14:45,2025-11-17 14:30,2025-11-17 14:45,15.0,partial overlap,Low,Client Reception,Client Reception
CONF_3697,P098,Requirements Analysis,Project Discussion,2025-11-16 16:30,2025-11-16 17:00,2025-11-16 16:09,2025-11-16 16:32,2025-11-16 16:30,2025-11-16 16:32,2.0,partial overlap,Low,R&D Center,Remote
CONF_3698,P098,Requirements Analysis,Testing Acceptance,2025-11-16 16:30,2025-11-16 17:00,2025-11-16 15:45,2025-11-16 16:45,2025-11-16 16:30,2025-11-16 16:45,15.0,partial overlap,Low,R&D Center,Client Reception
CONF_3699,P098,Design Review,Code Review,2025-11-16 09:15,2025-11-16 09:45,2025-11-16 08:45,2025-11-16 09:34,2025-11-16 09:15,2025-11-16 09:34,19.0,partial overlap,Low,Break Room,Test Lab
CONF_3700,P098,Brainstorming,Design Review,2025-11-18 11:15,2025-11-18 11:30,2025-11-18 11:00,2025-11-18 11:45,2025-11-18 11:15,2025-11-18 11:30,15.0,full overlap,Low,Office Area 1,Online Meeting
CONF_3701,P098,Meeting,Project Discussion,2025-11-17 12:06,2025-11-17 12:42,2025-11-17 11:45,2025-11-17 12:15,2025-11-17 12:06,2025-11-17 12:15,9.0,partial overlap,Low,Demo Hall,Product Showcase
CONF_3702,P098,Product Demo,Requirements Analysis,2025-11-17 13:39,2025-11-17 14:36,2025-11-17 14:30,2025-11-17 15:00,2025-11-17 14:30,2025-11-17 14:36,6.0,partial overlap,Low,R&D Center,Client Reception
CONF_3703,P098,Product Demo,Code Review,2025-11-17 13:39,2025-11-17 14:36,2025-11-17 13:30,2025-11-17 13:45,2025-11-17 13:39,2025-11-17 13:45,6.0,partial overlap,Low,R&D Center,Training Room
CONF_3704,P098,Product Demo,Design Review,2025-11-17 13:39,2025-11-17 14:36,2025-11-17 14:15,2025-11-17 14:45,2025-11-17 14:15,2025-11-17 14:36,21.0,partial overlap,Low,R&D Center,Client Reception
CONF_3705,P098,Operations Check,Product Demo,2025-11-17 09:27,2025-11-17 09:49,2025-11-17 09:45,2025-11-17 10:30,2025-11-17 09:45,2025-11-17 09:49,4.0,partial overlap,Low,Conference Room C,Conference Room C
CONF_3706,P098,Brainstorming,Code Review,2025-11-16 09:20,2025-11-16 10:10,2025-11-16 08:45,2025-11-16 09:34,2025-11-16 09:20,2025-11-16 09:34,14.0,partial overlap,Low,Client Reception,Test Lab
CONF_3707,P098,Brainstorming,Design Review,2025-11-16 09:20,2025-11-16 10:10,2025-11-16 09:15,2025-11-16 09:45,2025-11-16 09:20,2025-11-16 09:45,25.0,partial overlap,Low,Client Reception,Break Room
CONF_3708,P098,Team Building,Product Demo,2025-11-19 14:55,2025-11-19 15:36,2025-11-19 14:30,2025-11-19 15:15,2025-11-19 14:55,2025-11-19 15:15,20.0,partial overlap,Low,Remote,Break Room
CONF_3709,P098,Brainstorming,Tech Sharing,2025-11-20 16:38,2025-11-20 17:02,2025-11-20 16:30,2025-11-20 17:15,2025-11-20 16:38,2025-11-20 17:02,24.0,full overlap,Low,Conference Room C,Online Meeting
CONF_3710,P098,Operations Check,Operations Check,2025-11-20 15:51,2025-11-20 16:12,2025-11-20 15:45,2025-11-20 16:30,2025-11-20 15:51,2025-11-20 16:12,21.0,full overlap,Low,Cafe,R&D Center
CONF_3711,P098,Meeting,Design Review,2025-11-18 11:26,2025-11-18 11:59,2025-11-18 11:00,2025-11-18 11:45,2025-11-18 11:26,2025-11-18 11:45,19.0,partial overlap,Low,Office Area 2,Online Meeting
CONF_3712,P098,Meeting,Brainstorming,2025-11-18 11:26,2025-11-18 11:59,2025-11-18 11:15,2025-11-18 11:30,2025-11-18 11:26,2025-11-18 11:30,4.0,partial overlap,Low,Office Area 2,Office Area 1
CONF_3713,P098,Project Discussion,Team Building,2025-11-19 11:40,2025-11-19 12:36,2025-11-19 12:15,2025-11-19 12:45,2025-11-19 12:15,2025-11-19 12:36,21.0,partial overlap,Low,Break Room,Conference Room B
CONF_3714,P098,Project Discussion,One-on-One,2025-11-19 11:40,2025-11-19 12:36,2025-11-19 11:30,2025-11-19 12:15,2025-11-19 11:40,2025-11-19 12:15,35.0,partial overlap,Medium,Break Room,Test Lab
CONF_3715,P098,Requirements Analysis,Tech Sharing,2025-11-19 16:20,2025-11-19 16:35,2025-11-19 16:00,2025-11-19 16:45,2025-11-19 16:20,2025-11-19 16:35,15.0,full overlap,Low,R&D Center,Training Room
CONF_3716,P098,Product Demo,Requirements Analysis,2025-11-19 16:16,2025-11-19 16:56,2025-11-19 16:20,2025-11-19 16:35,2025-11-19 16:20,2025-11-19 16:35,15.0,full overlap,Low,Office Area 2,R&D Center
CONF_3717,P098,Product Demo,Tech Sharing,2025-11-19 16:16,2025-11-19 16:56,2025-11-19 16:00,2025-11-19 16:45,2025-11-19 16:16,2025-11-19 16:45,29.0,partial overlap,Low,Office Area 2,Training Room
CONF_3718,P098,Design Review,Team Building,2025-11-13 18:29,2025-11-13 18:53,2025-11-13 18:31,2025-11-13 18:56,2025-11-13 18:31,2025-11-13 18:53,22.0,partial overlap,Low,Conference Room C,Conference Room C
CONF_3719,P098,Design Review,Tech Sharing,2025-11-13 18:29,2025-11-13 18:53,2025-11-13 18:40,2025-11-13 18:59,2025-11-13 18:40,2025-11-13 18:53,13.0,partial overlap,Low,Conference Room C,Remote
CONF_3720,P098,Design Review,Product Demo,2025-11-13 18:29,2025-11-13 18:53,2025-11-13 18:00,2025-11-13 18:45,2025-11-13 18:29,2025-11-13 18:45,16.0,partial overlap,Low,Conference Room C,Training Room
CONF_3721,P098,Design Review,Testing Acceptance,2025-11-13 18:29,2025-11-13 18:53,2025-11-13 18:26,2025-11-13 19:10,2025-11-13 18:29,2025-11-13 18:53,24.0,full overlap,Low,Conference Room C,Online Meeting
CONF_3722,P098,Design Review,Design Review,2025-11-13 18:29,2025-11-13 18:53,2025-11-13 18:15,2025-11-13 19:15,2025-11-13 18:29,2025-11-13 18:53,24.0,full overlap,Low,Conference Room C,Conference Room B
CONF_3723,P099,Deployment,Operations Check,2025-11-05 09:30,2025-11-05 10:30,2025-11-05 09:15,2025-11-05 10:00,2025-11-05 09:30,2025-11-05 10:00,30.0,partial overlap,Medium,Training Room,Client Reception
CONF_3724,P099,Client Visit,Testing Acceptance,2025-11-01 10:00,2025-11-01 11:30,2025-11-01 10:15,2025-11-01 10:45,2025-11-01 10:15,2025-11-01 10:45,30.0,full overlap,Medium,Cafe,R&D Center
CONF_3725,P099,Meeting,Design Review,2025-11-02 18:22,2025-11-02 18:58,2025-11-02 18:15,2025-11-02 19:45,2025-11-02 18:22,2025-11-02 18:58,36.0,full overlap,Medium,Product Showcase,Online Meeting
CONF_3726,P099,Client Visit,One-on-One,2025-10-29 16:58,2025-10-29 17:18,2025-10-29 16:30,2025-10-29 17:30,2025-10-29 16:58,2025-10-29 17:18,20.0,full overlap,Low,Online Meeting,Client Reception
CONF_3727,P099,Deployment,Product Demo,2025-11-04 13:43,2025-11-04 14:06,2025-11-04 13:30,2025-11-04 14:30,2025-11-04 13:43,2025-11-04 14:06,23.0,full overlap,Low,R&D Center,R&D Center
CONF_3728,P099,Project Discussion,Meeting,2025-11-02 18:32,2025-11-02 18:48,2025-11-02 18:22,2025-11-02 18:58,2025-11-02 18:32,2025-11-02 18:48,16.0,full overlap,Low,Client Reception,Product Showcase
CONF_3729,P099,Project Discussion,Design Review,2025-11-02 18:32,2025-11-02 18:48,2025-11-02 18:15,2025-11-02 19:45,2025-11-02 18:32,2025-11-02 18:48,16.0,full overlap,Low,Client Reception,Online Meeting
CONF_3730,P099,Testing Acceptance,Operations Check,2025-11-15 10:30,2025-11-15 11:15,2025-11-15 10:15,2025-11-15 11:00,2025-11-15 10:30,2025-11-15 11:00,30.0,partial overlap,Medium,Client Reception,Test Lab
CONF_3731,P099,Requirements Analysis,Team Building,2025-11-13 16:22,2025-11-13 17:10,2025-11-13 16:00,2025-11-13 16:30,2025-11-13 16:22,2025-11-13 16:30,8.0,partial overlap,Low,Client Reception,Training Room
CONF_3732,P099,Code Review,One-on-One,2025-11-09 16:42,2025-11-09 17:36,2025-11-09 17:15,2025-11-09 17:45,2025-11-09 17:15,2025-11-09 17:36,21.0,partial overlap,Low,Remote,Online Meeting
CONF_3733,P099,Code Review,Tech Sharing,2025-11-09 16:42,2025-11-09 17:36,2025-11-09 16:30,2025-11-09 17:15,2025-11-09 16:42,2025-11-09 17:15,33.0,partial overlap,Medium,Remote,Training Room
CONF_3734,P099,Code Review,Testing Acceptance,2025-11-15 14:45,2025-11-15 15:39,2025-11-15 14:30,2025-11-15 15:15,2025-11-15 14:45,2025-11-15 15:15,30.0,partial overlap,Medium,Remote,Demo Hall
CONF_3735,P099,Operations Check,Client Visit,2025-11-20 17:15,2025-11-20 18:00,2025-11-20 17:45,2025-11-20 18:00,2025-11-20 17:45,2025-11-20 18:00,15.0,full overlap,Low,R&D Center,Demo Hall
CONF_3736,P099,Team Building,Deployment,2025-11-16 08:15,2025-11-16 09:00,2025-11-16 08:45,2025-11-16 09:30,2025-11-16 08:45,2025-11-16 09:00,15.0,partial overlap,Low,Cafe,Break Room
CONF_3737,P099,Brainstorming,Training,2025-11-24 17:45,2025-11-24 18:15,2025-11-24 17:45,2025-11-24 18:15,2025-11-24 17:45,2025-11-24 18:15,30.0,full overlap,Medium,Online Meeting,R&D Center
CONF_3738,P099,Meeting,Testing Acceptance,2025-11-22 14:25,2025-11-22 14:43,2025-11-22 14:00,2025-11-22 14:30,2025-11-22 14:25,2025-11-22 14:30,5.0,partial overlap,Low,Training Room,Client Reception
CONF_3739,P099,Operations Check,Brainstorming,2025-11-12 11:03,2025-11-12 11:36,2025-11-12 10:45,2025-11-12 11:15,2025-11-12 11:03,2025-11-12 11:15,12.0,partial overlap,Low,Break Room,Conference Room A
CONF_3740,P099,Training,Product Demo,2025-11-24 16:14,2025-11-24 17:14,2025-11-24 16:00,2025-11-24 16:45,2025-11-24 16:14,2025-11-24 16:45,31.0,partial overlap,Medium,Demo Hall,Conference Room B
CONF_3741,P099,Requirements Analysis,Team Building,2025-11-16 08:41,2025-11-16 09:13,2025-11-16 08:15,2025-11-16 09:00,2025-11-16 08:41,2025-11-16 09:00,19.0,partial overlap,Low,Training Room,Cafe
CONF_3742,P099,Requirements Analysis,Deployment,2025-11-16 08:41,2025-11-16 09:13,2025-11-16 08:45,2025-11-16 09:30,2025-11-16 08:45,2025-11-16 09:13,28.0,partial overlap,Low,Training Room,Break Room
CONF_3743,P099,Code Review,Training,2025-11-24 17:50,2025-11-24 18:41,2025-11-24 17:45,2025-11-24 18:15,2025-11-24 17:50,2025-11-24 18:15,25.0,partial overlap,Low,Conference Room A,R&D Center
CONF_3744,P099,Code Review,Brainstorming,2025-11-24 17:50,2025-11-24 18:41,2025-11-24 17:45,2025-11-24 18:15,2025-11-24 17:50,2025-11-24 18:15,25.0,partial overlap,Low,Conference Room A,Online Meeting
CONF_3745,P100,Training,Training,2025-11-02 14:15,2025-11-02 15:45,2025-11-02 14:00,2025-11-02 15:30,2025-11-02 14:15,2025-11-02 15:30,75.0,partial overlap,High,Client Reception,Client Reception
CONF_3746,P100,Brainstorming,One-on-One,2025-11-06 10:49,2025-11-06 11:43,2025-11-06 10:30,2025-11-06 11:15,2025-11-06 10:49,2025-11-06 11:15,26.0,partial overlap,Low,Conference Room C,Online Meeting
CONF_3747,P100,Team Building,One-on-One,2025-11-06 11:02,2025-11-06 11:56,2025-11-06 10:30,2025-11-06 11:15,2025-11-06 11:02,2025-11-06 11:15,13.0,partial overlap,Low,Conference Room C,Online Meeting
CONF_3748,P100,Team Building,Brainstorming,2025-11-06 11:02,2025-11-06 11:56,2025-11-06 10:49,2025-11-06 11:43,2025-11-06 11:02,2025-11-06 11:43,41.0,partial overlap,Medium,Conference Room C,Conference Room C
CONF_3749,P100,Training,Testing Acceptance,2025-11-09 15:00,2025-11-09 16:00,2025-11-09 15:45,2025-11-09 16:15,2025-11-09 15:45,2025-11-09 16:00,15.0,partial overlap,Low,R&D Center,Break Room
CONF_3750,P100,Design Review,Client Visit,2025-11-07 10:45,2025-11-07 11:30,2025-11-07 11:15,2025-11-07 12:15,2025-11-07 11:15,2025-11-07 11:30,15.0,partial overlap,Low,Test Lab,Break Room
CONF_3751,P100,Meeting,Design Review,2025-11-09 17:30,2025-11-09 18:00,2025-11-09 17:00,2025-11-09 17:45,2025-11-09 17:30,2025-11-09 17:45,15.0,partial overlap,Low,R&D Center,Test Lab
CONF_3752,P100,Code Review,Brainstorming,2025-11-15 11:15,2025-11-15 11:45,2025-11-15 11:15,2025-11-15 11:45,2025-11-15 11:15,2025-11-15 11:45,30.0,full overlap,Medium,Online Meeting,Conference Room C
CONF_3753,P100,One-on-One,Meeting,2025-11-09 17:06,2025-11-09 17:43,2025-11-09 17:30,2025-11-09 18:00,2025-11-09 17:30,2025-11-09 17:43,13.0,partial overlap,Low,Break Room,R&D Center
CONF_3754,P100,One-on-One,Design Review,2025-11-09 17:06,2025-11-09 17:43,2025-11-09 17:00,2025-11-09 17:45,2025-11-09 17:06,2025-11-09 17:43,37.0,full overlap,Medium,Break Room,Test Lab
CONF_3755,P100,Brainstorming,Code Review,2025-11-12 16:54,2025-11-12 17:37,2025-11-12 16:30,2025-11-12 17:15,2025-11-12 16:54,2025-11-12 17:15,21.0,partial overlap,Low,Conference Room C,Break Room
CONF_3756,P100,Testing Acceptance,Design Review,2025-11-09 17:19,2025-11-09 17:53,2025-11-09 17:00,2025-11-09 17:45,2025-11-09 17:19,2025-11-09 17:45,26.0,partial overlap,Low,Conference Room C,Test Lab
CONF_3757,P100,Testing Acceptance,Meeting,2025-11-09 17:19,2025-11-09 17:53,2025-11-09 17:30,2025-11-09 18:00,2025-11-09 17:30,2025-11-09 17:53,23.0,partial overlap,Low,Conference Room C,R&D Center
CONF_3758,P100,Testing Acceptance,One-on-One,2025-11-09 17:19,2025-11-09 17:53,2025-11-09 17:06,2025-11-09 17:43,2025-11-09 17:19,2025-11-09 17:43,24.0,partial overlap,Low,Conference Room C,Break Room
CONF_3759,P100,Design Review,Code Review,2025-11-04 12:59,2025-11-04 13:16,2025-11-04 12:45,2025-11-04 13:15,2025-11-04 12:59,2025-11-04 13:15,16.0,partial overlap,Low,Break Room,Conference Room B
CONF_3760,P100,Testing Acceptance,Operations Check,2025-11-14 18:15,2025-11-14 18:45,2025-11-14 18:00,2025-11-14 19:00,2025-11-14 18:15,2025-11-14 18:45,30.0,full overlap,Medium,Client Reception,Office Area 1
CONF_3761,P100,Design Review,Requirements Analysis,2025-11-21 09:45,2025-11-21 10:15,2025-11-21 10:00,2025-11-21 10:15,2025-11-21 10:00,2025-11-21 10:15,15.0,full overlap,Low,Online Meeting,Conference Room C
CONF_3762,P100,Operations Check,Training,2025-11-23 13:45,2025-11-23 14:00,2025-11-23 13:30,2025-11-23 14:15,2025-11-23 13:45,2025-11-23 14:00,15.0,full overlap,Low,Break Room,Conference Room B
CONF_3763,P100,Project Discussion,Operations Check,2025-11-18 15:15,2025-11-18 15:45,2025-11-18 15:30,2025-11-18 15:45,2025-11-18 15:30,2025-11-18 15:45,15.0,full overlap,Low,Demo Hall,Conference Room A
CONF_3764,P100,Meeting,Training,2025-11-23 12:45,2025-11-23 13:00,2025-11-23 12:45,2025-11-23 13:00,2025-11-23 12:45,2025-11-23 13:00,15.0,full overlap,Low,Client Reception,Online Meeting
CONF_3765,P100,Client Visit,One-on-One,2025-11-24 15:00,2025-11-24 15:45,2025-11-24 14:45,2025-11-24 15:30,2025-11-24 15:00,2025-11-24 15:30,30.0,partial overlap,Medium,Product Showcase,Cafe
CONF_3766,P100,Training,Testing Acceptance,2025-11-20 11:04,2025-11-20 11:22,2025-11-20 10:45,2025-11-20 11:30,2025-11-20 11:04,2025-11-20 11:22,18.0,full overlap,Low,Remote,Office Area 1
