conflict_id,person_id,activity_1,activity_2,start_time_1,end_time_1,start_time_2,end_time_2,overlap_start,overlap_end,overlap_duration_minutes,conflict_type,severity,location_1,location_2
CONF_0001,P001,Deployment,Team Building,2025-09-19 09:30,2025-09-19 11:00,2025-09-19 10:30,2025-09-19 11:00,2025-09-19 10:30,2025-09-19 11:00,30.0,full overlap,Medium,Online Meeting,Break Room
CONF_0002,P002,Training,Operations Check,2025-09-13 12:15,2025-09-13 13:15,2025-09-13 12:30,2025-09-13 13:29,2025-09-13 12:30,2025-09-13 13:15,45.0,partial overlap,Medium,Office Area 1,Online Meeting
CONF_0003,P002,Team Building,Requirements Analysis,2025-09-14 16:45,2025-09-14 18:15,2025-09-14 16:45,2025-09-14 17:45,2025-09-14 16:45,2025-09-14 17:45,60.0,full overlap,High,Remote,Office Area 2
CONF_0004,P002,Brainstorming,Deployment,2025-09-21 12:15,2025-09-21 13:45,2025-09-21 12:22,2025-09-21 12:47,2025-09-21 12:22,2025-09-21 12:47,25.0,full overlap,Low,Test Lab,Remote
CONF_0005,P003,Product Demo,Team Building,2025-09-14 17:15,2025-09-14 17:45,2025-09-14 17:00,2025-09-14 17:30,2025-09-14 17:15,2025-09-14 17:30,15.0,partial overlap,Low,Test Lab,Conference Room C
CONF_0006,P003,Team Building,Testing Acceptance,2025-09-11 12:45,2025-09-11 13:15,2025-09-11 13:13,2025-09-11 13:58,2025-09-11 13:13,2025-09-11 13:15,2.0,partial overlap,Low,R&D Center,Conference Room A
CONF_0007,P004,Training,Operations Check,2025-09-12 15:15,2025-09-12 16:45,2025-09-12 15:40,2025-09-12 16:05,2025-09-12 15:40,2025-09-12 16:05,25.0,full overlap,Low,Office Area 2,Office Area 1
CONF_0008,P004,Requirements Analysis,Design Review,2025-09-17 18:45,2025-09-17 19:15,2025-09-17 19:02,2025-09-17 19:48,2025-09-17 19:02,2025-09-17 19:15,13.0,partial overlap,Low,Office Area 2,Break Room
CONF_0009,P004,One-on-One,Project Discussion,2025-09-18 17:15,2025-09-18 18:00,2025-09-18 17:35,2025-09-18 18:13,2025-09-18 17:35,2025-09-18 18:00,25.0,partial overlap,Low,Office Area 1,Test Lab
CONF_0010,P005,Project Discussion,Design Review,2025-09-15 10:15,2025-09-15 11:15,2025-09-15 10:28,2025-09-15 11:25,2025-09-15 10:28,2025-09-15 11:15,47.0,partial overlap,Medium,Break Room,Office Area 1
CONF_0011,P005,One-on-One,One-on-One,2025-09-16 17:45,2025-09-16 18:15,2025-09-16 18:00,2025-09-16 19:00,2025-09-16 18:00,2025-09-16 18:15,15.0,partial overlap,Low,Online Meeting,Office Area 2
CONF_0012,P005,One-on-One,Testing Acceptance,2025-09-16 17:45,2025-09-16 18:15,2025-09-16 17:30,2025-09-16 18:00,2025-09-16 17:45,2025-09-16 18:00,15.0,partial overlap,Low,Online Meeting,R&D Center
CONF_0013,P005,One-on-One,Operations Check,2025-09-16 17:45,2025-09-16 18:15,2025-09-16 18:11,2025-09-16 18:45,2025-09-16 18:11,2025-09-16 18:15,4.0,partial overlap,Low,Online Meeting,Office Area 2
CONF_0014,P005,Tech Sharing,Product Demo,2025-09-19 14:00,2025-09-19 14:45,2025-09-19 14:15,2025-09-19 14:57,2025-09-19 14:15,2025-09-19 14:45,30.0,partial overlap,Medium,Product Showcase,Conference Room C
CONF_0015,P005,One-on-One,Operations Check,2025-09-16 18:00,2025-09-16 19:00,2025-09-16 18:11,2025-09-16 18:45,2025-09-16 18:11,2025-09-16 18:45,34.0,full overlap,Medium,Office Area 2,Office Area 2
CONF_0016,P005,Client Visit,Client Visit,2025-09-18 18:45,2025-09-18 19:30,2025-09-18 18:15,2025-09-18 19:00,2025-09-18 18:45,2025-09-18 19:00,15.0,partial overlap,Low,Office Area 2,Break Room
CONF_0017,P005,Product Demo,Design Review,2025-09-17 08:15,2025-09-17 08:45,2025-09-17 08:22,2025-09-17 09:09,2025-09-17 08:22,2025-09-17 08:45,23.0,partial overlap,Low,Online Meeting,Test Lab
CONF_0018,P001,Product Demo,Project Discussion,2025-09-20 13:15,2025-09-20 13:45,2025-09-20 13:29,2025-09-20 14:13,2025-09-20 13:29,2025-09-20 13:45,16.0,partial overlap,Low,Conference Room C,Product Showcase
CONF_0019,P001,Operations Check,Training,2025-09-25 10:45,2025-09-25 11:30,2025-09-25 11:07,2025-09-25 11:35,2025-09-25 11:07,2025-09-25 11:30,23.0,partial overlap,Low,Demo Hall,Break Room
CONF_0020,P001,Product Demo,One-on-One,2025-09-25 18:30,2025-09-25 19:15,2025-09-25 18:00,2025-09-25 19:00,2025-09-25 18:30,2025-09-25 19:00,30.0,partial overlap,Medium,Office Area 1,Office Area 2
CONF_0021,P001,One-on-One,Tech Sharing,2025-09-25 12:00,2025-09-25 12:45,2025-09-25 11:45,2025-09-25 12:30,2025-09-25 12:00,2025-09-25 12:30,30.0,partial overlap,Medium,Client Reception,Demo Hall
CONF_0022,P001,One-on-One,Product Demo,2025-09-25 12:00,2025-09-25 12:45,2025-09-25 12:00,2025-09-25 12:45,2025-09-25 12:00,2025-09-25 12:45,45.0,full overlap,Medium,Client Reception,Client Reception
CONF_0023,P001,Testing Acceptance,Testing Acceptance,2025-09-23 11:00,2025-09-23 12:00,2025-09-23 11:30,2025-09-23 12:30,2025-09-23 11:30,2025-09-23 12:00,30.0,partial overlap,Medium,Test Lab,Office Area 2
CONF_0024,P001,Testing Acceptance,Tech Sharing,2025-09-23 11:00,2025-09-23 12:00,2025-09-23 11:48,2025-09-23 12:24,2025-09-23 11:48,2025-09-23 12:00,12.0,partial overlap,Low,Test Lab,Break Room
CONF_0025,P001,Operations Check,Code Review,2025-09-24 14:00,2025-09-24 14:45,2025-09-24 14:15,2025-09-24 15:15,2025-09-24 14:15,2025-09-24 14:45,30.0,partial overlap,Medium,R&D Center,Office Area 2
CONF_0026,P001,Training,Training,2025-09-28 15:45,2025-09-28 16:30,2025-09-28 16:00,2025-09-28 16:30,2025-09-28 16:00,2025-09-28 16:30,30.0,full overlap,Medium,Demo Hall,Product Showcase
CONF_0027,P001,Training,Requirements Analysis,2025-09-28 15:45,2025-09-28 16:30,2025-09-28 16:11,2025-09-28 16:40,2025-09-28 16:11,2025-09-28 16:30,19.0,partial overlap,Low,Demo Hall,Conference Room A
CONF_0028,P001,Code Review,One-on-One,2025-09-25 17:30,2025-09-25 18:15,2025-09-25 18:00,2025-09-25 19:00,2025-09-25 18:00,2025-09-25 18:15,15.0,partial overlap,Low,Client Reception,Office Area 2
CONF_0029,P001,Code Review,Code Review,2025-09-25 17:30,2025-09-25 18:15,2025-09-25 17:43,2025-09-25 18:09,2025-09-25 17:43,2025-09-25 18:09,26.0,full overlap,Low,Client Reception,Client Reception
CONF_0030,P001,Code Review,Design Review,2025-09-25 17:30,2025-09-25 18:15,2025-09-25 17:15,2025-09-25 18:00,2025-09-25 17:30,2025-09-25 18:00,30.0,partial overlap,Medium,Client Reception,Break Room
CONF_0031,P001,One-on-One,Code Review,2025-09-25 18:00,2025-09-25 19:00,2025-09-25 17:43,2025-09-25 18:09,2025-09-25 18:00,2025-09-25 18:09,9.0,partial overlap,Low,Office Area 2,Client Reception
CONF_0032,P001,Testing Acceptance,Tech Sharing,2025-09-23 11:30,2025-09-23 12:30,2025-09-23 11:48,2025-09-23 12:24,2025-09-23 11:48,2025-09-23 12:24,36.0,full overlap,Medium,Office Area 2,Break Room
CONF_0033,P002,Design Review,Meeting,2025-09-24 16:15,2025-09-24 17:00,2025-09-24 16:35,2025-09-24 16:50,2025-09-24 16:35,2025-09-24 16:50,15.0,full overlap,Low,Product Showcase,Online Meeting
CONF_0034,P002,Testing Acceptance,Client Visit,2025-09-21 10:15,2025-09-21 11:00,2025-09-21 10:00,2025-09-21 10:45,2025-09-21 10:15,2025-09-21 10:45,30.0,partial overlap,Medium,Demo Hall,Product Showcase
CONF_0035,P002,Deployment,Client Visit,2025-09-21 08:00,2025-09-21 09:00,2025-09-21 08:16,2025-09-21 09:06,2025-09-21 08:16,2025-09-21 09:00,44.0,partial overlap,Medium,Product Showcase,Conference Room A
CONF_0036,P002,Training,One-on-One,2025-09-26 09:15,2025-09-26 10:15,2025-09-26 09:00,2025-09-26 09:45,2025-09-26 09:15,2025-09-26 09:45,30.0,partial overlap,Medium,Office Area 2,Online Meeting
CONF_0037,P002,Training,Testing Acceptance,2025-09-26 09:15,2025-09-26 10:15,2025-09-26 09:00,2025-09-26 09:45,2025-09-26 09:15,2025-09-26 09:45,30.0,partial overlap,Medium,Office Area 2,Client Reception
CONF_0038,P002,Training,Code Review,2025-09-26 09:15,2025-09-26 10:15,2025-09-26 09:12,2025-09-26 09:45,2025-09-26 09:15,2025-09-26 09:45,30.0,partial overlap,Medium,Office Area 2,Test Lab
CONF_0039,P002,Training,Deployment,2025-09-24 12:15,2025-09-24 12:45,2025-09-24 12:40,2025-09-24 13:14,2025-09-24 12:40,2025-09-24 12:45,5.0,partial overlap,Low,Break Room,Test Lab
CONF_0040,P002,Training,Tech Sharing,2025-09-24 12:15,2025-09-24 12:45,2025-09-24 12:20,2025-09-24 13:01,2025-09-24 12:20,2025-09-24 12:45,25.0,partial overlap,Low,Break Room,Cafe
CONF_0041,P002,Tech Sharing,Testing Acceptance,2025-09-23 17:15,2025-09-23 18:00,2025-09-23 16:45,2025-09-23 17:45,2025-09-23 17:15,2025-09-23 17:45,30.0,partial overlap,Medium,Office Area 1,Product Showcase
CONF_0042,P002,One-on-One,Testing Acceptance,2025-09-26 09:00,2025-09-26 09:45,2025-09-26 09:00,2025-09-26 09:45,2025-09-26 09:00,2025-09-26 09:45,45.0,full overlap,Medium,Online Meeting,Client Reception
CONF_0043,P002,One-on-One,Code Review,2025-09-26 09:00,2025-09-26 09:45,2025-09-26 09:12,2025-09-26 09:45,2025-09-26 09:12,2025-09-26 09:45,33.0,full overlap,Medium,Online Meeting,Test Lab
CONF_0044,P002,Design Review,Product Demo,2025-09-26 14:45,2025-09-26 15:15,2025-09-26 14:30,2025-09-26 15:15,2025-09-26 14:45,2025-09-26 15:15,30.0,full overlap,Medium,Remote,Office Area 1
CONF_0045,P002,Brainstorming,Team Building,2025-09-25 13:00,2025-09-25 13:45,2025-09-25 13:15,2025-09-25 14:00,2025-09-25 13:15,2025-09-25 13:45,30.0,partial overlap,Medium,Product Showcase,Training Room
CONF_0046,P002,Requirements Analysis,Project Discussion,2025-09-25 17:45,2025-09-25 18:15,2025-09-25 17:30,2025-09-25 18:15,2025-09-25 17:45,2025-09-25 18:15,30.0,full overlap,Medium,Office Area 1,Training Room
CONF_0047,P002,Code Review,Client Visit,2025-09-28 11:15,2025-09-28 12:00,2025-09-28 11:15,2025-09-28 12:00,2025-09-28 11:15,2025-09-28 12:00,45.0,full overlap,Medium,Client Reception,Cafe
CONF_0048,P002,Code Review,Brainstorming,2025-09-28 11:15,2025-09-28 12:00,2025-09-28 11:15,2025-09-28 11:30,2025-09-28 11:15,2025-09-28 11:30,15.0,full overlap,Low,Client Reception,Office Area 2
CONF_0049,P002,Testing Acceptance,Team Building,2025-09-28 15:45,2025-09-28 16:15,2025-09-28 15:59,2025-09-28 16:59,2025-09-28 15:59,2025-09-28 16:15,16.0,partial overlap,Low,Remote,Training Room
CONF_0050,P002,Testing Acceptance,Design Review,2025-09-28 15:45,2025-09-28 16:15,2025-09-28 16:00,2025-09-28 17:00,2025-09-28 16:00,2025-09-28 16:15,15.0,partial overlap,Low,Remote,Office Area 1
CONF_0051,P002,Testing Acceptance,Code Review,2025-09-26 09:00,2025-09-26 09:45,2025-09-26 09:12,2025-09-26 09:45,2025-09-26 09:12,2025-09-26 09:45,33.0,full overlap,Medium,Client Reception,Test Lab
CONF_0052,P002,Client Visit,Brainstorming,2025-09-28 11:15,2025-09-28 12:00,2025-09-28 11:15,2025-09-28 11:30,2025-09-28 11:15,2025-09-28 11:30,15.0,full overlap,Low,Cafe,Office Area 2
CONF_0053,P003,Meeting,Requirements Analysis,2025-09-23 08:45,2025-09-23 09:45,2025-09-23 09:00,2025-09-23 09:45,2025-09-23 09:00,2025-09-23 09:45,45.0,full overlap,Medium,Client Reception,Online Meeting
CONF_0054,P003,Meeting,Client Visit,2025-09-23 08:45,2025-09-23 09:45,2025-09-23 08:59,2025-09-23 09:30,2025-09-23 08:59,2025-09-23 09:30,31.0,full overlap,Medium,Client Reception,Conference Room C
CONF_0055,P003,Code Review,Requirements Analysis,2025-09-24 17:30,2025-09-24 18:30,2025-09-24 17:30,2025-09-24 18:00,2025-09-24 17:30,2025-09-24 18:00,30.0,full overlap,Medium,Training Room,Training Room
CONF_0056,P003,Requirements Analysis,Client Visit,2025-09-23 09:00,2025-09-23 09:45,2025-09-23 08:59,2025-09-23 09:30,2025-09-23 09:00,2025-09-23 09:30,30.0,partial overlap,Medium,Online Meeting,Conference Room C
CONF_0057,P003,Brainstorming,Code Review,2025-09-20 10:15,2025-09-20 11:15,2025-09-20 10:24,2025-09-20 11:04,2025-09-20 10:24,2025-09-20 11:04,40.0,full overlap,Medium,Office Area 1,Conference Room C
CONF_0058,P003,Client Visit,Brainstorming,2025-09-24 16:00,2025-09-24 16:30,2025-09-24 16:15,2025-09-24 17:07,2025-09-24 16:15,2025-09-24 16:30,15.0,partial overlap,Low,Training Room,R&D Center
CONF_0059,P003,Meeting,Training,2025-09-27 08:30,2025-09-27 09:30,2025-09-27 08:45,2025-09-27 09:30,2025-09-27 08:45,2025-09-27 09:30,45.0,full overlap,Medium,Break Room,Conference Room A
CONF_0060,P003,One-on-One,Meeting,2025-09-25 16:45,2025-09-25 17:15,2025-09-25 16:30,2025-09-25 17:30,2025-09-25 16:45,2025-09-25 17:15,30.0,full overlap,Medium,Conference Room C,Break Room
CONF_0061,P003,Code Review,Project Discussion,2025-09-29 09:15,2025-09-29 10:00,2025-09-29 09:45,2025-09-29 10:30,2025-09-29 09:45,2025-09-29 10:00,15.0,partial overlap,Low,Conference Room B,R&D Center
CONF_0062,P003,Deployment,Team Building,2025-09-24 13:30,2025-09-24 14:00,2025-09-24 13:38,2025-09-24 14:30,2025-09-24 13:38,2025-09-24 14:00,22.0,partial overlap,Low,Conference Room A,Conference Room C
CONF_0063,P004,Product Demo,Requirements Analysis,2025-09-22 10:45,2025-09-22 11:45,2025-09-22 11:06,2025-09-22 11:27,2025-09-22 11:06,2025-09-22 11:27,21.0,full overlap,Low,Online Meeting,Break Room
CONF_0064,P004,Tech Sharing,Meeting,2025-09-20 11:30,2025-09-20 12:15,2025-09-20 11:45,2025-09-20 12:30,2025-09-20 11:45,2025-09-20 12:15,30.0,partial overlap,Medium,Remote,Conference Room C
CONF_0065,P004,Tech Sharing,Training,2025-09-20 11:30,2025-09-20 12:15,2025-09-20 11:53,2025-09-20 12:48,2025-09-20 11:53,2025-09-20 12:15,22.0,partial overlap,Low,Remote,R&D Center
CONF_0066,P004,Tech Sharing,Deployment,2025-09-23 10:15,2025-09-23 11:15,2025-09-23 10:45,2025-09-23 11:14,2025-09-23 10:45,2025-09-23 11:14,29.0,full overlap,Low,Client Reception,Cafe
CONF_0067,P004,Training,Code Review,2025-09-26 17:15,2025-09-26 18:15,2025-09-26 16:30,2025-09-26 17:30,2025-09-26 17:15,2025-09-26 17:30,15.0,partial overlap,Low,Break Room,Conference Room C
CONF_0068,P004,Meeting,Training,2025-09-20 11:45,2025-09-20 12:30,2025-09-20 11:53,2025-09-20 12:48,2025-09-20 11:53,2025-09-20 12:30,37.0,partial overlap,Medium,Conference Room C,R&D Center
CONF_0069,P004,Meeting,Design Review,2025-09-25 13:15,2025-09-25 14:00,2025-09-25 13:00,2025-09-25 13:45,2025-09-25 13:15,2025-09-25 13:45,30.0,partial overlap,Medium,R&D Center,Online Meeting
CONF_0070,P004,Meeting,Deployment,2025-09-25 13:15,2025-09-25 14:00,2025-09-25 13:45,2025-09-25 14:15,2025-09-25 13:45,2025-09-25 14:00,15.0,partial overlap,Low,R&D Center,Remote
CONF_0071,P004,Project Discussion,Deployment,2025-09-24 15:30,2025-09-24 16:15,2025-09-24 16:00,2025-09-24 16:34,2025-09-24 16:00,2025-09-24 16:15,15.0,partial overlap,Low,Break Room,Conference Room C
CONF_0072,P004,Project Discussion,Brainstorming,2025-09-28 17:00,2025-09-28 17:45,2025-09-28 17:15,2025-09-28 18:00,2025-09-28 17:15,2025-09-28 17:45,30.0,partial overlap,Medium,Online Meeting,Product Showcase
CONF_0073,P004,Brainstorming,Team Building,2025-09-30 11:15,2025-09-30 12:15,2025-09-30 11:15,2025-09-30 11:45,2025-09-30 11:15,2025-09-30 11:45,30.0,full overlap,Medium,Office Area 2,Demo Hall
CONF_0074,P005,Product Demo,Product Demo,2025-09-22 13:30,2025-09-22 14:15,2025-09-22 13:30,2025-09-22 14:15,2025-09-22 13:30,2025-09-22 14:15,45.0,full overlap,Medium,Break Room,Product Showcase
CONF_0075,P005,Product Demo,Code Review,2025-09-22 13:30,2025-09-22 14:15,2025-09-22 13:52,2025-09-22 14:09,2025-09-22 13:52,2025-09-22 14:09,17.0,full overlap,Low,Break Room,Office Area 1
CONF_0076,P005,Operations Check,Team Building,2025-09-26 12:00,2025-09-26 12:30,2025-09-26 11:30,2025-09-26 12:15,2025-09-26 12:00,2025-09-26 12:15,15.0,partial overlap,Low,Office Area 1,Conference Room C
CONF_0077,P005,Code Review,Product Demo,2025-09-20 08:15,2025-09-20 09:00,2025-09-20 08:36,2025-09-20 09:20,2025-09-20 08:36,2025-09-20 09:00,24.0,partial overlap,Low,Cafe,Conference Room C
CONF_0078,P005,Deployment,Operations Check,2025-09-26 10:15,2025-09-26 10:45,2025-09-26 10:30,2025-09-26 11:00,2025-09-26 10:30,2025-09-26 10:45,15.0,partial overlap,Low,Remote,Office Area 2
CONF_0079,P005,Deployment,One-on-One,2025-09-26 10:15,2025-09-26 10:45,2025-09-26 09:45,2025-09-26 10:30,2025-09-26 10:15,2025-09-26 10:30,15.0,partial overlap,Low,Remote,Cafe
CONF_0080,P005,Tech Sharing,Meeting,2025-09-27 18:15,2025-09-27 18:45,2025-09-27 18:41,2025-09-27 19:24,2025-09-27 18:41,2025-09-27 18:45,4.0,partial overlap,Low,Demo Hall,Remote
CONF_0081,P005,Product Demo,Code Review,2025-09-22 13:30,2025-09-22 14:15,2025-09-22 13:52,2025-09-22 14:09,2025-09-22 13:52,2025-09-22 14:09,17.0,full overlap,Low,Product Showcase,Office Area 1
CONF_0082,P005,Operations Check,Testing Acceptance,2025-09-25 18:30,2025-09-25 19:00,2025-09-25 18:35,2025-09-25 19:14,2025-09-25 18:35,2025-09-25 19:00,25.0,partial overlap,Low,Cafe,Cafe
CONF_0083,P005,Client Visit,Product Demo,2025-09-27 12:30,2025-09-27 13:15,2025-09-27 12:45,2025-09-27 13:45,2025-09-27 12:45,2025-09-27 13:15,30.0,partial overlap,Medium,Break Room,Training Room
CONF_0084,P002,Deployment,Tech Sharing,2025-09-24 12:40,2025-09-24 13:14,2025-09-24 12:20,2025-09-24 13:01,2025-09-24 12:40,2025-09-24 13:01,21.0,partial overlap,Low,Test Lab,Cafe
CONF_0085,P001,Code Review,Design Review,2025-09-25 17:43,2025-09-25 18:09,2025-09-25 17:15,2025-09-25 18:00,2025-09-25 17:43,2025-09-25 18:00,17.0,partial overlap,Low,Client Reception,Break Room
CONF_0086,P001,Tech Sharing,Requirements Analysis,2025-09-26 11:00,2025-09-26 11:45,2025-09-26 11:11,2025-09-26 11:48,2025-09-26 11:11,2025-09-26 11:45,34.0,partial overlap,Medium,Conference Room A,Product Showcase
CONF_0087,P001,Tech Sharing,Product Demo,2025-09-25 11:45,2025-09-25 12:30,2025-09-25 12:00,2025-09-25 12:45,2025-09-25 12:00,2025-09-25 12:30,30.0,partial overlap,Medium,Demo Hall,Client Reception
CONF_0088,P001,Training,Requirements Analysis,2025-09-28 16:00,2025-09-28 16:30,2025-09-28 16:11,2025-09-28 16:40,2025-09-28 16:11,2025-09-28 16:30,19.0,partial overlap,Low,Product Showcase,Conference Room A
CONF_0089,P001,Tech Sharing,Brainstorming,2025-10-03 13:15,2025-10-03 13:45,2025-10-03 13:15,2025-10-03 14:00,2025-10-03 13:15,2025-10-03 13:45,30.0,full overlap,Medium,Cafe,Conference Room C
CONF_0090,P001,Tech Sharing,Training,2025-10-03 13:15,2025-10-03 13:45,2025-10-03 12:45,2025-10-03 13:30,2025-10-03 13:15,2025-10-03 13:30,15.0,partial overlap,Low,Cafe,Remote
CONF_0091,P001,Code Review,Meeting,2025-10-02 13:00,2025-10-02 13:45,2025-10-02 13:00,2025-10-02 13:30,2025-10-02 13:00,2025-10-02 13:30,30.0,full overlap,Medium,Product Showcase,Office Area 1
CONF_0092,P001,Requirements Analysis,Deployment,2025-09-30 14:00,2025-09-30 14:45,2025-09-30 14:15,2025-09-30 15:00,2025-09-30 14:15,2025-09-30 14:45,30.0,partial overlap,Medium,Demo Hall,Test Lab
CONF_0093,P001,Operations Check,Operations Check,2025-10-02 08:30,2025-10-02 09:15,2025-10-02 09:00,2025-10-02 09:45,2025-10-02 09:00,2025-10-02 09:15,15.0,partial overlap,Low,Remote,Remote
CONF_0094,P001,Operations Check,Team Building,2025-10-02 08:30,2025-10-02 09:15,2025-10-02 08:30,2025-10-02 09:00,2025-10-02 08:30,2025-10-02 09:00,30.0,full overlap,Medium,Remote,Training Room
CONF_0095,P001,Testing Acceptance,Client Visit,2025-10-01 11:15,2025-10-01 11:30,2025-10-01 10:45,2025-10-01 11:30,2025-10-01 11:15,2025-10-01 11:30,15.0,full overlap,Low,Training Room,Test Lab
CONF_0096,P001,Testing Acceptance,Deployment,2025-10-01 11:15,2025-10-01 11:30,2025-10-01 11:15,2025-10-01 11:30,2025-10-01 11:15,2025-10-01 11:30,15.0,full overlap,Low,Training Room,Conference Room B
CONF_0097,P001,Project Discussion,Project Discussion,2025-10-05 14:00,2025-10-05 14:45,2025-10-05 14:00,2025-10-05 15:00,2025-10-05 14:00,2025-10-05 14:45,45.0,full overlap,Medium,Client Reception,Conference Room C
CONF_0098,P001,Project Discussion,Meeting,2025-10-05 14:00,2025-10-05 14:45,2025-10-05 14:19,2025-10-05 15:18,2025-10-05 14:19,2025-10-05 14:45,26.0,partial overlap,Low,Client Reception,Conference Room A
CONF_0099,P001,Tech Sharing,Design Review,2025-10-02 18:30,2025-10-02 19:15,2025-10-02 18:51,2025-10-02 19:25,2025-10-02 18:51,2025-10-02 19:15,24.0,partial overlap,Low,Cafe,Office Area 2
CONF_0100,P001,Brainstorming,Training,2025-10-03 13:15,2025-10-03 14:00,2025-10-03 12:45,2025-10-03 13:30,2025-10-03 13:15,2025-10-03 13:30,15.0,partial overlap,Low,Conference Room C,Remote
CONF_0101,P001,Client Visit,Deployment,2025-10-01 10:45,2025-10-01 11:30,2025-10-01 11:15,2025-10-01 11:30,2025-10-01 11:15,2025-10-01 11:30,15.0,full overlap,Low,Test Lab,Conference Room B
CONF_0102,P001,Design Review,Operations Check,2025-10-02 09:45,2025-10-02 10:00,2025-10-02 09:45,2025-10-02 10:30,2025-10-02 09:45,2025-10-02 10:00,15.0,full overlap,Low,R&D Center,Test Lab
CONF_0103,P001,Meeting,Training,2025-10-08 13:30,2025-10-08 14:00,2025-10-08 13:57,2025-10-08 14:20,2025-10-08 13:57,2025-10-08 14:00,3.0,partial overlap,Low,Product Showcase,Office Area 1
CONF_0104,P001,Client Visit,Deployment,2025-10-02 15:15,2025-10-02 16:00,2025-10-02 15:40,2025-10-02 16:19,2025-10-02 15:40,2025-10-02 16:00,20.0,partial overlap,Low,Client Reception,Online Meeting
CONF_0105,P002,Brainstorming,Code Review,2025-10-01 16:00,2025-10-01 16:15,2025-10-01 15:45,2025-10-01 16:15,2025-10-01 16:00,2025-10-01 16:15,15.0,full overlap,Low,Remote,Demo Hall
CONF_0106,P002,Brainstorming,Deployment,2025-10-01 16:00,2025-10-01 16:15,2025-10-01 15:09,2025-10-01 16:09,2025-10-01 16:00,2025-10-01 16:09,9.0,partial overlap,Low,Remote,Remote
CONF_0107,P002,Product Demo,Requirements Analysis,2025-10-01 17:30,2025-10-01 17:45,2025-10-01 17:12,2025-10-01 18:04,2025-10-01 17:30,2025-10-01 17:45,15.0,full overlap,Low,Product Showcase,Training Room
CONF_0108,P002,Deployment,Operations Check,2025-09-29 10:00,2025-09-29 10:30,2025-09-29 09:30,2025-09-29 10:15,2025-09-29 10:00,2025-09-29 10:15,15.0,partial overlap,Low,Product Showcase,Online Meeting
CONF_0109,P002,Brainstorming,Testing Acceptance,2025-09-30 15:00,2025-09-30 15:30,2025-09-30 15:15,2025-09-30 15:45,2025-09-30 15:15,2025-09-30 15:30,15.0,partial overlap,Low,Conference Room A,Office Area 2
CONF_0110,P002,Training,Requirements Analysis,2025-10-01 17:15,2025-10-01 17:30,2025-10-01 17:12,2025-10-01 18:04,2025-10-01 17:15,2025-10-01 17:30,15.0,full overlap,Low,R&D Center,Training Room
CONF_0111,P002,Product Demo,Requirements Analysis,2025-10-01 16:45,2025-10-01 17:15,2025-10-01 17:12,2025-10-01 18:04,2025-10-01 17:12,2025-10-01 17:15,3.0,partial overlap,Low,Conference Room A,Training Room
CONF_0112,P002,Requirements Analysis,Meeting,2025-10-04 13:00,2025-10-04 13:45,2025-10-04 13:16,2025-10-04 13:37,2025-10-04 13:16,2025-10-04 13:37,21.0,full overlap,Low,R&D Center,Office Area 1
CONF_0113,P002,One-on-One,Operations Check,2025-10-03 08:45,2025-10-03 09:30,2025-10-03 09:04,2025-10-03 09:48,2025-10-03 09:04,2025-10-03 09:30,26.0,partial overlap,Low,Online Meeting,Remote
CONF_0114,P002,Code Review,Deployment,2025-10-01 15:45,2025-10-01 16:15,2025-10-01 15:09,2025-10-01 16:09,2025-10-01 15:45,2025-10-01 16:09,24.0,partial overlap,Low,Demo Hall,Remote
CONF_0115,P002,Brainstorming,Design Review,2025-10-06 14:45,2025-10-06 15:00,2025-10-06 14:30,2025-10-06 15:00,2025-10-06 14:45,2025-10-06 15:00,15.0,full overlap,Low,Conference Room A,Demo Hall
CONF_0116,P003,Training,Project Discussion,2025-09-25 18:00,2025-09-25 18:45,2025-09-25 18:07,2025-09-25 19:00,2025-09-25 18:07,2025-09-25 18:45,38.0,partial overlap,Medium,Demo Hall,Conference Room B
CONF_0117,P003,Brainstorming,Project Discussion,2025-09-26 15:00,2025-09-26 15:30,2025-09-26 15:15,2025-09-26 15:30,2025-09-26 15:15,2025-09-26 15:30,15.0,full overlap,Low,Test Lab,Training Room
CONF_0118,P003,Brainstorming,Meeting,2025-09-29 13:30,2025-09-29 14:15,2025-09-29 13:43,2025-09-29 14:07,2025-09-29 13:43,2025-09-29 14:07,24.0,full overlap,Low,Break Room,Remote
CONF_0119,P003,Team Building,Brainstorming,2025-10-01 16:30,2025-10-01 17:00,2025-10-01 16:30,2025-10-01 17:00,2025-10-01 16:30,2025-10-01 17:00,30.0,full overlap,Medium,R&D Center,Office Area 1
CONF_0120,P003,Deployment,Deployment,2025-10-03 08:45,2025-10-03 09:30,2025-10-03 09:00,2025-10-03 09:15,2025-10-03 09:00,2025-10-03 09:15,15.0,full overlap,Low,Test Lab,Conference Room C
CONF_0121,P003,Training,Product Demo,2025-09-30 12:15,2025-09-30 12:45,2025-09-30 12:42,2025-09-30 13:04,2025-09-30 12:42,2025-09-30 12:45,3.0,partial overlap,Low,Cafe,Conference Room C
CONF_0122,P003,Training,Tech Sharing,2025-09-30 12:15,2025-09-30 12:45,2025-09-30 12:34,2025-09-30 13:17,2025-09-30 12:34,2025-09-30 12:45,11.0,partial overlap,Low,Cafe,Cafe
CONF_0123,P003,Testing Acceptance,Operations Check,2025-10-06 14:00,2025-10-06 14:45,2025-10-06 14:00,2025-10-06 14:45,2025-10-06 14:00,2025-10-06 14:45,45.0,full overlap,Medium,Conference Room B,Training Room
CONF_0124,P003,Operations Check,Tech Sharing,2025-10-05 08:45,2025-10-05 09:15,2025-10-05 09:05,2025-10-05 09:53,2025-10-05 09:05,2025-10-05 09:15,10.0,partial overlap,Low,Conference Room C,Test Lab
CONF_0125,P003,Meeting,Tech Sharing,2025-10-06 17:45,2025-10-06 18:15,2025-10-06 18:08,2025-10-06 18:34,2025-10-06 18:08,2025-10-06 18:15,7.0,partial overlap,Low,Office Area 2,Demo Hall
CONF_0126,P003,Testing Acceptance,Tech Sharing,2025-10-06 18:15,2025-10-06 19:00,2025-10-06 18:08,2025-10-06 18:34,2025-10-06 18:15,2025-10-06 18:34,19.0,partial overlap,Low,Conference Room C,Demo Hall
CONF_0127,P003,Testing Acceptance,Team Building,2025-10-06 18:15,2025-10-06 19:00,2025-10-06 18:24,2025-10-06 19:16,2025-10-06 18:24,2025-10-06 19:00,36.0,partial overlap,Medium,Conference Room C,Test Lab
CONF_0128,P004,Client Visit,Code Review,2025-09-30 15:30,2025-09-30 16:15,2025-09-30 15:15,2025-09-30 15:45,2025-09-30 15:30,2025-09-30 15:45,15.0,partial overlap,Low,Conference Room A,Break Room
CONF_0129,P004,Client Visit,Tech Sharing,2025-09-30 15:30,2025-09-30 16:15,2025-09-30 15:51,2025-09-30 16:28,2025-09-30 15:51,2025-09-30 16:15,24.0,partial overlap,Low,Conference Room A,Conference Room C
CONF_0130,P004,Testing Acceptance,Tech Sharing,2025-10-01 16:45,2025-10-01 17:15,2025-10-01 17:00,2025-10-01 17:15,2025-10-01 17:00,2025-10-01 17:15,15.0,full overlap,Low,Office Area 2,R&D Center
CONF_0131,P004,Product Demo,Client Visit,2025-09-29 09:45,2025-09-29 10:15,2025-09-29 10:10,2025-09-29 10:58,2025-09-29 10:10,2025-09-29 10:15,5.0,partial overlap,Low,Remote,Conference Room B
CONF_0132,P004,Client Visit,One-on-One,2025-10-04 11:30,2025-10-04 12:15,2025-10-04 11:30,2025-10-04 12:00,2025-10-04 11:30,2025-10-04 12:00,30.0,full overlap,Medium,Conference Room C,Office Area 2
CONF_0133,P004,Product Demo,Meeting,2025-09-28 13:30,2025-09-28 13:45,2025-09-28 13:44,2025-09-28 14:05,2025-09-28 13:44,2025-09-28 13:45,1.0,partial overlap,Low,Remote,Training Room
CONF_0134,P004,Tech Sharing,Project Discussion,2025-10-04 09:15,2025-10-04 09:45,2025-10-04 09:23,2025-10-04 09:52,2025-10-04 09:23,2025-10-04 09:45,22.0,partial overlap,Low,R&D Center,Online Meeting
CONF_0135,P004,Brainstorming,Training,2025-09-29 18:30,2025-09-29 18:45,2025-09-29 18:41,2025-09-29 19:08,2025-09-29 18:41,2025-09-29 18:45,4.0,partial overlap,Low,Cafe,Office Area 1
CONF_0136,P004,Operations Check,One-on-One,2025-10-04 13:15,2025-10-04 13:45,2025-10-04 13:30,2025-10-04 13:45,2025-10-04 13:30,2025-10-04 13:45,15.0,full overlap,Low,Cafe,Office Area 1
CONF_0137,P004,Project Discussion,Project Discussion,2025-10-05 08:00,2025-10-05 08:45,2025-10-05 08:15,2025-10-05 09:00,2025-10-05 08:15,2025-10-05 08:45,30.0,partial overlap,Medium,Training Room,Conference Room C
CONF_0138,P004,Team Building,Meeting,2025-10-03 18:45,2025-10-03 19:30,2025-10-03 19:06,2025-10-03 19:30,2025-10-03 19:06,2025-10-03 19:30,24.0,full overlap,Low,R&D Center,Remote
CONF_0139,P004,Team Building,One-on-One,2025-10-03 18:45,2025-10-03 19:30,2025-10-03 19:27,2025-10-03 20:01,2025-10-03 19:27,2025-10-03 19:30,3.0,partial overlap,Low,R&D Center,Demo Hall
CONF_0140,P004,Meeting,Product Demo,2025-10-01 11:30,2025-10-01 11:45,2025-10-01 11:30,2025-10-01 12:15,2025-10-01 11:30,2025-10-01 11:45,15.0,full overlap,Low,Online Meeting,Office Area 1
CONF_0141,P004,Client Visit,Project Discussion,2025-10-04 09:45,2025-10-04 10:00,2025-10-04 09:23,2025-10-04 09:52,2025-10-04 09:45,2025-10-04 09:52,7.0,partial overlap,Low,Cafe,Online Meeting
CONF_0142,P004,Design Review,Product Demo,2025-10-03 11:15,2025-10-03 11:45,2025-10-03 11:24,2025-10-03 12:16,2025-10-03 11:24,2025-10-03 11:45,21.0,partial overlap,Low,Training Room,Client Reception
CONF_0143,P004,Tech Sharing,Product Demo,2025-10-03 12:15,2025-10-03 12:45,2025-10-03 11:24,2025-10-03 12:16,2025-10-03 12:15,2025-10-03 12:16,1.0,partial overlap,Low,Remote,Client Reception
CONF_0144,P005,Requirements Analysis,Tech Sharing,2025-10-03 14:15,2025-10-03 14:45,2025-10-03 13:45,2025-10-03 14:30,2025-10-03 14:15,2025-10-03 14:30,15.0,partial overlap,Low,Office Area 2,Conference Room A
CONF_0145,P005,Project Discussion,Requirements Analysis,2025-10-02 18:00,2025-10-02 18:15,2025-10-02 18:00,2025-10-02 18:45,2025-10-02 18:00,2025-10-02 18:15,15.0,full overlap,Low,Demo Hall,Break Room
CONF_0146,P005,Project Discussion,Client Visit,2025-10-02 09:00,2025-10-02 09:45,2025-10-02 09:30,2025-10-02 10:15,2025-10-02 09:30,2025-10-02 09:45,15.0,partial overlap,Low,Training Room,R&D Center
CONF_0147,P005,Requirements Analysis,Meeting,2025-10-02 18:00,2025-10-02 18:45,2025-10-02 18:27,2025-10-02 18:43,2025-10-02 18:27,2025-10-02 18:43,16.0,full overlap,Low,Break Room,Test Lab
CONF_0148,P005,Meeting,Code Review,2025-10-04 10:00,2025-10-04 10:30,2025-10-04 10:00,2025-10-04 10:30,2025-10-04 10:00,2025-10-04 10:30,30.0,full overlap,Medium,Conference Room A,Cafe
CONF_0149,P005,Code Review,Meeting,2025-10-05 15:00,2025-10-05 15:45,2025-10-05 15:30,2025-10-05 16:00,2025-10-05 15:30,2025-10-05 15:45,15.0,partial overlap,Low,Office Area 2,Demo Hall
CONF_0150,P005,Meeting,Tech Sharing,2025-10-07 18:15,2025-10-07 18:30,2025-10-07 17:00,2025-10-07 18:30,2025-10-07 18:15,2025-10-07 18:30,15.0,full overlap,Low,Break Room,Demo Hall
CONF_0151,P002,Team Building,Design Review,2025-09-28 15:59,2025-09-28 16:59,2025-09-28 16:00,2025-09-28 17:00,2025-09-28 16:00,2025-09-28 16:59,59.0,partial overlap,Medium,Training Room,Office Area 1
CONF_0152,P003,Product Demo,One-on-One,2025-09-30 12:42,2025-09-30 13:04,2025-09-30 12:47,2025-09-30 13:02,2025-09-30 12:47,2025-09-30 13:02,15.0,full overlap,Low,Conference Room C,Conference Room A
CONF_0153,P003,Product Demo,Tech Sharing,2025-09-30 12:42,2025-09-30 13:04,2025-09-30 12:34,2025-09-30 13:17,2025-09-30 12:42,2025-09-30 13:04,22.0,full overlap,Low,Conference Room C,Cafe
CONF_0154,P004,Meeting,One-on-One,2025-10-03 19:06,2025-10-03 19:30,2025-10-03 19:27,2025-10-03 20:01,2025-10-03 19:27,2025-10-03 19:30,3.0,partial overlap,Low,Remote,Demo Hall
CONF_0155,P004,Client Visit,Training,2025-09-29 18:47,2025-09-29 19:27,2025-09-29 18:41,2025-09-29 19:08,2025-09-29 18:47,2025-09-29 19:08,21.0,partial overlap,Low,R&D Center,Office Area 1
CONF_0156,P004,Client Visit,Product Demo,2025-09-29 18:47,2025-09-29 19:27,2025-09-29 18:45,2025-09-29 19:00,2025-09-29 18:47,2025-09-29 19:00,13.0,partial overlap,Low,R&D Center,Product Showcase
CONF_0157,P004,Training,Product Demo,2025-09-29 18:41,2025-09-29 19:08,2025-09-29 18:45,2025-09-29 19:00,2025-09-29 18:45,2025-09-29 19:00,15.0,full overlap,Low,Office Area 1,Product Showcase
CONF_0158,P003,Tech Sharing,Team Building,2025-10-06 18:08,2025-10-06 18:34,2025-10-06 18:24,2025-10-06 19:16,2025-10-06 18:24,2025-10-06 18:34,10.0,partial overlap,Low,Demo Hall,Test Lab
CONF_0159,P003,One-on-One,Tech Sharing,2025-09-30 12:47,2025-09-30 13:02,2025-09-30 12:34,2025-09-30 13:17,2025-09-30 12:47,2025-09-30 13:02,15.0,full overlap,Low,Conference Room A,Cafe
CONF_0160,P001,Team Building,Product Demo,2025-10-08 11:00,2025-10-08 11:45,2025-10-08 11:00,2025-10-08 12:30,2025-10-08 11:00,2025-10-08 11:45,45.0,full overlap,Medium,Product Showcase,Remote
CONF_0161,P001,Team Building,Testing Acceptance,2025-10-08 11:00,2025-10-08 11:45,2025-10-08 11:25,2025-10-08 11:45,2025-10-08 11:25,2025-10-08 11:45,20.0,full overlap,Low,Product Showcase,Cafe
CONF_0162,P001,Project Discussion,Meeting,2025-10-05 14:00,2025-10-05 15:00,2025-10-05 14:19,2025-10-05 15:18,2025-10-05 14:19,2025-10-05 15:00,41.0,partial overlap,Medium,Conference Room C,Conference Room A
CONF_0163,P001,Product Demo,Testing Acceptance,2025-10-08 11:00,2025-10-08 12:30,2025-10-08 11:25,2025-10-08 11:45,2025-10-08 11:25,2025-10-08 11:45,20.0,full overlap,Low,Remote,Cafe
CONF_0164,P001,Team Building,Code Review,2025-10-12 15:00,2025-10-12 15:30,2025-10-12 15:00,2025-10-12 15:45,2025-10-12 15:00,2025-10-12 15:30,30.0,full overlap,Medium,Conference Room B,Office Area 1
CONF_0165,P001,Design Review,Operations Check,2025-10-15 08:15,2025-10-15 09:15,2025-10-15 09:00,2025-10-15 09:30,2025-10-15 09:00,2025-10-15 09:15,15.0,partial overlap,Low,Product Showcase,Online Meeting
CONF_0166,P001,Code Review,Brainstorming,2025-10-16 14:15,2025-10-16 15:15,2025-10-16 14:41,2025-10-16 15:34,2025-10-16 14:41,2025-10-16 15:15,34.0,partial overlap,Medium,Office Area 1,Client Reception
CONF_0167,P002,Testing Acceptance,Brainstorming,2025-10-07 18:00,2025-10-07 18:45,2025-10-07 17:30,2025-10-07 19:00,2025-10-07 18:00,2025-10-07 18:45,45.0,full overlap,Medium,Demo Hall,Break Room
CONF_0168,P002,Testing Acceptance,Design Review,2025-10-09 15:45,2025-10-09 16:30,2025-10-09 16:15,2025-10-09 17:15,2025-10-09 16:15,2025-10-09 16:30,15.0,partial overlap,Low,R&D Center,R&D Center
CONF_0169,P003,Code Review,One-on-One,2025-10-12 08:15,2025-10-12 08:45,2025-10-12 08:21,2025-10-12 08:40,2025-10-12 08:21,2025-10-12 08:40,19.0,full overlap,Low,R&D Center,Conference Room C
CONF_0170,P003,Project Discussion,Client Visit,2025-10-14 16:00,2025-10-14 16:45,2025-10-14 16:00,2025-10-14 16:45,2025-10-14 16:00,2025-10-14 16:45,45.0,full overlap,Medium,R&D Center,Break Room
CONF_0171,P004,Testing Acceptance,Product Demo,2025-10-10 15:15,2025-10-10 16:15,2025-10-10 14:45,2025-10-10 15:45,2025-10-10 15:15,2025-10-10 15:45,30.0,partial overlap,Medium,Client Reception,Conference Room B
CONF_0172,P004,Design Review,Code Review,2025-10-07 11:30,2025-10-07 12:15,2025-10-07 11:59,2025-10-07 12:38,2025-10-07 11:59,2025-10-07 12:15,16.0,partial overlap,Low,R&D Center,R&D Center
CONF_0173,P004,Code Review,Tech Sharing,2025-10-06 17:15,2025-10-06 18:00,2025-10-06 17:26,2025-10-06 18:10,2025-10-06 17:26,2025-10-06 18:00,34.0,partial overlap,Medium,Remote,R&D Center
CONF_0174,P004,Code Review,Meeting,2025-10-06 17:15,2025-10-06 18:00,2025-10-06 17:55,2025-10-06 18:41,2025-10-06 17:55,2025-10-06 18:00,5.0,partial overlap,Low,Remote,R&D Center
CONF_0175,P004,Product Demo,Project Discussion,2025-10-10 11:45,2025-10-10 12:45,2025-10-10 12:10,2025-10-10 13:09,2025-10-10 12:10,2025-10-10 12:45,35.0,partial overlap,Medium,Training Room,Test Lab
CONF_0176,P005,Design Review,Training,2025-10-10 15:15,2025-10-10 16:00,2025-10-10 15:00,2025-10-10 16:30,2025-10-10 15:15,2025-10-10 16:00,45.0,full overlap,Medium,Conference Room C,Cafe
CONF_0177,P005,Design Review,Deployment,2025-10-10 15:15,2025-10-10 16:00,2025-10-10 15:15,2025-10-10 16:00,2025-10-10 15:15,2025-10-10 16:00,45.0,full overlap,Medium,Conference Room C,Cafe
CONF_0178,P005,Design Review,Operations Check,2025-10-10 15:15,2025-10-10 16:00,2025-10-10 15:36,2025-10-10 16:04,2025-10-10 15:36,2025-10-10 16:00,24.0,partial overlap,Low,Conference Room C,Conference Room C
CONF_0179,P005,Training,Deployment,2025-10-10 15:00,2025-10-10 16:30,2025-10-10 15:15,2025-10-10 16:00,2025-10-10 15:15,2025-10-10 16:00,45.0,full overlap,Medium,Cafe,Cafe
CONF_0180,P005,Training,Operations Check,2025-10-10 15:00,2025-10-10 16:30,2025-10-10 15:36,2025-10-10 16:04,2025-10-10 15:36,2025-10-10 16:04,28.0,full overlap,Low,Cafe,Conference Room C
CONF_0181,P005,Deployment,Operations Check,2025-10-10 15:15,2025-10-10 16:00,2025-10-10 15:36,2025-10-10 16:04,2025-10-10 15:36,2025-10-10 16:00,24.0,partial overlap,Low,Cafe,Conference Room C
CONF_0182,P006,Team Building,Project Discussion,2025-10-07 11:00,2025-10-07 12:30,2025-10-07 11:45,2025-10-07 13:15,2025-10-07 11:45,2025-10-07 12:30,45.0,partial overlap,Medium,Conference Room B,Training Room
CONF_0183,P006,Team Building,Training,2025-10-07 11:00,2025-10-07 12:30,2025-10-07 11:58,2025-10-07 12:55,2025-10-07 11:58,2025-10-07 12:30,32.0,partial overlap,Medium,Conference Room B,R&D Center
CONF_0184,P006,Testing Acceptance,Project Discussion,2025-10-07 12:30,2025-10-07 13:30,2025-10-07 11:45,2025-10-07 13:15,2025-10-07 12:30,2025-10-07 13:15,45.0,partial overlap,Medium,Product Showcase,Training Room
CONF_0185,P006,Testing Acceptance,Training,2025-10-07 12:30,2025-10-07 13:30,2025-10-07 11:58,2025-10-07 12:55,2025-10-07 12:30,2025-10-07 12:55,25.0,partial overlap,Low,Product Showcase,R&D Center
CONF_0186,P006,Project Discussion,Training,2025-10-07 11:45,2025-10-07 13:15,2025-10-07 11:58,2025-10-07 12:55,2025-10-07 11:58,2025-10-07 12:55,57.0,full overlap,Medium,Training Room,R&D Center
CONF_0187,P006,Project Discussion,Testing Acceptance,2025-10-15 09:45,2025-10-15 10:30,2025-10-15 09:15,2025-10-15 10:00,2025-10-15 09:45,2025-10-15 10:00,15.0,partial overlap,Low,Break Room,Office Area 1
CONF_0188,P006,Team Building,Product Demo,2025-10-11 14:30,2025-10-11 16:00,2025-10-11 15:45,2025-10-11 16:15,2025-10-11 15:45,2025-10-11 16:00,15.0,partial overlap,Low,R&D Center,Training Room
CONF_0189,P006,Tech Sharing,Project Discussion,2025-10-14 12:15,2025-10-14 13:15,2025-10-14 12:33,2025-10-14 12:54,2025-10-14 12:33,2025-10-14 12:54,21.0,full overlap,Low,Cafe,Client Reception
CONF_0190,P007,Code Review,Testing Acceptance,2025-10-13 17:00,2025-10-13 18:00,2025-10-13 17:45,2025-10-13 18:30,2025-10-13 17:45,2025-10-13 18:00,15.0,partial overlap,Low,Office Area 2,Remote
CONF_0191,P007,Meeting,Design Review,2025-10-14 18:30,2025-10-14 20:00,2025-10-14 18:30,2025-10-14 20:00,2025-10-14 18:30,2025-10-14 20:00,90.0,full overlap,High,Conference Room A,R&D Center
CONF_0192,P007,Meeting,Brainstorming,2025-10-14 18:30,2025-10-14 20:00,2025-10-14 18:53,2025-10-14 19:30,2025-10-14 18:53,2025-10-14 19:30,37.0,full overlap,Medium,Conference Room A,Conference Room A
CONF_0193,P007,Code Review,Project Discussion,2025-10-14 15:15,2025-10-14 16:45,2025-10-14 16:00,2025-10-14 16:45,2025-10-14 16:00,2025-10-14 16:45,45.0,full overlap,Medium,Conference Room A,Client Reception
CONF_0194,P007,Design Review,Brainstorming,2025-10-14 18:30,2025-10-14 20:00,2025-10-14 18:53,2025-10-14 19:30,2025-10-14 18:53,2025-10-14 19:30,37.0,full overlap,Medium,R&D Center,Conference Room A
CONF_0195,P008,Operations Check,Code Review,2025-10-03 18:45,2025-10-03 19:30,2025-10-03 18:56,2025-10-03 19:14,2025-10-03 18:56,2025-10-03 19:14,18.0,full overlap,Low,Demo Hall,Conference Room C
CONF_0196,P008,Design Review,Project Discussion,2025-10-07 10:00,2025-10-07 11:00,2025-10-07 10:28,2025-10-07 11:10,2025-10-07 10:28,2025-10-07 11:00,32.0,partial overlap,Medium,Conference Room B,Client Reception
CONF_0197,P008,Training,Brainstorming,2025-10-13 17:45,2025-10-13 18:30,2025-10-13 17:15,2025-10-13 18:15,2025-10-13 17:45,2025-10-13 18:15,30.0,partial overlap,Medium,Product Showcase,Conference Room B
CONF_0198,P008,Testing Acceptance,Product Demo,2025-10-09 16:30,2025-10-09 17:15,2025-10-09 16:54,2025-10-09 17:44,2025-10-09 16:54,2025-10-09 17:15,21.0,partial overlap,Low,Demo Hall,Test Lab
CONF_0199,P008,Meeting,Requirements Analysis,2025-10-14 16:15,2025-10-14 17:00,2025-10-14 16:23,2025-10-14 16:43,2025-10-14 16:23,2025-10-14 16:43,20.0,full overlap,Low,Client Reception,Conference Room B
CONF_0200,P009,Deployment,Requirements Analysis,2025-10-11 10:15,2025-10-11 10:45,2025-10-11 10:30,2025-10-11 11:15,2025-10-11 10:30,2025-10-11 10:45,15.0,partial overlap,Low,Cafe,Break Room
CONF_0201,P009,Product Demo,Product Demo,2025-10-13 13:15,2025-10-13 14:15,2025-10-13 13:30,2025-10-13 14:15,2025-10-13 13:30,2025-10-13 14:15,45.0,full overlap,Medium,Office Area 1,Remote
CONF_0202,P010,Operations Check,Testing Acceptance,2025-10-03 12:15,2025-10-03 13:45,2025-10-03 12:24,2025-10-03 13:18,2025-10-03 12:24,2025-10-03 13:18,54.0,full overlap,Medium,Conference Room A,Online Meeting
CONF_0203,P010,Code Review,Training,2025-10-06 11:30,2025-10-06 13:00,2025-10-06 12:00,2025-10-06 12:45,2025-10-06 12:00,2025-10-06 12:45,45.0,full overlap,Medium,Conference Room B,Test Lab
CONF_0204,P010,Brainstorming,Deployment,2025-10-05 10:30,2025-10-05 11:30,2025-10-05 10:43,2025-10-05 11:05,2025-10-05 10:43,2025-10-05 11:05,22.0,full overlap,Low,R&D Center,R&D Center
CONF_0205,P010,Design Review,Project Discussion,2025-10-11 10:45,2025-10-11 11:45,2025-10-11 09:30,2025-10-11 11:00,2025-10-11 10:45,2025-10-11 11:00,15.0,partial overlap,Low,Training Room,Remote
CONF_0206,P011,Testing Acceptance,Meeting,2025-10-05 15:30,2025-10-05 17:00,2025-10-05 15:49,2025-10-05 16:18,2025-10-05 15:49,2025-10-05 16:18,29.0,full overlap,Low,Product Showcase,Office Area 1
CONF_0207,P011,Requirements Analysis,Project Discussion,2025-10-13 09:00,2025-10-13 09:30,2025-10-13 09:06,2025-10-13 09:57,2025-10-13 09:06,2025-10-13 09:30,24.0,partial overlap,Low,Remote,Conference Room A
CONF_0208,P011,Team Building,Product Demo,2025-10-15 16:15,2025-10-15 16:45,2025-10-15 16:25,2025-10-15 16:59,2025-10-15 16:25,2025-10-15 16:45,20.0,partial overlap,Low,Conference Room B,Conference Room C
CONF_0209,P011,Brainstorming,One-on-One,2025-10-10 14:30,2025-10-10 15:00,2025-10-10 14:59,2025-10-10 15:36,2025-10-10 14:59,2025-10-10 15:00,1.0,partial overlap,Low,Demo Hall,Online Meeting
CONF_0210,P012,Client Visit,Client Visit,2025-10-06 12:15,2025-10-06 13:00,2025-10-06 12:27,2025-10-06 12:57,2025-10-06 12:27,2025-10-06 12:57,30.0,full overlap,Medium,Break Room,Demo Hall
CONF_0211,P012,Client Visit,Project Discussion,2025-10-09 18:00,2025-10-09 18:30,2025-10-09 18:11,2025-10-09 18:44,2025-10-09 18:11,2025-10-09 18:30,19.0,partial overlap,Low,Conference Room A,Demo Hall
CONF_0212,P012,Operations Check,Team Building,2025-10-13 18:45,2025-10-13 19:15,2025-10-13 18:15,2025-10-13 19:00,2025-10-13 18:45,2025-10-13 19:00,15.0,partial overlap,Low,Office Area 1,Demo Hall
CONF_0213,P013,Project Discussion,Tech Sharing,2025-10-10 13:15,2025-10-10 14:45,2025-10-10 13:30,2025-10-10 14:30,2025-10-10 13:30,2025-10-10 14:30,60.0,full overlap,High,Conference Room C,Cafe
CONF_0214,P013,One-on-One,Testing Acceptance,2025-10-10 10:30,2025-10-10 11:15,2025-10-10 10:37,2025-10-10 11:27,2025-10-10 10:37,2025-10-10 11:15,38.0,partial overlap,Medium,Cafe,Break Room
CONF_0215,P014,Meeting,Client Visit,2025-10-09 10:15,2025-10-09 11:15,2025-10-09 10:00,2025-10-09 10:30,2025-10-09 10:15,2025-10-09 10:30,15.0,partial overlap,Low,Conference Room A,Client Reception
CONF_0216,P014,Meeting,Meeting,2025-10-09 10:15,2025-10-09 11:15,2025-10-09 10:00,2025-10-09 10:34,2025-10-09 10:15,2025-10-09 10:34,19.0,partial overlap,Low,Conference Room A,Test Lab
CONF_0217,P014,Requirements Analysis,Product Demo,2025-10-09 11:15,2025-10-09 12:15,2025-10-09 12:00,2025-10-09 13:00,2025-10-09 12:00,2025-10-09 12:15,15.0,partial overlap,Low,Office Area 2,Cafe
CONF_0218,P014,Requirements Analysis,Tech Sharing,2025-10-09 11:15,2025-10-09 12:15,2025-10-09 12:05,2025-10-09 12:50,2025-10-09 12:05,2025-10-09 12:15,10.0,partial overlap,Low,Office Area 2,Product Showcase
CONF_0219,P014,Client Visit,Training,2025-10-05 12:30,2025-10-05 13:00,2025-10-05 12:35,2025-10-05 13:08,2025-10-05 12:35,2025-10-05 13:00,25.0,partial overlap,Low,Conference Room C,Client Reception
CONF_0220,P014,Client Visit,Team Building,2025-10-09 10:00,2025-10-09 10:30,2025-10-09 09:30,2025-10-09 10:15,2025-10-09 10:00,2025-10-09 10:15,15.0,partial overlap,Low,Client Reception,Break Room
CONF_0221,P014,Client Visit,Meeting,2025-10-09 10:00,2025-10-09 10:30,2025-10-09 10:00,2025-10-09 10:34,2025-10-09 10:00,2025-10-09 10:30,30.0,full overlap,Medium,Client Reception,Test Lab
CONF_0222,P014,Product Demo,Tech Sharing,2025-10-09 12:00,2025-10-09 13:00,2025-10-09 12:05,2025-10-09 12:50,2025-10-09 12:05,2025-10-09 12:50,45.0,full overlap,Medium,Cafe,Product Showcase
CONF_0223,P014,Product Demo,Product Demo,2025-10-09 12:00,2025-10-09 13:00,2025-10-09 12:17,2025-10-09 12:45,2025-10-09 12:17,2025-10-09 12:45,28.0,full overlap,Low,Cafe,Test Lab
CONF_0224,P014,Team Building,Meeting,2025-10-09 09:30,2025-10-09 10:15,2025-10-09 10:00,2025-10-09 10:34,2025-10-09 10:00,2025-10-09 10:15,15.0,partial overlap,Low,Break Room,Test Lab
CONF_0225,P014,Team Building,Project Discussion,2025-10-11 17:45,2025-10-11 18:45,2025-10-11 17:30,2025-10-11 18:30,2025-10-11 17:45,2025-10-11 18:30,45.0,partial overlap,Medium,Remote,Office Area 2
CONF_0226,P014,Project Discussion,Code Review,2025-10-15 15:15,2025-10-15 16:45,2025-10-15 16:15,2025-10-15 17:15,2025-10-15 16:15,2025-10-15 16:45,30.0,partial overlap,Medium,Product Showcase,Conference Room A
CONF_0227,P016,Design Review,Product Demo,2025-10-09 18:30,2025-10-09 20:00,2025-10-09 18:45,2025-10-09 20:15,2025-10-09 18:45,2025-10-09 20:00,75.0,partial overlap,High,Client Reception,Test Lab
CONF_0228,P016,Product Demo,Product Demo,2025-10-11 12:15,2025-10-11 13:15,2025-10-11 12:32,2025-10-11 13:05,2025-10-11 12:32,2025-10-11 13:05,33.0,full overlap,Medium,Remote,Online Meeting
CONF_0229,P017,Brainstorming,Client Visit,2025-10-05 08:15,2025-10-05 09:00,2025-10-05 08:35,2025-10-05 08:50,2025-10-05 08:35,2025-10-05 08:50,15.0,full overlap,Low,Conference Room B,Break Room
CONF_0230,P017,Team Building,Deployment,2025-10-14 11:45,2025-10-14 13:15,2025-10-14 12:45,2025-10-14 13:15,2025-10-14 12:45,2025-10-14 13:15,30.0,full overlap,Medium,Conference Room A,Cafe
CONF_0231,P017,Requirements Analysis,Meeting,2025-10-14 08:15,2025-10-14 09:00,2025-10-14 08:39,2025-10-14 09:23,2025-10-14 08:39,2025-10-14 09:00,21.0,partial overlap,Low,Product Showcase,Client Reception
CONF_0232,P018,Testing Acceptance,Deployment,2025-10-11 11:45,2025-10-11 12:45,2025-10-11 12:08,2025-10-11 12:49,2025-10-11 12:08,2025-10-11 12:45,37.0,partial overlap,Medium,Conference Room C,Test Lab
CONF_0233,P018,Deployment,Testing Acceptance,2025-10-09 13:30,2025-10-09 14:30,2025-10-09 13:55,2025-10-09 14:22,2025-10-09 13:55,2025-10-09 14:22,27.0,full overlap,Low,Online Meeting,Conference Room B
CONF_0234,P018,Deployment,Deployment,2025-10-09 13:30,2025-10-09 14:30,2025-10-09 13:46,2025-10-09 14:15,2025-10-09 13:46,2025-10-09 14:15,29.0,full overlap,Low,Online Meeting,R&D Center
CONF_0235,P018,Client Visit,Tech Sharing,2025-10-11 08:00,2025-10-11 09:00,2025-10-11 08:29,2025-10-11 09:11,2025-10-11 08:29,2025-10-11 09:00,31.0,partial overlap,Medium,Remote,Office Area 2
CONF_0236,P018,Product Demo,Code Review,2025-10-12 17:15,2025-10-12 18:45,2025-10-12 17:15,2025-10-12 17:45,2025-10-12 17:15,2025-10-12 17:45,30.0,full overlap,Medium,Conference Room B,Demo Hall
CONF_0237,P019,Training,Design Review,2025-10-10 15:30,2025-10-10 16:00,2025-10-10 15:48,2025-10-10 16:33,2025-10-10 15:48,2025-10-10 16:00,12.0,partial overlap,Low,Test Lab,Client Reception
CONF_0238,P019,Deployment,Design Review,2025-10-10 16:00,2025-10-10 17:30,2025-10-10 15:48,2025-10-10 16:33,2025-10-10 16:00,2025-10-10 16:33,33.0,partial overlap,Medium,Cafe,Client Reception
CONF_0239,P019,Deployment,Requirements Analysis,2025-10-10 16:00,2025-10-10 17:30,2025-10-10 16:05,2025-10-10 16:44,2025-10-10 16:05,2025-10-10 16:44,39.0,full overlap,Medium,Cafe,Conference Room C
CONF_0240,P019,Deployment,Requirements Analysis,2025-10-10 16:00,2025-10-10 17:30,2025-10-10 16:30,2025-10-10 17:27,2025-10-10 16:30,2025-10-10 17:27,57.0,full overlap,Medium,Cafe,Cafe
CONF_0241,P019,Deployment,Product Demo,2025-10-10 16:00,2025-10-10 17:30,2025-10-10 16:34,2025-10-10 17:00,2025-10-10 16:34,2025-10-10 17:00,26.0,full overlap,Low,Cafe,Conference Room A
CONF_0242,P019,One-on-One,Design Review,2025-10-12 12:00,2025-10-12 13:30,2025-10-12 12:15,2025-10-12 13:15,2025-10-12 12:15,2025-10-12 13:15,60.0,full overlap,High,Online Meeting,Client Reception
CONF_0243,P019,Testing Acceptance,Client Visit,2025-10-16 12:15,2025-10-16 13:45,2025-10-16 13:00,2025-10-16 13:45,2025-10-16 13:00,2025-10-16 13:45,45.0,full overlap,Medium,Office Area 1,Office Area 1
CONF_0244,P020,Tech Sharing,Tech Sharing,2025-10-09 09:00,2025-10-09 10:00,2025-10-09 09:20,2025-10-09 09:41,2025-10-09 09:20,2025-10-09 09:41,21.0,full overlap,Low,Client Reception,Office Area 1
CONF_0245,P020,Testing Acceptance,Requirements Analysis,2025-10-10 08:30,2025-10-10 09:00,2025-10-10 08:45,2025-10-10 09:30,2025-10-10 08:45,2025-10-10 09:00,15.0,partial overlap,Low,R&D Center,Remote
CONF_0246,P020,Requirements Analysis,Brainstorming,2025-10-16 17:30,2025-10-16 18:00,2025-10-16 17:47,2025-10-16 18:13,2025-10-16 17:47,2025-10-16 18:00,13.0,partial overlap,Low,Office Area 1,Cafe
CONF_0247,P020,Requirements Analysis,Deployment,2025-10-16 17:30,2025-10-16 18:00,2025-10-16 17:15,2025-10-16 17:45,2025-10-16 17:30,2025-10-16 17:45,15.0,partial overlap,Low,Office Area 1,Break Room
CONF_0248,P004,Tech Sharing,Meeting,2025-10-06 17:26,2025-10-06 18:10,2025-10-06 17:55,2025-10-06 18:41,2025-10-06 17:55,2025-10-06 18:10,15.0,partial overlap,Low,R&D Center,R&D Center
CONF_0249,P014,Tech Sharing,Product Demo,2025-10-09 12:05,2025-10-09 12:50,2025-10-09 12:17,2025-10-09 12:45,2025-10-09 12:17,2025-10-09 12:45,28.0,full overlap,Low,Product Showcase,Test Lab
CONF_0250,P019,Design Review,Requirements Analysis,2025-10-10 15:48,2025-10-10 16:33,2025-10-10 16:05,2025-10-10 16:44,2025-10-10 16:05,2025-10-10 16:33,28.0,partial overlap,Low,Client Reception,Conference Room C
CONF_0251,P019,Design Review,Requirements Analysis,2025-10-10 15:48,2025-10-10 16:33,2025-10-10 16:30,2025-10-10 17:27,2025-10-10 16:30,2025-10-10 16:33,3.0,partial overlap,Low,Client Reception,Cafe
CONF_0252,P018,Testing Acceptance,Deployment,2025-10-09 13:55,2025-10-09 14:22,2025-10-09 13:46,2025-10-09 14:15,2025-10-09 13:55,2025-10-09 14:15,20.0,partial overlap,Low,Conference Room B,R&D Center
CONF_0253,P019,Requirements Analysis,Requirements Analysis,2025-10-10 16:05,2025-10-10 16:44,2025-10-10 16:30,2025-10-10 17:27,2025-10-10 16:30,2025-10-10 16:44,14.0,partial overlap,Low,Conference Room C,Cafe
CONF_0254,P019,Requirements Analysis,Product Demo,2025-10-10 16:05,2025-10-10 16:44,2025-10-10 16:34,2025-10-10 17:00,2025-10-10 16:34,2025-10-10 16:44,10.0,partial overlap,Low,Conference Room C,Conference Room A
CONF_0255,P019,Requirements Analysis,Product Demo,2025-10-10 16:30,2025-10-10 17:27,2025-10-10 16:34,2025-10-10 17:00,2025-10-10 16:34,2025-10-10 17:00,26.0,full overlap,Low,Cafe,Conference Room A
CONF_0256,P001,Requirements Analysis,Testing Acceptance,2025-10-18 08:45,2025-10-18 09:45,2025-10-18 09:00,2025-10-18 10:00,2025-10-18 09:00,2025-10-18 09:45,45.0,partial overlap,Medium,Test Lab,Product Showcase
CONF_0257,P001,Team Building,Meeting,2025-10-12 11:30,2025-10-12 12:30,2025-10-12 12:15,2025-10-12 12:45,2025-10-12 12:15,2025-10-12 12:30,15.0,partial overlap,Low,Office Area 2,Conference Room A
CONF_0258,P001,Product Demo,Client Visit,2025-10-15 09:30,2025-10-15 10:15,2025-10-15 09:50,2025-10-15 10:14,2025-10-15 09:50,2025-10-15 10:14,24.0,full overlap,Low,Cafe,Cafe
CONF_0259,P001,Operations Check,One-on-One,2025-10-15 16:30,2025-10-15 17:00,2025-10-15 15:45,2025-10-15 16:45,2025-10-15 16:30,2025-10-15 16:45,15.0,partial overlap,Low,Conference Room C,Conference Room B
CONF_0260,P001,Operations Check,Operations Check,2025-10-15 16:30,2025-10-15 17:00,2025-10-15 16:43,2025-10-15 17:02,2025-10-15 16:43,2025-10-15 17:00,17.0,partial overlap,Low,Conference Room C,Break Room
CONF_0261,P001,One-on-One,Operations Check,2025-10-15 15:45,2025-10-15 16:45,2025-10-15 16:43,2025-10-15 17:02,2025-10-15 16:43,2025-10-15 16:45,2.0,partial overlap,Low,Conference Room B,Break Room
CONF_0262,P001,Design Review,Product Demo,2025-10-16 17:30,2025-10-16 18:30,2025-10-16 17:36,2025-10-16 18:10,2025-10-16 17:36,2025-10-16 18:10,34.0,full overlap,Medium,Conference Room B,Online Meeting
CONF_0263,P001,Project Discussion,Design Review,2025-10-16 11:30,2025-10-16 12:30,2025-10-16 11:15,2025-10-16 11:45,2025-10-16 11:30,2025-10-16 11:45,15.0,partial overlap,Low,Conference Room A,Conference Room A
CONF_0264,P001,Code Review,Design Review,2025-10-21 11:15,2025-10-21 11:45,2025-10-21 11:31,2025-10-21 12:17,2025-10-21 11:31,2025-10-21 11:45,14.0,partial overlap,Low,Break Room,Conference Room A
CONF_0265,P001,Design Review,Design Review,2025-10-21 12:00,2025-10-21 12:30,2025-10-21 11:31,2025-10-21 12:17,2025-10-21 12:00,2025-10-21 12:17,17.0,partial overlap,Low,Demo Hall,Conference Room A
CONF_0266,P001,Client Visit,Training,2025-10-23 09:00,2025-10-23 09:30,2025-10-23 08:45,2025-10-23 09:30,2025-10-23 09:00,2025-10-23 09:30,30.0,full overlap,Medium,Break Room,Conference Room B
CONF_0267,P001,Client Visit,Requirements Analysis,2025-10-22 08:15,2025-10-22 09:15,2025-10-22 08:30,2025-10-22 09:15,2025-10-22 08:30,2025-10-22 09:15,45.0,full overlap,Medium,Test Lab,Cafe
CONF_0268,P001,Project Discussion,Client Visit,2025-10-23 09:30,2025-10-23 10:30,2025-10-23 09:30,2025-10-23 10:00,2025-10-23 09:30,2025-10-23 10:00,30.0,full overlap,Medium,Remote,Conference Room C
CONF_0269,P001,Tech Sharing,Design Review,2025-10-23 18:30,2025-10-23 19:15,2025-10-23 18:50,2025-10-23 19:21,2025-10-23 18:50,2025-10-23 19:15,25.0,partial overlap,Low,Cafe,Break Room
CONF_0270,P002,Testing Acceptance,Code Review,2025-10-18 11:30,2025-10-18 12:15,2025-10-18 11:47,2025-10-18 12:07,2025-10-18 11:47,2025-10-18 12:07,20.0,full overlap,Low,Remote,Office Area 1
CONF_0271,P002,Project Discussion,Meeting,2025-10-15 13:30,2025-10-15 14:30,2025-10-15 13:30,2025-10-15 14:15,2025-10-15 13:30,2025-10-15 14:15,45.0,full overlap,Medium,Office Area 1,Office Area 1
CONF_0272,P002,Project Discussion,Team Building,2025-10-15 13:30,2025-10-15 14:30,2025-10-15 14:00,2025-10-15 15:00,2025-10-15 14:00,2025-10-15 14:30,30.0,partial overlap,Medium,Office Area 1,Remote
CONF_0273,P002,Requirements Analysis,Product Demo,2025-10-14 08:15,2025-10-14 08:45,2025-10-14 08:15,2025-10-14 08:45,2025-10-14 08:15,2025-10-14 08:45,30.0,full overlap,Medium,Office Area 1,R&D Center
CONF_0274,P002,Testing Acceptance,Requirements Analysis,2025-10-13 16:15,2025-10-13 17:15,2025-10-13 16:45,2025-10-13 17:15,2025-10-13 16:45,2025-10-13 17:15,30.0,full overlap,Medium,Product Showcase,Break Room
CONF_0275,P002,Project Discussion,Requirements Analysis,2025-10-18 18:00,2025-10-18 18:30,2025-10-18 18:15,2025-10-18 18:45,2025-10-18 18:15,2025-10-18 18:30,15.0,partial overlap,Low,Client Reception,Break Room
CONF_0276,P002,Meeting,Team Building,2025-10-15 13:30,2025-10-15 14:15,2025-10-15 14:00,2025-10-15 15:00,2025-10-15 14:00,2025-10-15 14:15,15.0,partial overlap,Low,Office Area 1,Remote
CONF_0277,P002,Brainstorming,Requirements Analysis,2025-10-18 18:30,2025-10-18 19:00,2025-10-18 18:15,2025-10-18 18:45,2025-10-18 18:30,2025-10-18 18:45,15.0,partial overlap,Low,Online Meeting,Break Room
CONF_0278,P002,Client Visit,Operations Check,2025-10-22 14:00,2025-10-22 14:45,2025-10-22 14:00,2025-10-22 14:30,2025-10-22 14:00,2025-10-22 14:30,30.0,full overlap,Medium,Break Room,Product Showcase
CONF_0279,P002,Client Visit,Design Review,2025-10-22 14:00,2025-10-22 14:45,2025-10-22 14:15,2025-10-22 14:30,2025-10-22 14:15,2025-10-22 14:30,15.0,full overlap,Low,Break Room,Online Meeting
CONF_0280,P002,Client Visit,Training,2025-10-22 14:00,2025-10-22 14:45,2025-10-22 14:24,2025-10-22 15:09,2025-10-22 14:24,2025-10-22 14:45,21.0,partial overlap,Low,Break Room,R&D Center
CONF_0281,P002,Project Discussion,Tech Sharing,2025-10-18 12:15,2025-10-18 13:15,2025-10-18 12:30,2025-10-18 13:30,2025-10-18 12:30,2025-10-18 13:15,45.0,partial overlap,Medium,Office Area 1,R&D Center
CONF_0282,P003,Training,One-on-One,2025-10-14 14:30,2025-10-14 15:00,2025-10-14 14:56,2025-10-14 15:25,2025-10-14 14:56,2025-10-14 15:00,4.0,partial overlap,Low,Training Room,Test Lab
CONF_0283,P003,Operations Check,Tech Sharing,2025-10-18 09:00,2025-10-18 10:00,2025-10-18 09:23,2025-10-18 09:53,2025-10-18 09:23,2025-10-18 09:53,30.0,full overlap,Medium,Training Room,Demo Hall
CONF_0284,P003,Operations Check,One-on-One,2025-10-18 09:00,2025-10-18 10:00,2025-10-18 09:23,2025-10-18 09:56,2025-10-18 09:23,2025-10-18 09:56,33.0,full overlap,Medium,Training Room,Remote
CONF_0285,P003,Testing Acceptance,One-on-One,2025-10-14 15:15,2025-10-14 16:00,2025-10-14 14:56,2025-10-14 15:25,2025-10-14 15:15,2025-10-14 15:25,10.0,partial overlap,Low,Conference Room A,Test Lab
CONF_0286,P003,Operations Check,Team Building,2025-10-16 09:00,2025-10-16 09:30,2025-10-16 09:09,2025-10-16 09:49,2025-10-16 09:09,2025-10-16 09:30,21.0,partial overlap,Low,Client Reception,Break Room
CONF_0287,P003,Tech Sharing,Tech Sharing,2025-10-21 08:30,2025-10-21 09:15,2025-10-21 09:00,2025-10-21 09:15,2025-10-21 09:00,2025-10-21 09:15,15.0,full overlap,Low,Conference Room C,Client Reception
CONF_0288,P003,Project Discussion,Operations Check,2025-10-19 10:00,2025-10-19 10:45,2025-10-19 10:30,2025-10-19 11:26,2025-10-19 10:30,2025-10-19 10:45,15.0,partial overlap,Low,Demo Hall,Conference Room A
CONF_0289,P003,Design Review,Operations Check,2025-10-15 18:45,2025-10-15 19:45,2025-10-15 19:03,2025-10-15 19:34,2025-10-15 19:03,2025-10-15 19:34,31.0,full overlap,Medium,Conference Room C,Training Room
CONF_0290,P003,Design Review,One-on-One,2025-10-15 18:45,2025-10-15 19:45,2025-10-15 19:08,2025-10-15 19:32,2025-10-15 19:08,2025-10-15 19:32,24.0,full overlap,Low,Conference Room C,Client Reception
CONF_0291,P003,Project Discussion,Operations Check,2025-10-21 09:15,2025-10-21 10:00,2025-10-21 09:15,2025-10-21 09:45,2025-10-21 09:15,2025-10-21 09:45,30.0,full overlap,Medium,Conference Room C,Training Room
CONF_0292,P003,Project Discussion,Brainstorming,2025-10-21 09:15,2025-10-21 10:00,2025-10-21 09:28,2025-10-21 09:57,2025-10-21 09:28,2025-10-21 09:57,29.0,full overlap,Low,Conference Room C,Online Meeting
CONF_0293,P003,Operations Check,Brainstorming,2025-10-21 09:15,2025-10-21 09:45,2025-10-21 09:28,2025-10-21 09:57,2025-10-21 09:28,2025-10-21 09:45,17.0,partial overlap,Low,Training Room,Online Meeting
CONF_0294,P004,One-on-One,One-on-One,2025-10-16 15:30,2025-10-16 16:00,2025-10-16 15:15,2025-10-16 16:15,2025-10-16 15:30,2025-10-16 16:00,30.0,full overlap,Medium,Online Meeting,Office Area 1
CONF_0295,P004,Product Demo,Project Discussion,2025-10-15 09:30,2025-10-15 10:30,2025-10-15 10:00,2025-10-15 10:45,2025-10-15 10:00,2025-10-15 10:30,30.0,partial overlap,Medium,Conference Room C,Office Area 1
CONF_0296,P004,Product Demo,Requirements Analysis,2025-10-15 09:30,2025-10-15 10:30,2025-10-15 10:10,2025-10-15 10:54,2025-10-15 10:10,2025-10-15 10:30,20.0,partial overlap,Low,Conference Room C,Test Lab
CONF_0297,P004,Meeting,Project Discussion,2025-10-16 14:00,2025-10-16 15:00,2025-10-16 14:08,2025-10-16 14:28,2025-10-16 14:08,2025-10-16 14:28,20.0,full overlap,Low,Remote,Test Lab
CONF_0298,P004,Deployment,Operations Check,2025-10-18 13:45,2025-10-18 14:30,2025-10-18 13:45,2025-10-18 14:30,2025-10-18 13:45,2025-10-18 14:30,45.0,full overlap,Medium,Conference Room B,Test Lab
CONF_0299,P004,Project Discussion,Requirements Analysis,2025-10-15 10:00,2025-10-15 10:45,2025-10-15 10:10,2025-10-15 10:54,2025-10-15 10:10,2025-10-15 10:45,35.0,partial overlap,Medium,Office Area 1,Test Lab
CONF_0300,P004,Team Building,Requirements Analysis,2025-10-20 13:45,2025-10-20 14:45,2025-10-20 14:14,2025-10-20 15:06,2025-10-20 14:14,2025-10-20 14:45,31.0,partial overlap,Medium,Conference Room A,Online Meeting
CONF_0301,P005,Code Review,Training,2025-10-13 18:00,2025-10-13 18:30,2025-10-13 18:19,2025-10-13 19:10,2025-10-13 18:19,2025-10-13 18:30,11.0,partial overlap,Low,Demo Hall,Conference Room C
CONF_0302,P005,Product Demo,One-on-One,2025-10-18 14:00,2025-10-18 14:30,2025-10-18 13:45,2025-10-18 14:15,2025-10-18 14:00,2025-10-18 14:15,15.0,partial overlap,Low,Online Meeting,Office Area 2
CONF_0303,P005,Product Demo,Design Review,2025-10-18 14:00,2025-10-18 14:30,2025-10-18 14:06,2025-10-18 14:45,2025-10-18 14:06,2025-10-18 14:30,24.0,partial overlap,Low,Online Meeting,Demo Hall
CONF_0304,P005,Brainstorming,Training,2025-10-13 16:45,2025-10-13 17:15,2025-10-13 16:54,2025-10-13 17:22,2025-10-13 16:54,2025-10-13 17:15,21.0,partial overlap,Low,Conference Room C,Client Reception
CONF_0305,P005,Deployment,One-on-One,2025-10-11 14:45,2025-10-11 15:30,2025-10-11 15:03,2025-10-11 16:00,2025-10-11 15:03,2025-10-11 15:30,27.0,partial overlap,Low,Office Area 1,Client Reception
CONF_0306,P005,One-on-One,Design Review,2025-10-18 13:45,2025-10-18 14:15,2025-10-18 14:06,2025-10-18 14:45,2025-10-18 14:06,2025-10-18 14:15,9.0,partial overlap,Low,Office Area 2,Demo Hall
CONF_0307,P005,Testing Acceptance,Product Demo,2025-10-19 17:45,2025-10-19 18:15,2025-10-19 17:30,2025-10-19 18:00,2025-10-19 17:45,2025-10-19 18:00,15.0,partial overlap,Low,Cafe,Client Reception
CONF_0308,P005,Testing Acceptance,Tech Sharing,2025-10-19 17:45,2025-10-19 18:15,2025-10-19 17:49,2025-10-19 18:26,2025-10-19 17:49,2025-10-19 18:15,26.0,partial overlap,Low,Cafe,Test Lab
CONF_0309,P005,Testing Acceptance,Product Demo,2025-10-19 17:45,2025-10-19 18:15,2025-10-19 17:52,2025-10-19 18:13,2025-10-19 17:52,2025-10-19 18:13,21.0,full overlap,Low,Cafe,Test Lab
CONF_0310,P005,Testing Acceptance,Operations Check,2025-10-19 17:45,2025-10-19 18:15,2025-10-19 17:30,2025-10-19 18:15,2025-10-19 17:45,2025-10-19 18:15,30.0,full overlap,Medium,Cafe,Office Area 1
CONF_0311,P005,Testing Acceptance,Meeting,2025-10-20 11:45,2025-10-20 12:45,2025-10-20 12:00,2025-10-20 12:30,2025-10-20 12:00,2025-10-20 12:30,30.0,full overlap,Medium,Conference Room C,Conference Room B
CONF_0312,P005,One-on-One,Tech Sharing,2025-10-17 10:30,2025-10-17 11:15,2025-10-17 10:00,2025-10-17 11:00,2025-10-17 10:30,2025-10-17 11:00,30.0,partial overlap,Medium,Training Room,Cafe
CONF_0313,P005,One-on-One,Team Building,2025-10-17 10:30,2025-10-17 11:15,2025-10-17 10:49,2025-10-17 11:45,2025-10-17 10:49,2025-10-17 11:15,26.0,partial overlap,Low,Training Room,R&D Center
CONF_0314,P005,Client Visit,Testing Acceptance,2025-10-20 14:30,2025-10-20 15:00,2025-10-20 14:35,2025-10-20 15:25,2025-10-20 14:35,2025-10-20 15:00,25.0,partial overlap,Low,Client Reception,Office Area 1
CONF_0315,P005,Requirements Analysis,Meeting,2025-10-17 17:30,2025-10-17 18:15,2025-10-17 18:00,2025-10-17 18:45,2025-10-17 18:00,2025-10-17 18:15,15.0,partial overlap,Low,Product Showcase,Office Area 1
CONF_0316,P005,Training,Design Review,2025-10-17 15:45,2025-10-17 16:30,2025-10-17 16:08,2025-10-17 16:46,2025-10-17 16:08,2025-10-17 16:30,22.0,partial overlap,Low,Test Lab,Break Room
CONF_0317,P005,Tech Sharing,Team Building,2025-10-17 10:00,2025-10-17 11:00,2025-10-17 10:49,2025-10-17 11:45,2025-10-17 10:49,2025-10-17 11:00,11.0,partial overlap,Low,Cafe,R&D Center
CONF_0318,P005,Product Demo,Requirements Analysis,2025-10-19 17:30,2025-10-19 18:00,2025-10-19 17:15,2025-10-19 17:45,2025-10-19 17:30,2025-10-19 17:45,15.0,partial overlap,Low,Client Reception,Conference Room A
CONF_0319,P005,Product Demo,Tech Sharing,2025-10-19 17:30,2025-10-19 18:00,2025-10-19 17:49,2025-10-19 18:26,2025-10-19 17:49,2025-10-19 18:00,11.0,partial overlap,Low,Client Reception,Test Lab
CONF_0320,P005,Product Demo,Product Demo,2025-10-19 17:30,2025-10-19 18:00,2025-10-19 17:52,2025-10-19 18:13,2025-10-19 17:52,2025-10-19 18:00,8.0,partial overlap,Low,Client Reception,Test Lab
CONF_0321,P005,Product Demo,Operations Check,2025-10-19 17:30,2025-10-19 18:00,2025-10-19 17:30,2025-10-19 18:15,2025-10-19 17:30,2025-10-19 18:00,30.0,full overlap,Medium,Client Reception,Office Area 1
CONF_0322,P005,Project Discussion,Client Visit,2025-10-21 15:30,2025-10-21 16:00,2025-10-21 15:30,2025-10-21 15:45,2025-10-21 15:30,2025-10-21 15:45,15.0,full overlap,Low,Cafe,Remote
CONF_0323,P005,Requirements Analysis,Operations Check,2025-10-19 17:15,2025-10-19 17:45,2025-10-19 17:30,2025-10-19 18:15,2025-10-19 17:30,2025-10-19 17:45,15.0,partial overlap,Low,Conference Room A,Office Area 1
CONF_0324,P006,Brainstorming,Product Demo,2025-10-14 16:45,2025-10-14 17:15,2025-10-14 16:56,2025-10-14 17:37,2025-10-14 16:56,2025-10-14 17:15,19.0,partial overlap,Low,Training Room,Training Room
CONF_0325,P006,Design Review,Code Review,2025-10-19 15:30,2025-10-19 16:30,2025-10-19 15:58,2025-10-19 16:39,2025-10-19 15:58,2025-10-19 16:30,32.0,partial overlap,Medium,Conference Room B,Client Reception
CONF_0326,P006,Design Review,Code Review,2025-10-19 15:30,2025-10-19 16:30,2025-10-19 16:15,2025-10-19 16:30,2025-10-19 16:15,2025-10-19 16:30,15.0,full overlap,Low,Conference Room B,Conference Room A
CONF_0327,P006,Tech Sharing,Requirements Analysis,2025-10-22 11:15,2025-10-22 12:15,2025-10-22 11:45,2025-10-22 12:15,2025-10-22 11:45,2025-10-22 12:15,30.0,full overlap,Medium,Office Area 1,Remote
CONF_0328,P006,Brainstorming,Team Building,2025-10-21 18:00,2025-10-21 18:30,2025-10-21 17:45,2025-10-21 18:30,2025-10-21 18:00,2025-10-21 18:30,30.0,full overlap,Medium,Cafe,Test Lab
CONF_0329,P006,Design Review,Requirements Analysis,2025-10-24 15:30,2025-10-24 16:00,2025-10-24 15:30,2025-10-24 15:45,2025-10-24 15:30,2025-10-24 15:45,15.0,full overlap,Low,Test Lab,Product Showcase
CONF_0330,P006,Design Review,Brainstorming,2025-10-24 15:30,2025-10-24 16:00,2025-10-24 15:15,2025-10-24 15:45,2025-10-24 15:30,2025-10-24 15:45,15.0,partial overlap,Low,Test Lab,Office Area 2
CONF_0331,P007,Project Discussion,Training,2025-10-15 14:30,2025-10-15 15:15,2025-10-15 14:47,2025-10-15 15:08,2025-10-15 14:47,2025-10-15 15:08,21.0,full overlap,Low,Training Room,Conference Room B
CONF_0332,P007,Requirements Analysis,Meeting,2025-10-17 10:15,2025-10-17 11:00,2025-10-17 10:20,2025-10-17 10:57,2025-10-17 10:20,2025-10-17 10:57,37.0,full overlap,Medium,Conference Room B,Training Room
CONF_0333,P007,Meeting,Operations Check,2025-10-19 17:30,2025-10-19 18:00,2025-10-19 17:30,2025-10-19 18:30,2025-10-19 17:30,2025-10-19 18:00,30.0,full overlap,Medium,Office Area 2,Client Reception
CONF_0334,P007,Design Review,Product Demo,2025-10-18 14:45,2025-10-18 15:15,2025-10-18 15:04,2025-10-18 15:52,2025-10-18 15:04,2025-10-18 15:15,11.0,partial overlap,Low,R&D Center,Client Reception
CONF_0335,P007,Deployment,Brainstorming,2025-10-21 09:15,2025-10-21 10:00,2025-10-21 09:40,2025-10-21 10:16,2025-10-21 09:40,2025-10-21 10:00,20.0,partial overlap,Low,Online Meeting,Cafe
CONF_0336,P007,Deployment,One-on-One,2025-10-21 09:15,2025-10-21 10:00,2025-10-21 09:15,2025-10-21 09:45,2025-10-21 09:15,2025-10-21 09:45,30.0,full overlap,Medium,Online Meeting,R&D Center
CONF_0337,P007,Tech Sharing,Training,2025-10-21 12:30,2025-10-21 13:30,2025-10-21 12:30,2025-10-21 13:15,2025-10-21 12:30,2025-10-21 13:15,45.0,full overlap,Medium,Training Room,Test Lab
CONF_0338,P007,Tech Sharing,Design Review,2025-10-21 12:30,2025-10-21 13:30,2025-10-21 12:50,2025-10-21 13:17,2025-10-21 12:50,2025-10-21 13:17,27.0,full overlap,Low,Training Room,Conference Room B
CONF_0339,P007,Tech Sharing,Training,2025-10-21 12:30,2025-10-21 13:30,2025-10-21 13:15,2025-10-21 13:30,2025-10-21 13:15,2025-10-21 13:30,15.0,full overlap,Low,Training Room,R&D Center
CONF_0340,P007,Training,Design Review,2025-10-21 12:30,2025-10-21 13:15,2025-10-21 12:50,2025-10-21 13:17,2025-10-21 12:50,2025-10-21 13:15,25.0,partial overlap,Low,Test Lab,Conference Room B
CONF_0341,P008,Client Visit,Testing Acceptance,2025-10-16 13:30,2025-10-16 14:00,2025-10-16 13:30,2025-10-16 14:15,2025-10-16 13:30,2025-10-16 14:00,30.0,full overlap,Medium,Remote,Online Meeting
CONF_0342,P008,Client Visit,Code Review,2025-10-16 13:30,2025-10-16 14:00,2025-10-16 13:45,2025-10-16 14:30,2025-10-16 13:45,2025-10-16 14:00,15.0,partial overlap,Low,Remote,Cafe
CONF_0343,P008,Deployment,Client Visit,2025-10-16 15:45,2025-10-16 16:15,2025-10-16 15:58,2025-10-16 16:38,2025-10-16 15:58,2025-10-16 16:15,17.0,partial overlap,Low,Conference Room B,Conference Room B
CONF_0344,P008,Product Demo,Product Demo,2025-10-20 08:00,2025-10-20 08:45,2025-10-20 08:15,2025-10-20 09:15,2025-10-20 08:15,2025-10-20 08:45,30.0,partial overlap,Medium,Demo Hall,Office Area 1
CONF_0345,P008,Testing Acceptance,Code Review,2025-10-16 13:30,2025-10-16 14:15,2025-10-16 13:45,2025-10-16 14:30,2025-10-16 13:45,2025-10-16 14:15,30.0,partial overlap,Medium,Online Meeting,Cafe
CONF_0346,P008,Operations Check,Product Demo,2025-10-22 16:15,2025-10-22 17:00,2025-10-22 16:45,2025-10-22 17:15,2025-10-22 16:45,2025-10-22 17:00,15.0,partial overlap,Low,Client Reception,Remote
CONF_0347,P008,Design Review,Deployment,2025-10-23 10:45,2025-10-23 11:30,2025-10-23 11:00,2025-10-23 11:30,2025-10-23 11:00,2025-10-23 11:30,30.0,full overlap,Medium,Conference Room B,Product Showcase
CONF_0348,P008,Design Review,Operations Check,2025-10-23 10:45,2025-10-23 11:30,2025-10-23 11:00,2025-10-23 11:30,2025-10-23 11:00,2025-10-23 11:30,30.0,full overlap,Medium,Conference Room B,Cafe
CONF_0349,P008,Design Review,Deployment,2025-10-23 10:45,2025-10-23 11:30,2025-10-23 11:22,2025-10-23 11:52,2025-10-23 11:22,2025-10-23 11:30,8.0,partial overlap,Low,Conference Room B,Product Showcase
CONF_0350,P009,Testing Acceptance,Project Discussion,2025-10-18 11:45,2025-10-18 12:45,2025-10-18 11:15,2025-10-18 12:00,2025-10-18 11:45,2025-10-18 12:00,15.0,partial overlap,Low,Remote,Product Showcase
CONF_0351,P009,Training,Brainstorming,2025-10-16 18:15,2025-10-16 19:15,2025-10-16 18:45,2025-10-16 19:45,2025-10-16 18:45,2025-10-16 19:15,30.0,partial overlap,Medium,Online Meeting,Online Meeting
CONF_0352,P009,Training,Code Review,2025-10-16 18:15,2025-10-16 19:15,2025-10-16 18:51,2025-10-16 19:23,2025-10-16 18:51,2025-10-16 19:15,24.0,partial overlap,Low,Online Meeting,Break Room
CONF_0353,P009,Product Demo,Brainstorming,2025-10-21 12:15,2025-10-21 13:15,2025-10-21 12:00,2025-10-21 12:30,2025-10-21 12:15,2025-10-21 12:30,15.0,partial overlap,Low,Remote,R&D Center
CONF_0354,P009,Operations Check,Client Visit,2025-10-20 11:45,2025-10-20 12:15,2025-10-20 11:45,2025-10-20 12:30,2025-10-20 11:45,2025-10-20 12:15,30.0,full overlap,Medium,Break Room,Conference Room C
CONF_0355,P009,Brainstorming,Code Review,2025-10-16 18:45,2025-10-16 19:45,2025-10-16 18:51,2025-10-16 19:23,2025-10-16 18:51,2025-10-16 19:23,32.0,full overlap,Medium,Online Meeting,Break Room
CONF_0356,P009,Brainstorming,Code Review,2025-10-16 18:45,2025-10-16 19:45,2025-10-16 19:20,2025-10-16 20:20,2025-10-16 19:20,2025-10-16 19:45,25.0,partial overlap,Low,Online Meeting,Demo Hall
CONF_0357,P010,Operations Check,Deployment,2025-10-17 10:00,2025-10-17 10:30,2025-10-17 10:00,2025-10-17 11:00,2025-10-17 10:00,2025-10-17 10:30,30.0,full overlap,Medium,Cafe,Demo Hall
CONF_0358,P010,Team Building,Brainstorming,2025-10-15 11:45,2025-10-15 12:30,2025-10-15 11:55,2025-10-15 12:30,2025-10-15 11:55,2025-10-15 12:30,35.0,full overlap,Medium,Product Showcase,Office Area 1
CONF_0359,P010,Team Building,Meeting,2025-10-15 11:45,2025-10-15 12:30,2025-10-15 12:11,2025-10-15 12:44,2025-10-15 12:11,2025-10-15 12:30,19.0,partial overlap,Low,Product Showcase,R&D Center
CONF_0360,P010,Meeting,Training,2025-10-15 13:30,2025-10-15 14:30,2025-10-15 14:15,2025-10-15 14:45,2025-10-15 14:15,2025-10-15 14:30,15.0,partial overlap,Low,Demo Hall,Test Lab
CONF_0361,P010,Meeting,Meeting,2025-10-15 13:30,2025-10-15 14:30,2025-10-15 13:37,2025-10-15 14:01,2025-10-15 13:37,2025-10-15 14:01,24.0,full overlap,Low,Demo Hall,Training Room
CONF_0362,P010,Requirements Analysis,Code Review,2025-10-13 09:00,2025-10-13 10:00,2025-10-13 09:21,2025-10-13 09:41,2025-10-13 09:21,2025-10-13 09:41,20.0,full overlap,Low,Office Area 2,Office Area 2
CONF_0363,P010,Deployment,Brainstorming,2025-10-13 18:15,2025-10-13 19:15,2025-10-13 18:22,2025-10-13 19:04,2025-10-13 18:22,2025-10-13 19:04,42.0,full overlap,Medium,Product Showcase,R&D Center
CONF_0364,P010,Deployment,Project Discussion,2025-10-17 10:00,2025-10-17 11:00,2025-10-17 10:30,2025-10-17 10:51,2025-10-17 10:30,2025-10-17 10:51,21.0,full overlap,Low,Demo Hall,R&D Center
CONF_0365,P010,Code Review,Training,2025-10-21 15:45,2025-10-21 16:30,2025-10-21 16:07,2025-10-21 16:51,2025-10-21 16:07,2025-10-21 16:30,23.0,partial overlap,Low,Break Room,Conference Room A
CONF_0366,P010,Product Demo,Testing Acceptance,2025-10-18 18:30,2025-10-18 19:15,2025-10-18 18:57,2025-10-18 19:13,2025-10-18 18:57,2025-10-18 19:13,16.0,full overlap,Low,Break Room,Remote
CONF_0367,P010,Requirements Analysis,Brainstorming,2025-10-18 17:00,2025-10-18 17:30,2025-10-18 17:18,2025-10-18 17:37,2025-10-18 17:18,2025-10-18 17:30,12.0,partial overlap,Low,Cafe,R&D Center
CONF_0368,P010,One-on-One,Design Review,2025-10-20 11:45,2025-10-20 12:30,2025-10-20 11:30,2025-10-20 12:30,2025-10-20 11:45,2025-10-20 12:30,45.0,full overlap,Medium,Cafe,Office Area 2
CONF_0369,P011,Product Demo,One-on-One,2025-10-17 17:15,2025-10-17 17:45,2025-10-17 16:30,2025-10-17 17:30,2025-10-17 17:15,2025-10-17 17:30,15.0,partial overlap,Low,Demo Hall,R&D Center
CONF_0370,P011,Client Visit,Meeting,2025-10-15 18:00,2025-10-15 19:00,2025-10-15 17:30,2025-10-15 18:15,2025-10-15 18:00,2025-10-15 18:15,15.0,partial overlap,Low,Demo Hall,Client Reception
CONF_0371,P011,Project Discussion,Testing Acceptance,2025-10-18 13:30,2025-10-18 14:15,2025-10-18 13:30,2025-10-18 14:15,2025-10-18 13:30,2025-10-18 14:15,45.0,full overlap,Medium,Training Room,Client Reception
CONF_0372,P011,Training,Client Visit,2025-10-18 15:15,2025-10-18 16:00,2025-10-18 15:15,2025-10-18 15:45,2025-10-18 15:15,2025-10-18 15:45,30.0,full overlap,Medium,Demo Hall,Remote
CONF_0373,P011,Training,Brainstorming,2025-10-18 15:15,2025-10-18 16:00,2025-10-18 14:45,2025-10-18 15:30,2025-10-18 15:15,2025-10-18 15:30,15.0,partial overlap,Low,Demo Hall,Product Showcase
CONF_0374,P011,Team Building,Brainstorming,2025-10-16 10:00,2025-10-16 10:30,2025-10-16 10:17,2025-10-16 11:10,2025-10-16 10:17,2025-10-16 10:30,13.0,partial overlap,Low,Online Meeting,Product Showcase
CONF_0375,P011,Team Building,Client Visit,2025-10-19 14:45,2025-10-19 15:15,2025-10-19 15:00,2025-10-19 15:30,2025-10-19 15:00,2025-10-19 15:15,15.0,partial overlap,Low,R&D Center,Break Room
CONF_0376,P011,Project Discussion,Training,2025-10-22 11:45,2025-10-22 12:15,2025-10-22 12:01,2025-10-22 13:00,2025-10-22 12:01,2025-10-22 12:15,14.0,partial overlap,Low,R&D Center,Office Area 2
CONF_0377,P011,Operations Check,Training,2025-10-20 09:00,2025-10-20 09:45,2025-10-20 09:00,2025-10-20 09:30,2025-10-20 09:00,2025-10-20 09:30,30.0,full overlap,Medium,Office Area 1,Office Area 2
CONF_0378,P011,Client Visit,Brainstorming,2025-10-18 15:15,2025-10-18 15:45,2025-10-18 14:45,2025-10-18 15:30,2025-10-18 15:15,2025-10-18 15:30,15.0,partial overlap,Low,Remote,Product Showcase
CONF_0379,P011,Deployment,Design Review,2025-10-24 15:30,2025-10-24 16:15,2025-10-24 15:45,2025-10-24 16:00,2025-10-24 15:45,2025-10-24 16:00,15.0,full overlap,Low,Office Area 1,Product Showcase
CONF_0380,P011,Deployment,Deployment,2025-10-24 15:30,2025-10-24 16:15,2025-10-24 15:00,2025-10-24 15:45,2025-10-24 15:30,2025-10-24 15:45,15.0,partial overlap,Low,Office Area 1,Conference Room A
CONF_0381,P011,Client Visit,Client Visit,2025-10-19 15:15,2025-10-19 16:15,2025-10-19 15:00,2025-10-19 15:30,2025-10-19 15:15,2025-10-19 15:30,15.0,partial overlap,Low,R&D Center,Break Room
CONF_0382,P012,Product Demo,Design Review,2025-10-14 12:00,2025-10-14 13:00,2025-10-14 12:18,2025-10-14 12:54,2025-10-14 12:18,2025-10-14 12:54,36.0,full overlap,Medium,Conference Room B,Conference Room A
CONF_0383,P012,Product Demo,Client Visit,2025-10-14 12:00,2025-10-14 13:00,2025-10-14 12:23,2025-10-14 13:15,2025-10-14 12:23,2025-10-14 13:00,37.0,partial overlap,Medium,Conference Room B,Office Area 1
CONF_0384,P012,Design Review,Code Review,2025-10-12 12:45,2025-10-12 13:30,2025-10-12 13:03,2025-10-12 13:55,2025-10-12 13:03,2025-10-12 13:30,27.0,partial overlap,Low,Test Lab,Test Lab
CONF_0385,P012,Deployment,Meeting,2025-10-15 17:00,2025-10-15 17:30,2025-10-15 16:05,2025-10-15 17:03,2025-10-15 17:00,2025-10-15 17:03,3.0,partial overlap,Low,Test Lab,Conference Room A
CONF_0386,P012,Requirements Analysis,Code Review,2025-10-20 15:00,2025-10-20 15:45,2025-10-20 14:30,2025-10-20 15:30,2025-10-20 15:00,2025-10-20 15:30,30.0,partial overlap,Medium,Cafe,Test Lab
CONF_0387,P012,Requirements Analysis,One-on-One,2025-10-20 15:00,2025-10-20 15:45,2025-10-20 15:09,2025-10-20 15:54,2025-10-20 15:09,2025-10-20 15:45,36.0,partial overlap,Medium,Cafe,Client Reception
CONF_0388,P012,Operations Check,Deployment,2025-10-20 16:30,2025-10-20 17:00,2025-10-20 16:39,2025-10-20 17:21,2025-10-20 16:39,2025-10-20 17:00,21.0,partial overlap,Low,Break Room,Office Area 2
CONF_0389,P012,Tech Sharing,Meeting,2025-10-15 15:45,2025-10-15 16:15,2025-10-15 16:05,2025-10-15 17:03,2025-10-15 16:05,2025-10-15 16:15,10.0,partial overlap,Low,Training Room,Conference Room A
CONF_0390,P012,Project Discussion,One-on-One,2025-10-20 15:45,2025-10-20 16:15,2025-10-20 15:09,2025-10-20 15:54,2025-10-20 15:45,2025-10-20 15:54,9.0,partial overlap,Low,Client Reception,Client Reception
CONF_0391,P012,Code Review,Brainstorming,2025-10-15 08:30,2025-10-15 09:00,2025-10-15 08:38,2025-10-15 09:21,2025-10-15 08:38,2025-10-15 09:00,22.0,partial overlap,Low,Conference Room A,Conference Room B
CONF_0392,P012,Code Review,Testing Acceptance,2025-10-22 16:15,2025-10-22 16:45,2025-10-22 16:24,2025-10-22 17:16,2025-10-22 16:24,2025-10-22 16:45,21.0,partial overlap,Low,Training Room,Conference Room B
CONF_0393,P012,Code Review,One-on-One,2025-10-20 14:30,2025-10-20 15:30,2025-10-20 15:09,2025-10-20 15:54,2025-10-20 15:09,2025-10-20 15:30,21.0,partial overlap,Low,Test Lab,Client Reception
CONF_0394,P012,Code Review,Client Visit,2025-10-21 11:30,2025-10-21 12:15,2025-10-21 12:00,2025-10-21 12:45,2025-10-21 12:00,2025-10-21 12:15,15.0,partial overlap,Low,Product Showcase,Break Room
CONF_0395,P013,Meeting,Tech Sharing,2025-10-16 14:15,2025-10-16 15:15,2025-10-16 14:45,2025-10-16 15:30,2025-10-16 14:45,2025-10-16 15:15,30.0,partial overlap,Medium,R&D Center,Client Reception
CONF_0396,P013,Client Visit,One-on-One,2025-10-13 15:15,2025-10-13 16:00,2025-10-13 15:00,2025-10-13 16:00,2025-10-13 15:15,2025-10-13 16:00,45.0,full overlap,Medium,Office Area 2,Online Meeting
CONF_0397,P013,Client Visit,Design Review,2025-10-13 15:15,2025-10-13 16:00,2025-10-13 15:12,2025-10-13 15:31,2025-10-13 15:15,2025-10-13 15:31,16.0,partial overlap,Low,Office Area 2,Product Showcase
CONF_0398,P013,One-on-One,Design Review,2025-10-13 15:00,2025-10-13 16:00,2025-10-13 15:12,2025-10-13 15:31,2025-10-13 15:12,2025-10-13 15:31,19.0,full overlap,Low,Online Meeting,Product Showcase
CONF_0399,P013,Code Review,Tech Sharing,2025-10-19 16:30,2025-10-19 17:30,2025-10-19 16:00,2025-10-19 16:45,2025-10-19 16:30,2025-10-19 16:45,15.0,partial overlap,Low,Office Area 2,R&D Center
CONF_0400,P013,Tech Sharing,Design Review,2025-10-18 11:15,2025-10-18 12:00,2025-10-18 11:30,2025-10-18 12:00,2025-10-18 11:30,2025-10-18 12:00,30.0,full overlap,Medium,Office Area 2,Cafe
CONF_0401,P013,Tech Sharing,Design Review,2025-10-18 11:15,2025-10-18 12:00,2025-10-18 11:41,2025-10-18 12:33,2025-10-18 11:41,2025-10-18 12:00,19.0,partial overlap,Low,Office Area 2,Cafe
CONF_0402,P013,Design Review,Product Demo,2025-10-20 17:15,2025-10-20 18:00,2025-10-20 17:40,2025-10-20 17:55,2025-10-20 17:40,2025-10-20 17:55,15.0,full overlap,Low,Demo Hall,Client Reception
CONF_0403,P013,Design Review,Training,2025-10-23 10:00,2025-10-23 10:45,2025-10-23 09:45,2025-10-23 10:30,2025-10-23 10:00,2025-10-23 10:30,30.0,partial overlap,Medium,Test Lab,Conference Room A
CONF_0404,P013,Design Review,Design Review,2025-10-18 11:30,2025-10-18 12:00,2025-10-18 11:41,2025-10-18 12:33,2025-10-18 11:41,2025-10-18 12:00,19.0,partial overlap,Low,Cafe,Cafe
CONF_0405,P013,Product Demo,One-on-One,2025-10-24 18:45,2025-10-24 19:15,2025-10-24 18:15,2025-10-24 19:00,2025-10-24 18:45,2025-10-24 19:00,15.0,partial overlap,Low,Online Meeting,Client Reception
CONF_0406,P014,Project Discussion,Product Demo,2025-10-18 08:15,2025-10-18 09:15,2025-10-18 09:00,2025-10-18 09:30,2025-10-18 09:00,2025-10-18 09:15,15.0,partial overlap,Low,Office Area 1,Online Meeting
CONF_0407,P014,Code Review,Training,2025-10-21 12:00,2025-10-21 12:45,2025-10-21 12:00,2025-10-21 12:30,2025-10-21 12:00,2025-10-21 12:30,30.0,full overlap,Medium,Remote,Product Showcase
CONF_0408,P014,Testing Acceptance,Testing Acceptance,2025-10-21 16:00,2025-10-21 17:00,2025-10-21 16:30,2025-10-21 17:30,2025-10-21 16:30,2025-10-21 17:00,30.0,partial overlap,Medium,Cafe,Demo Hall
CONF_0409,P014,Client Visit,Brainstorming,2025-10-23 09:00,2025-10-23 09:45,2025-10-23 09:00,2025-10-23 09:15,2025-10-23 09:00,2025-10-23 09:15,15.0,full overlap,Low,Conference Room A,Conference Room C
CONF_0410,P014,Operations Check,Meeting,2025-10-18 11:45,2025-10-18 12:15,2025-10-18 12:00,2025-10-18 12:30,2025-10-18 12:00,2025-10-18 12:15,15.0,partial overlap,Low,Conference Room B,Break Room
CONF_0411,P014,Testing Acceptance,Testing Acceptance,2025-10-20 08:30,2025-10-20 09:15,2025-10-20 08:00,2025-10-20 08:45,2025-10-20 08:30,2025-10-20 08:45,15.0,partial overlap,Low,Demo Hall,Training Room
CONF_0412,P014,Testing Acceptance,Deployment,2025-10-18 15:00,2025-10-18 15:45,2025-10-18 15:28,2025-10-18 16:26,2025-10-18 15:28,2025-10-18 15:45,17.0,partial overlap,Low,Product Showcase,Break Room
CONF_0413,P015,Tech Sharing,Team Building,2025-10-19 17:00,2025-10-19 18:00,2025-10-19 17:45,2025-10-19 18:45,2025-10-19 17:45,2025-10-19 18:00,15.0,partial overlap,Low,Demo Hall,Cafe
CONF_0414,P015,Testing Acceptance,Product Demo,2025-10-22 10:45,2025-10-22 11:45,2025-10-22 11:15,2025-10-22 11:45,2025-10-22 11:15,2025-10-22 11:45,30.0,full overlap,Medium,Training Room,Demo Hall
CONF_0415,P016,Requirements Analysis,Team Building,2025-10-18 15:00,2025-10-18 15:30,2025-10-18 15:07,2025-10-18 15:41,2025-10-18 15:07,2025-10-18 15:30,23.0,partial overlap,Low,Conference Room A,Remote
CONF_0416,P016,Client Visit,Project Discussion,2025-10-13 17:30,2025-10-13 18:30,2025-10-13 17:00,2025-10-13 18:00,2025-10-13 17:30,2025-10-13 18:00,30.0,partial overlap,Medium,Office Area 2,Training Room
CONF_0417,P016,Meeting,Deployment,2025-10-21 16:15,2025-10-21 16:45,2025-10-21 16:00,2025-10-21 16:45,2025-10-21 16:15,2025-10-21 16:45,30.0,full overlap,Medium,Online Meeting,Conference Room B
CONF_0418,P016,Meeting,Meeting,2025-10-21 16:15,2025-10-21 16:45,2025-10-21 15:58,2025-10-21 16:55,2025-10-21 16:15,2025-10-21 16:45,30.0,full overlap,Medium,Online Meeting,Remote
CONF_0419,P016,Testing Acceptance,Code Review,2025-10-21 14:30,2025-10-21 15:15,2025-10-21 15:00,2025-10-21 15:15,2025-10-21 15:00,2025-10-21 15:15,15.0,full overlap,Low,Office Area 1,Conference Room A
CONF_0420,P016,Training,One-on-One,2025-10-22 09:15,2025-10-22 10:00,2025-10-22 09:32,2025-10-22 10:01,2025-10-22 09:32,2025-10-22 10:00,28.0,partial overlap,Low,Office Area 1,Conference Room B
CONF_0421,P016,Training,Requirements Analysis,2025-10-22 09:15,2025-10-22 10:00,2025-10-22 09:30,2025-10-22 09:45,2025-10-22 09:30,2025-10-22 09:45,15.0,full overlap,Low,Office Area 1,Conference Room A
CONF_0422,P016,Training,Brainstorming,2025-10-22 09:15,2025-10-22 10:00,2025-10-22 09:15,2025-10-22 09:45,2025-10-22 09:15,2025-10-22 09:45,30.0,full overlap,Medium,Office Area 1,Product Showcase
CONF_0423,P016,Training,Deployment,2025-10-22 09:15,2025-10-22 10:00,2025-10-22 09:41,2025-10-22 10:20,2025-10-22 09:41,2025-10-22 10:00,19.0,partial overlap,Low,Office Area 1,Cafe
CONF_0424,P017,Meeting,Client Visit,2025-10-11 13:45,2025-10-11 14:30,2025-10-11 14:11,2025-10-11 14:58,2025-10-11 14:11,2025-10-11 14:30,19.0,partial overlap,Low,Office Area 2,Remote
CONF_0425,P017,One-on-One,Client Visit,2025-10-12 17:45,2025-10-12 18:15,2025-10-12 18:02,2025-10-12 18:59,2025-10-12 18:02,2025-10-12 18:15,13.0,partial overlap,Low,Cafe,Client Reception
CONF_0426,P017,One-on-One,Design Review,2025-10-12 17:45,2025-10-12 18:15,2025-10-12 17:58,2025-10-12 18:36,2025-10-12 17:58,2025-10-12 18:15,17.0,partial overlap,Low,Cafe,Conference Room B
CONF_0427,P017,Product Demo,Brainstorming,2025-10-18 10:15,2025-10-18 11:15,2025-10-18 10:30,2025-10-18 11:15,2025-10-18 10:30,2025-10-18 11:15,45.0,full overlap,Medium,Product Showcase,Test Lab
CONF_0428,P017,Product Demo,Brainstorming,2025-10-18 10:15,2025-10-18 11:15,2025-10-18 10:41,2025-10-18 11:39,2025-10-18 10:41,2025-10-18 11:15,34.0,partial overlap,Medium,Product Showcase,Remote
CONF_0429,P017,Client Visit,Operations Check,2025-10-14 16:30,2025-10-14 17:30,2025-10-14 16:00,2025-10-14 17:00,2025-10-14 16:30,2025-10-14 17:00,30.0,partial overlap,Medium,Remote,Conference Room C
CONF_0430,P017,Brainstorming,Brainstorming,2025-10-18 10:30,2025-10-18 11:15,2025-10-18 10:41,2025-10-18 11:39,2025-10-18 10:41,2025-10-18 11:15,34.0,partial overlap,Medium,Test Lab,Remote
CONF_0431,P017,Code Review,Operations Check,2025-10-20 15:15,2025-10-20 15:45,2025-10-20 15:30,2025-10-20 16:00,2025-10-20 15:30,2025-10-20 15:45,15.0,partial overlap,Low,R&D Center,Demo Hall
CONF_0432,P017,Deployment,Operations Check,2025-10-20 18:15,2025-10-20 19:00,2025-10-20 18:25,2025-10-20 19:13,2025-10-20 18:25,2025-10-20 19:00,35.0,partial overlap,Medium,Conference Room A,Training Room
CONF_0433,P017,Product Demo,Design Review,2025-10-20 16:30,2025-10-20 17:30,2025-10-20 16:51,2025-10-20 17:42,2025-10-20 16:51,2025-10-20 17:30,39.0,partial overlap,Medium,Test Lab,R&D Center
CONF_0434,P017,One-on-One,Team Building,2025-10-22 08:30,2025-10-22 09:15,2025-10-22 09:00,2025-10-22 09:15,2025-10-22 09:00,2025-10-22 09:15,15.0,full overlap,Low,Online Meeting,Remote
CONF_0435,P017,One-on-One,Brainstorming,2025-10-21 10:15,2025-10-21 11:00,2025-10-21 10:31,2025-10-21 11:24,2025-10-21 10:31,2025-10-21 11:00,29.0,partial overlap,Low,Online Meeting,Remote
CONF_0436,P017,Testing Acceptance,Testing Acceptance,2025-10-20 09:45,2025-10-20 10:15,2025-10-20 09:30,2025-10-20 10:00,2025-10-20 09:45,2025-10-20 10:00,15.0,partial overlap,Low,Online Meeting,Demo Hall
CONF_0437,P018,Code Review,Team Building,2025-10-14 13:45,2025-10-14 14:30,2025-10-14 13:30,2025-10-14 14:00,2025-10-14 13:45,2025-10-14 14:00,15.0,partial overlap,Low,Office Area 2,Demo Hall
CONF_0438,P018,Design Review,Meeting,2025-10-19 13:00,2025-10-19 14:00,2025-10-19 13:19,2025-10-19 14:07,2025-10-19 13:19,2025-10-19 14:00,41.0,partial overlap,Medium,Office Area 1,R&D Center
CONF_0439,P018,Design Review,Deployment,2025-10-19 13:00,2025-10-19 14:00,2025-10-19 13:43,2025-10-19 14:42,2025-10-19 13:43,2025-10-19 14:00,17.0,partial overlap,Low,Office Area 1,Conference Room B
CONF_0440,P018,Product Demo,Design Review,2025-10-21 11:30,2025-10-21 12:00,2025-10-21 11:45,2025-10-21 12:15,2025-10-21 11:45,2025-10-21 12:00,15.0,partial overlap,Low,Break Room,R&D Center
CONF_0441,P018,Testing Acceptance,Training,2025-10-17 13:00,2025-10-17 13:30,2025-10-17 13:08,2025-10-17 13:38,2025-10-17 13:08,2025-10-17 13:30,22.0,partial overlap,Low,Demo Hall,Conference Room C
CONF_0442,P018,One-on-One,Training,2025-10-23 12:30,2025-10-23 13:30,2025-10-23 13:00,2025-10-23 13:45,2025-10-23 13:00,2025-10-23 13:30,30.0,partial overlap,Medium,Product Showcase,Remote
CONF_0443,P018,One-on-One,Client Visit,2025-10-23 12:30,2025-10-23 13:30,2025-10-23 13:15,2025-10-23 13:45,2025-10-23 13:15,2025-10-23 13:30,15.0,partial overlap,Low,Product Showcase,Office Area 2
CONF_0444,P018,One-on-One,Client Visit,2025-10-23 12:30,2025-10-23 13:30,2025-10-23 13:15,2025-10-23 13:30,2025-10-23 13:15,2025-10-23 13:30,15.0,full overlap,Low,Product Showcase,Client Reception
CONF_0445,P018,Design Review,Operations Check,2025-10-21 10:15,2025-10-21 11:15,2025-10-21 10:00,2025-10-21 10:30,2025-10-21 10:15,2025-10-21 10:30,15.0,partial overlap,Low,Conference Room A,Conference Room B
CONF_0446,P018,Operations Check,Deployment,2025-10-18 13:30,2025-10-18 14:30,2025-10-18 14:00,2025-10-18 15:00,2025-10-18 14:00,2025-10-18 14:30,30.0,partial overlap,Medium,Conference Room B,R&D Center
CONF_0447,P018,Deployment,Code Review,2025-10-22 08:30,2025-10-22 09:00,2025-10-22 08:30,2025-10-22 09:00,2025-10-22 08:30,2025-10-22 09:00,30.0,full overlap,Medium,Demo Hall,Demo Hall
CONF_0448,P019,Tech Sharing,Tech Sharing,2025-10-17 08:15,2025-10-17 08:45,2025-10-17 08:37,2025-10-17 09:29,2025-10-17 08:37,2025-10-17 08:45,8.0,partial overlap,Low,Office Area 2,Break Room
CONF_0449,P019,Client Visit,Training,2025-10-17 18:30,2025-10-17 19:30,2025-10-17 18:55,2025-10-17 19:50,2025-10-17 18:55,2025-10-17 19:30,35.0,partial overlap,Medium,Office Area 2,R&D Center
CONF_0450,P019,Deployment,Deployment,2025-10-20 11:15,2025-10-20 12:00,2025-10-20 10:45,2025-10-20 11:30,2025-10-20 11:15,2025-10-20 11:30,15.0,partial overlap,Low,Break Room,Demo Hall
CONF_0451,P019,Deployment,Design Review,2025-10-20 11:15,2025-10-20 12:00,2025-10-20 11:45,2025-10-20 12:31,2025-10-20 11:45,2025-10-20 12:00,15.0,partial overlap,Low,Break Room,Break Room
CONF_0452,P019,Deployment,Design Review,2025-10-20 11:15,2025-10-20 12:00,2025-10-20 11:45,2025-10-20 12:15,2025-10-20 11:45,2025-10-20 12:00,15.0,partial overlap,Low,Break Room,Product Showcase
CONF_0453,P019,Design Review,Project Discussion,2025-10-17 14:30,2025-10-17 15:15,2025-10-17 14:15,2025-10-17 15:00,2025-10-17 14:30,2025-10-17 15:00,30.0,partial overlap,Medium,Conference Room B,Conference Room A
CONF_0454,P019,One-on-One,Training,2025-10-20 16:45,2025-10-20 17:45,2025-10-20 17:30,2025-10-20 18:15,2025-10-20 17:30,2025-10-20 17:45,15.0,partial overlap,Low,Product Showcase,Conference Room B
CONF_0455,P019,Requirements Analysis,One-on-One,2025-10-18 18:15,2025-10-18 18:45,2025-10-18 18:15,2025-10-18 19:00,2025-10-18 18:15,2025-10-18 18:45,30.0,full overlap,Medium,Training Room,Online Meeting
CONF_0456,P019,Testing Acceptance,Tech Sharing,2025-10-17 09:45,2025-10-17 10:30,2025-10-17 09:55,2025-10-17 10:10,2025-10-17 09:55,2025-10-17 10:10,15.0,full overlap,Low,Online Meeting,Remote
CONF_0457,P019,Product Demo,Design Review,2025-10-23 17:45,2025-10-23 18:30,2025-10-23 18:03,2025-10-23 18:41,2025-10-23 18:03,2025-10-23 18:30,27.0,partial overlap,Low,Break Room,Conference Room C
CONF_0458,P019,Product Demo,Code Review,2025-10-23 17:45,2025-10-23 18:30,2025-10-23 17:30,2025-10-23 18:15,2025-10-23 17:45,2025-10-23 18:15,30.0,partial overlap,Medium,Break Room,Cafe
CONF_0459,P019,Product Demo,One-on-One,2025-10-23 17:45,2025-10-23 18:30,2025-10-23 17:30,2025-10-23 18:00,2025-10-23 17:45,2025-10-23 18:00,15.0,partial overlap,Low,Break Room,Conference Room C
CONF_0460,P020,Product Demo,Code Review,2025-10-12 15:30,2025-10-12 16:15,2025-10-12 15:49,2025-10-12 16:47,2025-10-12 15:49,2025-10-12 16:15,26.0,partial overlap,Low,Demo Hall,Cafe
CONF_0461,P020,Deployment,Design Review,2025-10-12 10:45,2025-10-12 11:45,2025-10-12 10:58,2025-10-12 11:50,2025-10-12 10:58,2025-10-12 11:45,47.0,partial overlap,Medium,Conference Room B,Break Room
CONF_0462,P020,Team Building,Testing Acceptance,2025-10-14 10:30,2025-10-14 11:30,2025-10-14 10:30,2025-10-14 11:00,2025-10-14 10:30,2025-10-14 11:00,30.0,full overlap,Medium,Product Showcase,Conference Room A
CONF_0463,P020,Client Visit,Client Visit,2025-10-19 11:30,2025-10-19 12:15,2025-10-19 11:45,2025-10-19 12:45,2025-10-19 11:45,2025-10-19 12:15,30.0,partial overlap,Medium,Client Reception,Conference Room C
CONF_0464,P020,Team Building,Design Review,2025-10-19 15:15,2025-10-19 16:00,2025-10-19 15:40,2025-10-19 15:58,2025-10-19 15:40,2025-10-19 15:58,18.0,full overlap,Low,Online Meeting,Demo Hall
CONF_0465,P020,Brainstorming,Meeting,2025-10-20 12:00,2025-10-20 12:45,2025-10-20 11:15,2025-10-20 12:15,2025-10-20 12:00,2025-10-20 12:15,15.0,partial overlap,Low,Conference Room C,Conference Room C
CONF_0466,P020,Code Review,Requirements Analysis,2025-10-19 18:45,2025-10-19 19:30,2025-10-19 19:03,2025-10-19 19:32,2025-10-19 19:03,2025-10-19 19:30,27.0,partial overlap,Low,Conference Room B,Conference Room B
CONF_0467,P020,Requirements Analysis,Brainstorming,2025-10-16 18:15,2025-10-16 19:15,2025-10-16 18:37,2025-10-16 19:32,2025-10-16 18:37,2025-10-16 19:15,38.0,partial overlap,Medium,Conference Room B,Conference Room A
CONF_0468,P020,Requirements Analysis,Tech Sharing,2025-10-16 18:15,2025-10-16 19:15,2025-10-16 18:29,2025-10-16 19:25,2025-10-16 18:29,2025-10-16 19:15,46.0,partial overlap,Medium,Conference Room B,Online Meeting
CONF_0469,P020,Brainstorming,Tech Sharing,2025-10-16 18:37,2025-10-16 19:32,2025-10-16 18:29,2025-10-16 19:25,2025-10-16 18:37,2025-10-16 19:25,48.0,partial overlap,Medium,Conference Room A,Online Meeting
CONF_0470,P010,Code Review,Brainstorming,2025-10-18 17:30,2025-10-18 18:09,2025-10-18 17:18,2025-10-18 17:37,2025-10-18 17:30,2025-10-18 17:37,7.0,partial overlap,Low,Online Meeting,R&D Center
CONF_0471,P010,Code Review,One-on-One,2025-10-18 17:30,2025-10-18 18:09,2025-10-18 17:42,2025-10-18 18:22,2025-10-18 17:42,2025-10-18 18:09,27.0,partial overlap,Low,Online Meeting,Training Room
CONF_0472,P007,Brainstorming,One-on-One,2025-10-21 09:40,2025-10-21 10:16,2025-10-21 09:15,2025-10-21 09:45,2025-10-21 09:40,2025-10-21 09:45,5.0,partial overlap,Low,Cafe,R&D Center
CONF_0473,P017,Client Visit,Design Review,2025-10-12 18:02,2025-10-12 18:59,2025-10-12 17:58,2025-10-12 18:36,2025-10-12 18:02,2025-10-12 18:36,34.0,partial overlap,Medium,Client Reception,Conference Room B
CONF_0474,P009,Code Review,Code Review,2025-10-16 18:51,2025-10-16 19:23,2025-10-16 19:20,2025-10-16 20:20,2025-10-16 19:20,2025-10-16 19:23,3.0,partial overlap,Low,Break Room,Demo Hall
CONF_0475,P019,Design Review,Design Review,2025-10-20 11:45,2025-10-20 12:31,2025-10-20 11:45,2025-10-20 12:15,2025-10-20 11:45,2025-10-20 12:15,30.0,full overlap,Medium,Break Room,Product Showcase
CONF_0476,P012,Design Review,Client Visit,2025-10-14 12:18,2025-10-14 12:54,2025-10-14 12:23,2025-10-14 13:15,2025-10-14 12:23,2025-10-14 12:54,31.0,partial overlap,Medium,Conference Room A,Office Area 1
CONF_0477,P016,One-on-One,Requirements Analysis,2025-10-22 09:32,2025-10-22 10:01,2025-10-22 09:30,2025-10-22 09:45,2025-10-22 09:32,2025-10-22 09:45,13.0,partial overlap,Low,Conference Room B,Conference Room A
CONF_0478,P016,One-on-One,Brainstorming,2025-10-22 09:32,2025-10-22 10:01,2025-10-22 09:15,2025-10-22 09:45,2025-10-22 09:32,2025-10-22 09:45,13.0,partial overlap,Low,Conference Room B,Product Showcase
CONF_0479,P016,One-on-One,Deployment,2025-10-22 09:32,2025-10-22 10:01,2025-10-22 09:41,2025-10-22 10:20,2025-10-22 09:41,2025-10-22 10:01,20.0,partial overlap,Low,Conference Room B,Cafe
CONF_0480,P019,Design Review,Code Review,2025-10-23 18:03,2025-10-23 18:41,2025-10-23 17:30,2025-10-23 18:15,2025-10-23 18:03,2025-10-23 18:15,12.0,partial overlap,Low,Conference Room C,Cafe
CONF_0481,P018,Meeting,Deployment,2025-10-19 13:19,2025-10-19 14:07,2025-10-19 13:43,2025-10-19 14:42,2025-10-19 13:43,2025-10-19 14:07,24.0,partial overlap,Low,R&D Center,Conference Room B
CONF_0482,P003,Tech Sharing,One-on-One,2025-10-18 09:23,2025-10-18 09:53,2025-10-18 09:23,2025-10-18 09:56,2025-10-18 09:23,2025-10-18 09:53,30.0,full overlap,Medium,Demo Hall,Remote
CONF_0483,P007,Design Review,Training,2025-10-21 12:50,2025-10-21 13:17,2025-10-21 13:15,2025-10-21 13:30,2025-10-21 13:15,2025-10-21 13:17,2.0,partial overlap,Low,Conference Room B,R&D Center
CONF_0484,P005,Tech Sharing,Product Demo,2025-10-19 17:49,2025-10-19 18:26,2025-10-19 17:52,2025-10-19 18:13,2025-10-19 17:52,2025-10-19 18:13,21.0,full overlap,Low,Test Lab,Test Lab
CONF_0485,P005,Tech Sharing,Operations Check,2025-10-19 17:49,2025-10-19 18:26,2025-10-19 17:30,2025-10-19 18:15,2025-10-19 17:49,2025-10-19 18:15,26.0,partial overlap,Low,Test Lab,Office Area 1
CONF_0486,P003,Operations Check,One-on-One,2025-10-15 19:03,2025-10-15 19:34,2025-10-15 19:08,2025-10-15 19:32,2025-10-15 19:08,2025-10-15 19:32,24.0,full overlap,Low,Training Room,Client Reception
CONF_0487,P010,Brainstorming,Meeting,2025-10-15 11:55,2025-10-15 12:30,2025-10-15 12:11,2025-10-15 12:44,2025-10-15 12:11,2025-10-15 12:30,19.0,partial overlap,Low,Office Area 1,R&D Center
CONF_0488,P006,Code Review,Code Review,2025-10-19 15:58,2025-10-19 16:39,2025-10-19 16:15,2025-10-19 16:30,2025-10-19 16:15,2025-10-19 16:30,15.0,full overlap,Low,Client Reception,Conference Room A
CONF_0489,P005,Product Demo,Operations Check,2025-10-19 17:52,2025-10-19 18:13,2025-10-19 17:30,2025-10-19 18:15,2025-10-19 17:52,2025-10-19 18:13,21.0,full overlap,Low,Test Lab,Office Area 1
CONF_0490,P001,Client Visit,Project Discussion,2025-10-24 10:45,2025-10-24 11:30,2025-10-24 10:45,2025-10-24 11:30,2025-10-24 10:45,2025-10-24 11:30,45.0,full overlap,Medium,Client Reception,Remote
CONF_0491,P001,Code Review,Design Review,2025-10-23 15:45,2025-10-23 16:00,2025-10-23 15:30,2025-10-23 16:00,2025-10-23 15:45,2025-10-23 16:00,15.0,full overlap,Low,Conference Room A,Conference Room C
CONF_0492,P001,Design Review,Tech Sharing,2025-10-23 15:30,2025-10-23 16:00,2025-10-23 15:15,2025-10-23 15:31,2025-10-23 15:30,2025-10-23 15:31,1.0,partial overlap,Low,Conference Room C,Conference Room C
CONF_0493,P001,Code Review,Deployment,2025-10-24 16:15,2025-10-24 16:45,2025-10-24 16:28,2025-10-24 16:59,2025-10-24 16:28,2025-10-24 16:45,17.0,partial overlap,Low,Client Reception,Office Area 2
CONF_0494,P001,Requirements Analysis,Training,2025-10-25 13:30,2025-10-25 14:00,2025-10-25 13:45,2025-10-25 14:15,2025-10-25 13:45,2025-10-25 14:00,15.0,partial overlap,Low,Office Area 1,Conference Room C
CONF_0495,P001,Requirements Analysis,One-on-One,2025-10-24 18:15,2025-10-24 18:30,2025-10-24 18:00,2025-10-24 18:45,2025-10-24 18:15,2025-10-24 18:30,15.0,full overlap,Low,Office Area 2,Break Room
CONF_0496,P001,Product Demo,Tech Sharing,2025-10-25 15:30,2025-10-25 16:15,2025-10-25 15:28,2025-10-25 15:56,2025-10-25 15:30,2025-10-25 15:56,26.0,partial overlap,Low,Test Lab,Conference Room C
CONF_0497,P001,Client Visit,One-on-One,2025-10-31 18:00,2025-10-31 18:45,2025-10-31 18:14,2025-10-31 19:02,2025-10-31 18:14,2025-10-31 18:45,31.0,partial overlap,Medium,Online Meeting,Client Reception
CONF_0498,P002,Operations Check,Design Review,2025-10-22 14:00,2025-10-22 14:30,2025-10-22 14:15,2025-10-22 14:30,2025-10-22 14:15,2025-10-22 14:30,15.0,full overlap,Low,Product Showcase,Online Meeting
CONF_0499,P002,Operations Check,Training,2025-10-22 14:00,2025-10-22 14:30,2025-10-22 14:24,2025-10-22 15:09,2025-10-22 14:24,2025-10-22 14:30,6.0,partial overlap,Low,Product Showcase,R&D Center
CONF_0500,P002,Team Building,Meeting,2025-10-25 13:30,2025-10-25 14:00,2025-10-25 13:45,2025-10-25 14:15,2025-10-25 13:45,2025-10-25 14:00,15.0,partial overlap,Low,Conference Room B,R&D Center
CONF_0501,P002,Team Building,Training,2025-10-25 13:30,2025-10-25 14:00,2025-10-25 13:30,2025-10-25 14:00,2025-10-25 13:30,2025-10-25 14:00,30.0,full overlap,Medium,Conference Room B,Office Area 2
CONF_0502,P002,Design Review,Training,2025-10-22 14:15,2025-10-22 14:30,2025-10-22 14:24,2025-10-22 15:09,2025-10-22 14:24,2025-10-22 14:30,6.0,partial overlap,Low,Online Meeting,R&D Center
CONF_0503,P002,Deployment,Operations Check,2025-10-22 17:45,2025-10-22 18:30,2025-10-22 18:15,2025-10-22 19:13,2025-10-22 18:15,2025-10-22 18:30,15.0,partial overlap,Low,Product Showcase,Conference Room A
CONF_0504,P002,Meeting,Training,2025-10-25 13:45,2025-10-25 14:15,2025-10-25 13:30,2025-10-25 14:00,2025-10-25 13:45,2025-10-25 14:00,15.0,partial overlap,Low,R&D Center,Office Area 2
CONF_0505,P002,Operations Check,Team Building,2025-10-25 11:30,2025-10-25 12:00,2025-10-25 11:52,2025-10-25 12:20,2025-10-25 11:52,2025-10-25 12:00,8.0,partial overlap,Low,Office Area 1,Break Room
CONF_0506,P002,Product Demo,Team Building,2025-10-25 12:00,2025-10-25 12:45,2025-10-25 11:52,2025-10-25 12:20,2025-10-25 12:00,2025-10-25 12:20,20.0,partial overlap,Low,Demo Hall,Break Room
CONF_0507,P002,Project Discussion,Deployment,2025-10-30 11:45,2025-10-30 12:30,2025-10-30 11:59,2025-10-30 12:46,2025-10-30 11:59,2025-10-30 12:30,31.0,partial overlap,Medium,Conference Room A,Conference Room A
CONF_0508,P002,Client Visit,Team Building,2025-11-01 14:00,2025-11-01 14:45,2025-11-01 14:15,2025-11-01 15:15,2025-11-01 14:15,2025-11-01 14:45,30.0,partial overlap,Medium,Remote,Conference Room C
CONF_0509,P002,Brainstorming,Training,2025-10-29 17:30,2025-10-29 18:15,2025-10-29 16:45,2025-10-29 17:45,2025-10-29 17:30,2025-10-29 17:45,15.0,partial overlap,Low,Product Showcase,Test Lab
CONF_0510,P002,Brainstorming,Project Discussion,2025-10-29 17:30,2025-10-29 18:15,2025-10-29 17:45,2025-10-29 19:15,2025-10-29 17:45,2025-10-29 18:15,30.0,partial overlap,Medium,Product Showcase,Online Meeting
CONF_0511,P002,Brainstorming,Project Discussion,2025-10-29 17:30,2025-10-29 18:15,2025-10-29 18:14,2025-10-29 18:37,2025-10-29 18:14,2025-10-29 18:15,1.0,partial overlap,Low,Product Showcase,R&D Center
CONF_0512,P003,Product Demo,Brainstorming,2025-10-26 14:00,2025-10-26 14:30,2025-10-26 14:26,2025-10-26 15:17,2025-10-26 14:26,2025-10-26 14:30,4.0,partial overlap,Low,Conference Room C,Remote
CONF_0513,P003,One-on-One,Operations Check,2025-10-24 13:00,2025-10-24 13:45,2025-10-24 12:30,2025-10-24 13:15,2025-10-24 13:00,2025-10-24 13:15,15.0,partial overlap,Low,Office Area 1,Conference Room A
CONF_0514,P003,Product Demo,Team Building,2025-10-23 11:15,2025-10-23 11:30,2025-10-23 11:15,2025-10-23 11:45,2025-10-23 11:15,2025-10-23 11:30,15.0,full overlap,Low,Demo Hall,Remote
CONF_0515,P003,Deployment,Deployment,2025-10-27 09:00,2025-10-27 09:45,2025-10-27 09:24,2025-10-27 10:08,2025-10-27 09:24,2025-10-27 09:45,21.0,partial overlap,Low,Demo Hall,Conference Room C
CONF_0516,P003,Brainstorming,Brainstorming,2025-10-23 18:15,2025-10-23 19:00,2025-10-23 18:20,2025-10-23 18:36,2025-10-23 18:20,2025-10-23 18:36,16.0,full overlap,Low,Conference Room B,Remote
CONF_0517,P003,Operations Check,Brainstorming,2025-10-26 15:15,2025-10-26 15:30,2025-10-26 14:26,2025-10-26 15:17,2025-10-26 15:15,2025-10-26 15:17,2.0,partial overlap,Low,Demo Hall,Remote
CONF_0518,P003,Code Review,Deployment,2025-10-30 16:15,2025-10-30 16:45,2025-10-30 16:15,2025-10-30 16:45,2025-10-30 16:15,2025-10-30 16:45,30.0,full overlap,Medium,Cafe,Conference Room C
CONF_0519,P004,Project Discussion,Meeting,2025-10-24 14:15,2025-10-24 14:45,2025-10-24 14:30,2025-10-24 14:45,2025-10-24 14:30,2025-10-24 14:45,15.0,full overlap,Low,Training Room,Conference Room A
CONF_0520,P004,One-on-One,Requirements Analysis,2025-10-25 09:00,2025-10-25 09:15,2025-10-25 08:45,2025-10-25 09:04,2025-10-25 09:00,2025-10-25 09:04,4.0,partial overlap,Low,Online Meeting,Conference Room B
CONF_0521,P004,Operations Check,Training,2025-10-27 11:00,2025-10-27 11:45,2025-10-27 11:15,2025-10-27 11:45,2025-10-27 11:15,2025-10-27 11:45,30.0,full overlap,Medium,R&D Center,Break Room
CONF_0522,P004,Meeting,Tech Sharing,2025-10-22 15:45,2025-10-22 16:15,2025-10-22 15:30,2025-10-22 16:15,2025-10-22 15:45,2025-10-22 16:15,30.0,full overlap,Medium,Training Room,Cafe
CONF_0523,P004,Meeting,Project Discussion,2025-10-26 10:00,2025-10-26 10:15,2025-10-26 09:30,2025-10-26 10:15,2025-10-26 10:00,2025-10-26 10:15,15.0,full overlap,Low,Test Lab,Conference Room C
CONF_0524,P004,Testing Acceptance,Training,2025-10-25 08:00,2025-10-25 08:45,2025-10-25 08:30,2025-10-25 09:00,2025-10-25 08:30,2025-10-25 08:45,15.0,partial overlap,Low,Demo Hall,Office Area 1
CONF_0525,P004,Requirements Analysis,Project Discussion,2025-10-25 18:45,2025-10-25 19:15,2025-10-25 19:11,2025-10-25 19:58,2025-10-25 19:11,2025-10-25 19:15,4.0,partial overlap,Low,Remote,Remote
CONF_0526,P004,Training,Requirements Analysis,2025-10-25 08:30,2025-10-25 09:00,2025-10-25 08:45,2025-10-25 09:04,2025-10-25 08:45,2025-10-25 09:00,15.0,partial overlap,Low,Office Area 1,Conference Room B
CONF_0527,P004,Code Review,Product Demo,2025-10-31 13:45,2025-10-31 14:15,2025-10-31 13:30,2025-10-31 14:30,2025-10-31 13:45,2025-10-31 14:15,30.0,full overlap,Medium,Online Meeting,Remote
CONF_0528,P004,Product Demo,Product Demo,2025-10-31 13:30,2025-10-31 13:45,2025-10-31 13:30,2025-10-31 14:30,2025-10-31 13:30,2025-10-31 13:45,15.0,full overlap,Low,Office Area 2,Remote
CONF_0529,P005,Tech Sharing,Testing Acceptance,2025-10-24 13:45,2025-10-24 14:30,2025-10-24 14:00,2025-10-24 14:45,2025-10-24 14:00,2025-10-24 14:30,30.0,partial overlap,Medium,Break Room,Online Meeting
CONF_0530,P005,Testing Acceptance,One-on-One,2025-10-23 11:00,2025-10-23 11:45,2025-10-23 11:00,2025-10-23 11:45,2025-10-23 11:00,2025-10-23 11:45,45.0,full overlap,Medium,Cafe,Break Room
CONF_0531,P005,Deployment,Design Review,2025-10-28 15:45,2025-10-28 16:30,2025-10-28 15:51,2025-10-28 16:17,2025-10-28 15:51,2025-10-28 16:17,26.0,full overlap,Low,R&D Center,Office Area 1
CONF_0532,P005,Deployment,Code Review,2025-10-28 15:45,2025-10-28 16:30,2025-10-28 16:02,2025-10-28 16:57,2025-10-28 16:02,2025-10-28 16:30,28.0,partial overlap,Low,R&D Center,Office Area 2
CONF_0533,P005,Deployment,Tech Sharing,2025-10-28 15:45,2025-10-28 16:30,2025-10-28 16:08,2025-10-28 17:03,2025-10-28 16:08,2025-10-28 16:30,22.0,partial overlap,Low,R&D Center,Demo Hall
CONF_0534,P005,Code Review,Code Review,2025-10-23 17:30,2025-10-23 18:15,2025-10-23 17:45,2025-10-23 18:18,2025-10-23 17:45,2025-10-23 18:15,30.0,partial overlap,Medium,Conference Room B,Break Room
CONF_0535,P005,Deployment,Tech Sharing,2025-10-29 16:00,2025-10-29 16:15,2025-10-29 15:45,2025-10-29 16:45,2025-10-29 16:00,2025-10-29 16:15,15.0,full overlap,Low,Product Showcase,Product Showcase
CONF_0536,P005,Team Building,Training,2025-10-27 12:00,2025-10-27 12:30,2025-10-27 12:25,2025-10-27 13:19,2025-10-27 12:25,2025-10-27 12:30,5.0,partial overlap,Low,Online Meeting,Client Reception
CONF_0537,P005,Design Review,Design Review,2025-10-29 10:00,2025-10-29 10:30,2025-10-29 10:28,2025-10-29 11:19,2025-10-29 10:28,2025-10-29 10:30,2.0,partial overlap,Low,Remote,Conference Room A
CONF_0538,P005,Brainstorming,Training,2025-10-25 18:00,2025-10-25 18:30,2025-10-25 18:00,2025-10-25 18:45,2025-10-25 18:00,2025-10-25 18:30,30.0,full overlap,Medium,Client Reception,Online Meeting
CONF_0539,P005,Testing Acceptance,Deployment,2025-10-26 16:00,2025-10-26 16:30,2025-10-26 16:25,2025-10-26 17:23,2025-10-26 16:25,2025-10-26 16:30,5.0,partial overlap,Low,Cafe,Conference Room B
CONF_0540,P005,Client Visit,One-on-One,2025-10-28 17:30,2025-10-28 18:15,2025-10-28 17:15,2025-10-28 18:00,2025-10-28 17:30,2025-10-28 18:00,30.0,partial overlap,Medium,Cafe,Test Lab
CONF_0541,P005,Product Demo,Design Review,2025-10-29 16:45,2025-10-29 17:30,2025-10-29 17:13,2025-10-29 17:47,2025-10-29 17:13,2025-10-29 17:30,17.0,partial overlap,Low,Test Lab,Office Area 1
CONF_0542,P006,Team Building,Tech Sharing,2025-10-21 17:45,2025-10-21 18:30,2025-10-21 17:45,2025-10-21 18:00,2025-10-21 17:45,2025-10-21 18:00,15.0,full overlap,Low,Test Lab,Remote
CONF_0543,P006,Requirements Analysis,Brainstorming,2025-10-24 15:30,2025-10-24 15:45,2025-10-24 15:15,2025-10-24 15:45,2025-10-24 15:30,2025-10-24 15:45,15.0,full overlap,Low,Product Showcase,Office Area 2
CONF_0544,P006,One-on-One,Requirements Analysis,2025-10-23 13:45,2025-10-23 14:30,2025-10-23 14:00,2025-10-23 14:15,2025-10-23 14:00,2025-10-23 14:15,15.0,full overlap,Low,Conference Room B,Client Reception
CONF_0545,P006,Meeting,Code Review,2025-10-26 08:15,2025-10-26 09:00,2025-10-26 08:45,2025-10-26 09:15,2025-10-26 08:45,2025-10-26 09:00,15.0,partial overlap,Low,Product Showcase,Online Meeting
CONF_0546,P006,One-on-One,Deployment,2025-10-23 16:30,2025-10-23 17:15,2025-10-23 17:00,2025-10-23 17:15,2025-10-23 17:00,2025-10-23 17:15,15.0,full overlap,Low,Client Reception,Test Lab
CONF_0547,P006,One-on-One,Requirements Analysis,2025-10-23 16:30,2025-10-23 17:15,2025-10-23 16:37,2025-10-23 17:04,2025-10-23 16:37,2025-10-23 17:04,27.0,full overlap,Low,Client Reception,R&D Center
CONF_0548,P006,Training,Deployment,2025-10-28 17:15,2025-10-28 18:00,2025-10-28 17:41,2025-10-28 18:28,2025-10-28 17:41,2025-10-28 18:00,19.0,partial overlap,Low,Office Area 1,Office Area 1
CONF_0549,P006,Deployment,Code Review,2025-10-26 09:00,2025-10-26 09:45,2025-10-26 08:45,2025-10-26 09:15,2025-10-26 09:00,2025-10-26 09:15,15.0,partial overlap,Low,Client Reception,Online Meeting
CONF_0550,P006,Product Demo,Requirements Analysis,2025-10-24 10:15,2025-10-24 11:00,2025-10-24 10:21,2025-10-24 11:02,2025-10-24 10:21,2025-10-24 11:00,39.0,partial overlap,Medium,Cafe,Break Room
CONF_0551,P006,Deployment,Requirements Analysis,2025-10-23 17:00,2025-10-23 17:15,2025-10-23 16:37,2025-10-23 17:04,2025-10-23 17:00,2025-10-23 17:04,4.0,partial overlap,Low,Test Lab,R&D Center
CONF_0552,P006,One-on-One,Code Review,2025-10-24 08:00,2025-10-24 08:30,2025-10-24 08:21,2025-10-24 08:45,2025-10-24 08:21,2025-10-24 08:30,9.0,partial overlap,Low,Office Area 1,Break Room
CONF_0553,P006,Code Review,Design Review,2025-10-23 09:00,2025-10-23 09:45,2025-10-23 08:48,2025-10-23 09:43,2025-10-23 09:00,2025-10-23 09:43,43.0,partial overlap,Medium,Office Area 2,Online Meeting
CONF_0554,P006,Team Building,Training,2025-10-26 11:45,2025-10-26 12:30,2025-10-26 11:56,2025-10-26 12:43,2025-10-26 11:56,2025-10-26 12:30,34.0,partial overlap,Medium,Product Showcase,Cafe
CONF_0555,P006,Deployment,Meeting,2025-10-31 11:00,2025-10-31 11:15,2025-10-31 11:00,2025-10-31 11:15,2025-10-31 11:00,2025-10-31 11:15,15.0,full overlap,Low,R&D Center,Demo Hall
CONF_0556,P006,Requirements Analysis,Training,2025-10-26 12:30,2025-10-26 12:45,2025-10-26 11:56,2025-10-26 12:43,2025-10-26 12:30,2025-10-26 12:43,13.0,partial overlap,Low,Online Meeting,Cafe
CONF_0557,P006,Code Review,Deployment,2025-10-30 14:30,2025-10-30 14:45,2025-10-30 14:39,2025-10-30 15:38,2025-10-30 14:39,2025-10-30 14:45,6.0,partial overlap,Low,Conference Room C,Test Lab
CONF_0558,P006,Design Review,Product Demo,2025-10-31 14:45,2025-10-31 15:30,2025-10-31 15:08,2025-10-31 15:33,2025-10-31 15:08,2025-10-31 15:30,22.0,partial overlap,Low,Test Lab,Office Area 2
CONF_0559,P006,Project Discussion,Deployment,2025-10-30 15:30,2025-10-30 16:15,2025-10-30 14:39,2025-10-30 15:38,2025-10-30 15:30,2025-10-30 15:38,8.0,partial overlap,Low,Office Area 2,Test Lab
CONF_0560,P007,Team Building,Tech Sharing,2025-10-26 18:45,2025-10-26 19:00,2025-10-26 18:45,2025-10-26 19:00,2025-10-26 18:45,2025-10-26 19:00,15.0,full overlap,Low,Test Lab,Demo Hall
CONF_0561,P007,Training,Requirements Analysis,2025-10-27 15:15,2025-10-27 15:45,2025-10-27 15:30,2025-10-27 16:29,2025-10-27 15:30,2025-10-27 15:45,15.0,partial overlap,Low,Conference Room C,R&D Center
CONF_0562,P007,One-on-One,Product Demo,2025-10-28 08:15,2025-10-28 09:00,2025-10-28 08:21,2025-10-28 08:51,2025-10-28 08:21,2025-10-28 08:51,30.0,full overlap,Medium,Online Meeting,Client Reception
CONF_0563,P007,Project Discussion,One-on-One,2025-10-26 09:45,2025-10-26 10:00,2025-10-26 09:15,2025-10-26 10:00,2025-10-26 09:45,2025-10-26 10:00,15.0,full overlap,Low,R&D Center,Conference Room A
CONF_0564,P007,Code Review,Tech Sharing,2025-10-29 13:30,2025-10-29 14:00,2025-10-29 13:00,2025-10-29 13:45,2025-10-29 13:30,2025-10-29 13:45,15.0,partial overlap,Low,Office Area 2,Remote
CONF_0565,P007,One-on-One,Tech Sharing,2025-10-30 08:30,2025-10-30 09:15,2025-10-30 08:30,2025-10-30 09:15,2025-10-30 08:30,2025-10-30 09:15,45.0,full overlap,Medium,Break Room,Training Room
CONF_0566,P007,One-on-One,Product Demo,2025-10-30 08:30,2025-10-30 09:15,2025-10-30 08:40,2025-10-30 09:26,2025-10-30 08:40,2025-10-30 09:15,35.0,partial overlap,Medium,Break Room,Client Reception
CONF_0567,P007,One-on-One,Code Review,2025-10-30 08:30,2025-10-30 09:15,2025-10-30 08:55,2025-10-30 09:14,2025-10-30 08:55,2025-10-30 09:14,19.0,full overlap,Low,Break Room,Online Meeting
CONF_0568,P007,Operations Check,Product Demo,2025-10-28 11:00,2025-10-28 11:45,2025-10-28 10:45,2025-10-28 11:15,2025-10-28 11:00,2025-10-28 11:15,15.0,partial overlap,Low,Remote,R&D Center
CONF_0569,P007,Tech Sharing,Product Demo,2025-10-30 08:30,2025-10-30 09:15,2025-10-30 08:40,2025-10-30 09:26,2025-10-30 08:40,2025-10-30 09:15,35.0,partial overlap,Medium,Training Room,Client Reception
CONF_0570,P007,Tech Sharing,Code Review,2025-10-30 08:30,2025-10-30 09:15,2025-10-30 08:55,2025-10-30 09:14,2025-10-30 08:55,2025-10-30 09:14,19.0,full overlap,Low,Training Room,Online Meeting
CONF_0571,P007,Code Review,Team Building,2025-11-01 10:30,2025-11-01 10:45,2025-11-01 10:15,2025-11-01 11:45,2025-11-01 10:30,2025-11-01 10:45,15.0,full overlap,Low,Conference Room B,Client Reception
CONF_0572,P007,Team Building,Code Review,2025-11-01 11:30,2025-11-01 12:00,2025-11-01 11:55,2025-11-01 12:42,2025-11-01 11:55,2025-11-01 12:00,5.0,partial overlap,Low,Product Showcase,Break Room
CONF_0573,P007,Team Building,Team Building,2025-11-01 11:30,2025-11-01 12:00,2025-11-01 10:15,2025-11-01 11:45,2025-11-01 11:30,2025-11-01 11:45,15.0,partial overlap,Low,Product Showcase,Client Reception
CONF_0574,P008,Project Discussion,Requirements Analysis,2025-10-25 09:30,2025-10-25 10:15,2025-10-25 09:42,2025-10-25 10:27,2025-10-25 09:42,2025-10-25 10:15,33.0,partial overlap,Medium,Demo Hall,Cafe
CONF_0575,P008,Project Discussion,Testing Acceptance,2025-10-25 09:30,2025-10-25 10:15,2025-10-25 10:01,2025-10-25 10:43,2025-10-25 10:01,2025-10-25 10:15,14.0,partial overlap,Low,Demo Hall,Conference Room A
CONF_0576,P008,Meeting,Team Building,2025-10-28 15:30,2025-10-28 16:15,2025-10-28 15:44,2025-10-28 16:08,2025-10-28 15:44,2025-10-28 16:08,24.0,full overlap,Low,Break Room,Remote
CONF_0577,P008,Deployment,Operations Check,2025-10-23 11:00,2025-10-23 11:30,2025-10-23 11:00,2025-10-23 11:30,2025-10-23 11:00,2025-10-23 11:30,30.0,full overlap,Medium,Product Showcase,Cafe
CONF_0578,P008,Deployment,Deployment,2025-10-23 11:00,2025-10-23 11:30,2025-10-23 11:22,2025-10-23 11:52,2025-10-23 11:22,2025-10-23 11:30,8.0,partial overlap,Low,Product Showcase,Product Showcase
CONF_0579,P008,Project Discussion,Brainstorming,2025-10-22 14:00,2025-10-22 14:15,2025-10-22 14:10,2025-10-22 14:29,2025-10-22 14:10,2025-10-22 14:15,5.0,partial overlap,Low,Online Meeting,Office Area 1
CONF_0580,P008,Design Review,Meeting,2025-10-26 10:45,2025-10-26 11:15,2025-10-26 11:00,2025-10-26 11:15,2025-10-26 11:00,2025-10-26 11:15,15.0,full overlap,Low,Online Meeting,R&D Center
CONF_0581,P008,Operations Check,Deployment,2025-10-23 11:00,2025-10-23 11:30,2025-10-23 11:22,2025-10-23 11:52,2025-10-23 11:22,2025-10-23 11:30,8.0,partial overlap,Low,Cafe,Product Showcase
CONF_0582,P008,Brainstorming,Deployment,2025-10-24 12:00,2025-10-24 12:45,2025-10-24 12:14,2025-10-24 12:34,2025-10-24 12:14,2025-10-24 12:34,20.0,full overlap,Low,Demo Hall,Product Showcase
CONF_0583,P008,Training,Client Visit,2025-10-30 15:30,2025-10-30 16:15,2025-10-30 15:15,2025-10-30 16:15,2025-10-30 15:30,2025-10-30 16:15,45.0,full overlap,Medium,Conference Room B,Training Room
CONF_0584,P008,Meeting,Brainstorming,2025-10-28 16:15,2025-10-28 17:00,2025-10-28 16:32,2025-10-28 17:17,2025-10-28 16:32,2025-10-28 17:00,28.0,partial overlap,Low,Training Room,Training Room
CONF_0585,P008,Testing Acceptance,Operations Check,2025-11-01 16:45,2025-11-01 17:30,2025-11-01 17:15,2025-11-01 18:00,2025-11-01 17:15,2025-11-01 17:30,15.0,partial overlap,Low,Conference Room A,Remote
CONF_0586,P008,Meeting,Requirements Analysis,2025-10-25 10:15,2025-10-25 11:00,2025-10-25 09:42,2025-10-25 10:27,2025-10-25 10:15,2025-10-25 10:27,12.0,partial overlap,Low,Training Room,Cafe
CONF_0587,P008,Meeting,Testing Acceptance,2025-10-25 10:15,2025-10-25 11:00,2025-10-25 10:01,2025-10-25 10:43,2025-10-25 10:15,2025-10-25 10:43,28.0,partial overlap,Low,Training Room,Conference Room A
CONF_0588,P008,Design Review,Client Visit,2025-10-31 12:45,2025-10-31 13:30,2025-10-31 12:15,2025-10-31 13:00,2025-10-31 12:45,2025-10-31 13:00,15.0,partial overlap,Low,Training Room,Office Area 1
CONF_0589,P008,Team Building,Tech Sharing,2025-10-29 10:30,2025-10-29 11:00,2025-10-29 09:30,2025-10-29 11:00,2025-10-29 10:30,2025-10-29 11:00,30.0,full overlap,Medium,Break Room,Conference Room C
CONF_0590,P008,Design Review,Tech Sharing,2025-10-25 16:15,2025-10-25 17:00,2025-10-25 16:21,2025-10-25 16:56,2025-10-25 16:21,2025-10-25 16:56,35.0,full overlap,Medium,Test Lab,Remote
CONF_0591,P008,Design Review,Product Demo,2025-10-25 16:15,2025-10-25 17:00,2025-10-25 16:36,2025-10-25 17:11,2025-10-25 16:36,2025-10-25 17:00,24.0,partial overlap,Low,Test Lab,Office Area 2
CONF_0592,P009,Team Building,Design Review,2025-10-22 14:15,2025-10-22 15:00,2025-10-22 14:40,2025-10-22 15:38,2025-10-22 14:40,2025-10-22 15:00,20.0,partial overlap,Low,Conference Room A,Test Lab
CONF_0593,P009,Operations Check,Requirements Analysis,2025-10-28 15:15,2025-10-28 15:45,2025-10-28 15:00,2025-10-28 15:45,2025-10-28 15:15,2025-10-28 15:45,30.0,full overlap,Medium,Client Reception,Test Lab
CONF_0594,P009,Operations Check,Operations Check,2025-10-28 15:15,2025-10-28 15:45,2025-10-28 15:35,2025-10-28 16:00,2025-10-28 15:35,2025-10-28 15:45,10.0,partial overlap,Low,Client Reception,Conference Room A
CONF_0595,P009,Operations Check,Operations Check,2025-10-29 16:30,2025-10-29 17:15,2025-10-29 16:15,2025-10-29 17:00,2025-10-29 16:30,2025-10-29 17:00,30.0,partial overlap,Medium,Client Reception,Conference Room A
CONF_0596,P009,Training,Product Demo,2025-10-27 14:30,2025-10-27 15:15,2025-10-27 13:45,2025-10-27 14:45,2025-10-27 14:30,2025-10-27 14:45,15.0,partial overlap,Low,Remote,Client Reception
CONF_0597,P009,Meeting,Team Building,2025-10-30 15:15,2025-10-30 16:00,2025-10-30 15:15,2025-10-30 16:00,2025-10-30 15:15,2025-10-30 16:00,45.0,full overlap,Medium,Conference Room C,Cafe
CONF_0598,P009,Meeting,Team Building,2025-10-24 12:00,2025-10-24 12:30,2025-10-24 12:24,2025-10-24 13:02,2025-10-24 12:24,2025-10-24 12:30,6.0,partial overlap,Low,Conference Room C,Online Meeting
CONF_0599,P009,One-on-One,Project Discussion,2025-10-26 09:15,2025-10-26 09:45,2025-10-26 09:00,2025-10-26 09:30,2025-10-26 09:15,2025-10-26 09:30,15.0,partial overlap,Low,Product Showcase,Conference Room A
CONF_0600,P009,Product Demo,Meeting,2025-10-28 10:00,2025-10-28 10:15,2025-10-28 09:30,2025-10-28 10:16,2025-10-28 10:00,2025-10-28 10:15,15.0,full overlap,Low,Conference Room B,Office Area 1
CONF_0601,P009,Requirements Analysis,Operations Check,2025-10-28 15:00,2025-10-28 15:45,2025-10-28 15:35,2025-10-28 16:00,2025-10-28 15:35,2025-10-28 15:45,10.0,partial overlap,Low,Test Lab,Conference Room A
CONF_0602,P009,Code Review,One-on-One,2025-11-01 12:15,2025-11-01 12:30,2025-11-01 12:00,2025-11-01 12:45,2025-11-01 12:15,2025-11-01 12:30,15.0,full overlap,Low,Conference Room C,R&D Center
CONF_0603,P009,Code Review,Deployment,2025-11-01 12:15,2025-11-01 12:30,2025-11-01 12:17,2025-11-01 12:40,2025-11-01 12:17,2025-11-01 12:30,13.0,partial overlap,Low,Conference Room C,Test Lab
CONF_0604,P010,Deployment,Client Visit,2025-10-24 18:00,2025-10-24 18:15,2025-10-24 18:00,2025-10-24 18:15,2025-10-24 18:00,2025-10-24 18:15,15.0,full overlap,Low,Cafe,Office Area 2
CONF_0605,P010,Design Review,Design Review,2025-10-25 09:00,2025-10-25 09:45,2025-10-25 08:45,2025-10-25 09:15,2025-10-25 09:00,2025-10-25 09:15,15.0,partial overlap,Low,R&D Center,Demo Hall
CONF_0606,P010,Meeting,Meeting,2025-10-26 08:45,2025-10-26 09:30,2025-10-26 09:15,2025-10-26 09:45,2025-10-26 09:15,2025-10-26 09:30,15.0,partial overlap,Low,Conference Room B,R&D Center
CONF_0607,P010,Training,Project Discussion,2025-10-23 14:30,2025-10-23 15:15,2025-10-23 14:58,2025-10-23 15:44,2025-10-23 14:58,2025-10-23 15:15,17.0,partial overlap,Low,Remote,Remote
CONF_0608,P010,Project Discussion,Tech Sharing,2025-10-26 14:15,2025-10-26 15:00,2025-10-26 14:45,2025-10-26 15:15,2025-10-26 14:45,2025-10-26 15:00,15.0,partial overlap,Low,Office Area 2,Online Meeting
CONF_0609,P010,Brainstorming,Code Review,2025-10-31 12:15,2025-10-31 12:45,2025-10-31 12:27,2025-10-31 13:06,2025-10-31 12:27,2025-10-31 12:45,18.0,partial overlap,Low,Conference Room A,Office Area 1
CONF_0610,P011,Tech Sharing,One-on-One,2025-10-23 10:15,2025-10-23 11:00,2025-10-23 10:45,2025-10-23 11:12,2025-10-23 10:45,2025-10-23 11:00,15.0,partial overlap,Low,Office Area 2,Demo Hall
CONF_0611,P011,Operations Check,Brainstorming,2025-10-24 13:45,2025-10-24 14:00,2025-10-24 13:15,2025-10-24 14:00,2025-10-24 13:45,2025-10-24 14:00,15.0,full overlap,Low,Conference Room A,Training Room
CONF_0612,P011,Deployment,Code Review,2025-10-26 14:30,2025-10-26 15:15,2025-10-26 14:15,2025-10-26 14:45,2025-10-26 14:30,2025-10-26 14:45,15.0,partial overlap,Low,Conference Room A,Remote
CONF_0613,P011,Testing Acceptance,Deployment,2025-10-24 15:15,2025-10-24 15:30,2025-10-24 15:00,2025-10-24 15:45,2025-10-24 15:15,2025-10-24 15:30,15.0,full overlap,Low,Demo Hall,Conference Room A
CONF_0614,P011,Team Building,Tech Sharing,2025-10-26 08:30,2025-10-26 09:00,2025-10-26 08:50,2025-10-26 09:33,2025-10-26 08:50,2025-10-26 09:00,10.0,partial overlap,Low,Online Meeting,Training Room
CONF_0615,P011,Code Review,Brainstorming,2025-10-31 15:30,2025-10-31 16:00,2025-10-31 15:30,2025-10-31 16:15,2025-10-31 15:30,2025-10-31 16:00,30.0,full overlap,Medium,Office Area 2,Test Lab
CONF_0616,P011,Brainstorming,Deployment,2025-10-28 09:30,2025-10-28 10:00,2025-10-28 09:15,2025-10-28 09:45,2025-10-28 09:30,2025-10-28 09:45,15.0,partial overlap,Low,Client Reception,Break Room
CONF_0617,P011,Brainstorming,Training,2025-10-28 09:30,2025-10-28 10:00,2025-10-28 09:53,2025-10-28 10:13,2025-10-28 09:53,2025-10-28 10:00,7.0,partial overlap,Low,Client Reception,Conference Room A
CONF_0618,P012,Project Discussion,Tech Sharing,2025-10-25 08:45,2025-10-25 09:30,2025-10-25 08:50,2025-10-25 09:33,2025-10-25 08:50,2025-10-25 09:30,40.0,partial overlap,Medium,Break Room,Demo Hall
CONF_0619,P012,Requirements Analysis,Product Demo,2025-10-23 12:00,2025-10-23 12:45,2025-10-23 12:30,2025-10-23 13:15,2025-10-23 12:30,2025-10-23 12:45,15.0,partial overlap,Low,Cafe,Online Meeting
CONF_0620,P012,Requirements Analysis,Design Review,2025-10-23 12:00,2025-10-23 12:45,2025-10-23 12:30,2025-10-23 13:00,2025-10-23 12:30,2025-10-23 12:45,15.0,partial overlap,Low,Cafe,Online Meeting
CONF_0621,P012,Requirements Analysis,Client Visit,2025-10-23 12:00,2025-10-23 12:45,2025-10-23 12:36,2025-10-23 13:01,2025-10-23 12:36,2025-10-23 12:45,9.0,partial overlap,Low,Cafe,Break Room
CONF_0622,P012,Client Visit,Requirements Analysis,2025-10-27 09:00,2025-10-27 09:15,2025-10-27 08:30,2025-10-27 09:15,2025-10-27 09:00,2025-10-27 09:15,15.0,full overlap,Low,Office Area 1,Break Room
CONF_0623,P012,Training,Meeting,2025-10-23 15:45,2025-10-23 16:30,2025-10-23 16:15,2025-10-23 16:30,2025-10-23 16:15,2025-10-23 16:30,15.0,full overlap,Low,Office Area 2,Online Meeting
CONF_0624,P012,Operations Check,Product Demo,2025-10-23 13:00,2025-10-23 13:30,2025-10-23 12:30,2025-10-23 13:15,2025-10-23 13:00,2025-10-23 13:15,15.0,partial overlap,Low,Conference Room C,Online Meeting
CONF_0625,P012,Operations Check,Client Visit,2025-10-23 13:00,2025-10-23 13:30,2025-10-23 12:36,2025-10-23 13:01,2025-10-23 13:00,2025-10-23 13:01,1.0,partial overlap,Low,Conference Room C,Break Room
CONF_0626,P012,Operations Check,Meeting,2025-10-23 13:00,2025-10-23 13:30,2025-10-23 12:47,2025-10-23 13:22,2025-10-23 13:00,2025-10-23 13:22,22.0,partial overlap,Low,Conference Room C,Test Lab
CONF_0627,P012,Code Review,Deployment,2025-10-23 18:30,2025-10-23 19:00,2025-10-23 18:58,2025-10-23 19:30,2025-10-23 18:58,2025-10-23 19:00,2.0,partial overlap,Low,Conference Room B,Break Room
CONF_0628,P012,Tech Sharing,Requirements Analysis,2025-10-26 11:15,2025-10-26 12:00,2025-10-26 10:45,2025-10-26 11:30,2025-10-26 11:15,2025-10-26 11:30,15.0,partial overlap,Low,Product Showcase,Training Room
CONF_0629,P012,Product Demo,Design Review,2025-10-23 12:30,2025-10-23 13:15,2025-10-23 12:30,2025-10-23 13:00,2025-10-23 12:30,2025-10-23 13:00,30.0,full overlap,Medium,Online Meeting,Online Meeting
CONF_0630,P012,Product Demo,Client Visit,2025-10-23 12:30,2025-10-23 13:15,2025-10-23 12:36,2025-10-23 13:01,2025-10-23 12:36,2025-10-23 13:01,25.0,full overlap,Low,Online Meeting,Break Room
CONF_0631,P012,Product Demo,Meeting,2025-10-23 12:30,2025-10-23 13:15,2025-10-23 12:47,2025-10-23 13:22,2025-10-23 12:47,2025-10-23 13:15,28.0,partial overlap,Low,Online Meeting,Test Lab
CONF_0632,P012,Design Review,Client Visit,2025-10-23 12:30,2025-10-23 13:00,2025-10-23 12:36,2025-10-23 13:01,2025-10-23 12:36,2025-10-23 13:00,24.0,partial overlap,Low,Online Meeting,Break Room
CONF_0633,P012,Design Review,Meeting,2025-10-23 12:30,2025-10-23 13:00,2025-10-23 12:47,2025-10-23 13:22,2025-10-23 12:47,2025-10-23 13:00,13.0,partial overlap,Low,Online Meeting,Test Lab
CONF_0634,P012,Tech Sharing,Requirements Analysis,2025-10-30 09:45,2025-10-30 10:30,2025-10-30 09:52,2025-10-30 10:38,2025-10-30 09:52,2025-10-30 10:30,38.0,partial overlap,Medium,Conference Room B,Remote
CONF_0635,P012,Project Discussion,Client Visit,2025-10-28 13:45,2025-10-28 14:30,2025-10-28 14:06,2025-10-28 15:01,2025-10-28 14:06,2025-10-28 14:30,24.0,partial overlap,Low,Client Reception,Online Meeting
CONF_0636,P012,Deployment,Deployment,2025-10-26 12:15,2025-10-26 12:30,2025-10-26 12:27,2025-10-26 12:56,2025-10-26 12:27,2025-10-26 12:30,3.0,partial overlap,Low,Remote,Break Room
CONF_0637,P013,Operations Check,Team Building,2025-10-24 10:00,2025-10-24 10:15,2025-10-24 09:45,2025-10-24 10:15,2025-10-24 10:00,2025-10-24 10:15,15.0,full overlap,Low,Demo Hall,Test Lab
CONF_0638,P013,Testing Acceptance,Tech Sharing,2025-10-22 13:30,2025-10-22 14:15,2025-10-22 13:43,2025-10-22 14:39,2025-10-22 13:43,2025-10-22 14:15,32.0,partial overlap,Medium,Training Room,Training Room
CONF_0639,P013,Training,Tech Sharing,2025-10-26 09:00,2025-10-26 09:30,2025-10-26 09:23,2025-10-26 10:18,2025-10-26 09:23,2025-10-26 09:30,7.0,partial overlap,Low,Test Lab,Conference Room B
CONF_0640,P013,One-on-One,Meeting,2025-10-27 10:45,2025-10-27 11:30,2025-10-27 11:15,2025-10-27 12:00,2025-10-27 11:15,2025-10-27 11:30,15.0,partial overlap,Low,Remote,Demo Hall
CONF_0641,P013,Design Review,Product Demo,2025-10-27 16:15,2025-10-27 16:30,2025-10-27 16:00,2025-10-27 16:45,2025-10-27 16:15,2025-10-27 16:30,15.0,full overlap,Low,Conference Room B,Conference Room B
CONF_0642,P013,Design Review,Tech Sharing,2025-10-27 16:15,2025-10-27 16:30,2025-10-27 16:09,2025-10-27 17:03,2025-10-27 16:15,2025-10-27 16:30,15.0,full overlap,Low,Conference Room B,Training Room
CONF_0643,P013,Requirements Analysis,Meeting,2025-10-27 11:30,2025-10-27 11:45,2025-10-27 11:15,2025-10-27 12:00,2025-10-27 11:30,2025-10-27 11:45,15.0,full overlap,Low,R&D Center,Demo Hall
CONF_0644,P013,Training,Team Building,2025-10-28 13:30,2025-10-28 14:15,2025-10-28 13:55,2025-10-28 14:48,2025-10-28 13:55,2025-10-28 14:15,20.0,partial overlap,Low,Office Area 2,Conference Room C
CONF_0645,P013,Product Demo,Tech Sharing,2025-10-27 16:00,2025-10-27 16:45,2025-10-27 16:09,2025-10-27 17:03,2025-10-27 16:09,2025-10-27 16:45,36.0,partial overlap,Medium,Conference Room B,Training Room
CONF_0646,P013,Tech Sharing,Product Demo,2025-10-30 09:15,2025-10-30 09:45,2025-10-30 09:30,2025-10-30 10:15,2025-10-30 09:30,2025-10-30 09:45,15.0,partial overlap,Low,Office Area 1,Conference Room B
CONF_0647,P013,Code Review,Product Demo,2025-10-29 17:45,2025-10-29 18:30,2025-10-29 18:11,2025-10-29 18:36,2025-10-29 18:11,2025-10-29 18:30,19.0,partial overlap,Low,Demo Hall,Client Reception
CONF_0648,P013,Brainstorming,Project Discussion,2025-10-29 13:15,2025-10-29 14:00,2025-10-29 13:28,2025-10-29 14:01,2025-10-29 13:28,2025-10-29 14:00,32.0,partial overlap,Medium,Office Area 1,R&D Center
CONF_0649,P013,Brainstorming,Project Discussion,2025-10-29 08:45,2025-10-29 09:00,2025-10-29 08:50,2025-10-29 09:08,2025-10-29 08:50,2025-10-29 09:00,10.0,partial overlap,Low,Conference Room C,Client Reception
CONF_0650,P014,One-on-One,Operations Check,2025-10-26 10:45,2025-10-26 11:15,2025-10-26 11:00,2025-10-26 11:45,2025-10-26 11:00,2025-10-26 11:15,15.0,partial overlap,Low,Cafe,Conference Room C
CONF_0651,P014,Testing Acceptance,Design Review,2025-10-20 15:00,2025-10-20 15:30,2025-10-20 15:00,2025-10-20 15:45,2025-10-20 15:00,2025-10-20 15:30,30.0,full overlap,Medium,Office Area 1,Break Room
CONF_0652,P014,Testing Acceptance,Client Visit,2025-10-20 15:00,2025-10-20 15:30,2025-10-20 15:23,2025-10-20 15:42,2025-10-20 15:23,2025-10-20 15:30,7.0,partial overlap,Low,Office Area 1,Conference Room C
CONF_0653,P014,Design Review,Client Visit,2025-10-20 15:00,2025-10-20 15:45,2025-10-20 15:23,2025-10-20 15:42,2025-10-20 15:23,2025-10-20 15:42,19.0,full overlap,Low,Break Room,Conference Room C
CONF_0654,P014,One-on-One,Client Visit,2025-10-20 11:00,2025-10-20 11:45,2025-10-20 11:19,2025-10-20 11:44,2025-10-20 11:19,2025-10-20 11:44,25.0,full overlap,Low,Online Meeting,Demo Hall
CONF_0655,P014,Tech Sharing,Brainstorming,2025-10-27 18:15,2025-10-27 19:00,2025-10-27 18:38,2025-10-27 19:32,2025-10-27 18:38,2025-10-27 19:00,22.0,partial overlap,Low,Break Room,Office Area 1
CONF_0656,P014,Meeting,Requirements Analysis,2025-10-25 12:00,2025-10-25 12:45,2025-10-25 12:15,2025-10-25 12:30,2025-10-25 12:15,2025-10-25 12:30,15.0,full overlap,Low,Conference Room C,Demo Hall
CONF_0657,P014,Brainstorming,Requirements Analysis,2025-10-27 08:30,2025-10-27 08:45,2025-10-27 08:30,2025-10-27 09:00,2025-10-27 08:30,2025-10-27 08:45,15.0,full overlap,Low,Conference Room B,Training Room
CONF_0658,P014,Project Discussion,One-on-One,2025-10-25 16:15,2025-10-25 17:00,2025-10-25 16:08,2025-10-25 16:36,2025-10-25 16:15,2025-10-25 16:36,21.0,partial overlap,Low,Remote,Cafe
CONF_0659,P014,Design Review,One-on-One,2025-10-25 15:45,2025-10-25 16:15,2025-10-25 16:08,2025-10-25 16:36,2025-10-25 16:08,2025-10-25 16:15,7.0,partial overlap,Low,Office Area 1,Cafe
CONF_0660,P014,Product Demo,One-on-One,2025-10-30 16:45,2025-10-30 17:30,2025-10-30 16:30,2025-10-30 17:15,2025-10-30 16:45,2025-10-30 17:15,30.0,partial overlap,Medium,Conference Room A,Online Meeting
CONF_0661,P014,Product Demo,Code Review,2025-10-30 16:45,2025-10-30 17:30,2025-10-30 16:21,2025-10-30 17:12,2025-10-30 16:45,2025-10-30 17:12,27.0,partial overlap,Low,Conference Room A,Office Area 1
CONF_0662,P014,Product Demo,Training,2025-10-30 16:45,2025-10-30 17:30,2025-10-30 16:57,2025-10-30 17:50,2025-10-30 16:57,2025-10-30 17:30,33.0,partial overlap,Medium,Conference Room A,Conference Room C
CONF_0663,P014,One-on-One,Project Discussion,2025-10-30 16:30,2025-10-30 17:15,2025-10-30 16:15,2025-10-30 16:45,2025-10-30 16:30,2025-10-30 16:45,15.0,partial overlap,Low,Online Meeting,R&D Center
CONF_0664,P014,One-on-One,Code Review,2025-10-30 16:30,2025-10-30 17:15,2025-10-30 16:21,2025-10-30 17:12,2025-10-30 16:30,2025-10-30 17:12,42.0,partial overlap,Medium,Online Meeting,Office Area 1
CONF_0665,P014,One-on-One,Training,2025-10-30 16:30,2025-10-30 17:15,2025-10-30 16:57,2025-10-30 17:50,2025-10-30 16:57,2025-10-30 17:15,18.0,partial overlap,Low,Online Meeting,Conference Room C
CONF_0666,P014,Project Discussion,Code Review,2025-10-30 16:15,2025-10-30 16:45,2025-10-30 16:21,2025-10-30 17:12,2025-10-30 16:21,2025-10-30 16:45,24.0,partial overlap,Low,R&D Center,Office Area 1
CONF_0667,P014,Requirements Analysis,Client Visit,2025-10-26 12:30,2025-10-26 13:15,2025-10-26 12:47,2025-10-26 13:22,2025-10-26 12:47,2025-10-26 13:15,28.0,partial overlap,Low,Product Showcase,Test Lab
CONF_0668,P015,Code Review,Team Building,2025-10-25 18:00,2025-10-25 18:30,2025-10-25 18:15,2025-10-25 18:45,2025-10-25 18:15,2025-10-25 18:30,15.0,partial overlap,Low,Training Room,Remote
CONF_0669,P015,Code Review,Testing Acceptance,2025-10-25 18:00,2025-10-25 18:30,2025-10-25 18:14,2025-10-25 18:57,2025-10-25 18:14,2025-10-25 18:30,16.0,partial overlap,Low,Training Room,Test Lab
CONF_0670,P015,Product Demo,Operations Check,2025-10-25 08:15,2025-10-25 09:00,2025-10-25 08:30,2025-10-25 09:00,2025-10-25 08:30,2025-10-25 09:00,30.0,full overlap,Medium,Remote,Product Showcase
CONF_0671,P015,Product Demo,Product Demo,2025-10-25 08:15,2025-10-25 09:00,2025-10-25 08:30,2025-10-25 09:15,2025-10-25 08:30,2025-10-25 09:00,30.0,partial overlap,Medium,Remote,Training Room
CONF_0672,P015,Product Demo,Operations Check,2025-10-25 08:15,2025-10-25 09:00,2025-10-25 08:52,2025-10-25 09:21,2025-10-25 08:52,2025-10-25 09:00,8.0,partial overlap,Low,Remote,Conference Room B
CONF_0673,P015,Operations Check,Product Demo,2025-10-25 08:30,2025-10-25 09:00,2025-10-25 08:30,2025-10-25 09:15,2025-10-25 08:30,2025-10-25 09:00,30.0,full overlap,Medium,Product Showcase,Training Room
CONF_0674,P015,Operations Check,Operations Check,2025-10-25 08:30,2025-10-25 09:00,2025-10-25 08:52,2025-10-25 09:21,2025-10-25 08:52,2025-10-25 09:00,8.0,partial overlap,Low,Product Showcase,Conference Room B
CONF_0675,P015,Meeting,Requirements Analysis,2025-10-24 09:00,2025-10-24 09:45,2025-10-24 09:15,2025-10-24 09:45,2025-10-24 09:15,2025-10-24 09:45,30.0,full overlap,Medium,Conference Room B,Demo Hall
CONF_0676,P015,Meeting,Brainstorming,2025-10-24 09:00,2025-10-24 09:45,2025-10-24 09:05,2025-10-24 09:41,2025-10-24 09:05,2025-10-24 09:41,36.0,full overlap,Medium,Conference Room B,Demo Hall
CONF_0677,P015,Code Review,Testing Acceptance,2025-10-28 13:00,2025-10-28 13:30,2025-10-28 13:15,2025-10-28 13:45,2025-10-28 13:15,2025-10-28 13:30,15.0,partial overlap,Low,Office Area 2,Test Lab
CONF_0678,P015,Team Building,Testing Acceptance,2025-10-25 18:15,2025-10-25 18:45,2025-10-25 18:14,2025-10-25 18:57,2025-10-25 18:15,2025-10-25 18:45,30.0,full overlap,Medium,Remote,Test Lab
CONF_0679,P015,Requirements Analysis,Brainstorming,2025-10-24 09:15,2025-10-24 09:45,2025-10-24 09:05,2025-10-24 09:41,2025-10-24 09:15,2025-10-24 09:41,26.0,partial overlap,Low,Demo Hall,Demo Hall
CONF_0680,P015,Training,Brainstorming,2025-10-25 18:45,2025-10-25 19:15,2025-10-25 18:57,2025-10-25 19:14,2025-10-25 18:57,2025-10-25 19:14,17.0,full overlap,Low,R&D Center,Online Meeting
CONF_0681,P015,Training,Testing Acceptance,2025-10-25 18:45,2025-10-25 19:15,2025-10-25 18:14,2025-10-25 18:57,2025-10-25 18:45,2025-10-25 18:57,12.0,partial overlap,Low,R&D Center,Test Lab
CONF_0682,P015,Team Building,One-on-One,2025-10-24 10:45,2025-10-24 11:30,2025-10-24 10:57,2025-10-24 11:30,2025-10-24 10:57,2025-10-24 11:30,33.0,full overlap,Medium,R&D Center,Demo Hall
CONF_0683,P015,Training,Brainstorming,2025-10-31 09:15,2025-10-31 09:30,2025-10-31 09:15,2025-10-31 09:30,2025-10-31 09:15,2025-10-31 09:30,15.0,full overlap,Low,Office Area 2,R&D Center
CONF_0684,P015,Product Demo,Operations Check,2025-10-25 08:30,2025-10-25 09:15,2025-10-25 08:52,2025-10-25 09:21,2025-10-25 08:52,2025-10-25 09:15,23.0,partial overlap,Low,Training Room,Conference Room B
CONF_0685,P015,Meeting,Design Review,2025-11-01 17:15,2025-11-01 17:30,2025-11-01 17:00,2025-11-01 18:00,2025-11-01 17:15,2025-11-01 17:30,15.0,full overlap,Low,Office Area 2,Office Area 1
CONF_0686,P015,Meeting,One-on-One,2025-11-01 17:15,2025-11-01 17:30,2025-11-01 17:17,2025-11-01 18:01,2025-11-01 17:17,2025-11-01 17:30,13.0,partial overlap,Low,Office Area 2,Product Showcase
CONF_0687,P015,Meeting,Testing Acceptance,2025-11-01 17:15,2025-11-01 17:30,2025-11-01 17:21,2025-11-01 17:45,2025-11-01 17:21,2025-11-01 17:30,9.0,partial overlap,Low,Office Area 2,Conference Room A
CONF_0688,P015,Requirements Analysis,Design Review,2025-11-01 17:45,2025-11-01 18:15,2025-11-01 17:00,2025-11-01 18:00,2025-11-01 17:45,2025-11-01 18:00,15.0,partial overlap,Low,Conference Room B,Office Area 1
CONF_0689,P015,Requirements Analysis,One-on-One,2025-11-01 17:45,2025-11-01 18:15,2025-11-01 17:17,2025-11-01 18:01,2025-11-01 17:45,2025-11-01 18:01,16.0,partial overlap,Low,Conference Room B,Product Showcase
CONF_0690,P015,Requirements Analysis,Brainstorming,2025-11-01 17:45,2025-11-01 18:15,2025-11-01 17:33,2025-11-01 18:17,2025-11-01 17:45,2025-11-01 18:15,30.0,full overlap,Medium,Conference Room B,Training Room
CONF_0691,P015,Requirements Analysis,Requirements Analysis,2025-11-01 17:45,2025-11-01 18:15,2025-11-01 17:46,2025-11-01 18:46,2025-11-01 17:46,2025-11-01 18:15,29.0,partial overlap,Low,Conference Room B,Training Room
CONF_0692,P016,Client Visit,One-on-One,2025-10-23 14:45,2025-10-23 15:30,2025-10-23 15:15,2025-10-23 15:30,2025-10-23 15:15,2025-10-23 15:30,15.0,full overlap,Low,Office Area 1,Conference Room B
CONF_0693,P016,Deployment,Product Demo,2025-10-25 10:30,2025-10-25 11:15,2025-10-25 10:45,2025-10-25 11:30,2025-10-25 10:45,2025-10-25 11:15,30.0,partial overlap,Medium,Break Room,Conference Room C
CONF_0694,P016,Requirements Analysis,Product Demo,2025-10-25 09:15,2025-10-25 09:30,2025-10-25 09:00,2025-10-25 09:45,2025-10-25 09:15,2025-10-25 09:30,15.0,full overlap,Low,Cafe,Test Lab
CONF_0695,P016,Operations Check,Client Visit,2025-10-26 09:30,2025-10-26 10:00,2025-10-26 09:35,2025-10-26 09:54,2025-10-26 09:35,2025-10-26 09:54,19.0,full overlap,Low,Test Lab,Conference Room B
CONF_0696,P016,Design Review,Design Review,2025-10-25 16:00,2025-10-25 16:30,2025-10-25 16:00,2025-10-25 16:30,2025-10-25 16:00,2025-10-25 16:30,30.0,full overlap,Medium,Conference Room A,Conference Room B
CONF_0697,P016,Deployment,Meeting,2025-10-21 16:00,2025-10-21 16:45,2025-10-21 15:58,2025-10-21 16:55,2025-10-21 16:00,2025-10-21 16:45,45.0,full overlap,Medium,Conference Room B,Remote
CONF_0698,P016,Training,Testing Acceptance,2025-10-24 11:45,2025-10-24 12:30,2025-10-24 12:15,2025-10-24 12:30,2025-10-24 12:15,2025-10-24 12:30,15.0,full overlap,Low,Training Room,Conference Room A
CONF_0699,P016,Deployment,Requirements Analysis,2025-10-22 08:00,2025-10-22 08:30,2025-10-22 08:06,2025-10-22 09:05,2025-10-22 08:06,2025-10-22 08:30,24.0,partial overlap,Low,Demo Hall,Break Room
CONF_0700,P016,Deployment,Testing Acceptance,2025-10-22 08:00,2025-10-22 08:30,2025-10-22 08:29,2025-10-22 09:02,2025-10-22 08:29,2025-10-22 08:30,1.0,partial overlap,Low,Demo Hall,Demo Hall
CONF_0701,P016,Testing Acceptance,Meeting,2025-10-21 15:45,2025-10-21 16:00,2025-10-21 15:58,2025-10-21 16:55,2025-10-21 15:58,2025-10-21 16:00,2.0,partial overlap,Low,Conference Room C,Remote
CONF_0702,P016,Requirements Analysis,Brainstorming,2025-10-22 09:30,2025-10-22 09:45,2025-10-22 09:15,2025-10-22 09:45,2025-10-22 09:30,2025-10-22 09:45,15.0,full overlap,Low,Conference Room A,Product Showcase
CONF_0703,P016,Requirements Analysis,Deployment,2025-10-22 09:30,2025-10-22 09:45,2025-10-22 09:41,2025-10-22 10:20,2025-10-22 09:41,2025-10-22 09:45,4.0,partial overlap,Low,Conference Room A,Cafe
CONF_0704,P016,Testing Acceptance,Design Review,2025-10-27 13:00,2025-10-27 13:45,2025-10-27 12:30,2025-10-27 13:15,2025-10-27 13:00,2025-10-27 13:15,15.0,partial overlap,Low,Cafe,Client Reception
CONF_0705,P016,Tech Sharing,Project Discussion,2025-10-26 14:00,2025-10-26 14:15,2025-10-26 14:10,2025-10-26 14:48,2025-10-26 14:10,2025-10-26 14:15,5.0,partial overlap,Low,Demo Hall,Online Meeting
CONF_0706,P016,Brainstorming,Deployment,2025-10-22 09:15,2025-10-22 09:45,2025-10-22 09:41,2025-10-22 10:20,2025-10-22 09:41,2025-10-22 09:45,4.0,partial overlap,Low,Product Showcase,Cafe
CONF_0707,P016,Requirements Analysis,Project Discussion,2025-10-26 14:45,2025-10-26 15:00,2025-10-26 14:10,2025-10-26 14:48,2025-10-26 14:45,2025-10-26 14:48,3.0,partial overlap,Low,Break Room,Online Meeting
CONF_0708,P016,Team Building,Design Review,2025-10-25 15:30,2025-10-25 15:45,2025-10-25 15:37,2025-10-25 15:58,2025-10-25 15:37,2025-10-25 15:45,8.0,partial overlap,Low,Break Room,Product Showcase
CONF_0709,P016,Team Building,One-on-One,2025-10-27 13:45,2025-10-27 14:30,2025-10-27 13:45,2025-10-27 14:30,2025-10-27 13:45,2025-10-27 14:30,45.0,full overlap,Medium,R&D Center,Product Showcase
CONF_0710,P017,Project Discussion,Meeting,2025-10-27 08:30,2025-10-27 09:00,2025-10-27 08:45,2025-10-27 09:15,2025-10-27 08:45,2025-10-27 09:00,15.0,partial overlap,Low,Client Reception,Conference Room C
CONF_0711,P017,Project Discussion,Code Review,2025-10-27 08:30,2025-10-27 09:00,2025-10-27 08:45,2025-10-27 09:30,2025-10-27 08:45,2025-10-27 09:00,15.0,partial overlap,Low,Client Reception,Break Room
CONF_0712,P017,Meeting,Code Review,2025-10-27 08:45,2025-10-27 09:15,2025-10-27 08:45,2025-10-27 09:30,2025-10-27 08:45,2025-10-27 09:15,30.0,full overlap,Medium,Conference Room C,Break Room
CONF_0713,P017,One-on-One,Client Visit,2025-10-28 09:45,2025-10-28 10:15,2025-10-28 09:53,2025-10-28 10:16,2025-10-28 09:53,2025-10-28 10:15,22.0,partial overlap,Low,R&D Center,Conference Room C
CONF_0714,P017,Meeting,Product Demo,2025-10-29 18:45,2025-10-29 19:30,2025-10-29 18:30,2025-10-29 19:15,2025-10-29 18:45,2025-10-29 19:15,30.0,partial overlap,Medium,Remote,Cafe
CONF_0715,P017,Deployment,Tech Sharing,2025-10-28 11:15,2025-10-28 11:30,2025-10-28 10:45,2025-10-28 11:30,2025-10-28 11:15,2025-10-28 11:30,15.0,full overlap,Low,Break Room,Office Area 1
CONF_0716,P017,Tech Sharing,One-on-One,2025-10-26 17:00,2025-10-26 17:15,2025-10-26 16:45,2025-10-26 17:30,2025-10-26 17:00,2025-10-26 17:15,15.0,full overlap,Low,Demo Hall,Product Showcase
CONF_0717,P017,Client Visit,Tech Sharing,2025-10-23 10:15,2025-10-23 11:00,2025-10-23 10:33,2025-10-23 10:56,2025-10-23 10:33,2025-10-23 10:56,23.0,full overlap,Low,Test Lab,Product Showcase
CONF_0718,P017,One-on-One,Tech Sharing,2025-10-24 17:15,2025-10-24 18:00,2025-10-24 17:32,2025-10-24 18:29,2025-10-24 17:32,2025-10-24 18:00,28.0,partial overlap,Low,Office Area 1,Demo Hall
CONF_0719,P017,Training,Deployment,2025-10-30 13:00,2025-10-30 13:30,2025-10-30 13:19,2025-10-30 13:52,2025-10-30 13:19,2025-10-30 13:30,11.0,partial overlap,Low,Conference Room B,Office Area 1
CONF_0720,P017,Meeting,Code Review,2025-10-25 11:15,2025-10-25 12:00,2025-10-25 11:45,2025-10-25 12:30,2025-10-25 11:45,2025-10-25 12:00,15.0,partial overlap,Low,Office Area 2,Client Reception
CONF_0721,P017,Team Building,Client Visit,2025-10-28 10:15,2025-10-28 10:30,2025-10-28 09:53,2025-10-28 10:16,2025-10-28 10:15,2025-10-28 10:16,1.0,partial overlap,Low,Office Area 1,Conference Room C
CONF_0722,P017,Testing Acceptance,Client Visit,2025-10-31 16:45,2025-10-31 17:30,2025-10-31 16:57,2025-10-31 17:32,2025-10-31 16:57,2025-10-31 17:30,33.0,partial overlap,Medium,Client Reception,Conference Room A
CONF_0723,P018,Training,Client Visit,2025-10-23 13:00,2025-10-23 13:45,2025-10-23 13:15,2025-10-23 13:45,2025-10-23 13:15,2025-10-23 13:45,30.0,full overlap,Medium,Remote,Office Area 2
CONF_0724,P018,Training,Client Visit,2025-10-23 13:00,2025-10-23 13:45,2025-10-23 13:15,2025-10-23 13:30,2025-10-23 13:15,2025-10-23 13:30,15.0,full overlap,Low,Remote,Client Reception
CONF_0725,P018,One-on-One,Testing Acceptance,2025-10-24 08:00,2025-10-24 08:45,2025-10-24 08:00,2025-10-24 08:15,2025-10-24 08:00,2025-10-24 08:15,15.0,full overlap,Low,Office Area 2,Product Showcase
CONF_0726,P018,Client Visit,Project Discussion,2025-10-26 11:45,2025-10-26 12:15,2025-10-26 12:00,2025-10-26 12:30,2025-10-26 12:00,2025-10-26 12:15,15.0,partial overlap,Low,Test Lab,Conference Room A
CONF_0727,P018,Client Visit,Operations Check,2025-10-26 11:45,2025-10-26 12:15,2025-10-26 11:30,2025-10-26 12:15,2025-10-26 11:45,2025-10-26 12:15,30.0,full overlap,Medium,Test Lab,Conference Room C
CONF_0728,P018,Client Visit,Project Discussion,2025-10-26 11:45,2025-10-26 12:15,2025-10-26 11:37,2025-10-26 12:21,2025-10-26 11:45,2025-10-26 12:15,30.0,full overlap,Medium,Test Lab,Online Meeting
CONF_0729,P018,Client Visit,Client Visit,2025-10-23 13:15,2025-10-23 13:45,2025-10-23 13:15,2025-10-23 13:30,2025-10-23 13:15,2025-10-23 13:30,15.0,full overlap,Low,Office Area 2,Client Reception
CONF_0730,P018,Deployment,Meeting,2025-10-24 13:15,2025-10-24 14:00,2025-10-24 12:36,2025-10-24 13:36,2025-10-24 13:15,2025-10-24 13:36,21.0,partial overlap,Low,Conference Room C,Product Showcase
CONF_0731,P018,Code Review,Meeting,2025-10-24 12:30,2025-10-24 12:45,2025-10-24 12:36,2025-10-24 13:36,2025-10-24 12:36,2025-10-24 12:45,9.0,partial overlap,Low,Demo Hall,Product Showcase
CONF_0732,P018,Project Discussion,Brainstorming,2025-10-28 12:15,2025-10-28 12:30,2025-10-28 12:15,2025-10-28 12:30,2025-10-28 12:15,2025-10-28 12:30,15.0,full overlap,Low,Cafe,Office Area 2
CONF_0733,P018,Tech Sharing,Meeting,2025-10-23 13:45,2025-10-23 14:15,2025-10-23 14:03,2025-10-23 14:21,2025-10-23 14:03,2025-10-23 14:15,12.0,partial overlap,Low,Training Room,Conference Room A
CONF_0734,P018,Tech Sharing,Brainstorming,2025-10-23 13:45,2025-10-23 14:15,2025-10-23 13:57,2025-10-23 14:45,2025-10-23 13:57,2025-10-23 14:15,18.0,partial overlap,Low,Training Room,Client Reception
CONF_0735,P018,Requirements Analysis,Meeting,2025-10-24 12:45,2025-10-24 13:15,2025-10-24 12:36,2025-10-24 13:36,2025-10-24 12:45,2025-10-24 13:15,30.0,full overlap,Medium,Cafe,Product Showcase
CONF_0736,P018,Project Discussion,Operations Check,2025-10-26 12:00,2025-10-26 12:30,2025-10-26 11:30,2025-10-26 12:15,2025-10-26 12:00,2025-10-26 12:15,15.0,partial overlap,Low,Conference Room A,Conference Room C
CONF_0737,P018,Project Discussion,Project Discussion,2025-10-26 12:00,2025-10-26 12:30,2025-10-26 11:37,2025-10-26 12:21,2025-10-26 12:00,2025-10-26 12:21,21.0,partial overlap,Low,Conference Room A,Online Meeting
CONF_0738,P018,Code Review,Operations Check,2025-10-28 16:30,2025-10-28 17:00,2025-10-28 16:50,2025-10-28 17:14,2025-10-28 16:50,2025-10-28 17:00,10.0,partial overlap,Low,Demo Hall,Test Lab
CONF_0739,P018,Operations Check,Project Discussion,2025-10-26 11:30,2025-10-26 12:15,2025-10-26 11:37,2025-10-26 12:21,2025-10-26 11:37,2025-10-26 12:15,38.0,partial overlap,Medium,Conference Room C,Online Meeting
CONF_0740,P018,Meeting,Product Demo,2025-10-27 13:45,2025-10-27 14:30,2025-10-27 13:54,2025-10-27 14:21,2025-10-27 13:54,2025-10-27 14:21,27.0,full overlap,Low,Remote,Test Lab
CONF_0741,P019,Tech Sharing,Operations Check,2025-10-24 10:45,2025-10-24 11:00,2025-10-24 10:45,2025-10-24 11:15,2025-10-24 10:45,2025-10-24 11:00,15.0,full overlap,Low,Cafe,Test Lab
CONF_0742,P019,Training,Product Demo,2025-10-23 11:00,2025-10-23 11:30,2025-10-23 11:05,2025-10-23 11:35,2025-10-23 11:05,2025-10-23 11:30,25.0,partial overlap,Low,Remote,Remote
CONF_0743,P019,Client Visit,Brainstorming,2025-10-27 14:15,2025-10-27 14:45,2025-10-27 14:30,2025-10-27 15:15,2025-10-27 14:30,2025-10-27 14:45,15.0,partial overlap,Low,Demo Hall,Conference Room B
CONF_0744,P019,Code Review,One-on-One,2025-10-23 17:30,2025-10-23 18:15,2025-10-23 17:30,2025-10-23 18:00,2025-10-23 17:30,2025-10-23 18:00,30.0,full overlap,Medium,Cafe,Conference Room C
CONF_0745,P019,Client Visit,Product Demo,2025-10-29 14:00,2025-10-29 14:30,2025-10-29 13:45,2025-10-29 14:16,2025-10-29 14:00,2025-10-29 14:16,16.0,partial overlap,Low,Remote,Product Showcase
CONF_0746,P019,Design Review,Product Demo,2025-10-28 11:00,2025-10-28 11:15,2025-10-28 11:00,2025-10-28 11:45,2025-10-28 11:00,2025-10-28 11:15,15.0,full overlap,Low,Conference Room B,Cafe
CONF_0747,P019,Design Review,Client Visit,2025-10-28 11:00,2025-10-28 11:15,2025-10-28 10:45,2025-10-28 11:30,2025-10-28 11:00,2025-10-28 11:15,15.0,full overlap,Low,Conference Room B,Conference Room C
CONF_0748,P019,Product Demo,Team Building,2025-10-26 12:00,2025-10-26 12:45,2025-10-26 11:30,2025-10-26 12:15,2025-10-26 12:00,2025-10-26 12:15,15.0,partial overlap,Low,Break Room,Demo Hall
CONF_0749,P019,Testing Acceptance,Meeting,2025-10-30 08:30,2025-10-30 09:00,2025-10-30 08:47,2025-10-30 09:12,2025-10-30 08:47,2025-10-30 09:00,13.0,partial overlap,Low,Remote,Conference Room A
CONF_0750,P019,Product Demo,Team Building,2025-10-28 11:00,2025-10-28 11:45,2025-10-28 11:15,2025-10-28 11:30,2025-10-28 11:15,2025-10-28 11:30,15.0,full overlap,Low,Cafe,Test Lab
CONF_0751,P019,Product Demo,Client Visit,2025-10-28 11:00,2025-10-28 11:45,2025-10-28 10:45,2025-10-28 11:30,2025-10-28 11:00,2025-10-28 11:30,30.0,partial overlap,Medium,Cafe,Conference Room C
CONF_0752,P019,Team Building,Client Visit,2025-10-28 11:15,2025-10-28 11:30,2025-10-28 10:45,2025-10-28 11:30,2025-10-28 11:15,2025-10-28 11:30,15.0,full overlap,Low,Test Lab,Conference Room C
CONF_0753,P019,Brainstorming,Training,2025-10-27 14:30,2025-10-27 15:15,2025-10-27 14:45,2025-10-27 15:29,2025-10-27 14:45,2025-10-27 15:15,30.0,partial overlap,Medium,Conference Room B,Conference Room C
CONF_0754,P019,Brainstorming,One-on-One,2025-10-27 14:30,2025-10-27 15:15,2025-10-27 14:56,2025-10-27 15:12,2025-10-27 14:56,2025-10-27 15:12,16.0,full overlap,Low,Conference Room B,Training Room
CONF_0755,P020,Design Review,Training,2025-10-27 09:00,2025-10-27 09:30,2025-10-27 09:00,2025-10-27 09:30,2025-10-27 09:00,2025-10-27 09:30,30.0,full overlap,Medium,Conference Room B,Demo Hall
CONF_0756,P020,One-on-One,Tech Sharing,2025-10-24 15:30,2025-10-24 15:45,2025-10-24 15:00,2025-10-24 15:45,2025-10-24 15:30,2025-10-24 15:45,15.0,full overlap,Low,Product Showcase,Test Lab
CONF_0757,P020,Code Review,Meeting,2025-10-28 16:30,2025-10-28 17:15,2025-10-28 17:00,2025-10-28 17:15,2025-10-28 17:00,2025-10-28 17:15,15.0,full overlap,Low,Training Room,Training Room
CONF_0758,P020,Team Building,One-on-One,2025-10-29 11:30,2025-10-29 12:00,2025-10-29 11:45,2025-10-29 12:30,2025-10-29 11:45,2025-10-29 12:00,15.0,partial overlap,Low,Client Reception,Demo Hall
CONF_0759,P020,Testing Acceptance,Team Building,2025-10-28 18:45,2025-10-28 19:30,2025-10-28 18:45,2025-10-28 19:15,2025-10-28 18:45,2025-10-28 19:15,30.0,full overlap,Medium,Online Meeting,Break Room
CONF_0760,P020,Testing Acceptance,Deployment,2025-10-28 18:45,2025-10-28 19:30,2025-10-28 19:11,2025-10-28 19:37,2025-10-28 19:11,2025-10-28 19:30,19.0,partial overlap,Low,Online Meeting,Training Room
CONF_0761,P020,Deployment,Client Visit,2025-10-28 08:30,2025-10-28 09:15,2025-10-28 09:00,2025-10-28 09:15,2025-10-28 09:00,2025-10-28 09:15,15.0,full overlap,Low,Test Lab,Demo Hall
CONF_0762,P020,Training,Testing Acceptance,2025-10-29 13:00,2025-10-29 13:30,2025-10-29 13:15,2025-10-29 13:45,2025-10-29 13:15,2025-10-29 13:30,15.0,partial overlap,Low,Office Area 1,Online Meeting
CONF_0763,P020,Team Building,Deployment,2025-10-28 18:45,2025-10-28 19:15,2025-10-28 19:11,2025-10-28 19:37,2025-10-28 19:11,2025-10-28 19:15,4.0,partial overlap,Low,Break Room,Training Room
CONF_0764,P020,Testing Acceptance,Requirements Analysis,2025-10-26 09:45,2025-10-26 10:00,2025-10-26 09:45,2025-10-26 10:15,2025-10-26 09:45,2025-10-26 10:00,15.0,full overlap,Low,Remote,Break Room
CONF_0765,P020,Client Visit,Deployment,2025-10-29 16:30,2025-10-29 17:15,2025-10-29 16:37,2025-10-29 17:29,2025-10-29 16:37,2025-10-29 17:15,38.0,partial overlap,Medium,Client Reception,Demo Hall
CONF_0766,P020,Testing Acceptance,Tech Sharing,2025-10-29 13:15,2025-10-29 13:45,2025-10-29 13:30,2025-10-29 15:00,2025-10-29 13:30,2025-10-29 13:45,15.0,partial overlap,Low,Online Meeting,Test Lab
CONF_0767,P005,Design Review,Code Review,2025-10-28 15:51,2025-10-28 16:17,2025-10-28 16:02,2025-10-28 16:57,2025-10-28 16:02,2025-10-28 16:17,15.0,partial overlap,Low,Office Area 1,Office Area 2
CONF_0768,P005,Design Review,Tech Sharing,2025-10-28 15:51,2025-10-28 16:17,2025-10-28 16:08,2025-10-28 17:03,2025-10-28 16:08,2025-10-28 16:17,9.0,partial overlap,Low,Office Area 1,Demo Hall
CONF_0769,P008,Requirements Analysis,Testing Acceptance,2025-10-25 09:42,2025-10-25 10:27,2025-10-25 10:01,2025-10-25 10:43,2025-10-25 10:01,2025-10-25 10:27,26.0,partial overlap,Low,Cafe,Conference Room A
CONF_0770,P014,Code Review,Training,2025-10-30 16:21,2025-10-30 17:12,2025-10-30 16:57,2025-10-30 17:50,2025-10-30 16:57,2025-10-30 17:12,15.0,partial overlap,Low,Office Area 1,Conference Room C
CONF_0771,P018,Meeting,Brainstorming,2025-10-23 14:03,2025-10-23 14:21,2025-10-23 13:57,2025-10-23 14:45,2025-10-23 14:03,2025-10-23 14:21,18.0,full overlap,Low,Conference Room A,Client Reception
CONF_0772,P019,Training,One-on-One,2025-10-27 14:45,2025-10-27 15:29,2025-10-27 14:56,2025-10-27 15:12,2025-10-27 14:56,2025-10-27 15:12,16.0,full overlap,Low,Conference Room C,Training Room
CONF_0773,P016,Requirements Analysis,Testing Acceptance,2025-10-22 08:06,2025-10-22 09:05,2025-10-22 08:29,2025-10-22 09:02,2025-10-22 08:29,2025-10-22 09:02,33.0,full overlap,Medium,Break Room,Demo Hall
CONF_0774,P013,Project Discussion,Deployment,2025-10-29 08:50,2025-10-29 09:08,2025-10-29 09:02,2025-10-29 10:02,2025-10-29 09:02,2025-10-29 09:08,6.0,partial overlap,Low,Client Reception,Demo Hall
CONF_0775,P005,Code Review,Tech Sharing,2025-10-28 16:02,2025-10-28 16:57,2025-10-28 16:08,2025-10-28 17:03,2025-10-28 16:08,2025-10-28 16:57,49.0,partial overlap,Medium,Office Area 2,Demo Hall
CONF_0776,P008,Tech Sharing,Product Demo,2025-10-25 16:21,2025-10-25 16:56,2025-10-25 16:36,2025-10-25 17:11,2025-10-25 16:36,2025-10-25 16:56,20.0,partial overlap,Low,Remote,Office Area 2
CONF_0777,P013,Deployment,Deployment,2025-10-29 09:02,2025-10-29 10:02,2025-10-29 09:13,2025-10-29 10:02,2025-10-29 09:13,2025-10-29 10:02,49.0,full overlap,Medium,Demo Hall,Online Meeting
CONF_0778,P002,Deployment,Tech Sharing,2025-10-30 11:59,2025-10-30 12:46,2025-10-30 12:45,2025-10-30 13:15,2025-10-30 12:45,2025-10-30 12:46,1.0,partial overlap,Low,Conference Room A,R&D Center
CONF_0779,P013,Meeting,Brainstorming,2025-10-23 08:47,2025-10-23 09:32,2025-10-23 09:15,2025-10-23 09:32,2025-10-23 09:15,2025-10-23 09:32,17.0,full overlap,Low,Demo Hall,Conference Room B
CONF_0780,P012,Client Visit,Meeting,2025-10-23 12:36,2025-10-23 13:01,2025-10-23 12:47,2025-10-23 13:22,2025-10-23 12:47,2025-10-23 13:01,14.0,partial overlap,Low,Break Room,Test Lab
CONF_0781,P007,Product Demo,Code Review,2025-10-30 08:40,2025-10-30 09:26,2025-10-30 08:55,2025-10-30 09:14,2025-10-30 08:55,2025-10-30 09:14,19.0,full overlap,Low,Client Reception,Online Meeting
CONF_0782,P001,Tech Sharing,Team Building,2025-10-30 13:17,2025-10-30 14:01,2025-10-30 13:15,2025-10-30 14:45,2025-10-30 13:17,2025-10-30 14:01,44.0,full overlap,Medium,Office Area 1,R&D Center
CONF_0783,P001,One-on-One,Design Review,2025-11-05 18:45,2025-11-05 19:45,2025-11-05 19:05,2025-11-05 19:57,2025-11-05 19:05,2025-11-05 19:45,40.0,partial overlap,Medium,Cafe,Office Area 2
CONF_0784,P001,One-on-One,Training,2025-11-05 18:45,2025-11-05 19:45,2025-11-05 19:17,2025-11-05 19:35,2025-11-05 19:17,2025-11-05 19:35,18.0,full overlap,Low,Cafe,Conference Room B
CONF_0785,P001,Team Building,Requirements Analysis,2025-11-02 16:45,2025-11-02 18:15,2025-11-02 17:30,2025-11-02 18:00,2025-11-02 17:30,2025-11-02 18:00,30.0,full overlap,Medium,Online Meeting,Conference Room A
CONF_0786,P001,Team Building,One-on-One,2025-11-02 16:45,2025-11-02 18:15,2025-11-02 17:45,2025-11-02 18:45,2025-11-02 17:45,2025-11-02 18:15,30.0,partial overlap,Medium,Online Meeting,Conference Room C
CONF_0787,P001,Requirements Analysis,One-on-One,2025-11-02 17:30,2025-11-02 18:00,2025-11-02 17:45,2025-11-02 18:45,2025-11-02 17:45,2025-11-02 18:00,15.0,partial overlap,Low,Conference Room A,Conference Room C
CONF_0788,P002,Project Discussion,Project Discussion,2025-10-29 17:45,2025-10-29 19:15,2025-10-29 18:14,2025-10-29 18:37,2025-10-29 18:14,2025-10-29 18:37,23.0,full overlap,Low,Online Meeting,R&D Center
CONF_0789,P002,Project Discussion,Code Review,2025-11-03 15:00,2025-11-03 16:30,2025-11-03 15:24,2025-11-03 16:08,2025-11-03 15:24,2025-11-03 16:08,44.0,full overlap,Medium,R&D Center,Demo Hall
CONF_0790,P002,Client Visit,Team Building,2025-11-07 18:15,2025-11-07 19:15,2025-11-07 18:45,2025-11-07 19:45,2025-11-07 18:45,2025-11-07 19:15,30.0,partial overlap,Medium,Conference Room B,Conference Room A
CONF_0791,P002,Design Review,Team Building,2025-11-01 11:00,2025-11-01 12:30,2025-11-01 11:20,2025-11-01 12:16,2025-11-01 11:20,2025-11-01 12:16,56.0,full overlap,Medium,Training Room,Office Area 1
CONF_0792,P002,Design Review,Meeting,2025-11-08 14:30,2025-11-08 15:15,2025-11-08 14:46,2025-11-08 15:11,2025-11-08 14:46,2025-11-08 15:11,25.0,full overlap,Low,Client Reception,R&D Center
CONF_0793,P003,Training,Project Discussion,2025-11-02 17:45,2025-11-02 18:30,2025-11-02 18:15,2025-11-02 18:50,2025-11-02 18:15,2025-11-02 18:30,15.0,partial overlap,Low,Cafe,Remote
CONF_0794,P003,Testing Acceptance,Design Review,2025-11-02 13:45,2025-11-02 14:45,2025-11-02 13:30,2025-11-02 14:15,2025-11-02 13:45,2025-11-02 14:15,30.0,partial overlap,Medium,Client Reception,Office Area 2
CONF_0795,P003,Meeting,Requirements Analysis,2025-11-05 14:15,2025-11-05 14:45,2025-11-05 14:00,2025-11-05 14:45,2025-11-05 14:15,2025-11-05 14:45,30.0,full overlap,Medium,Training Room,Conference Room A
CONF_0796,P003,Meeting,Client Visit,2025-11-04 10:15,2025-11-04 11:00,2025-11-04 10:31,2025-11-04 10:46,2025-11-04 10:31,2025-11-04 10:46,15.0,full overlap,Low,Conference Room B,Online Meeting
CONF_0797,P004,Brainstorming,Requirements Analysis,2025-11-03 08:30,2025-11-03 09:15,2025-11-03 08:30,2025-11-03 09:00,2025-11-03 08:30,2025-11-03 09:00,30.0,full overlap,Medium,Remote,Office Area 1
CONF_0798,P004,One-on-One,Brainstorming,2025-11-02 18:15,2025-11-02 19:45,2025-11-02 18:00,2025-11-02 19:00,2025-11-02 18:15,2025-11-02 19:00,45.0,partial overlap,Medium,Training Room,Office Area 2
CONF_0799,P005,Product Demo,One-on-One,2025-11-02 17:00,2025-11-02 17:45,2025-11-02 17:00,2025-11-02 18:30,2025-11-02 17:00,2025-11-02 17:45,45.0,full overlap,Medium,Conference Room A,R&D Center
CONF_0800,P005,Project Discussion,Project Discussion,2025-10-30 09:30,2025-10-30 11:00,2025-10-30 09:44,2025-10-30 10:36,2025-10-30 09:44,2025-10-30 10:36,52.0,full overlap,Medium,Online Meeting,Test Lab
CONF_0801,P005,Product Demo,Product Demo,2025-11-04 09:30,2025-11-04 10:15,2025-11-04 09:00,2025-11-04 10:00,2025-11-04 09:30,2025-11-04 10:00,30.0,partial overlap,Medium,Cafe,Conference Room C
CONF_0802,P005,Training,Requirements Analysis,2025-11-05 13:45,2025-11-05 14:45,2025-11-05 14:05,2025-11-05 14:37,2025-11-05 14:05,2025-11-05 14:37,32.0,full overlap,Medium,Break Room,Conference Room B
CONF_0803,P005,Tech Sharing,Deployment,2025-11-07 16:45,2025-11-07 17:45,2025-11-07 16:57,2025-11-07 17:22,2025-11-07 16:57,2025-11-07 17:22,25.0,full overlap,Low,Conference Room A,Break Room
CONF_0804,P006,One-on-One,Design Review,2025-11-06 18:15,2025-11-06 19:45,2025-11-06 18:21,2025-11-06 18:38,2025-11-06 18:21,2025-11-06 18:38,17.0,full overlap,Low,R&D Center,Conference Room A
CONF_0805,P007,Tech Sharing,Product Demo,2025-11-02 08:15,2025-11-02 09:45,2025-11-02 08:41,2025-11-02 09:15,2025-11-02 08:41,2025-11-02 09:15,34.0,full overlap,Medium,Product Showcase,Conference Room B
CONF_0806,P007,Team Building,Project Discussion,2025-11-04 17:30,2025-11-04 18:00,2025-11-04 17:00,2025-11-04 17:45,2025-11-04 17:30,2025-11-04 17:45,15.0,partial overlap,Low,Demo Hall,Conference Room B
CONF_0807,P007,Team Building,Code Review,2025-11-04 17:30,2025-11-04 18:00,2025-11-04 17:00,2025-11-04 17:45,2025-11-04 17:30,2025-11-04 17:45,15.0,partial overlap,Low,Demo Hall,Conference Room B
CONF_0808,P007,Team Building,Project Discussion,2025-11-04 17:30,2025-11-04 18:00,2025-11-04 17:07,2025-11-04 17:47,2025-11-04 17:30,2025-11-04 17:47,17.0,partial overlap,Low,Demo Hall,Break Room
CONF_0809,P007,Team Building,Client Visit,2025-11-04 17:30,2025-11-04 18:00,2025-11-04 17:07,2025-11-04 17:36,2025-11-04 17:30,2025-11-04 17:36,6.0,partial overlap,Low,Demo Hall,R&D Center
CONF_0810,P007,Team Building,Product Demo,2025-11-04 17:30,2025-11-04 18:00,2025-11-04 17:29,2025-11-04 17:48,2025-11-04 17:30,2025-11-04 17:48,18.0,partial overlap,Low,Demo Hall,Conference Room B
CONF_0811,P007,Project Discussion,Code Review,2025-11-04 17:00,2025-11-04 17:45,2025-11-04 17:00,2025-11-04 17:45,2025-11-04 17:00,2025-11-04 17:45,45.0,full overlap,Medium,Conference Room B,Conference Room B
CONF_0812,P007,Project Discussion,Project Discussion,2025-11-04 17:00,2025-11-04 17:45,2025-11-04 17:07,2025-11-04 17:47,2025-11-04 17:07,2025-11-04 17:45,38.0,partial overlap,Medium,Conference Room B,Break Room
CONF_0813,P007,Project Discussion,Client Visit,2025-11-04 17:00,2025-11-04 17:45,2025-11-04 17:07,2025-11-04 17:36,2025-11-04 17:07,2025-11-04 17:36,29.0,full overlap,Low,Conference Room B,R&D Center
CONF_0814,P007,Project Discussion,Product Demo,2025-11-04 17:00,2025-11-04 17:45,2025-11-04 17:29,2025-11-04 17:48,2025-11-04 17:29,2025-11-04 17:45,16.0,partial overlap,Low,Conference Room B,Conference Room B
CONF_0815,P007,Brainstorming,Project Discussion,2025-11-08 10:30,2025-11-08 11:15,2025-11-08 10:45,2025-11-08 11:45,2025-11-08 10:45,2025-11-08 11:15,30.0,partial overlap,Medium,Training Room,Test Lab
CONF_0816,P007,Brainstorming,Requirements Analysis,2025-11-08 16:45,2025-11-08 17:30,2025-11-08 16:00,2025-11-08 17:00,2025-11-08 16:45,2025-11-08 17:00,15.0,partial overlap,Low,Office Area 2,Remote
CONF_0817,P008,Operations Check,Client Visit,2025-10-30 10:45,2025-10-30 11:15,2025-10-30 10:56,2025-10-30 11:42,2025-10-30 10:56,2025-10-30 11:15,19.0,partial overlap,Low,Test Lab,Break Room
CONF_0818,P008,Tech Sharing,Client Visit,2025-10-30 11:30,2025-10-30 12:15,2025-10-30 10:56,2025-10-30 11:42,2025-10-30 11:30,2025-10-30 11:42,12.0,partial overlap,Low,Office Area 1,Break Room
CONF_0819,P008,Project Discussion,Design Review,2025-10-31 16:00,2025-10-31 17:00,2025-10-31 16:30,2025-10-31 17:09,2025-10-31 16:30,2025-10-31 17:00,30.0,partial overlap,Medium,Break Room,Office Area 2
CONF_0820,P008,Design Review,Testing Acceptance,2025-11-08 11:15,2025-11-08 12:45,2025-11-08 10:45,2025-11-08 11:30,2025-11-08 11:15,2025-11-08 11:30,15.0,partial overlap,Low,Conference Room C,Remote
CONF_0821,P009,Training,Requirements Analysis,2025-11-05 17:15,2025-11-05 18:15,2025-11-05 17:30,2025-11-05 18:15,2025-11-05 17:30,2025-11-05 18:15,45.0,full overlap,Medium,Remote,Conference Room C
CONF_0822,P009,Code Review,Requirements Analysis,2025-11-05 15:15,2025-11-05 16:45,2025-11-05 16:00,2025-11-05 16:30,2025-11-05 16:00,2025-11-05 16:30,30.0,full overlap,Medium,Test Lab,Office Area 1
CONF_0823,P009,Code Review,Brainstorming,2025-11-05 15:15,2025-11-05 16:45,2025-11-05 16:28,2025-11-05 17:09,2025-11-05 16:28,2025-11-05 16:45,17.0,partial overlap,Low,Test Lab,R&D Center
CONF_0824,P009,One-on-One,Deployment,2025-11-01 12:00,2025-11-01 12:45,2025-11-01 12:17,2025-11-01 12:40,2025-11-01 12:17,2025-11-01 12:40,23.0,full overlap,Low,R&D Center,Test Lab
CONF_0825,P010,Project Discussion,Meeting,2025-11-04 08:00,2025-11-04 09:30,2025-11-04 08:00,2025-11-04 08:45,2025-11-04 08:00,2025-11-04 08:45,45.0,full overlap,Medium,Client Reception,Office Area 2
CONF_0826,P010,Project Discussion,Meeting,2025-10-31 08:45,2025-10-31 09:30,2025-10-31 09:15,2025-10-31 10:13,2025-10-31 09:15,2025-10-31 09:30,15.0,partial overlap,Low,Test Lab,Product Showcase
CONF_0827,P010,One-on-One,Team Building,2025-10-31 18:15,2025-10-31 19:00,2025-10-31 18:41,2025-10-31 19:09,2025-10-31 18:41,2025-10-31 19:00,19.0,partial overlap,Low,Conference Room A,Demo Hall
CONF_0828,P011,Client Visit,One-on-One,2025-10-29 11:00,2025-10-29 11:45,2025-10-29 11:10,2025-10-29 11:53,2025-10-29 11:10,2025-10-29 11:45,35.0,partial overlap,Medium,Test Lab,Demo Hall
CONF_0829,P011,Tech Sharing,Testing Acceptance,2025-11-03 16:15,2025-11-03 16:45,2025-11-03 16:38,2025-11-03 16:53,2025-11-03 16:38,2025-11-03 16:45,7.0,partial overlap,Low,Office Area 2,Test Lab
CONF_0830,P011,Code Review,Project Discussion,2025-11-07 09:30,2025-11-07 10:15,2025-11-07 09:45,2025-11-07 10:41,2025-11-07 09:45,2025-11-07 10:15,30.0,partial overlap,Medium,Conference Room C,Conference Room A
CONF_0831,P011,One-on-One,Operations Check,2025-11-01 09:15,2025-11-01 10:15,2025-11-01 09:43,2025-11-01 10:32,2025-11-01 09:43,2025-11-01 10:15,32.0,partial overlap,Medium,Product Showcase,Conference Room C
CONF_0832,P011,One-on-One,Project Discussion,2025-11-01 09:15,2025-11-01 10:15,2025-11-01 10:01,2025-11-01 11:00,2025-11-01 10:01,2025-11-01 10:15,14.0,partial overlap,Low,Product Showcase,Client Reception
CONF_0833,P011,One-on-One,Operations Check,2025-11-01 09:15,2025-11-01 10:15,2025-11-01 10:12,2025-11-01 10:39,2025-11-01 10:12,2025-11-01 10:15,3.0,partial overlap,Low,Product Showcase,Office Area 1
CONF_0834,P012,Project Discussion,One-on-One,2025-11-03 10:30,2025-11-03 11:00,2025-11-03 10:57,2025-11-03 11:40,2025-11-03 10:57,2025-11-03 11:00,3.0,partial overlap,Low,Conference Room A,Office Area 2
CONF_0835,P012,Product Demo,Tech Sharing,2025-11-05 17:45,2025-11-05 18:30,2025-11-05 17:45,2025-11-05 18:30,2025-11-05 17:45,2025-11-05 18:30,45.0,full overlap,Medium,Online Meeting,Remote
CONF_0836,P013,Meeting,Client Visit,2025-11-01 09:30,2025-11-01 10:30,2025-11-01 09:52,2025-11-01 10:48,2025-11-01 09:52,2025-11-01 10:30,38.0,partial overlap,Medium,R&D Center,Test Lab
CONF_0837,P014,Brainstorming,Client Visit,2025-11-02 13:45,2025-11-02 15:15,2025-11-02 13:45,2025-11-02 14:45,2025-11-02 13:45,2025-11-02 14:45,60.0,full overlap,High,Office Area 1,Break Room
CONF_0838,P014,Client Visit,Training,2025-11-08 15:15,2025-11-08 16:00,2025-11-08 15:30,2025-11-08 16:00,2025-11-08 15:30,2025-11-08 16:00,30.0,full overlap,Medium,Product Showcase,Cafe
CONF_0839,P014,Operations Check,Project Discussion,2025-11-04 13:00,2025-11-04 13:45,2025-11-04 13:30,2025-11-04 14:15,2025-11-04 13:30,2025-11-04 13:45,15.0,partial overlap,Low,Test Lab,Conference Room B
CONF_0840,P014,Code Review,Deployment,2025-11-06 14:30,2025-11-06 15:00,2025-11-06 14:15,2025-11-06 15:00,2025-11-06 14:30,2025-11-06 15:00,30.0,full overlap,Medium,Client Reception,Client Reception
CONF_0841,P015,Training,Tech Sharing,2025-11-03 14:30,2025-11-03 15:15,2025-11-03 14:15,2025-11-03 14:45,2025-11-03 14:30,2025-11-03 14:45,15.0,partial overlap,Low,Cafe,Demo Hall
CONF_0842,P015,Design Review,One-on-One,2025-11-01 17:00,2025-11-01 18:00,2025-11-01 17:17,2025-11-01 18:01,2025-11-01 17:17,2025-11-01 18:00,43.0,partial overlap,Medium,Office Area 1,Product Showcase
CONF_0843,P015,Design Review,Brainstorming,2025-11-01 17:00,2025-11-01 18:00,2025-11-01 17:33,2025-11-01 18:17,2025-11-01 17:33,2025-11-01 18:00,27.0,partial overlap,Low,Office Area 1,Training Room
CONF_0844,P015,Design Review,Requirements Analysis,2025-11-01 17:00,2025-11-01 18:00,2025-11-01 17:46,2025-11-01 18:46,2025-11-01 17:46,2025-11-01 18:00,14.0,partial overlap,Low,Office Area 1,Training Room
CONF_0845,P015,Design Review,Testing Acceptance,2025-11-01 17:00,2025-11-01 18:00,2025-11-01 17:21,2025-11-01 17:45,2025-11-01 17:21,2025-11-01 17:45,24.0,full overlap,Low,Office Area 1,Conference Room A
CONF_0846,P015,Client Visit,Requirements Analysis,2025-11-01 18:30,2025-11-01 19:15,2025-11-01 17:46,2025-11-01 18:46,2025-11-01 18:30,2025-11-01 18:46,16.0,partial overlap,Low,Conference Room A,Training Room
CONF_0847,P015,Project Discussion,Team Building,2025-11-03 13:15,2025-11-03 13:45,2025-11-03 13:23,2025-11-03 13:55,2025-11-03 13:23,2025-11-03 13:45,22.0,partial overlap,Low,Client Reception,Office Area 2
CONF_0848,P016,Meeting,Meeting,2025-11-01 12:30,2025-11-01 13:15,2025-11-01 11:45,2025-11-01 12:45,2025-11-01 12:30,2025-11-01 12:45,15.0,partial overlap,Low,Office Area 1,Conference Room A
CONF_0849,P016,Brainstorming,Training,2025-11-03 16:15,2025-11-03 17:15,2025-11-03 16:45,2025-11-03 18:15,2025-11-03 16:45,2025-11-03 17:15,30.0,partial overlap,Medium,Conference Room C,Conference Room A
CONF_0850,P016,Brainstorming,Design Review,2025-11-03 16:15,2025-11-03 17:15,2025-11-03 16:30,2025-11-03 18:00,2025-11-03 16:30,2025-11-03 17:15,45.0,partial overlap,Medium,Conference Room C,Remote
CONF_0851,P016,Training,Design Review,2025-11-03 16:45,2025-11-03 18:15,2025-11-03 16:30,2025-11-03 18:00,2025-11-03 16:45,2025-11-03 18:00,75.0,partial overlap,High,Conference Room A,Remote
CONF_0852,P016,One-on-One,Client Visit,2025-11-06 10:30,2025-11-06 12:00,2025-11-06 10:30,2025-11-06 12:00,2025-11-06 10:30,2025-11-06 12:00,90.0,full overlap,High,Demo Hall,Test Lab
CONF_0853,P017,Brainstorming,Tech Sharing,2025-10-29 09:45,2025-10-29 10:45,2025-10-29 09:56,2025-10-29 10:53,2025-10-29 09:56,2025-10-29 10:45,49.0,partial overlap,Medium,Test Lab,Online Meeting
CONF_0854,P017,Testing Acceptance,Operations Check,2025-11-02 18:15,2025-11-02 19:15,2025-11-02 18:30,2025-11-02 19:27,2025-11-02 18:30,2025-11-02 19:15,45.0,partial overlap,Medium,Training Room,Remote
CONF_0855,P017,Deployment,Project Discussion,2025-10-29 15:00,2025-10-29 15:30,2025-10-29 15:10,2025-10-29 15:44,2025-10-29 15:10,2025-10-29 15:30,20.0,partial overlap,Low,Break Room,Training Room
CONF_0856,P017,Client Visit,Meeting,2025-11-05 17:45,2025-11-05 18:30,2025-11-05 18:15,2025-11-05 19:45,2025-11-05 18:15,2025-11-05 18:30,15.0,partial overlap,Low,Online Meeting,Online Meeting
CONF_0857,P017,Design Review,Operations Check,2025-11-03 14:45,2025-11-03 16:15,2025-11-03 15:45,2025-11-03 16:15,2025-11-03 15:45,2025-11-03 16:15,30.0,full overlap,Medium,Break Room,Test Lab
CONF_0858,P018,Project Discussion,Deployment,2025-11-02 10:30,2025-11-02 11:30,2025-11-02 11:00,2025-11-02 11:15,2025-11-02 11:00,2025-11-02 11:15,15.0,full overlap,Low,Conference Room C,Conference Room B
CONF_0859,P018,Meeting,Project Discussion,2025-11-05 15:30,2025-11-05 16:30,2025-11-05 15:53,2025-11-05 16:46,2025-11-05 15:53,2025-11-05 16:30,37.0,partial overlap,Medium,Online Meeting,Test Lab
CONF_0860,P019,Client Visit,Code Review,2025-11-07 14:00,2025-11-07 14:30,2025-11-07 14:25,2025-11-07 14:53,2025-11-07 14:25,2025-11-07 14:30,5.0,partial overlap,Low,Client Reception,Client Reception
CONF_0861,P020,Design Review,Training,2025-11-01 16:30,2025-11-01 18:00,2025-11-01 17:15,2025-11-01 18:00,2025-11-01 17:15,2025-11-01 18:00,45.0,full overlap,Medium,Conference Room B,Conference Room B
CONF_0862,P020,Design Review,Code Review,2025-11-01 16:30,2025-11-01 18:00,2025-11-01 17:41,2025-11-01 18:41,2025-11-01 17:41,2025-11-01 18:00,19.0,partial overlap,Low,Conference Room B,Client Reception
CONF_0863,P020,Training,Code Review,2025-11-01 17:15,2025-11-01 18:00,2025-11-01 17:41,2025-11-01 18:41,2025-11-01 17:41,2025-11-01 18:00,19.0,partial overlap,Low,Conference Room B,Client Reception
CONF_0864,P020,One-on-One,Operations Check,2025-11-07 16:00,2025-11-07 17:00,2025-11-07 16:18,2025-11-07 16:33,2025-11-07 16:18,2025-11-07 16:33,15.0,full overlap,Low,Online Meeting,Break Room
CONF_0865,P020,Testing Acceptance,Operations Check,2025-11-04 18:45,2025-11-04 19:30,2025-11-04 18:54,2025-11-04 19:27,2025-11-04 18:54,2025-11-04 19:27,33.0,full overlap,Medium,Conference Room C,Cafe
CONF_0866,P021,Team Building,Project Discussion,2025-11-01 10:15,2025-11-01 11:00,2025-11-01 10:30,2025-11-01 11:30,2025-11-01 10:30,2025-11-01 11:00,30.0,partial overlap,Medium,R&D Center,Online Meeting
CONF_0867,P022,Operations Check,One-on-One,2025-11-02 14:30,2025-11-02 15:15,2025-11-02 14:15,2025-11-02 15:45,2025-11-02 14:30,2025-11-02 15:15,45.0,full overlap,Medium,Test Lab,Conference Room C
CONF_0868,P022,Team Building,Training,2025-11-01 10:30,2025-11-01 11:00,2025-11-01 10:47,2025-11-01 11:31,2025-11-01 10:47,2025-11-01 11:00,13.0,partial overlap,Low,Break Room,Test Lab
CONF_0869,P022,One-on-One,Team Building,2025-11-02 14:15,2025-11-02 15:45,2025-11-02 15:30,2025-11-02 16:30,2025-11-02 15:30,2025-11-02 15:45,15.0,partial overlap,Low,Conference Room C,Product Showcase
CONF_0870,P022,Testing Acceptance,Project Discussion,2025-11-06 13:15,2025-11-06 14:15,2025-11-06 13:39,2025-11-06 14:25,2025-11-06 13:39,2025-11-06 14:15,36.0,partial overlap,Medium,Remote,Cafe
CONF_0871,P022,Testing Acceptance,Operations Check,2025-11-06 13:15,2025-11-06 14:15,2025-11-06 13:00,2025-11-06 13:45,2025-11-06 13:15,2025-11-06 13:45,30.0,partial overlap,Medium,Remote,Break Room
CONF_0872,P024,Team Building,Product Demo,2025-10-30 18:15,2025-10-30 19:45,2025-10-30 18:36,2025-10-30 19:31,2025-10-30 18:36,2025-10-30 19:31,55.0,full overlap,Medium,Online Meeting,Training Room
CONF_0873,P024,Team Building,Requirements Analysis,2025-10-30 18:15,2025-10-30 19:45,2025-10-30 18:20,2025-10-30 19:00,2025-10-30 18:20,2025-10-30 19:00,40.0,full overlap,Medium,Online Meeting,Demo Hall
CONF_0874,P024,Deployment,Team Building,2025-10-27 14:00,2025-10-27 15:30,2025-10-27 14:08,2025-10-27 14:43,2025-10-27 14:08,2025-10-27 14:43,35.0,full overlap,Medium,Conference Room B,Break Room
CONF_0875,P024,Tech Sharing,One-on-One,2025-11-03 10:30,2025-11-03 11:15,2025-11-03 10:57,2025-11-03 11:32,2025-11-03 10:57,2025-11-03 11:15,18.0,partial overlap,Low,Client Reception,Test Lab
CONF_0876,P024,Tech Sharing,Brainstorming,2025-11-03 10:30,2025-11-03 11:15,2025-11-03 10:37,2025-11-03 11:07,2025-11-03 10:37,2025-11-03 11:07,30.0,full overlap,Medium,Client Reception,Conference Room B
CONF_0877,P024,Tech Sharing,Deployment,2025-11-08 15:15,2025-11-08 16:15,2025-11-08 14:30,2025-11-08 15:30,2025-11-08 15:15,2025-11-08 15:30,15.0,partial overlap,Low,Demo Hall,Training Room
CONF_0878,P025,Requirements Analysis,Requirements Analysis,2025-11-03 09:30,2025-11-03 10:00,2025-11-03 09:40,2025-11-03 10:32,2025-11-03 09:40,2025-11-03 10:00,20.0,partial overlap,Low,Office Area 1,Training Room
CONF_0879,P025,Meeting,Code Review,2025-11-04 08:15,2025-11-04 08:45,2025-11-04 08:30,2025-11-04 09:15,2025-11-04 08:30,2025-11-04 08:45,15.0,partial overlap,Low,Client Reception,Online Meeting
CONF_0880,P026,Team Building,Meeting,2025-11-04 12:00,2025-11-04 13:00,2025-11-04 12:15,2025-11-04 13:00,2025-11-04 12:15,2025-11-04 13:00,45.0,full overlap,Medium,Office Area 2,Conference Room B
CONF_0881,P027,Training,Product Demo,2025-11-02 12:15,2025-11-02 13:15,2025-11-02 12:40,2025-11-02 13:15,2025-11-02 12:40,2025-11-02 13:15,35.0,full overlap,Medium,Conference Room C,Cafe
CONF_0882,P027,Code Review,Testing Acceptance,2025-11-05 09:00,2025-11-05 10:00,2025-11-05 09:00,2025-11-05 09:30,2025-11-05 09:00,2025-11-05 09:30,30.0,full overlap,Medium,Product Showcase,Training Room
CONF_0883,P027,Design Review,One-on-One,2025-11-04 09:00,2025-11-04 10:00,2025-11-04 09:30,2025-11-04 10:15,2025-11-04 09:30,2025-11-04 10:00,30.0,partial overlap,Medium,Demo Hall,Product Showcase
CONF_0884,P029,Product Demo,Project Discussion,2025-11-04 17:15,2025-11-04 18:00,2025-11-04 16:30,2025-11-04 17:30,2025-11-04 17:15,2025-11-04 17:30,15.0,partial overlap,Low,Demo Hall,R&D Center
CONF_0885,P029,Product Demo,Design Review,2025-11-04 17:15,2025-11-04 18:00,2025-11-04 17:30,2025-11-04 18:30,2025-11-04 17:30,2025-11-04 18:00,30.0,partial overlap,Medium,Demo Hall,Break Room
CONF_0886,P029,Team Building,Project Discussion,2025-11-04 15:30,2025-11-04 17:00,2025-11-04 16:30,2025-11-04 17:30,2025-11-04 16:30,2025-11-04 17:00,30.0,partial overlap,Medium,Cafe,R&D Center
CONF_0887,P029,Team Building,Team Building,2025-11-04 15:30,2025-11-04 17:00,2025-11-04 15:56,2025-11-04 16:38,2025-11-04 15:56,2025-11-04 16:38,42.0,full overlap,Medium,Cafe,Remote
CONF_0888,P029,Team Building,Operations Check,2025-11-04 15:30,2025-11-04 17:00,2025-11-04 15:47,2025-11-04 16:18,2025-11-04 15:47,2025-11-04 16:18,31.0,full overlap,Medium,Cafe,Remote
CONF_0889,P029,Training,Team Building,2025-11-07 13:45,2025-11-07 14:45,2025-11-07 13:00,2025-11-07 14:00,2025-11-07 13:45,2025-11-07 14:00,15.0,partial overlap,Low,Training Room,Office Area 1
CONF_0890,P029,Training,Product Demo,2025-11-07 08:00,2025-11-07 08:30,2025-11-07 08:13,2025-11-07 08:28,2025-11-07 08:13,2025-11-07 08:28,15.0,full overlap,Low,Cafe,Online Meeting
CONF_0891,P029,Project Discussion,Team Building,2025-11-04 16:30,2025-11-04 17:30,2025-11-04 15:56,2025-11-04 16:38,2025-11-04 16:30,2025-11-04 16:38,8.0,partial overlap,Low,R&D Center,Remote
CONF_0892,P030,Tech Sharing,Testing Acceptance,2025-11-05 17:00,2025-11-05 17:30,2025-11-05 17:08,2025-11-05 17:36,2025-11-05 17:08,2025-11-05 17:30,22.0,partial overlap,Low,Conference Room A,Conference Room B
CONF_0893,P030,Design Review,Requirements Analysis,2025-11-07 14:45,2025-11-07 15:45,2025-11-07 14:30,2025-11-07 15:30,2025-11-07 14:45,2025-11-07 15:30,45.0,partial overlap,Medium,Office Area 2,Training Room
CONF_0894,P030,Team Building,Requirements Analysis,2025-11-08 16:00,2025-11-08 17:30,2025-11-08 16:16,2025-11-08 17:14,2025-11-08 16:16,2025-11-08 17:14,58.0,full overlap,Medium,Demo Hall,Cafe
CONF_0895,P030,Team Building,Design Review,2025-11-08 16:00,2025-11-08 17:30,2025-11-08 16:00,2025-11-08 16:30,2025-11-08 16:00,2025-11-08 16:30,30.0,full overlap,Medium,Demo Hall,Office Area 2
CONF_0896,P031,Deployment,Operations Check,2025-11-01 15:45,2025-11-01 16:15,2025-11-01 16:00,2025-11-01 17:30,2025-11-01 16:00,2025-11-01 16:15,15.0,partial overlap,Low,Office Area 2,Cafe
CONF_0897,P031,Operations Check,Design Review,2025-10-30 11:15,2025-10-30 12:00,2025-10-30 11:39,2025-10-30 12:25,2025-10-30 11:39,2025-10-30 12:00,21.0,partial overlap,Low,Online Meeting,Office Area 1
CONF_0898,P031,Testing Acceptance,Deployment,2025-11-08 10:45,2025-11-08 11:45,2025-11-08 11:30,2025-11-08 12:15,2025-11-08 11:30,2025-11-08 11:45,15.0,partial overlap,Low,Conference Room B,Training Room
CONF_0899,P032,Client Visit,Team Building,2025-11-01 12:30,2025-11-01 13:15,2025-11-01 12:30,2025-11-01 13:15,2025-11-01 12:30,2025-11-01 13:15,45.0,full overlap,Medium,Office Area 2,Office Area 1
CONF_0900,P032,Client Visit,Code Review,2025-11-01 12:30,2025-11-01 13:15,2025-11-01 12:54,2025-11-01 13:14,2025-11-01 12:54,2025-11-01 13:14,20.0,full overlap,Low,Office Area 2,Remote
CONF_0901,P032,Requirements Analysis,Project Discussion,2025-11-02 17:30,2025-11-02 18:15,2025-11-02 17:53,2025-11-02 18:16,2025-11-02 17:53,2025-11-02 18:15,22.0,partial overlap,Low,Break Room,Conference Room B
CONF_0902,P032,Team Building,Code Review,2025-11-01 12:30,2025-11-01 13:15,2025-11-01 12:54,2025-11-01 13:14,2025-11-01 12:54,2025-11-01 13:14,20.0,full overlap,Low,Office Area 1,Remote
CONF_0903,P032,Operations Check,Operations Check,2025-11-02 13:15,2025-11-02 14:45,2025-11-02 14:15,2025-11-02 15:15,2025-11-02 14:15,2025-11-02 14:45,30.0,partial overlap,Medium,Cafe,Conference Room B
CONF_0904,P032,Team Building,Team Building,2025-11-09 13:30,2025-11-09 14:15,2025-11-09 13:30,2025-11-09 14:30,2025-11-09 13:30,2025-11-09 14:15,45.0,full overlap,Medium,Demo Hall,Office Area 1
CONF_0905,P033,Code Review,Product Demo,2025-10-30 17:00,2025-10-30 18:30,2025-10-30 16:45,2025-10-30 17:45,2025-10-30 17:00,2025-10-30 17:45,45.0,partial overlap,Medium,Conference Room B,Training Room
CONF_0906,P033,Tech Sharing,Deployment,2025-11-05 10:00,2025-11-05 10:30,2025-11-05 09:15,2025-11-05 10:15,2025-11-05 10:00,2025-11-05 10:15,15.0,partial overlap,Low,Office Area 2,Product Showcase
CONF_0907,P033,Project Discussion,Tech Sharing,2025-11-07 16:15,2025-11-07 17:00,2025-11-07 16:30,2025-11-07 17:30,2025-11-07 16:30,2025-11-07 17:00,30.0,partial overlap,Medium,Product Showcase,Online Meeting
CONF_0908,P034,Training,Team Building,2025-10-29 12:00,2025-10-29 13:30,2025-10-29 12:30,2025-10-29 13:00,2025-10-29 12:30,2025-10-29 13:00,30.0,full overlap,Medium,Product Showcase,Office Area 1
CONF_0909,P034,Deployment,Training,2025-10-31 11:30,2025-10-31 12:15,2025-10-31 11:44,2025-10-31 12:06,2025-10-31 11:44,2025-10-31 12:06,22.0,full overlap,Low,R&D Center,Break Room
CONF_0910,P034,Code Review,Training,2025-11-03 11:15,2025-11-03 12:00,2025-11-03 10:30,2025-11-03 11:30,2025-11-03 11:15,2025-11-03 11:30,15.0,partial overlap,Low,Conference Room C,Test Lab
CONF_0911,P034,Tech Sharing,Code Review,2025-11-08 11:00,2025-11-08 12:00,2025-11-08 11:15,2025-11-08 12:00,2025-11-08 11:15,2025-11-08 12:00,45.0,full overlap,Medium,Office Area 2,Conference Room B
CONF_0912,P034,Tech Sharing,Meeting,2025-11-08 11:00,2025-11-08 12:00,2025-11-08 10:30,2025-11-08 11:30,2025-11-08 11:00,2025-11-08 11:30,30.0,partial overlap,Medium,Office Area 2,Product Showcase
CONF_0913,P034,Tech Sharing,Product Demo,2025-11-08 11:00,2025-11-08 12:00,2025-11-08 10:52,2025-11-08 11:31,2025-11-08 11:00,2025-11-08 11:31,31.0,partial overlap,Medium,Office Area 2,Cafe
CONF_0914,P035,Deployment,Deployment,2025-11-03 09:15,2025-11-03 10:45,2025-11-03 08:30,2025-11-03 09:30,2025-11-03 09:15,2025-11-03 09:30,15.0,partial overlap,Low,Online Meeting,Demo Hall
CONF_0915,P035,Training,Meeting,2025-11-04 10:45,2025-11-04 11:45,2025-11-04 11:30,2025-11-04 12:00,2025-11-04 11:30,2025-11-04 11:45,15.0,partial overlap,Low,Online Meeting,Remote
CONF_0916,P036,Design Review,Project Discussion,2025-11-02 12:00,2025-11-02 12:45,2025-11-02 12:05,2025-11-02 12:34,2025-11-02 12:05,2025-11-02 12:34,29.0,full overlap,Low,Training Room,Conference Room C
CONF_0917,P036,Meeting,Training,2025-11-01 16:00,2025-11-01 16:30,2025-11-01 15:30,2025-11-01 16:30,2025-11-01 16:00,2025-11-01 16:30,30.0,full overlap,Medium,Conference Room C,Product Showcase
CONF_0918,P036,Meeting,Requirements Analysis,2025-11-01 16:00,2025-11-01 16:30,2025-11-01 15:46,2025-11-01 16:35,2025-11-01 16:00,2025-11-01 16:30,30.0,full overlap,Medium,Conference Room C,Conference Room B
CONF_0919,P036,Training,Deployment,2025-11-04 17:00,2025-11-04 18:30,2025-11-04 16:30,2025-11-04 18:00,2025-11-04 17:00,2025-11-04 18:00,60.0,partial overlap,High,Break Room,Cafe
CONF_0920,P036,Tech Sharing,Code Review,2025-11-03 11:30,2025-11-03 12:00,2025-11-03 11:30,2025-11-03 12:30,2025-11-03 11:30,2025-11-03 12:00,30.0,full overlap,Medium,R&D Center,Conference Room A
CONF_0921,P036,Training,Requirements Analysis,2025-11-01 15:30,2025-11-01 16:30,2025-11-01 15:46,2025-11-01 16:35,2025-11-01 15:46,2025-11-01 16:30,44.0,partial overlap,Medium,Product Showcase,Conference Room B
CONF_0922,P037,Team Building,Tech Sharing,2025-11-03 16:00,2025-11-03 16:30,2025-11-03 15:30,2025-11-03 17:00,2025-11-03 16:00,2025-11-03 16:30,30.0,full overlap,Medium,Product Showcase,Office Area 1
CONF_0923,P037,Code Review,Product Demo,2025-11-02 10:15,2025-11-02 10:45,2025-11-02 10:21,2025-11-02 10:40,2025-11-02 10:21,2025-11-02 10:40,19.0,full overlap,Low,Online Meeting,Break Room
CONF_0924,P038,Code Review,Operations Check,2025-11-01 12:15,2025-11-01 13:00,2025-11-01 12:24,2025-11-01 13:15,2025-11-01 12:24,2025-11-01 13:00,36.0,partial overlap,Medium,Demo Hall,Remote
CONF_0925,P038,Testing Acceptance,Brainstorming,2025-10-31 09:00,2025-10-31 10:30,2025-10-31 09:13,2025-10-31 10:03,2025-10-31 09:13,2025-10-31 10:03,50.0,full overlap,Medium,Test Lab,Test Lab
CONF_0926,P038,Tech Sharing,Design Review,2025-11-03 16:00,2025-11-03 17:30,2025-11-03 16:15,2025-11-03 16:59,2025-11-03 16:15,2025-11-03 16:59,44.0,full overlap,Medium,Office Area 2,Office Area 1
CONF_0927,P039,Project Discussion,Training,2025-11-02 17:45,2025-11-02 18:30,2025-11-02 18:01,2025-11-02 18:29,2025-11-02 18:01,2025-11-02 18:29,28.0,full overlap,Low,Product Showcase,Online Meeting
CONF_0928,P039,Meeting,Design Review,2025-10-31 14:00,2025-10-31 14:30,2025-10-31 14:09,2025-10-31 14:58,2025-10-31 14:09,2025-10-31 14:30,21.0,partial overlap,Low,Client Reception,Remote
CONF_0929,P039,Deployment,Deployment,2025-11-05 16:45,2025-11-05 18:15,2025-11-05 17:12,2025-11-05 18:01,2025-11-05 17:12,2025-11-05 18:01,49.0,full overlap,Medium,R&D Center,Conference Room B
CONF_0930,P039,Deployment,Tech Sharing,2025-11-05 16:45,2025-11-05 18:15,2025-11-05 17:00,2025-11-05 18:00,2025-11-05 17:00,2025-11-05 18:00,60.0,full overlap,High,R&D Center,Conference Room B
CONF_0931,P039,One-on-One,Meeting,2025-11-03 08:30,2025-11-03 09:15,2025-11-03 08:30,2025-11-03 09:15,2025-11-03 08:30,2025-11-03 09:15,45.0,full overlap,Medium,Online Meeting,Product Showcase
CONF_0932,P039,One-on-One,Operations Check,2025-11-03 08:30,2025-11-03 09:15,2025-11-03 08:58,2025-11-03 09:19,2025-11-03 08:58,2025-11-03 09:15,17.0,partial overlap,Low,Online Meeting,Product Showcase
CONF_0933,P039,Training,Tech Sharing,2025-11-03 15:45,2025-11-03 17:15,2025-11-03 15:51,2025-11-03 16:51,2025-11-03 15:51,2025-11-03 16:51,60.0,full overlap,High,Conference Room C,Office Area 1
CONF_0934,P039,Meeting,Operations Check,2025-11-03 08:30,2025-11-03 09:15,2025-11-03 08:58,2025-11-03 09:19,2025-11-03 08:58,2025-11-03 09:15,17.0,partial overlap,Low,Product Showcase,Product Showcase
CONF_0935,P040,Requirements Analysis,Training,2025-10-31 15:30,2025-10-31 16:00,2025-10-31 15:30,2025-10-31 16:00,2025-10-31 15:30,2025-10-31 16:00,30.0,full overlap,Medium,Conference Room A,Office Area 2
CONF_0936,P040,Requirements Analysis,Product Demo,2025-10-31 15:30,2025-10-31 16:00,2025-10-31 15:15,2025-10-31 16:00,2025-10-31 15:30,2025-10-31 16:00,30.0,full overlap,Medium,Conference Room A,Office Area 1
CONF_0937,P040,Code Review,Code Review,2025-11-04 13:30,2025-11-04 14:00,2025-11-04 13:42,2025-11-04 13:58,2025-11-04 13:42,2025-11-04 13:58,16.0,full overlap,Low,R&D Center,Client Reception
CONF_0938,P040,Training,Product Demo,2025-10-31 15:30,2025-10-31 16:00,2025-10-31 15:15,2025-10-31 16:00,2025-10-31 15:30,2025-10-31 16:00,30.0,full overlap,Medium,Office Area 2,Office Area 1
CONF_0939,P040,Deployment,Product Demo,2025-11-07 16:45,2025-11-07 18:15,2025-11-07 17:45,2025-11-07 19:15,2025-11-07 17:45,2025-11-07 18:15,30.0,partial overlap,Medium,R&D Center,Conference Room C
CONF_0940,P040,Operations Check,Product Demo,2025-11-03 10:15,2025-11-03 11:15,2025-11-03 10:41,2025-11-03 11:38,2025-11-03 10:41,2025-11-03 11:15,34.0,partial overlap,Medium,Demo Hall,Demo Hall
CONF_0941,P040,Operations Check,Code Review,2025-11-03 10:15,2025-11-03 11:15,2025-11-03 10:49,2025-11-03 11:10,2025-11-03 10:49,2025-11-03 11:10,21.0,full overlap,Low,Demo Hall,Office Area 2
CONF_0942,P040,Requirements Analysis,Testing Acceptance,2025-11-06 13:00,2025-11-06 14:00,2025-11-06 13:45,2025-11-06 14:45,2025-11-06 13:45,2025-11-06 14:00,15.0,partial overlap,Low,Conference Room A,Client Reception
CONF_0943,P041,Code Review,Product Demo,2025-11-04 11:00,2025-11-04 12:30,2025-11-04 10:15,2025-11-04 11:15,2025-11-04 11:00,2025-11-04 11:15,15.0,partial overlap,Low,Product Showcase,Conference Room C
CONF_0944,P041,Code Review,Training,2025-11-04 11:00,2025-11-04 12:30,2025-11-04 10:45,2025-11-04 11:30,2025-11-04 11:00,2025-11-04 11:30,30.0,partial overlap,Medium,Product Showcase,Conference Room A
CONF_0945,P041,Code Review,Project Discussion,2025-11-04 11:00,2025-11-04 12:30,2025-11-04 11:26,2025-11-04 12:07,2025-11-04 11:26,2025-11-04 12:07,41.0,full overlap,Medium,Product Showcase,Cafe
CONF_0946,P041,Product Demo,Training,2025-11-04 10:15,2025-11-04 11:15,2025-11-04 10:45,2025-11-04 11:30,2025-11-04 10:45,2025-11-04 11:15,30.0,partial overlap,Medium,Conference Room C,Conference Room A
CONF_0947,P041,Product Demo,Operations Check,2025-11-04 10:15,2025-11-04 11:15,2025-11-04 10:15,2025-11-04 10:45,2025-11-04 10:15,2025-11-04 10:45,30.0,full overlap,Medium,Conference Room C,Product Showcase
CONF_0948,P041,Project Discussion,Operations Check,2025-11-07 11:45,2025-11-07 13:15,2025-11-07 12:08,2025-11-07 12:25,2025-11-07 12:08,2025-11-07 12:25,17.0,full overlap,Low,Office Area 2,Conference Room B
CONF_0949,P041,Project Discussion,Deployment,2025-11-07 11:45,2025-11-07 13:15,2025-11-07 12:45,2025-11-07 13:45,2025-11-07 12:45,2025-11-07 13:15,30.0,partial overlap,Medium,Office Area 2,Cafe
CONF_0950,P041,Training,Project Discussion,2025-11-04 10:45,2025-11-04 11:30,2025-11-04 11:26,2025-11-04 12:07,2025-11-04 11:26,2025-11-04 11:30,4.0,partial overlap,Low,Conference Room A,Cafe
CONF_0951,P042,Testing Acceptance,Product Demo,2025-11-02 14:00,2025-11-02 15:30,2025-11-02 15:15,2025-11-02 15:45,2025-11-02 15:15,2025-11-02 15:30,15.0,partial overlap,Low,Break Room,Online Meeting
CONF_0952,P042,Meeting,Tech Sharing,2025-11-04 09:15,2025-11-04 10:45,2025-11-04 09:23,2025-11-04 10:15,2025-11-04 09:23,2025-11-04 10:15,52.0,full overlap,Medium,Cafe,Conference Room B
CONF_0953,P042,Testing Acceptance,Testing Acceptance,2025-11-06 18:00,2025-11-06 18:45,2025-11-06 17:15,2025-11-06 18:15,2025-11-06 18:00,2025-11-06 18:15,15.0,partial overlap,Low,Cafe,Cafe
CONF_0954,P043,Deployment,Testing Acceptance,2025-11-01 14:00,2025-11-01 14:30,2025-11-01 14:14,2025-11-01 14:53,2025-11-01 14:14,2025-11-01 14:30,16.0,partial overlap,Low,Remote,R&D Center
CONF_0955,P044,Training,Operations Check,2025-10-27 13:45,2025-10-27 14:30,2025-10-27 14:04,2025-10-27 14:25,2025-10-27 14:04,2025-10-27 14:25,21.0,full overlap,Low,Demo Hall,Training Room
CONF_0956,P044,Brainstorming,Design Review,2025-11-02 16:00,2025-11-02 16:45,2025-11-02 16:30,2025-11-02 17:30,2025-11-02 16:30,2025-11-02 16:45,15.0,partial overlap,Low,Cafe,Product Showcase
CONF_0957,P044,Training,Training,2025-11-04 15:15,2025-11-04 16:45,2025-11-04 15:41,2025-11-04 16:17,2025-11-04 15:41,2025-11-04 16:17,36.0,full overlap,Medium,Demo Hall,Conference Room C
CONF_0958,P044,Testing Acceptance,Client Visit,2025-11-08 11:00,2025-11-08 12:30,2025-11-08 11:45,2025-11-08 12:15,2025-11-08 11:45,2025-11-08 12:15,30.0,full overlap,Medium,Office Area 1,Online Meeting
CONF_0959,P045,Code Review,One-on-One,2025-11-06 08:15,2025-11-06 09:00,2025-11-06 08:36,2025-11-06 09:08,2025-11-06 08:36,2025-11-06 09:00,24.0,partial overlap,Low,Product Showcase,Remote
CONF_0960,P046,Meeting,Code Review,2025-10-27 10:15,2025-10-27 11:15,2025-10-27 10:27,2025-10-27 11:27,2025-10-27 10:27,2025-10-27 11:15,48.0,partial overlap,Medium,Online Meeting,Office Area 2
CONF_0961,P046,Requirements Analysis,Tech Sharing,2025-11-09 09:15,2025-11-09 09:45,2025-11-09 09:00,2025-11-09 09:45,2025-11-09 09:15,2025-11-09 09:45,30.0,full overlap,Medium,Break Room,Client Reception
CONF_0962,P047,Operations Check,Meeting,2025-11-03 16:00,2025-11-03 16:30,2025-11-03 15:45,2025-11-03 17:15,2025-11-03 16:00,2025-11-03 16:30,30.0,full overlap,Medium,Test Lab,Office Area 1
CONF_0963,P047,Code Review,Deployment,2025-10-29 14:45,2025-10-29 15:45,2025-10-29 15:05,2025-10-29 15:43,2025-10-29 15:05,2025-10-29 15:43,38.0,full overlap,Medium,Client Reception,Cafe
CONF_0964,P047,Training,Brainstorming,2025-11-03 12:45,2025-11-03 14:15,2025-11-03 12:58,2025-11-03 13:58,2025-11-03 12:58,2025-11-03 13:58,60.0,full overlap,High,Online Meeting,Cafe
CONF_0965,P048,Project Discussion,Meeting,2025-11-02 18:45,2025-11-02 19:15,2025-11-02 19:06,2025-11-02 19:59,2025-11-02 19:06,2025-11-02 19:15,9.0,partial overlap,Low,Break Room,Remote
CONF_0966,P048,Meeting,Testing Acceptance,2025-11-01 16:45,2025-11-01 17:45,2025-11-01 17:05,2025-11-01 17:45,2025-11-01 17:05,2025-11-01 17:45,40.0,full overlap,Medium,Conference Room B,Remote
CONF_0967,P048,One-on-One,Product Demo,2025-11-04 14:00,2025-11-04 15:00,2025-11-04 13:45,2025-11-04 14:30,2025-11-04 14:00,2025-11-04 14:30,30.0,partial overlap,Medium,Office Area 2,Break Room
CONF_0968,P048,One-on-One,Testing Acceptance,2025-11-07 16:15,2025-11-07 16:45,2025-11-07 16:30,2025-11-07 17:00,2025-11-07 16:30,2025-11-07 16:45,15.0,partial overlap,Low,Break Room,Conference Room A
CONF_0969,P049,Client Visit,Code Review,2025-10-29 09:00,2025-10-29 09:30,2025-10-29 09:25,2025-10-29 10:15,2025-10-29 09:25,2025-10-29 09:30,5.0,partial overlap,Low,Cafe,Client Reception
CONF_0970,P049,Brainstorming,Brainstorming,2025-10-31 12:30,2025-10-31 14:00,2025-10-31 12:45,2025-10-31 13:15,2025-10-31 12:45,2025-10-31 13:15,30.0,full overlap,Medium,Demo Hall,Cafe
CONF_0971,P049,Tech Sharing,Product Demo,2025-11-05 10:30,2025-11-05 12:00,2025-11-05 09:45,2025-11-05 10:45,2025-11-05 10:30,2025-11-05 10:45,15.0,partial overlap,Low,Remote,Office Area 1
CONF_0972,P049,Meeting,Requirements Analysis,2025-11-02 08:30,2025-11-02 09:00,2025-11-02 08:52,2025-11-02 09:45,2025-11-02 08:52,2025-11-02 09:00,8.0,partial overlap,Low,Conference Room A,Remote
CONF_0973,P049,Meeting,Meeting,2025-11-02 08:30,2025-11-02 09:00,2025-11-02 08:41,2025-11-02 09:25,2025-11-02 08:41,2025-11-02 09:00,19.0,partial overlap,Low,Conference Room A,Conference Room B
CONF_0974,P050,Client Visit,Meeting,2025-11-04 09:00,2025-11-04 09:45,2025-11-04 09:28,2025-11-04 09:52,2025-11-04 09:28,2025-11-04 09:45,17.0,partial overlap,Low,Client Reception,Conference Room A
CONF_0975,P050,Deployment,Project Discussion,2025-11-06 11:30,2025-11-06 13:00,2025-11-06 11:45,2025-11-06 12:15,2025-11-06 11:45,2025-11-06 12:15,30.0,full overlap,Medium,Conference Room B,R&D Center
CONF_0976,P050,Deployment,Team Building,2025-11-06 11:30,2025-11-06 13:00,2025-11-06 11:15,2025-11-06 12:00,2025-11-06 11:30,2025-11-06 12:00,30.0,partial overlap,Medium,Conference Room B,Product Showcase
CONF_0977,P051,Team Building,Product Demo,2025-11-01 18:45,2025-11-01 20:15,2025-11-01 19:10,2025-11-01 19:57,2025-11-01 19:10,2025-11-01 19:57,47.0,full overlap,Medium,Demo Hall,Conference Room C
CONF_0978,P051,Product Demo,Operations Check,2025-10-31 12:00,2025-10-31 12:45,2025-10-31 11:45,2025-10-31 12:15,2025-10-31 12:00,2025-10-31 12:15,15.0,partial overlap,Low,Conference Room A,Online Meeting
CONF_0979,P051,Requirements Analysis,Testing Acceptance,2025-11-04 14:30,2025-11-04 15:30,2025-11-04 15:15,2025-11-04 15:45,2025-11-04 15:15,2025-11-04 15:30,15.0,partial overlap,Low,Break Room,Online Meeting
CONF_0980,P051,One-on-One,Testing Acceptance,2025-11-03 10:15,2025-11-03 11:00,2025-11-03 10:21,2025-11-03 11:18,2025-11-03 10:21,2025-11-03 11:00,39.0,partial overlap,Medium,Online Meeting,Conference Room C
CONF_0981,P052,Tech Sharing,Testing Acceptance,2025-11-07 16:00,2025-11-07 16:30,2025-11-07 16:23,2025-11-07 16:56,2025-11-07 16:23,2025-11-07 16:30,7.0,partial overlap,Low,Product Showcase,Online Meeting
CONF_0982,P053,Tech Sharing,Training,2025-11-04 11:00,2025-11-04 12:00,2025-11-04 11:00,2025-11-04 12:30,2025-11-04 11:00,2025-11-04 12:00,60.0,full overlap,High,Conference Room A,Test Lab
CONF_0983,P053,Design Review,Team Building,2025-11-06 11:45,2025-11-06 12:15,2025-11-06 11:45,2025-11-06 13:15,2025-11-06 11:45,2025-11-06 12:15,30.0,full overlap,Medium,Training Room,Conference Room B
CONF_0984,P053,Design Review,Meeting,2025-11-06 11:45,2025-11-06 12:15,2025-11-06 12:00,2025-11-06 13:00,2025-11-06 12:00,2025-11-06 12:15,15.0,partial overlap,Low,Training Room,Office Area 1
CONF_0985,P053,Requirements Analysis,Training,2025-11-05 08:00,2025-11-05 08:45,2025-11-05 08:00,2025-11-05 08:30,2025-11-05 08:00,2025-11-05 08:30,30.0,full overlap,Medium,Conference Room A,Remote
CONF_0986,P053,Team Building,Meeting,2025-11-06 11:45,2025-11-06 13:15,2025-11-06 12:00,2025-11-06 13:00,2025-11-06 12:00,2025-11-06 13:00,60.0,full overlap,High,Conference Room B,Office Area 1
CONF_0987,P053,Requirements Analysis,Requirements Analysis,2025-11-04 17:45,2025-11-04 18:15,2025-11-04 18:14,2025-11-04 19:11,2025-11-04 18:14,2025-11-04 18:15,1.0,partial overlap,Low,Office Area 1,Cafe
CONF_0988,P054,Client Visit,Code Review,2025-11-03 12:15,2025-11-03 13:00,2025-11-03 12:30,2025-11-03 14:00,2025-11-03 12:30,2025-11-03 13:00,30.0,partial overlap,Medium,Client Reception,Client Reception
CONF_0989,P054,Client Visit,Testing Acceptance,2025-11-03 12:15,2025-11-03 13:00,2025-11-03 12:36,2025-11-03 13:25,2025-11-03 12:36,2025-11-03 13:00,24.0,partial overlap,Low,Client Reception,Conference Room B
CONF_0990,P054,Deployment,Product Demo,2025-11-01 09:30,2025-11-01 11:00,2025-11-01 09:44,2025-11-01 10:30,2025-11-01 09:44,2025-11-01 10:30,46.0,full overlap,Medium,Office Area 1,Client Reception
CONF_0991,P054,Code Review,Testing Acceptance,2025-11-03 12:30,2025-11-03 14:00,2025-11-03 12:36,2025-11-03 13:25,2025-11-03 12:36,2025-11-03 13:25,49.0,full overlap,Medium,Client Reception,Conference Room B
CONF_0992,P054,Operations Check,One-on-One,2025-11-07 11:15,2025-11-07 12:45,2025-11-07 11:15,2025-11-07 12:00,2025-11-07 11:15,2025-11-07 12:00,45.0,full overlap,Medium,Office Area 1,Client Reception
CONF_0993,P054,Brainstorming,Testing Acceptance,2025-11-05 16:30,2025-11-05 18:00,2025-11-05 16:49,2025-11-05 17:10,2025-11-05 16:49,2025-11-05 17:10,21.0,full overlap,Low,Office Area 1,Conference Room B
CONF_0994,P054,Brainstorming,Meeting,2025-11-05 16:30,2025-11-05 18:00,2025-11-05 16:37,2025-11-05 17:14,2025-11-05 16:37,2025-11-05 17:14,37.0,full overlap,Medium,Office Area 1,Office Area 1
CONF_0995,P055,Training,Training,2025-11-04 11:30,2025-11-04 12:00,2025-11-04 11:15,2025-11-04 12:15,2025-11-04 11:30,2025-11-04 12:00,30.0,full overlap,Medium,R&D Center,Break Room
CONF_0996,P055,Training,Project Discussion,2025-11-04 11:30,2025-11-04 12:00,2025-11-04 11:27,2025-11-04 12:04,2025-11-04 11:30,2025-11-04 12:00,30.0,full overlap,Medium,R&D Center,Conference Room B
CONF_0997,P055,Training,Project Discussion,2025-11-04 11:30,2025-11-04 12:00,2025-11-04 11:39,2025-11-04 11:58,2025-11-04 11:39,2025-11-04 11:58,19.0,full overlap,Low,R&D Center,Break Room
CONF_0998,P055,Brainstorming,Brainstorming,2025-11-01 11:00,2025-11-01 11:45,2025-11-01 11:15,2025-11-01 11:54,2025-11-01 11:15,2025-11-01 11:45,30.0,partial overlap,Medium,Conference Room C,Conference Room A
CONF_0999,P055,Training,Project Discussion,2025-11-04 11:15,2025-11-04 12:15,2025-11-04 11:27,2025-11-04 12:04,2025-11-04 11:27,2025-11-04 12:04,37.0,full overlap,Medium,Break Room,Conference Room B
CONF_1000,P055,Training,Project Discussion,2025-11-04 11:15,2025-11-04 12:15,2025-11-04 11:39,2025-11-04 11:58,2025-11-04 11:39,2025-11-04 11:58,19.0,full overlap,Low,Break Room,Break Room
CONF_1001,P056,Operations Check,Client Visit,2025-11-03 09:15,2025-11-03 10:45,2025-11-03 08:30,2025-11-03 09:30,2025-11-03 09:15,2025-11-03 09:30,15.0,partial overlap,Low,Training Room,Demo Hall
CONF_1002,P056,Project Discussion,Deployment,2025-11-07 13:00,2025-11-07 14:00,2025-11-07 13:30,2025-11-07 14:15,2025-11-07 13:30,2025-11-07 14:00,30.0,partial overlap,Medium,Cafe,Conference Room A
CONF_1003,P057,Testing Acceptance,Client Visit,2025-10-29 10:45,2025-10-29 12:15,2025-10-29 10:52,2025-10-29 11:37,2025-10-29 10:52,2025-10-29 11:37,45.0,full overlap,Medium,Test Lab,Remote
CONF_1004,P057,Deployment,Training,2025-11-05 18:45,2025-11-05 20:15,2025-11-05 18:59,2025-11-05 19:58,2025-11-05 18:59,2025-11-05 19:58,59.0,full overlap,Medium,Product Showcase,Test Lab
CONF_1005,P057,Code Review,Client Visit,2025-10-30 10:15,2025-10-30 10:45,2025-10-30 10:34,2025-10-30 11:23,2025-10-30 10:34,2025-10-30 10:45,11.0,partial overlap,Low,Cafe,Office Area 2
CONF_1006,P057,Tech Sharing,Requirements Analysis,2025-11-07 16:15,2025-11-07 17:15,2025-11-07 15:30,2025-11-07 16:30,2025-11-07 16:15,2025-11-07 16:30,15.0,partial overlap,Low,Conference Room B,Client Reception
CONF_1007,P057,One-on-One,Design Review,2025-11-04 12:45,2025-11-04 13:30,2025-11-04 12:58,2025-11-04 13:30,2025-11-04 12:58,2025-11-04 13:30,32.0,full overlap,Medium,Conference Room B,Test Lab
CONF_1008,P058,Design Review,Design Review,2025-11-03 10:45,2025-11-03 12:15,2025-11-03 11:15,2025-11-03 11:45,2025-11-03 11:15,2025-11-03 11:45,30.0,full overlap,Medium,Office Area 2,Training Room
CONF_1009,P059,Training,Brainstorming,2025-11-02 12:15,2025-11-02 13:15,2025-11-02 12:00,2025-11-02 12:45,2025-11-02 12:15,2025-11-02 12:45,30.0,partial overlap,Medium,Cafe,Office Area 1
CONF_1010,P059,Testing Acceptance,Requirements Analysis,2025-10-31 09:30,2025-10-31 10:30,2025-10-31 09:54,2025-10-31 10:45,2025-10-31 09:54,2025-10-31 10:30,36.0,partial overlap,Medium,Office Area 2,R&D Center
CONF_1011,P059,Client Visit,Project Discussion,2025-11-08 13:15,2025-11-08 14:00,2025-11-08 13:45,2025-11-08 14:15,2025-11-08 13:45,2025-11-08 14:00,15.0,partial overlap,Low,Cafe,Conference Room C
CONF_1012,P060,One-on-One,One-on-One,2025-10-30 13:30,2025-10-30 14:00,2025-10-30 13:45,2025-10-30 14:15,2025-10-30 13:45,2025-10-30 14:00,15.0,partial overlap,Low,Office Area 2,Test Lab
CONF_1013,P060,Team Building,Testing Acceptance,2025-10-27 08:15,2025-10-27 08:45,2025-10-27 08:39,2025-10-27 09:39,2025-10-27 08:39,2025-10-27 08:45,6.0,partial overlap,Low,Cafe,Conference Room C
CONF_1014,P060,One-on-One,Requirements Analysis,2025-11-04 11:15,2025-11-04 12:00,2025-11-04 11:25,2025-11-04 12:25,2025-11-04 11:25,2025-11-04 12:00,35.0,partial overlap,Medium,Remote,Office Area 1
CONF_1015,P060,Requirements Analysis,Team Building,2025-11-07 15:00,2025-11-07 16:00,2025-11-07 15:15,2025-11-07 16:03,2025-11-07 15:15,2025-11-07 16:00,45.0,partial overlap,Medium,Conference Room B,Product Showcase
CONF_1016,P060,Testing Acceptance,Testing Acceptance,2025-11-06 15:00,2025-11-06 15:45,2025-11-06 15:19,2025-11-06 15:47,2025-11-06 15:19,2025-11-06 15:45,26.0,partial overlap,Low,Training Room,Client Reception
CONF_1017,P060,Requirements Analysis,One-on-One,2025-11-07 09:30,2025-11-07 10:30,2025-11-07 10:15,2025-11-07 10:45,2025-11-07 10:15,2025-11-07 10:30,15.0,partial overlap,Low,Office Area 2,Break Room
CONF_1018,P061,Brainstorming,Code Review,2025-10-27 11:30,2025-10-27 12:30,2025-10-27 11:55,2025-10-27 12:38,2025-10-27 11:55,2025-10-27 12:30,35.0,partial overlap,Medium,Training Room,Office Area 1
CONF_1019,P061,Design Review,Operations Check,2025-10-31 17:00,2025-10-31 18:00,2025-10-31 17:07,2025-10-31 17:42,2025-10-31 17:07,2025-10-31 17:42,35.0,full overlap,Medium,Cafe,R&D Center
CONF_1020,P061,Training,Design Review,2025-11-03 17:15,2025-11-03 18:45,2025-11-03 17:00,2025-11-03 18:30,2025-11-03 17:15,2025-11-03 18:30,75.0,partial overlap,High,Demo Hall,Conference Room B
CONF_1021,P061,Training,Product Demo,2025-11-03 17:15,2025-11-03 18:45,2025-11-03 17:14,2025-11-03 18:11,2025-11-03 17:15,2025-11-03 18:11,56.0,partial overlap,Medium,Demo Hall,Remote
CONF_1022,P061,Design Review,Product Demo,2025-11-03 17:00,2025-11-03 18:30,2025-11-03 17:14,2025-11-03 18:11,2025-11-03 17:14,2025-11-03 18:11,57.0,full overlap,Medium,Conference Room B,Remote
CONF_1023,P061,Client Visit,Meeting,2025-11-08 14:00,2025-11-08 14:30,2025-11-08 13:45,2025-11-08 14:30,2025-11-08 14:00,2025-11-08 14:30,30.0,full overlap,Medium,Product Showcase,Cafe
CONF_1024,P061,Client Visit,Project Discussion,2025-11-08 14:00,2025-11-08 14:30,2025-11-08 13:45,2025-11-08 14:15,2025-11-08 14:00,2025-11-08 14:15,15.0,partial overlap,Low,Product Showcase,R&D Center
CONF_1025,P062,Tech Sharing,Requirements Analysis,2025-11-01 08:00,2025-11-01 08:30,2025-11-01 08:15,2025-11-01 09:45,2025-11-01 08:15,2025-11-01 08:30,15.0,partial overlap,Low,Remote,Product Showcase
CONF_1026,P062,Team Building,Project Discussion,2025-11-04 08:30,2025-11-04 10:00,2025-11-04 09:30,2025-11-04 10:30,2025-11-04 09:30,2025-11-04 10:00,30.0,partial overlap,Medium,Conference Room B,Conference Room B
CONF_1027,P062,Tech Sharing,Requirements Analysis,2025-10-30 12:15,2025-10-30 12:45,2025-10-30 12:35,2025-10-30 13:05,2025-10-30 12:35,2025-10-30 12:45,10.0,partial overlap,Low,Conference Room A,Conference Room A
CONF_1028,P062,Tech Sharing,Operations Check,2025-11-04 15:15,2025-11-04 16:15,2025-11-04 16:00,2025-11-04 16:45,2025-11-04 16:00,2025-11-04 16:15,15.0,partial overlap,Low,Office Area 1,R&D Center
CONF_1029,P063,Training,Brainstorming,2025-11-04 13:45,2025-11-04 14:45,2025-11-04 14:00,2025-11-04 14:30,2025-11-04 14:00,2025-11-04 14:30,30.0,full overlap,Medium,Client Reception,Demo Hall
CONF_1030,P063,Training,Testing Acceptance,2025-11-04 13:45,2025-11-04 14:45,2025-11-04 14:15,2025-11-04 14:36,2025-11-04 14:15,2025-11-04 14:36,21.0,full overlap,Low,Client Reception,Conference Room B
CONF_1031,P063,Brainstorming,Testing Acceptance,2025-11-04 14:00,2025-11-04 14:30,2025-11-04 14:15,2025-11-04 14:36,2025-11-04 14:15,2025-11-04 14:30,15.0,partial overlap,Low,Demo Hall,Conference Room B
CONF_1032,P064,Deployment,Code Review,2025-11-01 13:30,2025-11-01 15:00,2025-11-01 13:48,2025-11-01 14:14,2025-11-01 13:48,2025-11-01 14:14,26.0,full overlap,Low,Product Showcase,Conference Room A
CONF_1033,P064,Tech Sharing,Brainstorming,2025-10-31 15:00,2025-10-31 16:00,2025-10-31 15:30,2025-10-31 16:30,2025-10-31 15:30,2025-10-31 16:00,30.0,partial overlap,Medium,Office Area 1,Cafe
CONF_1034,P064,Requirements Analysis,Tech Sharing,2025-11-03 18:00,2025-11-03 19:00,2025-11-03 17:22,2025-11-03 18:05,2025-11-03 18:00,2025-11-03 18:05,5.0,partial overlap,Low,Conference Room B,Remote
CONF_1035,P064,Requirements Analysis,Design Review,2025-11-03 18:00,2025-11-03 19:00,2025-11-03 17:49,2025-11-03 18:13,2025-11-03 18:00,2025-11-03 18:13,13.0,partial overlap,Low,Conference Room B,Office Area 2
CONF_1036,P064,Meeting,Meeting,2025-11-02 11:30,2025-11-02 12:00,2025-11-02 11:30,2025-11-02 12:30,2025-11-02 11:30,2025-11-02 12:00,30.0,full overlap,Medium,Cafe,Break Room
CONF_1037,P064,Product Demo,Tech Sharing,2025-11-03 17:00,2025-11-03 17:45,2025-11-03 17:22,2025-11-03 18:05,2025-11-03 17:22,2025-11-03 17:45,23.0,partial overlap,Low,Training Room,Remote
CONF_1038,P065,Project Discussion,Project Discussion,2025-11-04 10:30,2025-11-04 11:15,2025-11-04 10:56,2025-11-04 11:37,2025-11-04 10:56,2025-11-04 11:15,19.0,partial overlap,Low,Conference Room A,Training Room
CONF_1039,P065,Product Demo,Training,2025-11-04 17:15,2025-11-04 18:15,2025-11-04 17:45,2025-11-04 18:10,2025-11-04 17:45,2025-11-04 18:10,25.0,full overlap,Low,Conference Room C,Break Room
CONF_1040,P065,Brainstorming,Code Review,2025-11-05 11:00,2025-11-05 11:45,2025-11-05 11:11,2025-11-05 11:29,2025-11-05 11:11,2025-11-05 11:29,18.0,full overlap,Low,Online Meeting,Training Room
CONF_1041,P066,Client Visit,Operations Check,2025-10-31 08:00,2025-10-31 08:45,2025-10-31 08:00,2025-10-31 09:30,2025-10-31 08:00,2025-10-31 08:45,45.0,full overlap,Medium,Conference Room B,Training Room
CONF_1042,P066,Design Review,Client Visit,2025-11-04 17:45,2025-11-04 19:15,2025-11-04 18:12,2025-11-04 18:32,2025-11-04 18:12,2025-11-04 18:32,20.0,full overlap,Low,Test Lab,Cafe
CONF_1043,P066,Design Review,Training,2025-11-04 17:45,2025-11-04 19:15,2025-11-04 18:30,2025-11-04 18:53,2025-11-04 18:30,2025-11-04 18:53,23.0,full overlap,Low,Test Lab,Client Reception
CONF_1044,P066,Testing Acceptance,Product Demo,2025-11-06 14:45,2025-11-06 15:30,2025-11-06 13:58,2025-11-06 14:46,2025-11-06 14:45,2025-11-06 14:46,1.0,partial overlap,Low,Client Reception,Break Room
CONF_1045,P067,Deployment,Client Visit,2025-10-28 16:30,2025-10-28 18:00,2025-10-28 16:51,2025-10-28 17:16,2025-10-28 16:51,2025-10-28 17:16,25.0,full overlap,Low,Training Room,Office Area 2
CONF_1046,P067,Training,Design Review,2025-11-01 11:30,2025-11-01 13:00,2025-11-01 11:45,2025-11-01 12:30,2025-11-01 11:45,2025-11-01 12:30,45.0,full overlap,Medium,Cafe,R&D Center
CONF_1047,P067,Project Discussion,Testing Acceptance,2025-11-06 17:00,2025-11-06 18:30,2025-11-06 16:45,2025-11-06 17:45,2025-11-06 17:00,2025-11-06 17:45,45.0,partial overlap,Medium,Office Area 2,Break Room
CONF_1048,P068,Requirements Analysis,Tech Sharing,2025-11-05 08:45,2025-11-05 09:45,2025-11-05 08:00,2025-11-05 09:00,2025-11-05 08:45,2025-11-05 09:00,15.0,partial overlap,Low,Online Meeting,Cafe
CONF_1049,P069,Operations Check,Project Discussion,2025-11-02 16:00,2025-11-02 16:45,2025-11-02 16:30,2025-11-02 17:30,2025-11-02 16:30,2025-11-02 16:45,15.0,partial overlap,Low,Product Showcase,Conference Room B
CONF_1050,P069,Deployment,Training,2025-10-31 09:45,2025-10-31 11:15,2025-10-31 09:52,2025-10-31 10:20,2025-10-31 09:52,2025-10-31 10:20,28.0,full overlap,Low,Conference Room A,Client Reception
CONF_1051,P069,Deployment,Brainstorming,2025-10-31 09:45,2025-10-31 11:15,2025-10-31 10:13,2025-10-31 10:54,2025-10-31 10:13,2025-10-31 10:54,41.0,full overlap,Medium,Conference Room A,Test Lab
CONF_1052,P070,Product Demo,Operations Check,2025-10-31 10:00,2025-10-31 10:45,2025-10-31 10:15,2025-10-31 11:04,2025-10-31 10:15,2025-10-31 10:45,30.0,partial overlap,Medium,Training Room,Product Showcase
CONF_1053,P070,Testing Acceptance,Meeting,2025-11-09 08:15,2025-11-09 09:00,2025-11-09 08:15,2025-11-09 09:15,2025-11-09 08:15,2025-11-09 09:00,45.0,full overlap,Medium,R&D Center,Test Lab
CONF_1054,P070,Testing Acceptance,Requirements Analysis,2025-11-09 08:15,2025-11-09 09:00,2025-11-09 08:28,2025-11-09 09:22,2025-11-09 08:28,2025-11-09 09:00,32.0,partial overlap,Medium,R&D Center,R&D Center
CONF_1055,P071,Brainstorming,Meeting,2025-11-02 11:00,2025-11-02 11:30,2025-11-02 10:15,2025-11-02 11:15,2025-11-02 11:00,2025-11-02 11:15,15.0,partial overlap,Low,Conference Room B,Conference Room C
CONF_1056,P071,Meeting,Deployment,2025-11-02 10:15,2025-11-02 11:15,2025-11-02 09:30,2025-11-02 10:30,2025-11-02 10:15,2025-11-02 10:30,15.0,partial overlap,Low,Conference Room C,Office Area 2
CONF_1057,P071,Meeting,Requirements Analysis,2025-11-05 11:00,2025-11-05 12:00,2025-11-05 11:06,2025-11-05 11:26,2025-11-05 11:06,2025-11-05 11:26,20.0,full overlap,Low,Test Lab,Break Room
CONF_1058,P071,Project Discussion,Brainstorming,2025-11-09 18:00,2025-11-09 19:30,2025-11-09 18:18,2025-11-09 19:15,2025-11-09 18:18,2025-11-09 19:15,57.0,full overlap,Medium,Client Reception,Conference Room C
CONF_1059,P071,Project Discussion,Tech Sharing,2025-11-09 18:00,2025-11-09 19:30,2025-11-09 18:24,2025-11-09 19:10,2025-11-09 18:24,2025-11-09 19:10,46.0,full overlap,Medium,Client Reception,Cafe
CONF_1060,P071,Meeting,Client Visit,2025-11-06 13:15,2025-11-06 13:45,2025-11-06 13:36,2025-11-06 14:07,2025-11-06 13:36,2025-11-06 13:45,9.0,partial overlap,Low,Product Showcase,Conference Room B
CONF_1061,P072,Testing Acceptance,Testing Acceptance,2025-11-01 18:00,2025-11-01 18:45,2025-11-01 18:10,2025-11-01 18:37,2025-11-01 18:10,2025-11-01 18:37,27.0,full overlap,Low,Training Room,Test Lab
CONF_1062,P072,Meeting,Training,2025-10-31 17:15,2025-10-31 17:45,2025-10-31 17:28,2025-10-31 17:59,2025-10-31 17:28,2025-10-31 17:45,17.0,partial overlap,Low,Client Reception,Break Room
CONF_1063,P072,Operations Check,Brainstorming,2025-10-30 14:30,2025-10-30 15:00,2025-10-30 14:39,2025-10-30 15:05,2025-10-30 14:39,2025-10-30 15:00,21.0,partial overlap,Low,Office Area 2,Office Area 1
CONF_1064,P072,Tech Sharing,Operations Check,2025-11-06 18:00,2025-11-06 18:45,2025-11-06 18:08,2025-11-06 18:29,2025-11-06 18:08,2025-11-06 18:29,21.0,full overlap,Low,Office Area 2,Conference Room C
CONF_1065,P072,Team Building,Brainstorming,2025-11-06 12:00,2025-11-06 12:30,2025-11-06 12:27,2025-11-06 12:52,2025-11-06 12:27,2025-11-06 12:30,3.0,partial overlap,Low,Office Area 2,Office Area 2
CONF_1066,P073,Product Demo,Tech Sharing,2025-10-27 09:15,2025-10-27 10:45,2025-10-27 09:24,2025-10-27 09:52,2025-10-27 09:24,2025-10-27 09:52,28.0,full overlap,Low,Remote,Demo Hall
CONF_1067,P073,Client Visit,Code Review,2025-10-31 11:15,2025-10-31 11:45,2025-10-31 11:30,2025-10-31 12:15,2025-10-31 11:30,2025-10-31 11:45,15.0,partial overlap,Low,Office Area 2,Conference Room A
CONF_1068,P073,Product Demo,Training,2025-11-02 11:15,2025-11-02 12:15,2025-11-02 11:32,2025-11-02 12:15,2025-11-02 11:32,2025-11-02 12:15,43.0,full overlap,Medium,Break Room,Cafe
CONF_1069,P073,Deployment,Testing Acceptance,2025-11-04 08:15,2025-11-04 09:00,2025-11-04 08:26,2025-11-04 08:44,2025-11-04 08:26,2025-11-04 08:44,18.0,full overlap,Low,Conference Room B,Training Room
CONF_1070,P073,Meeting,Product Demo,2025-11-03 11:45,2025-11-03 13:15,2025-11-03 12:08,2025-11-03 12:37,2025-11-03 12:08,2025-11-03 12:37,29.0,full overlap,Low,Test Lab,Online Meeting
CONF_1071,P073,Code Review,Requirements Analysis,2025-10-31 11:30,2025-10-31 12:15,2025-10-31 11:50,2025-10-31 12:12,2025-10-31 11:50,2025-10-31 12:12,22.0,full overlap,Low,Conference Room A,Training Room
CONF_1072,P073,Code Review,Testing Acceptance,2025-11-02 14:30,2025-11-02 16:00,2025-11-02 15:00,2025-11-02 15:30,2025-11-02 15:00,2025-11-02 15:30,30.0,full overlap,Medium,Office Area 2,Break Room
CONF_1073,P074,Team Building,Team Building,2025-10-28 13:00,2025-10-28 14:30,2025-10-28 14:15,2025-10-28 14:45,2025-10-28 14:15,2025-10-28 14:30,15.0,partial overlap,Low,R&D Center,Break Room
CONF_1074,P074,Team Building,Requirements Analysis,2025-11-01 09:30,2025-11-01 10:30,2025-11-01 09:15,2025-11-01 10:45,2025-11-01 09:30,2025-11-01 10:30,60.0,full overlap,High,Client Reception,Demo Hall
CONF_1075,P074,Client Visit,Product Demo,2025-11-03 16:45,2025-11-03 17:45,2025-11-03 16:51,2025-11-03 17:34,2025-11-03 16:51,2025-11-03 17:34,43.0,full overlap,Medium,Remote,Remote
CONF_1076,P074,Requirements Analysis,Deployment,2025-11-07 16:15,2025-11-07 17:45,2025-11-07 15:45,2025-11-07 16:30,2025-11-07 16:15,2025-11-07 16:30,15.0,partial overlap,Low,Demo Hall,Demo Hall
CONF_1077,P074,Requirements Analysis,Client Visit,2025-11-07 16:15,2025-11-07 17:45,2025-11-07 15:51,2025-11-07 16:20,2025-11-07 16:15,2025-11-07 16:20,5.0,partial overlap,Low,Demo Hall,R&D Center
CONF_1078,P074,Requirements Analysis,Requirements Analysis,2025-11-08 15:15,2025-11-08 15:45,2025-11-08 15:15,2025-11-08 16:15,2025-11-08 15:15,2025-11-08 15:45,30.0,full overlap,Medium,Test Lab,Demo Hall
CONF_1079,P074,Requirements Analysis,One-on-One,2025-11-08 15:15,2025-11-08 15:45,2025-11-08 15:15,2025-11-08 16:15,2025-11-08 15:15,2025-11-08 15:45,30.0,full overlap,Medium,Test Lab,Training Room
CONF_1080,P074,Requirements Analysis,Meeting,2025-11-08 15:15,2025-11-08 15:45,2025-11-08 15:35,2025-11-08 16:13,2025-11-08 15:35,2025-11-08 15:45,10.0,partial overlap,Low,Test Lab,Online Meeting
CONF_1081,P075,Brainstorming,Design Review,2025-10-30 15:30,2025-10-30 16:15,2025-10-30 15:48,2025-10-30 16:20,2025-10-30 15:48,2025-10-30 16:15,27.0,partial overlap,Low,Client Reception,Training Room
CONF_1082,P075,Client Visit,One-on-One,2025-10-31 17:00,2025-10-31 17:30,2025-10-31 17:07,2025-10-31 17:50,2025-10-31 17:07,2025-10-31 17:30,23.0,partial overlap,Low,R&D Center,Conference Room A
CONF_1083,P075,Product Demo,Client Visit,2025-10-30 18:15,2025-10-30 19:15,2025-10-30 18:30,2025-10-30 19:02,2025-10-30 18:30,2025-10-30 19:02,32.0,full overlap,Medium,Conference Room B,Product Showcase
CONF_1084,P075,Product Demo,Brainstorming,2025-11-05 08:45,2025-11-05 09:15,2025-11-05 08:58,2025-11-05 09:24,2025-11-05 08:58,2025-11-05 09:15,17.0,partial overlap,Low,Office Area 1,Demo Hall
CONF_1085,P075,Training,Team Building,2025-11-08 13:30,2025-11-08 14:30,2025-11-08 13:45,2025-11-08 14:30,2025-11-08 13:45,2025-11-08 14:30,45.0,full overlap,Medium,Cafe,Product Showcase
CONF_1086,P075,Training,Team Building,2025-11-08 13:30,2025-11-08 14:30,2025-11-08 14:11,2025-11-08 14:34,2025-11-08 14:11,2025-11-08 14:30,19.0,partial overlap,Low,Cafe,Remote
CONF_1087,P075,Design Review,Tech Sharing,2025-11-04 14:00,2025-11-04 14:30,2025-11-04 14:14,2025-11-04 15:09,2025-11-04 14:14,2025-11-04 14:30,16.0,partial overlap,Low,Test Lab,Client Reception
CONF_1088,P075,Operations Check,Deployment,2025-11-04 18:30,2025-11-04 19:30,2025-11-04 18:44,2025-11-04 19:35,2025-11-04 18:44,2025-11-04 19:30,46.0,partial overlap,Medium,Demo Hall,Office Area 2
CONF_1089,P076,Client Visit,Requirements Analysis,2025-10-30 17:30,2025-10-30 18:00,2025-10-30 17:46,2025-10-30 18:35,2025-10-30 17:46,2025-10-30 18:00,14.0,partial overlap,Low,Training Room,Conference Room B
CONF_1090,P076,Design Review,Requirements Analysis,2025-11-02 14:30,2025-11-02 16:00,2025-11-02 15:00,2025-11-02 15:45,2025-11-02 15:00,2025-11-02 15:45,45.0,full overlap,Medium,Demo Hall,Office Area 1
CONF_1091,P076,Design Review,Brainstorming,2025-11-02 14:30,2025-11-02 16:00,2025-11-02 15:45,2025-11-02 16:30,2025-11-02 15:45,2025-11-02 16:00,15.0,partial overlap,Low,Demo Hall,Demo Hall
CONF_1092,P076,Client Visit,Deployment,2025-11-07 17:00,2025-11-07 17:30,2025-11-07 16:30,2025-11-07 17:30,2025-11-07 17:00,2025-11-07 17:30,30.0,full overlap,Medium,Product Showcase,Conference Room B
CONF_1093,P077,Requirements Analysis,Requirements Analysis,2025-11-02 14:15,2025-11-02 15:15,2025-11-02 14:32,2025-11-02 14:48,2025-11-02 14:32,2025-11-02 14:48,16.0,full overlap,Low,Demo Hall,Conference Room B
CONF_1094,P077,Training,Requirements Analysis,2025-10-31 09:15,2025-10-31 10:45,2025-10-31 09:30,2025-10-31 10:26,2025-10-31 09:30,2025-10-31 10:26,56.0,full overlap,Medium,Office Area 2,Conference Room A
CONF_1095,P077,Meeting,One-on-One,2025-11-04 14:45,2025-11-04 16:15,2025-11-04 15:30,2025-11-04 16:15,2025-11-04 15:30,2025-11-04 16:15,45.0,full overlap,Medium,Client Reception,Conference Room C
CONF_1096,P077,Tech Sharing,Training,2025-11-08 13:15,2025-11-08 14:45,2025-11-08 13:30,2025-11-08 14:00,2025-11-08 13:30,2025-11-08 14:00,30.0,full overlap,Medium,Test Lab,Conference Room A
CONF_1097,P077,Tech Sharing,Brainstorming,2025-11-08 13:15,2025-11-08 14:45,2025-11-08 14:30,2025-11-08 15:15,2025-11-08 14:30,2025-11-08 14:45,15.0,partial overlap,Low,Test Lab,Test Lab
CONF_1098,P078,Code Review,Operations Check,2025-10-30 10:45,2025-10-30 11:45,2025-10-30 11:30,2025-10-30 12:30,2025-10-30 11:30,2025-10-30 11:45,15.0,partial overlap,Low,Break Room,Break Room
CONF_1099,P078,Code Review,One-on-One,2025-10-30 10:45,2025-10-30 11:45,2025-10-30 11:41,2025-10-30 12:13,2025-10-30 11:41,2025-10-30 11:45,4.0,partial overlap,Low,Break Room,Client Reception
CONF_1100,P078,Operations Check,One-on-One,2025-10-30 11:30,2025-10-30 12:30,2025-10-30 11:41,2025-10-30 12:13,2025-10-30 11:41,2025-10-30 12:13,32.0,full overlap,Medium,Break Room,Client Reception
CONF_1101,P078,Meeting,Design Review,2025-11-08 18:15,2025-11-08 19:45,2025-11-08 18:00,2025-11-08 18:30,2025-11-08 18:15,2025-11-08 18:30,15.0,partial overlap,Low,Training Room,Client Reception
CONF_1102,P078,Operations Check,Team Building,2025-11-01 09:30,2025-11-01 10:15,2025-11-01 09:50,2025-11-01 10:35,2025-11-01 09:50,2025-11-01 10:15,25.0,partial overlap,Low,Cafe,Client Reception
CONF_1103,P078,Operations Check,Deployment,2025-11-01 09:30,2025-11-01 10:15,2025-11-01 09:53,2025-11-01 10:23,2025-11-01 09:53,2025-11-01 10:15,22.0,partial overlap,Low,Cafe,Training Room
CONF_1104,P078,Client Visit,Project Discussion,2025-11-09 11:45,2025-11-09 12:15,2025-11-09 12:00,2025-11-09 12:45,2025-11-09 12:00,2025-11-09 12:15,15.0,partial overlap,Low,R&D Center,Demo Hall
CONF_1105,P078,Client Visit,One-on-One,2025-11-09 11:45,2025-11-09 12:15,2025-11-09 12:09,2025-11-09 12:40,2025-11-09 12:09,2025-11-09 12:15,6.0,partial overlap,Low,R&D Center,Cafe
CONF_1106,P079,Design Review,Design Review,2025-11-05 12:30,2025-11-05 13:15,2025-11-05 12:30,2025-11-05 13:15,2025-11-05 12:30,2025-11-05 13:15,45.0,full overlap,Medium,Office Area 2,Product Showcase
CONF_1107,P079,Brainstorming,Operations Check,2025-11-07 09:00,2025-11-07 10:30,2025-11-07 10:00,2025-11-07 10:30,2025-11-07 10:00,2025-11-07 10:30,30.0,full overlap,Medium,Conference Room B,Office Area 2
CONF_1108,P079,One-on-One,Requirements Analysis,2025-11-06 16:45,2025-11-06 17:15,2025-11-06 16:15,2025-11-06 17:15,2025-11-06 16:45,2025-11-06 17:15,30.0,full overlap,Medium,Break Room,Conference Room C
CONF_1109,P079,One-on-One,Brainstorming,2025-11-06 16:45,2025-11-06 17:15,2025-11-06 16:45,2025-11-06 17:30,2025-11-06 16:45,2025-11-06 17:15,30.0,full overlap,Medium,Break Room,Conference Room A
CONF_1110,P080,Client Visit,Testing Acceptance,2025-11-02 18:15,2025-11-02 19:15,2025-11-02 18:30,2025-11-02 19:00,2025-11-02 18:30,2025-11-02 19:00,30.0,full overlap,Medium,Remote,Conference Room C
CONF_1111,P080,Deployment,Operations Check,2025-11-04 16:45,2025-11-04 17:15,2025-11-04 16:30,2025-11-04 17:30,2025-11-04 16:45,2025-11-04 17:15,30.0,full overlap,Medium,Training Room,Online Meeting
CONF_1112,P080,Code Review,Requirements Analysis,2025-11-07 13:15,2025-11-07 14:15,2025-11-07 14:00,2025-11-07 15:00,2025-11-07 14:00,2025-11-07 14:15,15.0,partial overlap,Low,Conference Room C,Office Area 2
CONF_1113,P080,Brainstorming,Operations Check,2025-11-08 15:15,2025-11-08 16:15,2025-11-08 15:38,2025-11-08 15:55,2025-11-08 15:38,2025-11-08 15:55,17.0,full overlap,Low,Product Showcase,Test Lab
CONF_1114,P080,Brainstorming,Code Review,2025-11-08 15:15,2025-11-08 16:15,2025-11-08 15:45,2025-11-08 16:27,2025-11-08 15:45,2025-11-08 16:15,30.0,partial overlap,Medium,Product Showcase,Remote
CONF_1115,P080,Product Demo,Project Discussion,2025-11-08 17:30,2025-11-08 18:15,2025-11-08 17:45,2025-11-08 18:01,2025-11-08 17:45,2025-11-08 18:01,16.0,full overlap,Low,Office Area 2,R&D Center
CONF_1116,P080,Product Demo,Client Visit,2025-11-08 17:30,2025-11-08 18:15,2025-11-08 18:04,2025-11-08 18:58,2025-11-08 18:04,2025-11-08 18:15,11.0,partial overlap,Low,Office Area 2,Conference Room A
CONF_1117,P080,Product Demo,Client Visit,2025-11-08 17:30,2025-11-08 18:15,2025-11-08 17:30,2025-11-08 18:15,2025-11-08 17:30,2025-11-08 18:15,45.0,full overlap,Medium,Office Area 2,Office Area 1
CONF_1118,P080,Product Demo,Design Review,2025-11-08 17:30,2025-11-08 18:15,2025-11-08 17:50,2025-11-08 18:11,2025-11-08 17:50,2025-11-08 18:11,21.0,full overlap,Low,Office Area 2,Office Area 1
CONF_1119,P081,Code Review,Code Review,2025-11-01 16:30,2025-11-01 17:30,2025-11-01 16:45,2025-11-01 18:15,2025-11-01 16:45,2025-11-01 17:30,45.0,partial overlap,Medium,Online Meeting,Demo Hall
CONF_1120,P081,Code Review,Operations Check,2025-11-01 16:30,2025-11-01 17:30,2025-11-01 16:46,2025-11-01 17:38,2025-11-01 16:46,2025-11-01 17:30,44.0,partial overlap,Medium,Online Meeting,R&D Center
CONF_1121,P081,Meeting,Team Building,2025-11-02 10:00,2025-11-02 11:00,2025-11-02 10:15,2025-11-02 11:00,2025-11-02 10:15,2025-11-02 11:00,45.0,full overlap,Medium,Office Area 2,Remote
CONF_1122,P081,Code Review,Operations Check,2025-11-01 16:45,2025-11-01 18:15,2025-11-01 16:46,2025-11-01 17:38,2025-11-01 16:46,2025-11-01 17:38,52.0,full overlap,Medium,Demo Hall,R&D Center
CONF_1123,P081,Code Review,Project Discussion,2025-11-07 10:15,2025-11-07 11:00,2025-11-07 10:35,2025-11-07 10:58,2025-11-07 10:35,2025-11-07 10:58,23.0,full overlap,Low,Client Reception,Training Room
CONF_1124,P081,Code Review,Training,2025-11-07 10:15,2025-11-07 11:00,2025-11-07 09:45,2025-11-07 10:30,2025-11-07 10:15,2025-11-07 10:30,15.0,partial overlap,Low,Client Reception,Client Reception
CONF_1125,P082,Code Review,Tech Sharing,2025-11-03 11:00,2025-11-03 12:30,2025-11-03 12:15,2025-11-03 13:00,2025-11-03 12:15,2025-11-03 12:30,15.0,partial overlap,Low,Training Room,Office Area 2
CONF_1126,P082,One-on-One,Meeting,2025-10-27 13:15,2025-10-27 14:45,2025-10-27 13:21,2025-10-27 13:49,2025-10-27 13:21,2025-10-27 13:49,28.0,full overlap,Low,Conference Room C,Remote
CONF_1127,P082,Design Review,One-on-One,2025-11-02 16:15,2025-11-02 17:15,2025-11-02 17:00,2025-11-02 18:00,2025-11-02 17:00,2025-11-02 17:15,15.0,partial overlap,Low,Client Reception,Conference Room B
CONF_1128,P082,Design Review,Client Visit,2025-11-02 16:15,2025-11-02 17:15,2025-11-02 16:34,2025-11-02 17:03,2025-11-02 16:34,2025-11-02 17:03,29.0,full overlap,Low,Client Reception,Office Area 2
CONF_1129,P082,Code Review,Project Discussion,2025-11-04 09:30,2025-11-04 10:00,2025-11-04 09:08,2025-11-04 09:45,2025-11-04 09:30,2025-11-04 09:45,15.0,partial overlap,Low,Office Area 2,Remote
CONF_1130,P082,One-on-One,Client Visit,2025-11-02 17:00,2025-11-02 18:00,2025-11-02 16:34,2025-11-02 17:03,2025-11-02 17:00,2025-11-02 17:03,3.0,partial overlap,Low,Conference Room B,Office Area 2
CONF_1131,P082,Training,Testing Acceptance,2025-11-05 14:45,2025-11-05 15:45,2025-11-05 14:56,2025-11-05 15:30,2025-11-05 14:56,2025-11-05 15:30,34.0,full overlap,Medium,Product Showcase,Cafe
CONF_1132,P083,Tech Sharing,Testing Acceptance,2025-11-02 16:00,2025-11-02 17:00,2025-11-02 16:16,2025-11-02 17:15,2025-11-02 16:16,2025-11-02 17:00,44.0,partial overlap,Medium,Conference Room A,Demo Hall
CONF_1133,P083,Product Demo,Project Discussion,2025-11-01 16:15,2025-11-01 17:15,2025-11-01 16:40,2025-11-01 17:25,2025-11-01 16:40,2025-11-01 17:15,35.0,partial overlap,Medium,Cafe,Break Room
CONF_1134,P083,Brainstorming,Tech Sharing,2025-11-04 08:45,2025-11-04 10:15,2025-11-04 08:57,2025-11-04 09:36,2025-11-04 08:57,2025-11-04 09:36,39.0,full overlap,Medium,Product Showcase,Conference Room A
CONF_1135,P084,Training,Operations Check,2025-11-06 12:15,2025-11-06 12:45,2025-11-06 12:30,2025-11-06 13:00,2025-11-06 12:30,2025-11-06 12:45,15.0,partial overlap,Low,Online Meeting,Remote
CONF_1136,P084,Project Discussion,Project Discussion,2025-11-03 11:30,2025-11-03 12:00,2025-11-03 11:38,2025-11-03 12:16,2025-11-03 11:38,2025-11-03 12:00,22.0,partial overlap,Low,Online Meeting,Cafe
CONF_1137,P085,Code Review,Testing Acceptance,2025-11-04 15:00,2025-11-04 16:00,2025-11-04 15:30,2025-11-04 17:00,2025-11-04 15:30,2025-11-04 16:00,30.0,partial overlap,Medium,Office Area 2,Online Meeting
CONF_1138,P085,Code Review,Requirements Analysis,2025-11-04 15:00,2025-11-04 16:00,2025-11-04 15:00,2025-11-04 15:45,2025-11-04 15:00,2025-11-04 15:45,45.0,full overlap,Medium,Office Area 2,Break Room
CONF_1139,P085,Testing Acceptance,Requirements Analysis,2025-11-04 15:30,2025-11-04 17:00,2025-11-04 15:00,2025-11-04 15:45,2025-11-04 15:30,2025-11-04 15:45,15.0,partial overlap,Low,Online Meeting,Break Room
CONF_1140,P085,Project Discussion,Client Visit,2025-11-01 08:00,2025-11-01 08:30,2025-11-01 08:22,2025-11-01 08:50,2025-11-01 08:22,2025-11-01 08:30,8.0,partial overlap,Low,R&D Center,Client Reception
CONF_1141,P085,One-on-One,Meeting,2025-11-09 08:00,2025-11-09 08:45,2025-11-09 08:11,2025-11-09 08:37,2025-11-09 08:11,2025-11-09 08:37,26.0,full overlap,Low,Product Showcase,Break Room
CONF_1142,P086,Client Visit,Deployment,2025-11-02 15:00,2025-11-02 15:45,2025-11-02 14:15,2025-11-02 15:45,2025-11-02 15:00,2025-11-02 15:45,45.0,full overlap,Medium,Online Meeting,Office Area 2
CONF_1143,P086,Meeting,Testing Acceptance,2025-10-30 13:00,2025-10-30 13:45,2025-10-30 12:15,2025-10-30 13:45,2025-10-30 13:00,2025-10-30 13:45,45.0,full overlap,Medium,Online Meeting,Training Room
CONF_1144,P087,Training,Code Review,2025-11-01 12:45,2025-11-01 13:30,2025-11-01 13:04,2025-11-01 13:29,2025-11-01 13:04,2025-11-01 13:29,25.0,full overlap,Low,Training Room,Remote
CONF_1145,P087,Design Review,Requirements Analysis,2025-10-30 09:00,2025-10-30 10:00,2025-10-30 09:11,2025-10-30 10:08,2025-10-30 09:11,2025-10-30 10:00,49.0,partial overlap,Medium,R&D Center,Online Meeting
CONF_1146,P087,Tech Sharing,Project Discussion,2025-11-03 18:30,2025-11-03 20:00,2025-11-03 18:44,2025-11-03 19:31,2025-11-03 18:44,2025-11-03 19:31,47.0,full overlap,Medium,R&D Center,Office Area 2
CONF_1147,P087,Tech Sharing,Design Review,2025-11-03 18:30,2025-11-03 20:00,2025-11-03 18:53,2025-11-03 19:51,2025-11-03 18:53,2025-11-03 19:51,58.0,full overlap,Medium,R&D Center,Online Meeting
CONF_1148,P088,Team Building,Deployment,2025-11-03 12:45,2025-11-03 13:30,2025-11-03 12:30,2025-11-03 13:15,2025-11-03 12:45,2025-11-03 13:15,30.0,partial overlap,Medium,Demo Hall,Test Lab
CONF_1149,P088,Product Demo,Brainstorming,2025-11-03 11:00,2025-11-03 11:45,2025-11-03 10:00,2025-11-03 11:30,2025-11-03 11:00,2025-11-03 11:30,30.0,partial overlap,Medium,Online Meeting,Training Room
CONF_1150,P088,Project Discussion,Tech Sharing,2025-11-01 09:30,2025-11-01 10:00,2025-11-01 09:38,2025-11-01 10:35,2025-11-01 09:38,2025-11-01 10:00,22.0,partial overlap,Low,Office Area 1,Remote
CONF_1151,P088,Project Discussion,Team Building,2025-11-01 09:30,2025-11-01 10:00,2025-11-01 09:56,2025-11-01 10:38,2025-11-01 09:56,2025-11-01 10:00,4.0,partial overlap,Low,Office Area 1,Remote
CONF_1152,P088,Project Discussion,Meeting,2025-11-01 09:30,2025-11-01 10:00,2025-11-01 09:53,2025-11-01 10:28,2025-11-01 09:53,2025-11-01 10:00,7.0,partial overlap,Low,Office Area 1,Break Room
CONF_1153,P088,Testing Acceptance,Design Review,2025-11-07 10:15,2025-11-07 11:45,2025-11-07 09:30,2025-11-07 10:30,2025-11-07 10:15,2025-11-07 10:30,15.0,partial overlap,Low,Remote,Break Room
CONF_1154,P088,Testing Acceptance,Training,2025-11-07 10:15,2025-11-07 11:45,2025-11-07 09:45,2025-11-07 10:45,2025-11-07 10:15,2025-11-07 10:45,30.0,partial overlap,Medium,Remote,Break Room
CONF_1155,P088,Meeting,Meeting,2025-11-08 18:15,2025-11-08 19:15,2025-11-08 18:27,2025-11-08 19:12,2025-11-08 18:27,2025-11-08 19:12,45.0,full overlap,Medium,Client Reception,Conference Room B
CONF_1156,P088,Deployment,Design Review,2025-11-05 09:30,2025-11-05 11:00,2025-11-05 09:47,2025-11-05 10:33,2025-11-05 09:47,2025-11-05 10:33,46.0,full overlap,Medium,Conference Room C,Office Area 2
CONF_1157,P089,Deployment,Product Demo,2025-10-29 11:30,2025-10-29 12:15,2025-10-29 11:15,2025-10-29 11:45,2025-10-29 11:30,2025-10-29 11:45,15.0,partial overlap,Low,Break Room,Conference Room A
CONF_1158,P089,Testing Acceptance,Design Review,2025-11-04 12:15,2025-11-04 13:45,2025-11-04 11:45,2025-11-04 12:30,2025-11-04 12:15,2025-11-04 12:30,15.0,partial overlap,Low,Conference Room A,Test Lab
CONF_1159,P089,Testing Acceptance,Project Discussion,2025-11-04 12:15,2025-11-04 13:45,2025-11-04 12:01,2025-11-04 12:16,2025-11-04 12:15,2025-11-04 12:16,1.0,partial overlap,Low,Conference Room A,Test Lab
CONF_1160,P089,Design Review,Project Discussion,2025-11-04 11:45,2025-11-04 12:30,2025-11-04 12:01,2025-11-04 12:16,2025-11-04 12:01,2025-11-04 12:16,15.0,full overlap,Low,Test Lab,Test Lab
CONF_1161,P090,Team Building,Tech Sharing,2025-11-01 17:15,2025-11-01 18:15,2025-11-01 17:39,2025-11-01 18:10,2025-11-01 17:39,2025-11-01 18:10,31.0,full overlap,Medium,Client Reception,Office Area 1
CONF_1162,P090,Deployment,Client Visit,2025-11-05 16:15,2025-11-05 17:15,2025-11-05 16:38,2025-11-05 17:35,2025-11-05 16:38,2025-11-05 17:15,37.0,partial overlap,Medium,Conference Room C,Client Reception
CONF_1163,P090,Design Review,Deployment,2025-11-04 16:00,2025-11-04 16:45,2025-11-04 16:05,2025-11-04 16:54,2025-11-04 16:05,2025-11-04 16:45,40.0,partial overlap,Medium,Conference Room A,Product Showcase
CONF_1164,P091,Requirements Analysis,Requirements Analysis,2025-10-31 10:45,2025-10-31 11:45,2025-10-31 09:30,2025-10-31 11:00,2025-10-31 10:45,2025-10-31 11:00,15.0,partial overlap,Low,Test Lab,Conference Room A
CONF_1165,P091,Requirements Analysis,Client Visit,2025-10-31 10:45,2025-10-31 11:45,2025-10-31 11:07,2025-10-31 11:58,2025-10-31 11:07,2025-10-31 11:45,38.0,partial overlap,Medium,Test Lab,Demo Hall
CONF_1166,P091,Requirements Analysis,Deployment,2025-10-31 09:30,2025-10-31 11:00,2025-10-31 09:55,2025-10-31 10:42,2025-10-31 09:55,2025-10-31 10:42,47.0,full overlap,Medium,Conference Room A,Conference Room C
CONF_1167,P092,Tech Sharing,Client Visit,2025-10-28 18:15,2025-10-28 19:00,2025-10-28 18:23,2025-10-28 19:06,2025-10-28 18:23,2025-10-28 19:00,37.0,partial overlap,Medium,Test Lab,Demo Hall
CONF_1168,P092,Client Visit,Project Discussion,2025-10-30 08:00,2025-10-30 08:45,2025-10-30 08:00,2025-10-30 08:30,2025-10-30 08:00,2025-10-30 08:30,30.0,full overlap,Medium,Client Reception,Test Lab
CONF_1169,P092,Product Demo,One-on-One,2025-11-03 16:00,2025-11-03 17:30,2025-11-03 16:17,2025-11-03 16:51,2025-11-03 16:17,2025-11-03 16:51,34.0,full overlap,Medium,Demo Hall,Conference Room C
CONF_1170,P092,Operations Check,Requirements Analysis,2025-11-08 10:15,2025-11-08 11:15,2025-11-08 10:00,2025-11-08 10:30,2025-11-08 10:15,2025-11-08 10:30,15.0,partial overlap,Low,Cafe,Conference Room B
CONF_1171,P092,Operations Check,Training,2025-11-08 10:15,2025-11-08 11:15,2025-11-08 10:00,2025-11-08 11:00,2025-11-08 10:15,2025-11-08 11:00,45.0,partial overlap,Medium,Cafe,Product Showcase
CONF_1172,P092,Operations Check,One-on-One,2025-11-08 10:15,2025-11-08 11:15,2025-11-08 10:30,2025-11-08 11:00,2025-11-08 10:30,2025-11-08 11:00,30.0,full overlap,Medium,Cafe,Test Lab
CONF_1173,P092,Requirements Analysis,Training,2025-11-08 10:00,2025-11-08 10:30,2025-11-08 10:00,2025-11-08 11:00,2025-11-08 10:00,2025-11-08 10:30,30.0,full overlap,Medium,Conference Room B,Product Showcase
CONF_1174,P092,Training,One-on-One,2025-11-08 10:00,2025-11-08 11:00,2025-11-08 10:30,2025-11-08 11:00,2025-11-08 10:30,2025-11-08 11:00,30.0,full overlap,Medium,Product Showcase,Test Lab
CONF_1175,P093,Training,Project Discussion,2025-11-05 16:00,2025-11-05 16:30,2025-11-05 16:11,2025-11-05 16:54,2025-11-05 16:11,2025-11-05 16:30,19.0,partial overlap,Low,Conference Room C,Conference Room C
CONF_1176,P093,Project Discussion,Requirements Analysis,2025-11-09 17:30,2025-11-09 18:00,2025-11-09 17:00,2025-11-09 17:45,2025-11-09 17:30,2025-11-09 17:45,15.0,partial overlap,Low,Office Area 1,Online Meeting
CONF_1177,P094,Product Demo,Operations Check,2025-10-29 11:45,2025-10-29 13:15,2025-10-29 12:45,2025-10-29 14:15,2025-10-29 12:45,2025-10-29 13:15,30.0,partial overlap,Medium,Training Room,Break Room
CONF_1178,P094,Product Demo,Tech Sharing,2025-10-29 11:45,2025-10-29 13:15,2025-10-29 11:18,2025-10-29 12:00,2025-10-29 11:45,2025-10-29 12:00,15.0,partial overlap,Low,Training Room,Office Area 2
CONF_1179,P094,Product Demo,Requirements Analysis,2025-10-29 11:45,2025-10-29 13:15,2025-10-29 11:20,2025-10-29 12:01,2025-10-29 11:45,2025-10-29 12:01,16.0,partial overlap,Low,Training Room,R&D Center
CONF_1180,P094,Design Review,Tech Sharing,2025-10-29 11:00,2025-10-29 11:30,2025-10-29 11:18,2025-10-29 12:00,2025-10-29 11:18,2025-10-29 11:30,12.0,partial overlap,Low,Remote,Office Area 2
CONF_1181,P094,Design Review,Requirements Analysis,2025-10-29 11:00,2025-10-29 11:30,2025-10-29 11:20,2025-10-29 12:01,2025-10-29 11:20,2025-10-29 11:30,10.0,partial overlap,Low,Remote,R&D Center
CONF_1182,P094,One-on-One,Deployment,2025-11-05 12:30,2025-11-05 13:15,2025-11-05 12:58,2025-11-05 13:25,2025-11-05 12:58,2025-11-05 13:15,17.0,partial overlap,Low,Training Room,Remote
CONF_1183,P094,Operations Check,Testing Acceptance,2025-11-01 18:45,2025-11-01 20:15,2025-11-01 17:59,2025-11-01 18:51,2025-11-01 18:45,2025-11-01 18:51,6.0,partial overlap,Low,Office Area 1,Test Lab
CONF_1184,P094,Operations Check,Operations Check,2025-11-01 18:45,2025-11-01 20:15,2025-11-01 19:02,2025-11-01 19:42,2025-11-01 19:02,2025-11-01 19:42,40.0,full overlap,Medium,Office Area 1,Training Room
CONF_1185,P094,Tech Sharing,Testing Acceptance,2025-11-01 17:30,2025-11-01 18:00,2025-11-01 17:59,2025-11-01 18:51,2025-11-01 17:59,2025-11-01 18:00,1.0,partial overlap,Low,Test Lab,Test Lab
CONF_1186,P095,Team Building,Training,2025-11-04 17:45,2025-11-04 19:15,2025-11-04 17:50,2025-11-04 18:10,2025-11-04 17:50,2025-11-04 18:10,20.0,full overlap,Low,Conference Room A,Cafe
CONF_1187,P095,Team Building,Deployment,2025-11-04 17:45,2025-11-04 19:15,2025-11-04 18:30,2025-11-04 19:30,2025-11-04 18:30,2025-11-04 19:15,45.0,partial overlap,Medium,Conference Room A,Office Area 1
CONF_1188,P095,Project Discussion,Tech Sharing,2025-11-03 13:45,2025-11-03 15:15,2025-11-03 13:30,2025-11-03 14:15,2025-11-03 13:45,2025-11-03 14:15,30.0,partial overlap,Medium,Conference Room A,Office Area 2
CONF_1189,P096,Team Building,Client Visit,2025-10-30 15:15,2025-10-30 16:00,2025-10-30 15:43,2025-10-30 16:35,2025-10-30 15:43,2025-10-30 16:00,17.0,partial overlap,Low,Online Meeting,Office Area 2
CONF_1190,P096,Deployment,Tech Sharing,2025-11-02 11:00,2025-11-02 12:30,2025-11-02 11:15,2025-11-02 11:45,2025-11-02 11:15,2025-11-02 11:45,30.0,full overlap,Medium,R&D Center,Office Area 2
CONF_1191,P096,Product Demo,Training,2025-11-02 12:30,2025-11-02 13:30,2025-11-02 13:15,2025-11-02 14:45,2025-11-02 13:15,2025-11-02 13:30,15.0,partial overlap,Low,R&D Center,Conference Room C
CONF_1192,P096,Requirements Analysis,Requirements Analysis,2025-11-06 15:15,2025-11-06 16:00,2025-11-06 14:45,2025-11-06 15:45,2025-11-06 15:15,2025-11-06 15:45,30.0,partial overlap,Medium,Office Area 2,Break Room
CONF_1193,P096,Project Discussion,One-on-One,2025-11-04 14:45,2025-11-04 16:15,2025-11-04 15:02,2025-11-04 15:21,2025-11-04 15:02,2025-11-04 15:21,19.0,full overlap,Low,Test Lab,Client Reception
CONF_1194,P097,Operations Check,One-on-One,2025-10-29 16:30,2025-10-29 17:15,2025-10-29 16:43,2025-10-29 17:26,2025-10-29 16:43,2025-10-29 17:15,32.0,partial overlap,Medium,Office Area 2,Client Reception
CONF_1195,P097,Tech Sharing,Testing Acceptance,2025-11-03 13:45,2025-11-03 14:45,2025-11-03 14:30,2025-11-03 15:15,2025-11-03 14:30,2025-11-03 14:45,15.0,partial overlap,Low,Office Area 1,Conference Room A
CONF_1196,P097,Code Review,Requirements Analysis,2025-11-05 18:15,2025-11-05 19:45,2025-11-05 18:30,2025-11-05 19:30,2025-11-05 18:30,2025-11-05 19:30,60.0,full overlap,High,Test Lab,Break Room
CONF_1197,P097,Code Review,Design Review,2025-11-01 08:15,2025-11-01 09:15,2025-11-01 08:39,2025-11-01 09:29,2025-11-01 08:39,2025-11-01 09:15,36.0,partial overlap,Medium,Office Area 2,Cafe
CONF_1198,P098,One-on-One,Brainstorming,2025-11-05 17:30,2025-11-05 18:30,2025-11-05 17:47,2025-11-05 18:08,2025-11-05 17:47,2025-11-05 18:08,21.0,full overlap,Low,Office Area 2,Remote
CONF_1199,P098,Team Building,Testing Acceptance,2025-11-04 11:15,2025-11-04 12:15,2025-11-04 11:45,2025-11-04 12:45,2025-11-04 11:45,2025-11-04 12:15,30.0,partial overlap,Medium,Test Lab,Conference Room C
CONF_1200,P098,Client Visit,Testing Acceptance,2025-11-07 15:30,2025-11-07 16:30,2025-11-07 15:46,2025-11-07 16:33,2025-11-07 15:46,2025-11-07 16:30,44.0,partial overlap,Medium,R&D Center,Cafe
CONF_1201,P099,Design Review,Meeting,2025-11-02 18:15,2025-11-02 19:45,2025-11-02 18:22,2025-11-02 18:58,2025-11-02 18:22,2025-11-02 18:58,36.0,full overlap,Medium,Online Meeting,Product Showcase
CONF_1202,P099,Design Review,Project Discussion,2025-11-02 18:15,2025-11-02 19:45,2025-11-02 18:32,2025-11-02 18:48,2025-11-02 18:32,2025-11-02 18:48,16.0,full overlap,Low,Online Meeting,Client Reception
CONF_1203,P099,Testing Acceptance,Client Visit,2025-11-01 10:15,2025-11-01 10:45,2025-11-01 10:00,2025-11-01 11:30,2025-11-01 10:15,2025-11-01 10:45,30.0,full overlap,Medium,R&D Center,Cafe
CONF_1204,P099,Operations Check,Deployment,2025-11-05 09:15,2025-11-05 10:00,2025-11-05 09:30,2025-11-05 10:30,2025-11-05 09:30,2025-11-05 10:00,30.0,partial overlap,Medium,Client Reception,Training Room
CONF_1205,P099,One-on-One,Client Visit,2025-10-29 16:30,2025-10-29 17:30,2025-10-29 16:58,2025-10-29 17:18,2025-10-29 16:58,2025-10-29 17:18,20.0,full overlap,Low,Client Reception,Online Meeting
CONF_1206,P099,Product Demo,Deployment,2025-11-04 13:30,2025-11-04 14:30,2025-11-04 13:43,2025-11-04 14:06,2025-11-04 13:43,2025-11-04 14:06,23.0,full overlap,Low,R&D Center,R&D Center
CONF_1207,P100,Training,Training,2025-11-02 14:00,2025-11-02 15:30,2025-11-02 14:15,2025-11-02 15:45,2025-11-02 14:15,2025-11-02 15:30,75.0,partial overlap,High,Client Reception,Client Reception
CONF_1208,P100,One-on-One,Brainstorming,2025-11-06 10:30,2025-11-06 11:15,2025-11-06 10:49,2025-11-06 11:43,2025-11-06 10:49,2025-11-06 11:15,26.0,partial overlap,Low,Online Meeting,Conference Room C
CONF_1209,P100,One-on-One,Team Building,2025-11-06 10:30,2025-11-06 11:15,2025-11-06 11:02,2025-11-06 11:56,2025-11-06 11:02,2025-11-06 11:15,13.0,partial overlap,Low,Online Meeting,Conference Room C
CONF_1210,P078,Project Discussion,One-on-One,2025-11-09 12:00,2025-11-09 12:45,2025-11-09 12:09,2025-11-09 12:40,2025-11-09 12:09,2025-11-09 12:40,31.0,full overlap,Medium,Demo Hall,Cafe
CONF_1211,P078,Project Discussion,Meeting,2025-11-09 12:00,2025-11-09 12:45,2025-11-09 12:30,2025-11-09 13:30,2025-11-09 12:30,2025-11-09 12:45,15.0,partial overlap,Low,Demo Hall,Product Showcase
CONF_1212,P094,Code Review,Meeting,2025-11-05 10:15,2025-11-05 10:59,2025-11-05 10:23,2025-11-05 10:53,2025-11-05 10:23,2025-11-05 10:53,30.0,full overlap,Medium,Break Room,Client Reception
CONF_1213,P039,Deployment,Tech Sharing,2025-11-05 17:12,2025-11-05 18:01,2025-11-05 17:00,2025-11-05 18:00,2025-11-05 17:12,2025-11-05 18:00,48.0,partial overlap,Medium,Conference Room B,Conference Room B
CONF_1214,P001,Design Review,Training,2025-11-05 19:05,2025-11-05 19:57,2025-11-05 19:17,2025-11-05 19:35,2025-11-05 19:17,2025-11-05 19:35,18.0,full overlap,Low,Office Area 2,Conference Room B
CONF_1215,P080,Operations Check,Code Review,2025-11-08 15:38,2025-11-08 15:55,2025-11-08 15:45,2025-11-08 16:27,2025-11-08 15:45,2025-11-08 15:55,10.0,partial overlap,Low,Test Lab,Remote
CONF_1216,P015,One-on-One,Brainstorming,2025-11-01 17:17,2025-11-01 18:01,2025-11-01 17:33,2025-11-01 18:17,2025-11-01 17:33,2025-11-01 18:01,28.0,partial overlap,Low,Product Showcase,Training Room
CONF_1217,P015,One-on-One,Requirements Analysis,2025-11-01 17:17,2025-11-01 18:01,2025-11-01 17:46,2025-11-01 18:46,2025-11-01 17:46,2025-11-01 18:01,15.0,partial overlap,Low,Product Showcase,Training Room
CONF_1218,P015,One-on-One,Testing Acceptance,2025-11-01 17:17,2025-11-01 18:01,2025-11-01 17:21,2025-11-01 17:45,2025-11-01 17:21,2025-11-01 17:45,24.0,full overlap,Low,Product Showcase,Conference Room A
CONF_1219,P024,Product Demo,Requirements Analysis,2025-10-30 18:36,2025-10-30 19:31,2025-10-30 18:20,2025-10-30 19:00,2025-10-30 18:36,2025-10-30 19:00,24.0,partial overlap,Low,Training Room,Demo Hall
CONF_1220,P087,Project Discussion,Design Review,2025-11-03 18:44,2025-11-03 19:31,2025-11-03 18:53,2025-11-03 19:51,2025-11-03 18:53,2025-11-03 19:31,38.0,partial overlap,Medium,Office Area 2,Online Meeting
CONF_1221,P071,Brainstorming,Tech Sharing,2025-11-09 18:18,2025-11-09 19:15,2025-11-09 18:24,2025-11-09 19:10,2025-11-09 18:24,2025-11-09 19:10,46.0,full overlap,Medium,Conference Room C,Cafe
CONF_1222,P054,Testing Acceptance,Meeting,2025-11-05 16:49,2025-11-05 17:10,2025-11-05 16:37,2025-11-05 17:14,2025-11-05 16:49,2025-11-05 17:10,21.0,full overlap,Low,Conference Room B,Office Area 1
CONF_1223,P049,Requirements Analysis,Meeting,2025-11-02 08:52,2025-11-02 09:45,2025-11-02 08:41,2025-11-02 09:25,2025-11-02 08:52,2025-11-02 09:25,33.0,partial overlap,Medium,Remote,Conference Room B
CONF_1224,P015,Brainstorming,Requirements Analysis,2025-11-01 17:33,2025-11-01 18:17,2025-11-01 17:46,2025-11-01 18:46,2025-11-01 17:46,2025-11-01 18:17,31.0,partial overlap,Medium,Training Room,Training Room
CONF_1225,P015,Brainstorming,Testing Acceptance,2025-11-01 17:33,2025-11-01 18:17,2025-11-01 17:21,2025-11-01 17:45,2025-11-01 17:33,2025-11-01 17:45,12.0,partial overlap,Low,Training Room,Conference Room A
CONF_1226,P099,Meeting,Project Discussion,2025-11-02 18:22,2025-11-02 18:58,2025-11-02 18:32,2025-11-02 18:48,2025-11-02 18:32,2025-11-02 18:48,16.0,full overlap,Low,Product Showcase,Client Reception
CONF_1227,P011,Operations Check,Project Discussion,2025-11-01 09:43,2025-11-01 10:32,2025-11-01 10:01,2025-11-01 11:00,2025-11-01 10:01,2025-11-01 10:32,31.0,partial overlap,Medium,Conference Room C,Client Reception
CONF_1228,P011,Operations Check,Operations Check,2025-11-01 09:43,2025-11-01 10:32,2025-11-01 10:12,2025-11-01 10:39,2025-11-01 10:12,2025-11-01 10:32,20.0,partial overlap,Low,Conference Room C,Office Area 1
CONF_1229,P064,Tech Sharing,Design Review,2025-11-03 17:22,2025-11-03 18:05,2025-11-03 17:49,2025-11-03 18:13,2025-11-03 17:49,2025-11-03 18:05,16.0,partial overlap,Low,Remote,Office Area 2
CONF_1230,P088,Tech Sharing,Team Building,2025-11-01 09:38,2025-11-01 10:35,2025-11-01 09:56,2025-11-01 10:38,2025-11-01 09:56,2025-11-01 10:35,39.0,partial overlap,Medium,Remote,Remote
CONF_1231,P088,Tech Sharing,Meeting,2025-11-01 09:38,2025-11-01 10:35,2025-11-01 09:53,2025-11-01 10:28,2025-11-01 09:53,2025-11-01 10:28,35.0,full overlap,Medium,Remote,Break Room
CONF_1232,P088,Tech Sharing,Tech Sharing,2025-11-01 09:38,2025-11-01 10:35,2025-11-01 10:10,2025-11-01 10:36,2025-11-01 10:10,2025-11-01 10:35,25.0,partial overlap,Low,Remote,Client Reception
CONF_1233,P088,Team Building,Meeting,2025-11-01 09:56,2025-11-01 10:38,2025-11-01 09:53,2025-11-01 10:28,2025-11-01 09:56,2025-11-01 10:28,32.0,partial overlap,Medium,Remote,Break Room
CONF_1234,P088,Team Building,Tech Sharing,2025-11-01 09:56,2025-11-01 10:38,2025-11-01 10:10,2025-11-01 10:36,2025-11-01 10:10,2025-11-01 10:36,26.0,full overlap,Low,Remote,Client Reception
CONF_1235,P029,Team Building,Operations Check,2025-11-04 15:56,2025-11-04 16:38,2025-11-04 15:47,2025-11-04 16:18,2025-11-04 15:56,2025-11-04 16:18,22.0,partial overlap,Low,Remote,Remote
CONF_1236,P066,Client Visit,Training,2025-11-04 18:12,2025-11-04 18:32,2025-11-04 18:30,2025-11-04 18:53,2025-11-04 18:30,2025-11-04 18:32,2.0,partial overlap,Low,Cafe,Client Reception
CONF_1237,P055,Project Discussion,Project Discussion,2025-11-04 11:27,2025-11-04 12:04,2025-11-04 11:39,2025-11-04 11:58,2025-11-04 11:39,2025-11-04 11:58,19.0,full overlap,Low,Conference Room B,Break Room
CONF_1238,P078,One-on-One,Meeting,2025-11-09 12:09,2025-11-09 12:40,2025-11-09 12:30,2025-11-09 13:30,2025-11-09 12:30,2025-11-09 12:40,10.0,partial overlap,Low,Cafe,Product Showcase
CONF_1239,P069,Training,Brainstorming,2025-10-31 09:52,2025-10-31 10:20,2025-10-31 10:13,2025-10-31 10:54,2025-10-31 10:13,2025-10-31 10:20,7.0,partial overlap,Low,Client Reception,Test Lab
CONF_1240,P088,Meeting,Tech Sharing,2025-11-01 09:53,2025-11-01 10:28,2025-11-01 10:10,2025-11-01 10:36,2025-11-01 10:10,2025-11-01 10:28,18.0,partial overlap,Low,Break Room,Client Reception
CONF_1241,P100,Brainstorming,Team Building,2025-11-06 10:49,2025-11-06 11:43,2025-11-06 11:02,2025-11-06 11:56,2025-11-06 11:02,2025-11-06 11:43,41.0,partial overlap,Medium,Conference Room C,Conference Room C
CONF_1242,P094,Tech Sharing,Requirements Analysis,2025-10-29 11:18,2025-10-29 12:00,2025-10-29 11:20,2025-10-29 12:01,2025-10-29 11:20,2025-10-29 12:00,40.0,partial overlap,Medium,Office Area 2,R&D Center
CONF_1243,P024,One-on-One,Brainstorming,2025-11-03 10:57,2025-11-03 11:32,2025-11-03 10:37,2025-11-03 11:07,2025-11-03 10:57,2025-11-03 11:07,10.0,partial overlap,Low,Test Lab,Conference Room B
CONF_1244,P030,Requirements Analysis,Design Review,2025-11-08 16:16,2025-11-08 17:14,2025-11-08 16:00,2025-11-08 16:30,2025-11-08 16:16,2025-11-08 16:30,14.0,partial overlap,Low,Cafe,Office Area 2
CONF_1245,P078,Team Building,Deployment,2025-11-01 09:50,2025-11-01 10:35,2025-11-01 09:53,2025-11-01 10:23,2025-11-01 09:53,2025-11-01 10:23,30.0,full overlap,Medium,Client Reception,Training Room
CONF_1246,P011,Project Discussion,Operations Check,2025-11-01 10:01,2025-11-01 11:00,2025-11-01 10:12,2025-11-01 10:39,2025-11-01 10:12,2025-11-01 10:39,27.0,full overlap,Low,Client Reception,Office Area 1
CONF_1247,P080,Project Discussion,Client Visit,2025-11-08 17:45,2025-11-08 18:01,2025-11-08 17:30,2025-11-08 18:15,2025-11-08 17:45,2025-11-08 18:01,16.0,full overlap,Low,R&D Center,Office Area 1
CONF_1248,P080,Project Discussion,Design Review,2025-11-08 17:45,2025-11-08 18:01,2025-11-08 17:50,2025-11-08 18:11,2025-11-08 17:50,2025-11-08 18:01,11.0,partial overlap,Low,R&D Center,Office Area 1
CONF_1249,P040,Product Demo,Code Review,2025-11-03 10:41,2025-11-03 11:38,2025-11-03 10:49,2025-11-03 11:10,2025-11-03 10:49,2025-11-03 11:10,21.0,full overlap,Low,Demo Hall,Office Area 2
CONF_1250,P022,Project Discussion,Operations Check,2025-11-06 13:39,2025-11-06 14:25,2025-11-06 13:00,2025-11-06 13:45,2025-11-06 13:39,2025-11-06 13:45,6.0,partial overlap,Low,Cafe,Break Room
CONF_1251,P080,Client Visit,Client Visit,2025-11-08 18:04,2025-11-08 18:58,2025-11-08 17:30,2025-11-08 18:15,2025-11-08 18:04,2025-11-08 18:15,11.0,partial overlap,Low,Conference Room A,Office Area 1
CONF_1252,P080,Client Visit,Design Review,2025-11-08 18:04,2025-11-08 18:58,2025-11-08 17:50,2025-11-08 18:11,2025-11-08 18:04,2025-11-08 18:11,7.0,partial overlap,Low,Conference Room A,Office Area 1
CONF_1253,P001,Training,Design Review,2025-11-11 16:45,2025-11-11 17:45,2025-11-11 16:15,2025-11-11 17:15,2025-11-11 16:45,2025-11-11 17:15,30.0,partial overlap,Medium,Office Area 1,Break Room
CONF_1254,P001,One-on-One,Training,2025-11-08 15:00,2025-11-08 15:45,2025-11-08 14:45,2025-11-08 15:15,2025-11-08 15:00,2025-11-08 15:15,15.0,partial overlap,Low,Conference Room A,R&D Center
CONF_1255,P001,Code Review,Operations Check,2025-11-13 14:15,2025-11-13 14:45,2025-11-13 14:15,2025-11-13 15:00,2025-11-13 14:15,2025-11-13 14:45,30.0,full overlap,Medium,R&D Center,Demo Hall
CONF_1256,P001,Brainstorming,Design Review,2025-11-12 15:45,2025-11-12 16:15,2025-11-12 16:11,2025-11-12 16:35,2025-11-12 16:11,2025-11-12 16:15,4.0,partial overlap,Low,Office Area 2,Break Room
CONF_1257,P001,Requirements Analysis,Design Review,2025-11-13 08:00,2025-11-13 08:45,2025-11-13 08:15,2025-11-13 08:30,2025-11-13 08:15,2025-11-13 08:30,15.0,full overlap,Low,Training Room,Test Lab
CONF_1258,P001,Design Review,Requirements Analysis,2025-11-14 17:00,2025-11-14 18:00,2025-11-14 17:45,2025-11-14 18:45,2025-11-14 17:45,2025-11-14 18:00,15.0,partial overlap,Low,R&D Center,Product Showcase
CONF_1259,P001,Training,Deployment,2025-11-12 10:45,2025-11-12 11:15,2025-11-12 11:00,2025-11-12 11:45,2025-11-12 11:00,2025-11-12 11:15,15.0,partial overlap,Low,R&D Center,Client Reception
CONF_1260,P001,Requirements Analysis,Product Demo,2025-11-14 17:45,2025-11-14 18:45,2025-11-14 18:30,2025-11-14 19:15,2025-11-14 18:30,2025-11-14 18:45,15.0,partial overlap,Low,Product Showcase,R&D Center
CONF_1261,P001,Deployment,Project Discussion,2025-11-12 11:00,2025-11-12 11:45,2025-11-12 11:17,2025-11-12 12:17,2025-11-12 11:17,2025-11-12 11:45,28.0,partial overlap,Low,Client Reception,Office Area 1
CONF_1262,P001,Training,Product Demo,2025-11-16 12:00,2025-11-16 12:30,2025-11-16 12:14,2025-11-16 13:02,2025-11-16 12:14,2025-11-16 12:30,16.0,partial overlap,Low,Remote,Office Area 1
CONF_1263,P002,Testing Acceptance,Brainstorming,2025-11-09 14:45,2025-11-09 15:15,2025-11-09 14:30,2025-11-09 15:15,2025-11-09 14:45,2025-11-09 15:15,30.0,full overlap,Medium,Remote,Conference Room C
CONF_1264,P002,Design Review,Tech Sharing,2025-11-12 12:30,2025-11-12 13:15,2025-11-12 12:15,2025-11-12 12:45,2025-11-12 12:30,2025-11-12 12:45,15.0,partial overlap,Low,Test Lab,Test Lab
CONF_1265,P002,Team Building,Testing Acceptance,2025-11-10 18:15,2025-11-10 19:15,2025-11-10 18:00,2025-11-10 18:30,2025-11-10 18:15,2025-11-10 18:30,15.0,partial overlap,Low,R&D Center,Client Reception
CONF_1266,P002,Team Building,Brainstorming,2025-11-10 18:15,2025-11-10 19:15,2025-11-10 18:44,2025-11-10 19:43,2025-11-10 18:44,2025-11-10 19:15,31.0,partial overlap,Medium,R&D Center,Cafe
CONF_1267,P002,Requirements Analysis,Team Building,2025-11-14 13:30,2025-11-14 14:30,2025-11-14 14:15,2025-11-14 14:30,2025-11-14 14:15,2025-11-14 14:30,15.0,full overlap,Low,Conference Room C,Client Reception
CONF_1268,P002,Requirements Analysis,Training,2025-11-14 13:30,2025-11-14 14:30,2025-11-14 14:20,2025-11-14 15:17,2025-11-14 14:20,2025-11-14 14:30,10.0,partial overlap,Low,Conference Room C,Conference Room A
CONF_1269,P002,Brainstorming,Deployment,2025-11-14 18:45,2025-11-14 19:30,2025-11-14 18:45,2025-11-14 19:15,2025-11-14 18:45,2025-11-14 19:15,30.0,full overlap,Medium,Conference Room C,Office Area 2
CONF_1270,P002,Training,Testing Acceptance,2025-11-13 10:30,2025-11-13 11:30,2025-11-13 10:45,2025-11-13 11:30,2025-11-13 10:45,2025-11-13 11:30,45.0,full overlap,Medium,Test Lab,Conference Room C
CONF_1271,P002,Training,Tech Sharing,2025-11-13 10:30,2025-11-13 11:30,2025-11-13 10:52,2025-11-13 11:09,2025-11-13 10:52,2025-11-13 11:09,17.0,full overlap,Low,Test Lab,Break Room
CONF_1272,P002,Training,Design Review,2025-11-13 10:30,2025-11-13 11:30,2025-11-13 11:16,2025-11-13 11:39,2025-11-13 11:16,2025-11-13 11:30,14.0,partial overlap,Low,Test Lab,Online Meeting
CONF_1273,P002,Testing Acceptance,Tech Sharing,2025-11-13 10:45,2025-11-13 11:30,2025-11-13 10:52,2025-11-13 11:09,2025-11-13 10:52,2025-11-13 11:09,17.0,full overlap,Low,Conference Room C,Break Room
CONF_1274,P002,Testing Acceptance,Design Review,2025-11-13 10:45,2025-11-13 11:30,2025-11-13 11:16,2025-11-13 11:39,2025-11-13 11:16,2025-11-13 11:30,14.0,partial overlap,Low,Conference Room C,Online Meeting
CONF_1275,P003,Deployment,Operations Check,2025-11-05 14:45,2025-11-05 15:30,2025-11-05 15:00,2025-11-05 15:45,2025-11-05 15:00,2025-11-05 15:30,30.0,partial overlap,Medium,Product Showcase,Conference Room B
CONF_1276,P003,Brainstorming,Deployment,2025-11-07 09:30,2025-11-07 10:30,2025-11-07 08:45,2025-11-07 09:45,2025-11-07 09:30,2025-11-07 09:45,15.0,partial overlap,Low,Conference Room C,Break Room
CONF_1277,P003,Brainstorming,Training,2025-11-13 18:00,2025-11-13 19:00,2025-11-13 18:10,2025-11-13 18:51,2025-11-13 18:10,2025-11-13 18:51,41.0,full overlap,Medium,Conference Room B,Online Meeting
CONF_1278,P003,Brainstorming,Training,2025-11-13 18:00,2025-11-13 19:00,2025-11-13 18:39,2025-11-13 19:13,2025-11-13 18:39,2025-11-13 19:00,21.0,partial overlap,Low,Conference Room B,Online Meeting
CONF_1279,P003,Deployment,One-on-One,2025-11-13 17:15,2025-11-13 17:45,2025-11-13 17:00,2025-11-13 17:45,2025-11-13 17:15,2025-11-13 17:45,30.0,full overlap,Medium,Test Lab,R&D Center
CONF_1280,P003,Tech Sharing,Design Review,2025-11-15 16:30,2025-11-15 17:30,2025-11-15 16:00,2025-11-15 16:45,2025-11-15 16:30,2025-11-15 16:45,15.0,partial overlap,Low,Cafe,Cafe
CONF_1281,P003,Tech Sharing,Operations Check,2025-11-15 16:30,2025-11-15 17:30,2025-11-15 16:30,2025-11-15 17:00,2025-11-15 16:30,2025-11-15 17:00,30.0,full overlap,Medium,Cafe,Product Showcase
CONF_1282,P003,Project Discussion,Brainstorming,2025-11-15 12:00,2025-11-15 12:45,2025-11-15 12:00,2025-11-15 12:15,2025-11-15 12:00,2025-11-15 12:15,15.0,full overlap,Low,Break Room,Training Room
CONF_1283,P004,Design Review,Meeting,2025-11-06 13:30,2025-11-06 14:15,2025-11-06 13:45,2025-11-06 14:15,2025-11-06 13:45,2025-11-06 14:15,30.0,full overlap,Medium,R&D Center,Conference Room C
CONF_1284,P004,Design Review,One-on-One,2025-11-06 13:30,2025-11-06 14:15,2025-11-06 13:47,2025-11-06 14:04,2025-11-06 13:47,2025-11-06 14:04,17.0,full overlap,Low,R&D Center,Product Showcase
CONF_1285,P004,Operations Check,Design Review,2025-11-12 09:30,2025-11-12 10:30,2025-11-12 09:30,2025-11-12 10:15,2025-11-12 09:30,2025-11-12 10:15,45.0,full overlap,Medium,Conference Room B,Product Showcase
CONF_1286,P004,Team Building,Code Review,2025-11-10 16:45,2025-11-10 17:45,2025-11-10 17:15,2025-11-10 18:00,2025-11-10 17:15,2025-11-10 17:45,30.0,partial overlap,Medium,R&D Center,Cafe
CONF_1287,P004,Meeting,One-on-One,2025-11-06 13:45,2025-11-06 14:15,2025-11-06 13:47,2025-11-06 14:04,2025-11-06 13:47,2025-11-06 14:04,17.0,full overlap,Low,Conference Room C,Product Showcase
CONF_1288,P004,Testing Acceptance,Testing Acceptance,2025-11-10 13:15,2025-11-10 13:45,2025-11-10 13:00,2025-11-10 14:00,2025-11-10 13:15,2025-11-10 13:45,30.0,full overlap,Medium,Conference Room B,Training Room
CONF_1289,P004,Operations Check,Brainstorming,2025-11-07 13:15,2025-11-07 14:15,2025-11-07 13:30,2025-11-07 13:48,2025-11-07 13:30,2025-11-07 13:48,18.0,full overlap,Low,Cafe,Office Area 1
CONF_1290,P004,Design Review,Brainstorming,2025-11-09 17:30,2025-11-09 18:15,2025-11-09 17:00,2025-11-09 17:45,2025-11-09 17:30,2025-11-09 17:45,15.0,partial overlap,Low,Cafe,Office Area 2
CONF_1291,P004,Design Review,Project Discussion,2025-11-09 17:30,2025-11-09 18:15,2025-11-09 17:48,2025-11-09 18:04,2025-11-09 17:48,2025-11-09 18:04,16.0,full overlap,Low,Cafe,Break Room
CONF_1292,P004,Deployment,Deployment,2025-11-09 10:45,2025-11-09 11:30,2025-11-09 11:11,2025-11-09 11:34,2025-11-09 11:11,2025-11-09 11:30,19.0,partial overlap,Low,Office Area 2,Conference Room A
CONF_1293,P004,Deployment,Product Demo,2025-11-09 10:45,2025-11-09 11:30,2025-11-09 11:20,2025-11-09 11:51,2025-11-09 11:20,2025-11-09 11:30,10.0,partial overlap,Low,Office Area 2,Test Lab
CONF_1294,P004,Training,Team Building,2025-11-17 12:30,2025-11-17 13:30,2025-11-17 12:41,2025-11-17 13:34,2025-11-17 12:41,2025-11-17 13:30,49.0,partial overlap,Medium,Conference Room C,Remote
CONF_1295,P004,Training,Deployment,2025-11-17 12:30,2025-11-17 13:30,2025-11-17 12:30,2025-11-17 13:00,2025-11-17 12:30,2025-11-17 13:00,30.0,full overlap,Medium,Conference Room C,Conference Room C
CONF_1296,P005,Client Visit,Meeting,2025-11-09 11:15,2025-11-09 12:00,2025-11-09 11:00,2025-11-09 11:30,2025-11-09 11:15,2025-11-09 11:30,15.0,partial overlap,Low,Office Area 1,Training Room
CONF_1297,P005,Brainstorming,Brainstorming,2025-11-09 10:00,2025-11-09 11:00,2025-11-09 10:19,2025-11-09 10:47,2025-11-09 10:19,2025-11-09 10:47,28.0,full overlap,Low,Demo Hall,Conference Room A
CONF_1298,P005,Operations Check,Requirements Analysis,2025-11-13 12:45,2025-11-13 13:45,2025-11-13 13:30,2025-11-13 14:30,2025-11-13 13:30,2025-11-13 13:45,15.0,partial overlap,Low,Office Area 2,Remote
CONF_1299,P005,Deployment,Meeting,2025-11-13 16:30,2025-11-13 17:15,2025-11-13 16:45,2025-11-13 17:30,2025-11-13 16:45,2025-11-13 17:15,30.0,partial overlap,Medium,Online Meeting,Demo Hall
CONF_1300,P005,Deployment,Meeting,2025-11-13 16:30,2025-11-13 17:15,2025-11-13 16:53,2025-11-13 17:32,2025-11-13 16:53,2025-11-13 17:15,22.0,partial overlap,Low,Online Meeting,Training Room
CONF_1301,P005,Meeting,Meeting,2025-11-13 16:45,2025-11-13 17:30,2025-11-13 16:53,2025-11-13 17:32,2025-11-13 16:53,2025-11-13 17:30,37.0,partial overlap,Medium,Demo Hall,Training Room
CONF_1302,P005,Testing Acceptance,One-on-One,2025-11-11 10:45,2025-11-11 11:15,2025-11-11 11:05,2025-11-11 11:29,2025-11-11 11:05,2025-11-11 11:15,10.0,partial overlap,Low,Office Area 1,Remote
CONF_1303,P005,Team Building,Deployment,2025-11-11 14:30,2025-11-11 15:00,2025-11-11 14:39,2025-11-11 15:37,2025-11-11 14:39,2025-11-11 15:00,21.0,partial overlap,Low,Product Showcase,Client Reception
CONF_1304,P006,Deployment,Brainstorming,2025-11-10 11:30,2025-11-10 12:00,2025-11-10 11:56,2025-11-10 12:43,2025-11-10 11:56,2025-11-10 12:00,4.0,partial overlap,Low,Product Showcase,Cafe
CONF_1305,P006,Code Review,Meeting,2025-11-11 13:45,2025-11-11 14:45,2025-11-11 14:15,2025-11-11 15:15,2025-11-11 14:15,2025-11-11 14:45,30.0,partial overlap,Medium,Conference Room A,Office Area 1
CONF_1306,P006,Tech Sharing,Operations Check,2025-11-10 17:30,2025-11-10 18:15,2025-11-10 17:15,2025-11-10 18:00,2025-11-10 17:30,2025-11-10 18:00,30.0,partial overlap,Medium,R&D Center,Conference Room A
CONF_1307,P006,Deployment,Operations Check,2025-11-10 16:30,2025-11-10 17:30,2025-11-10 17:15,2025-11-10 18:00,2025-11-10 17:15,2025-11-10 17:30,15.0,partial overlap,Low,Demo Hall,Conference Room A
CONF_1308,P006,Deployment,Operations Check,2025-11-10 16:30,2025-11-10 17:30,2025-11-10 16:55,2025-11-10 17:27,2025-11-10 16:55,2025-11-10 17:27,32.0,full overlap,Medium,Demo Hall,Remote
CONF_1309,P006,Client Visit,Design Review,2025-11-07 10:45,2025-11-07 11:45,2025-11-07 10:45,2025-11-07 11:15,2025-11-07 10:45,2025-11-07 11:15,30.0,full overlap,Medium,Office Area 1,Break Room
CONF_1310,P006,Deployment,Meeting,2025-11-11 15:00,2025-11-11 15:45,2025-11-11 14:15,2025-11-11 15:15,2025-11-11 15:00,2025-11-11 15:15,15.0,partial overlap,Low,Client Reception,Office Area 1
CONF_1311,P006,Code Review,Design Review,2025-11-11 17:30,2025-11-11 18:00,2025-11-11 17:15,2025-11-11 17:45,2025-11-11 17:30,2025-11-11 17:45,15.0,partial overlap,Low,Product Showcase,Break Room
CONF_1312,P006,Operations Check,Operations Check,2025-11-10 17:15,2025-11-10 18:00,2025-11-10 16:55,2025-11-10 17:27,2025-11-10 17:15,2025-11-10 17:27,12.0,partial overlap,Low,Conference Room A,Remote
CONF_1313,P006,Client Visit,Training,2025-11-10 10:15,2025-11-10 11:00,2025-11-10 10:40,2025-11-10 11:28,2025-11-10 10:40,2025-11-10 11:00,20.0,partial overlap,Low,Remote,Conference Room C
CONF_1314,P006,Client Visit,Project Discussion,2025-11-16 14:15,2025-11-16 14:45,2025-11-16 14:35,2025-11-16 15:03,2025-11-16 14:35,2025-11-16 14:45,10.0,partial overlap,Low,Product Showcase,Test Lab
CONF_1315,P006,Deployment,Project Discussion,2025-11-14 10:15,2025-11-14 11:15,2025-11-14 11:00,2025-11-14 11:45,2025-11-14 11:00,2025-11-14 11:15,15.0,partial overlap,Low,Break Room,Conference Room C
CONF_1316,P006,Product Demo,Training,2025-11-15 16:15,2025-11-15 17:00,2025-11-15 16:00,2025-11-15 16:30,2025-11-15 16:15,2025-11-15 16:30,15.0,partial overlap,Low,Product Showcase,Conference Room A
CONF_1317,P007,Code Review,Project Discussion,2025-11-04 17:00,2025-11-04 17:45,2025-11-04 17:07,2025-11-04 17:47,2025-11-04 17:07,2025-11-04 17:45,38.0,partial overlap,Medium,Conference Room B,Break Room
CONF_1318,P007,Code Review,Client Visit,2025-11-04 17:00,2025-11-04 17:45,2025-11-04 17:07,2025-11-04 17:36,2025-11-04 17:07,2025-11-04 17:36,29.0,full overlap,Low,Conference Room B,R&D Center
CONF_1319,P007,Code Review,Product Demo,2025-11-04 17:00,2025-11-04 17:45,2025-11-04 17:29,2025-11-04 17:48,2025-11-04 17:29,2025-11-04 17:45,16.0,partial overlap,Low,Conference Room B,Conference Room B
CONF_1320,P007,Project Discussion,Design Review,2025-11-08 10:45,2025-11-08 11:45,2025-11-08 11:15,2025-11-08 11:33,2025-11-08 11:15,2025-11-08 11:33,18.0,full overlap,Low,Test Lab,R&D Center
CONF_1321,P007,Deployment,Tech Sharing,2025-11-10 12:00,2025-11-10 12:30,2025-11-10 12:15,2025-11-10 12:45,2025-11-10 12:15,2025-11-10 12:30,15.0,partial overlap,Low,Demo Hall,Client Reception
CONF_1322,P007,Requirements Analysis,Training,2025-11-14 18:30,2025-11-14 19:00,2025-11-14 18:30,2025-11-14 19:00,2025-11-14 18:30,2025-11-14 19:00,30.0,full overlap,Medium,Conference Room A,Conference Room A
CONF_1323,P007,Tech Sharing,Design Review,2025-11-13 08:30,2025-11-13 09:30,2025-11-13 08:15,2025-11-13 09:15,2025-11-13 08:30,2025-11-13 09:15,45.0,partial overlap,Medium,Office Area 1,Office Area 2
CONF_1324,P007,Tech Sharing,Code Review,2025-11-10 17:15,2025-11-10 17:45,2025-11-10 17:15,2025-11-10 18:00,2025-11-10 17:15,2025-11-10 17:45,30.0,full overlap,Medium,Online Meeting,Office Area 1
CONF_1325,P007,Product Demo,Team Building,2025-11-17 13:30,2025-11-17 14:15,2025-11-17 13:27,2025-11-17 14:26,2025-11-17 13:30,2025-11-17 14:15,45.0,full overlap,Medium,Conference Room C,Online Meeting
CONF_1326,P007,Brainstorming,Meeting,2025-11-17 10:45,2025-11-17 11:45,2025-11-17 10:45,2025-11-17 11:30,2025-11-17 10:45,2025-11-17 11:30,45.0,full overlap,Medium,Break Room,Demo Hall
CONF_1327,P007,Brainstorming,Tech Sharing,2025-11-17 10:45,2025-11-17 11:45,2025-11-17 10:45,2025-11-17 11:00,2025-11-17 10:45,2025-11-17 11:00,15.0,full overlap,Low,Break Room,Office Area 2
CONF_1328,P008,Operations Check,Brainstorming,2025-11-10 16:45,2025-11-10 17:15,2025-11-10 17:01,2025-11-10 17:38,2025-11-10 17:01,2025-11-10 17:15,14.0,partial overlap,Low,Product Showcase,Conference Room B
CONF_1329,P008,Operations Check,Training,2025-11-10 16:45,2025-11-10 17:15,2025-11-10 16:59,2025-11-10 17:58,2025-11-10 16:59,2025-11-10 17:15,16.0,partial overlap,Low,Product Showcase,Test Lab
CONF_1330,P008,Code Review,Team Building,2025-11-11 13:30,2025-11-11 14:00,2025-11-11 13:15,2025-11-11 13:45,2025-11-11 13:30,2025-11-11 13:45,15.0,partial overlap,Low,Cafe,R&D Center
CONF_1331,P008,Team Building,Design Review,2025-11-09 10:15,2025-11-09 11:15,2025-11-09 10:15,2025-11-09 11:15,2025-11-09 10:15,2025-11-09 11:15,60.0,full overlap,High,Remote,Conference Room C
CONF_1332,P008,Requirements Analysis,Deployment,2025-11-08 08:00,2025-11-08 09:00,2025-11-08 08:05,2025-11-08 08:25,2025-11-08 08:05,2025-11-08 08:25,20.0,full overlap,Low,Training Room,Training Room
CONF_1333,P008,Meeting,Brainstorming,2025-11-14 16:30,2025-11-14 17:30,2025-11-14 16:45,2025-11-14 17:15,2025-11-14 16:45,2025-11-14 17:15,30.0,full overlap,Medium,R&D Center,Office Area 1
CONF_1334,P008,Meeting,Team Building,2025-11-14 16:30,2025-11-14 17:30,2025-11-14 17:13,2025-11-14 18:02,2025-11-14 17:13,2025-11-14 17:30,17.0,partial overlap,Low,R&D Center,Conference Room C
CONF_1335,P008,Meeting,Deployment,2025-11-14 16:30,2025-11-14 17:30,2025-11-14 17:10,2025-11-14 17:38,2025-11-14 17:10,2025-11-14 17:30,20.0,partial overlap,Low,R&D Center,Product Showcase
CONF_1336,P008,Brainstorming,Testing Acceptance,2025-11-08 10:15,2025-11-08 11:00,2025-11-08 10:45,2025-11-08 11:30,2025-11-08 10:45,2025-11-08 11:00,15.0,partial overlap,Low,Product Showcase,Remote
CONF_1337,P008,Client Visit,Brainstorming,2025-11-10 17:15,2025-11-10 18:00,2025-11-10 17:01,2025-11-10 17:38,2025-11-10 17:15,2025-11-10 17:38,23.0,partial overlap,Low,Training Room,Conference Room B
CONF_1338,P008,Client Visit,Training,2025-11-10 17:15,2025-11-10 18:00,2025-11-10 16:59,2025-11-10 17:58,2025-11-10 17:15,2025-11-10 17:58,43.0,partial overlap,Medium,Training Room,Test Lab
CONF_1339,P009,Deployment,Brainstorming,2025-11-10 08:15,2025-11-10 08:45,2025-11-10 08:00,2025-11-10 08:30,2025-11-10 08:15,2025-11-10 08:30,15.0,partial overlap,Low,Conference Room C,Demo Hall
CONF_1340,P009,Requirements Analysis,Brainstorming,2025-11-05 16:00,2025-11-05 16:30,2025-11-05 16:28,2025-11-05 17:09,2025-11-05 16:28,2025-11-05 16:30,2.0,partial overlap,Low,Office Area 1,R&D Center
CONF_1341,P009,Training,Client Visit,2025-11-12 11:30,2025-11-12 12:15,2025-11-12 10:45,2025-11-12 11:45,2025-11-12 11:30,2025-11-12 11:45,15.0,partial overlap,Low,Demo Hall,Product Showcase
CONF_1342,P009,Tech Sharing,Deployment,2025-11-09 17:15,2025-11-09 18:15,2025-11-09 17:28,2025-11-09 18:08,2025-11-09 17:28,2025-11-09 18:08,40.0,full overlap,Medium,Cafe,Training Room
CONF_1343,P009,Tech Sharing,Team Building,2025-11-09 17:15,2025-11-09 18:15,2025-11-09 17:31,2025-11-09 17:59,2025-11-09 17:31,2025-11-09 17:59,28.0,full overlap,Low,Cafe,Conference Room A
CONF_1344,P009,Deployment,Brainstorming,2025-11-10 14:15,2025-11-10 15:15,2025-11-10 14:00,2025-11-10 14:45,2025-11-10 14:15,2025-11-10 14:45,30.0,partial overlap,Medium,Demo Hall,Conference Room A
CONF_1345,P009,Deployment,Brainstorming,2025-11-10 14:15,2025-11-10 15:15,2025-11-10 14:06,2025-11-10 14:37,2025-11-10 14:15,2025-11-10 14:37,22.0,partial overlap,Low,Demo Hall,Test Lab
CONF_1346,P009,Training,Brainstorming,2025-11-08 10:30,2025-11-08 11:15,2025-11-08 10:48,2025-11-08 11:22,2025-11-08 10:48,2025-11-08 11:15,27.0,partial overlap,Low,Client Reception,Online Meeting
CONF_1347,P009,Training,One-on-One,2025-11-15 14:15,2025-11-15 15:00,2025-11-15 14:15,2025-11-15 14:45,2025-11-15 14:15,2025-11-15 14:45,30.0,full overlap,Medium,Cafe,R&D Center
CONF_1348,P009,Client Visit,Design Review,2025-11-12 10:45,2025-11-12 11:45,2025-11-12 10:30,2025-11-12 11:15,2025-11-12 10:45,2025-11-12 11:15,30.0,partial overlap,Medium,Product Showcase,Online Meeting
CONF_1349,P009,Brainstorming,Brainstorming,2025-11-10 14:00,2025-11-10 14:45,2025-11-10 14:06,2025-11-10 14:37,2025-11-10 14:06,2025-11-10 14:37,31.0,full overlap,Medium,Conference Room A,Test Lab
CONF_1350,P009,Meeting,Requirements Analysis,2025-11-17 14:30,2025-11-17 15:00,2025-11-17 14:30,2025-11-17 14:45,2025-11-17 14:30,2025-11-17 14:45,15.0,full overlap,Low,Cafe,Remote
CONF_1351,P010,Brainstorming,Brainstorming,2025-11-07 14:30,2025-11-07 15:15,2025-11-07 14:35,2025-11-07 14:52,2025-11-07 14:35,2025-11-07 14:52,17.0,full overlap,Low,Client Reception,Office Area 1
CONF_1352,P010,Requirements Analysis,Tech Sharing,2025-11-10 15:15,2025-11-10 16:15,2025-11-10 15:15,2025-11-10 15:45,2025-11-10 15:15,2025-11-10 15:45,30.0,full overlap,Medium,Break Room,Conference Room A
CONF_1353,P010,Project Discussion,Deployment,2025-11-11 10:30,2025-11-11 11:15,2025-11-11 10:45,2025-11-11 11:15,2025-11-11 10:45,2025-11-11 11:15,30.0,full overlap,Medium,Training Room,Conference Room B
CONF_1354,P010,Project Discussion,Deployment,2025-11-11 10:30,2025-11-11 11:15,2025-11-11 10:30,2025-11-11 11:00,2025-11-11 10:30,2025-11-11 11:00,30.0,full overlap,Medium,Training Room,Conference Room A
CONF_1355,P010,Project Discussion,Operations Check,2025-11-11 10:30,2025-11-11 11:15,2025-11-11 11:01,2025-11-11 11:27,2025-11-11 11:01,2025-11-11 11:15,14.0,partial overlap,Low,Training Room,Conference Room A
CONF_1356,P010,Design Review,Testing Acceptance,2025-11-10 08:45,2025-11-10 09:45,2025-11-10 09:15,2025-11-10 10:15,2025-11-10 09:15,2025-11-10 09:45,30.0,partial overlap,Medium,Training Room,Client Reception
CONF_1357,P010,Design Review,Team Building,2025-11-10 08:45,2025-11-10 09:45,2025-11-10 09:31,2025-11-10 10:30,2025-11-10 09:31,2025-11-10 09:45,14.0,partial overlap,Low,Training Room,Remote
CONF_1358,P010,Team Building,Testing Acceptance,2025-11-09 13:00,2025-11-09 14:00,2025-11-09 12:45,2025-11-09 13:15,2025-11-09 13:00,2025-11-09 13:15,15.0,partial overlap,Low,Cafe,Remote
CONF_1359,P010,Deployment,Deployment,2025-11-11 10:45,2025-11-11 11:15,2025-11-11 10:30,2025-11-11 11:00,2025-11-11 10:45,2025-11-11 11:00,15.0,partial overlap,Low,Conference Room B,Conference Room A
CONF_1360,P010,Deployment,Operations Check,2025-11-11 10:45,2025-11-11 11:15,2025-11-11 11:01,2025-11-11 11:27,2025-11-11 11:01,2025-11-11 11:15,14.0,partial overlap,Low,Conference Room B,Conference Room A
CONF_1361,P010,Testing Acceptance,Team Building,2025-11-10 09:15,2025-11-10 10:15,2025-11-10 09:31,2025-11-10 10:30,2025-11-10 09:31,2025-11-10 10:15,44.0,partial overlap,Medium,Client Reception,Remote
CONF_1362,P010,One-on-One,Operations Check,2025-11-13 12:15,2025-11-13 13:00,2025-11-13 12:36,2025-11-13 13:33,2025-11-13 12:36,2025-11-13 13:00,24.0,partial overlap,Low,Break Room,Conference Room C
CONF_1363,P010,One-on-One,Testing Acceptance,2025-11-13 12:15,2025-11-13 13:00,2025-11-13 11:29,2025-11-13 12:25,2025-11-13 12:15,2025-11-13 12:25,10.0,partial overlap,Low,Break Room,Test Lab
CONF_1364,P010,Testing Acceptance,One-on-One,2025-11-16 13:00,2025-11-16 13:45,2025-11-16 12:30,2025-11-16 13:15,2025-11-16 13:00,2025-11-16 13:15,15.0,partial overlap,Low,Test Lab,Cafe
CONF_1365,P010,Code Review,Design Review,2025-11-16 10:00,2025-11-16 11:00,2025-11-16 10:00,2025-11-16 10:30,2025-11-16 10:00,2025-11-16 10:30,30.0,full overlap,Medium,Client Reception,Cafe
CONF_1366,P010,Code Review,Operations Check,2025-11-16 10:00,2025-11-16 11:00,2025-11-16 10:45,2025-11-16 11:00,2025-11-16 10:45,2025-11-16 11:00,15.0,full overlap,Low,Client Reception,Online Meeting
CONF_1367,P011,Deployment,Requirements Analysis,2025-11-11 13:15,2025-11-11 14:00,2025-11-11 13:00,2025-11-11 14:00,2025-11-11 13:15,2025-11-11 14:00,45.0,full overlap,Medium,Cafe,R&D Center
CONF_1368,P011,Deployment,Design Review,2025-11-11 13:15,2025-11-11 14:00,2025-11-11 13:23,2025-11-11 14:10,2025-11-11 13:23,2025-11-11 14:00,37.0,partial overlap,Medium,Cafe,R&D Center
CONF_1369,P011,Code Review,Product Demo,2025-11-08 09:45,2025-11-08 10:45,2025-11-08 10:30,2025-11-08 11:30,2025-11-08 10:30,2025-11-08 10:45,15.0,partial overlap,Low,Conference Room C,Client Reception
CONF_1370,P011,Code Review,Training,2025-11-08 09:45,2025-11-08 10:45,2025-11-08 09:55,2025-11-08 10:45,2025-11-08 09:55,2025-11-08 10:45,50.0,full overlap,Medium,Conference Room C,Online Meeting
CONF_1371,P011,Client Visit,Product Demo,2025-11-08 11:00,2025-11-08 11:30,2025-11-08 10:30,2025-11-08 11:30,2025-11-08 11:00,2025-11-08 11:30,30.0,full overlap,Medium,Conference Room A,Client Reception
CONF_1372,P011,Client Visit,Tech Sharing,2025-11-09 09:15,2025-11-09 10:15,2025-11-09 10:00,2025-11-09 10:45,2025-11-09 10:00,2025-11-09 10:15,15.0,partial overlap,Low,Office Area 1,Online Meeting
CONF_1373,P011,Operations Check,Brainstorming,2025-11-10 08:00,2025-11-10 09:00,2025-11-10 08:15,2025-11-10 09:15,2025-11-10 08:15,2025-11-10 09:00,45.0,partial overlap,Medium,Product Showcase,Training Room
CONF_1374,P011,Operations Check,Deployment,2025-11-10 08:00,2025-11-10 09:00,2025-11-10 08:30,2025-11-10 09:00,2025-11-10 08:30,2025-11-10 09:00,30.0,full overlap,Medium,Product Showcase,Conference Room C
CONF_1375,P011,Operations Check,Training,2025-11-10 08:00,2025-11-10 09:00,2025-11-10 08:43,2025-11-10 09:32,2025-11-10 08:43,2025-11-10 09:00,17.0,partial overlap,Low,Product Showcase,Conference Room B
CONF_1376,P011,Operations Check,Operations Check,2025-11-10 08:00,2025-11-10 09:00,2025-11-10 08:23,2025-11-10 09:08,2025-11-10 08:23,2025-11-10 09:00,37.0,partial overlap,Medium,Product Showcase,Remote
CONF_1377,P011,Tech Sharing,Brainstorming,2025-11-13 13:15,2025-11-13 13:45,2025-11-13 13:41,2025-11-13 14:15,2025-11-13 13:41,2025-11-13 13:45,4.0,partial overlap,Low,Break Room,Client Reception
CONF_1378,P011,One-on-One,Requirements Analysis,2025-11-11 16:15,2025-11-11 17:00,2025-11-11 16:42,2025-11-11 17:09,2025-11-11 16:42,2025-11-11 17:00,18.0,partial overlap,Low,Online Meeting,Training Room
CONF_1379,P011,Brainstorming,Deployment,2025-11-10 08:15,2025-11-10 09:15,2025-11-10 08:30,2025-11-10 09:00,2025-11-10 08:30,2025-11-10 09:00,30.0,full overlap,Medium,Training Room,Conference Room C
CONF_1380,P011,Brainstorming,Training,2025-11-10 08:15,2025-11-10 09:15,2025-11-10 08:43,2025-11-10 09:32,2025-11-10 08:43,2025-11-10 09:15,32.0,partial overlap,Medium,Training Room,Conference Room B
CONF_1381,P011,Brainstorming,Operations Check,2025-11-10 08:15,2025-11-10 09:15,2025-11-10 08:23,2025-11-10 09:08,2025-11-10 08:23,2025-11-10 09:08,45.0,full overlap,Medium,Training Room,Remote
CONF_1382,P011,Product Demo,Training,2025-11-08 10:30,2025-11-08 11:30,2025-11-08 09:55,2025-11-08 10:45,2025-11-08 10:30,2025-11-08 10:45,15.0,partial overlap,Low,Client Reception,Online Meeting
CONF_1383,P011,Deployment,Training,2025-11-10 08:30,2025-11-10 09:00,2025-11-10 08:43,2025-11-10 09:32,2025-11-10 08:43,2025-11-10 09:00,17.0,partial overlap,Low,Conference Room C,Conference Room B
CONF_1384,P011,Deployment,Operations Check,2025-11-10 08:30,2025-11-10 09:00,2025-11-10 08:23,2025-11-10 09:08,2025-11-10 08:30,2025-11-10 09:00,30.0,full overlap,Medium,Conference Room C,Remote
CONF_1385,P011,Requirements Analysis,Design Review,2025-11-11 13:00,2025-11-11 14:00,2025-11-11 13:23,2025-11-11 14:10,2025-11-11 13:23,2025-11-11 14:00,37.0,partial overlap,Medium,R&D Center,R&D Center
CONF_1386,P012,Code Review,Training,2025-11-09 13:00,2025-11-09 13:30,2025-11-09 12:30,2025-11-09 13:15,2025-11-09 13:00,2025-11-09 13:15,15.0,partial overlap,Low,Office Area 2,Demo Hall
CONF_1387,P012,Operations Check,Design Review,2025-11-10 12:00,2025-11-10 12:45,2025-11-10 12:08,2025-11-10 13:01,2025-11-10 12:08,2025-11-10 12:45,37.0,partial overlap,Medium,Office Area 2,Client Reception
CONF_1388,P012,Operations Check,Project Discussion,2025-11-10 12:00,2025-11-10 12:45,2025-11-10 12:28,2025-11-10 12:52,2025-11-10 12:28,2025-11-10 12:45,17.0,partial overlap,Low,Office Area 2,Office Area 2
CONF_1389,P012,One-on-One,Operations Check,2025-11-11 13:30,2025-11-11 14:30,2025-11-11 13:44,2025-11-11 14:05,2025-11-11 13:44,2025-11-11 14:05,21.0,full overlap,Low,R&D Center,Conference Room A
CONF_1390,P012,Project Discussion,Operations Check,2025-11-13 13:30,2025-11-13 14:30,2025-11-13 13:45,2025-11-13 14:45,2025-11-13 13:45,2025-11-13 14:30,45.0,partial overlap,Medium,Training Room,Break Room
CONF_1391,P012,Deployment,Meeting,2025-11-13 11:00,2025-11-13 11:45,2025-11-13 11:30,2025-11-13 12:15,2025-11-13 11:30,2025-11-13 11:45,15.0,partial overlap,Low,Conference Room C,Demo Hall
CONF_1392,P012,Deployment,Operations Check,2025-11-13 11:00,2025-11-13 11:45,2025-11-13 11:30,2025-11-13 12:15,2025-11-13 11:30,2025-11-13 11:45,15.0,partial overlap,Low,Conference Room C,Product Showcase
CONF_1393,P012,Product Demo,Meeting,2025-11-15 16:15,2025-11-15 17:00,2025-11-15 15:45,2025-11-15 16:30,2025-11-15 16:15,2025-11-15 16:30,15.0,partial overlap,Low,Remote,Client Reception
CONF_1394,P012,Code Review,Operations Check,2025-11-14 09:45,2025-11-14 10:15,2025-11-14 10:00,2025-11-14 11:00,2025-11-14 10:00,2025-11-14 10:15,15.0,partial overlap,Low,Office Area 2,Online Meeting
CONF_1395,P012,Meeting,Operations Check,2025-11-13 11:30,2025-11-13 12:15,2025-11-13 11:30,2025-11-13 12:15,2025-11-13 11:30,2025-11-13 12:15,45.0,full overlap,Medium,Demo Hall,Product Showcase
CONF_1396,P012,Client Visit,Code Review,2025-11-12 12:45,2025-11-12 13:30,2025-11-12 13:15,2025-11-12 13:45,2025-11-12 13:15,2025-11-12 13:30,15.0,partial overlap,Low,Break Room,Remote
CONF_1397,P012,Client Visit,Client Visit,2025-11-12 12:45,2025-11-12 13:30,2025-11-12 13:00,2025-11-12 13:45,2025-11-12 13:00,2025-11-12 13:30,30.0,partial overlap,Medium,Break Room,Office Area 2
CONF_1398,P012,Project Discussion,Product Demo,2025-11-12 13:30,2025-11-12 14:00,2025-11-12 13:48,2025-11-12 14:39,2025-11-12 13:48,2025-11-12 14:00,12.0,partial overlap,Low,Client Reception,Office Area 1
CONF_1399,P012,Project Discussion,Code Review,2025-11-12 13:30,2025-11-12 14:00,2025-11-12 13:15,2025-11-12 13:45,2025-11-12 13:30,2025-11-12 13:45,15.0,partial overlap,Low,Client Reception,Remote
CONF_1400,P012,Project Discussion,Client Visit,2025-11-12 13:30,2025-11-12 14:00,2025-11-12 13:00,2025-11-12 13:45,2025-11-12 13:30,2025-11-12 13:45,15.0,partial overlap,Low,Client Reception,Office Area 2
CONF_1401,P013,Brainstorming,Brainstorming,2025-11-09 13:15,2025-11-09 14:00,2025-11-09 13:45,2025-11-09 14:15,2025-11-09 13:45,2025-11-09 14:00,15.0,partial overlap,Low,Office Area 2,Training Room
CONF_1402,P013,Brainstorming,Requirements Analysis,2025-11-09 13:15,2025-11-09 14:00,2025-11-09 13:26,2025-11-09 13:56,2025-11-09 13:26,2025-11-09 13:56,30.0,full overlap,Medium,Office Area 2,Conference Room A
CONF_1403,P013,Testing Acceptance,Tech Sharing,2025-11-07 13:00,2025-11-07 13:45,2025-11-07 13:14,2025-11-07 13:58,2025-11-07 13:14,2025-11-07 13:45,31.0,partial overlap,Medium,Test Lab,Online Meeting
CONF_1404,P013,Training,Team Building,2025-11-07 18:15,2025-11-07 19:00,2025-11-07 18:40,2025-11-07 19:09,2025-11-07 18:40,2025-11-07 19:00,20.0,partial overlap,Low,R&D Center,Online Meeting
CONF_1405,P013,Brainstorming,Requirements Analysis,2025-11-09 13:45,2025-11-09 14:15,2025-11-09 13:26,2025-11-09 13:56,2025-11-09 13:45,2025-11-09 13:56,11.0,partial overlap,Low,Training Room,Conference Room A
CONF_1406,P013,Design Review,Operations Check,2025-11-13 14:30,2025-11-13 15:15,2025-11-13 14:45,2025-11-13 15:30,2025-11-13 14:45,2025-11-13 15:15,30.0,partial overlap,Medium,Cafe,Online Meeting
CONF_1407,P013,Design Review,Design Review,2025-11-13 14:30,2025-11-13 15:15,2025-11-13 15:11,2025-11-13 15:39,2025-11-13 15:11,2025-11-13 15:15,4.0,partial overlap,Low,Cafe,Conference Room B
CONF_1408,P013,Design Review,Team Building,2025-11-13 16:15,2025-11-13 17:15,2025-11-13 16:30,2025-11-13 16:45,2025-11-13 16:30,2025-11-13 16:45,15.0,full overlap,Low,Training Room,Training Room
CONF_1409,P014,Operations Check,Project Discussion,2025-11-07 18:45,2025-11-07 19:30,2025-11-07 18:57,2025-11-07 19:25,2025-11-07 18:57,2025-11-07 19:25,28.0,full overlap,Low,Office Area 1,Training Room
CONF_1410,P014,Client Visit,Brainstorming,2025-11-06 09:00,2025-11-06 09:30,2025-11-06 09:09,2025-11-06 09:42,2025-11-06 09:09,2025-11-06 09:30,21.0,partial overlap,Low,Client Reception,Cafe
CONF_1411,P014,Brainstorming,Deployment,2025-11-11 15:30,2025-11-11 16:30,2025-11-11 15:35,2025-11-11 16:29,2025-11-11 15:35,2025-11-11 16:29,54.0,full overlap,Medium,Test Lab,Office Area 1
CONF_1412,P014,Design Review,Operations Check,2025-11-14 16:00,2025-11-14 16:45,2025-11-14 16:30,2025-11-14 16:45,2025-11-14 16:30,2025-11-14 16:45,15.0,full overlap,Low,Demo Hall,Conference Room A
CONF_1413,P014,Design Review,Requirements Analysis,2025-11-14 16:00,2025-11-14 16:45,2025-11-14 16:00,2025-11-14 16:45,2025-11-14 16:00,2025-11-14 16:45,45.0,full overlap,Medium,Demo Hall,Training Room
CONF_1414,P014,Client Visit,Team Building,2025-11-15 09:15,2025-11-15 10:15,2025-11-15 09:30,2025-11-15 10:15,2025-11-15 09:30,2025-11-15 10:15,45.0,full overlap,Medium,Product Showcase,Client Reception
CONF_1415,P014,Code Review,Product Demo,2025-11-14 10:00,2025-11-14 10:45,2025-11-14 10:00,2025-11-14 10:30,2025-11-14 10:00,2025-11-14 10:30,30.0,full overlap,Medium,Demo Hall,Conference Room B
CONF_1416,P014,Meeting,One-on-One,2025-11-14 17:45,2025-11-14 18:45,2025-11-14 18:30,2025-11-14 18:45,2025-11-14 18:30,2025-11-14 18:45,15.0,full overlap,Low,Online Meeting,Office Area 1
CONF_1417,P014,Deployment,Training,2025-11-15 12:15,2025-11-15 12:45,2025-11-15 12:30,2025-11-15 13:00,2025-11-15 12:30,2025-11-15 12:45,15.0,partial overlap,Low,Demo Hall,Office Area 2
CONF_1418,P014,Deployment,Brainstorming,2025-11-15 12:15,2025-11-15 12:45,2025-11-15 11:45,2025-11-15 12:30,2025-11-15 12:15,2025-11-15 12:30,15.0,partial overlap,Low,Demo Hall,Conference Room A
CONF_1419,P015,Testing Acceptance,Brainstorming,2025-11-09 11:00,2025-11-09 11:30,2025-11-09 10:35,2025-11-09 11:15,2025-11-09 11:00,2025-11-09 11:15,15.0,partial overlap,Low,Demo Hall,Cafe
CONF_1420,P015,Testing Acceptance,Operations Check,2025-11-09 11:00,2025-11-09 11:30,2025-11-09 10:45,2025-11-09 11:37,2025-11-09 11:00,2025-11-09 11:30,30.0,full overlap,Medium,Demo Hall,Remote
CONF_1421,P015,Meeting,Testing Acceptance,2025-11-10 15:15,2025-11-10 16:00,2025-11-10 15:15,2025-11-10 16:00,2025-11-10 15:15,2025-11-10 16:00,45.0,full overlap,Medium,Cafe,Product Showcase
CONF_1422,P015,One-on-One,Brainstorming,2025-11-09 10:15,2025-11-09 11:00,2025-11-09 10:35,2025-11-09 11:15,2025-11-09 10:35,2025-11-09 11:00,25.0,partial overlap,Low,Cafe,Cafe
CONF_1423,P015,One-on-One,Operations Check,2025-11-09 10:15,2025-11-09 11:00,2025-11-09 10:45,2025-11-09 11:37,2025-11-09 10:45,2025-11-09 11:00,15.0,partial overlap,Low,Cafe,Remote
CONF_1424,P015,Design Review,Training,2025-11-13 18:30,2025-11-13 19:30,2025-11-13 18:44,2025-11-13 19:38,2025-11-13 18:44,2025-11-13 19:30,46.0,partial overlap,Medium,Cafe,Conference Room C
CONF_1425,P015,Operations Check,Deployment,2025-11-09 15:45,2025-11-09 16:30,2025-11-09 16:13,2025-11-09 16:28,2025-11-09 16:13,2025-11-09 16:28,15.0,full overlap,Low,Demo Hall,Test Lab
CONF_1426,P015,Client Visit,Team Building,2025-11-16 13:15,2025-11-16 13:45,2025-11-16 13:32,2025-11-16 13:57,2025-11-16 13:32,2025-11-16 13:45,13.0,partial overlap,Low,Conference Room A,Office Area 1
CONF_1427,P015,Operations Check,Operations Check,2025-11-12 18:15,2025-11-12 19:15,2025-11-12 17:30,2025-11-12 18:30,2025-11-12 18:15,2025-11-12 18:30,15.0,partial overlap,Low,Conference Room B,Training Room
CONF_1428,P015,Design Review,Meeting,2025-11-17 10:30,2025-11-17 11:15,2025-11-17 11:00,2025-11-17 11:15,2025-11-17 11:00,2025-11-17 11:15,15.0,full overlap,Low,Office Area 1,Office Area 2
CONF_1429,P015,Project Discussion,Deployment,2025-11-13 15:45,2025-11-13 16:45,2025-11-13 15:45,2025-11-13 16:30,2025-11-13 15:45,2025-11-13 16:30,45.0,full overlap,Medium,Break Room,Training Room
CONF_1430,P016,Requirements Analysis,Brainstorming,2025-11-08 09:30,2025-11-08 10:00,2025-11-08 09:23,2025-11-08 10:12,2025-11-08 09:30,2025-11-08 10:00,30.0,full overlap,Medium,Demo Hall,Online Meeting
CONF_1431,P016,Code Review,Meeting,2025-11-05 10:00,2025-11-05 10:45,2025-11-05 10:15,2025-11-05 10:45,2025-11-05 10:15,2025-11-05 10:45,30.0,full overlap,Medium,Cafe,Demo Hall
CONF_1432,P016,Code Review,Requirements Analysis,2025-11-05 10:00,2025-11-05 10:45,2025-11-05 10:41,2025-11-05 11:02,2025-11-05 10:41,2025-11-05 10:45,4.0,partial overlap,Low,Cafe,Product Showcase
CONF_1433,P016,Testing Acceptance,Code Review,2025-11-10 13:00,2025-11-10 13:30,2025-11-10 13:21,2025-11-10 13:48,2025-11-10 13:21,2025-11-10 13:30,9.0,partial overlap,Low,Break Room,Product Showcase
CONF_1434,P016,One-on-One,Brainstorming,2025-11-08 09:00,2025-11-08 09:30,2025-11-08 09:23,2025-11-08 10:12,2025-11-08 09:23,2025-11-08 09:30,7.0,partial overlap,Low,Client Reception,Online Meeting
CONF_1435,P016,Design Review,Project Discussion,2025-11-06 15:15,2025-11-06 15:45,2025-11-06 15:22,2025-11-06 16:04,2025-11-06 15:22,2025-11-06 15:45,23.0,partial overlap,Low,Conference Room A,Conference Room B
CONF_1436,P016,Meeting,Requirements Analysis,2025-11-05 10:15,2025-11-05 10:45,2025-11-05 10:41,2025-11-05 11:02,2025-11-05 10:41,2025-11-05 10:45,4.0,partial overlap,Low,Demo Hall,Product Showcase
CONF_1437,P016,Team Building,Deployment,2025-11-05 13:30,2025-11-05 14:00,2025-11-05 13:41,2025-11-05 14:34,2025-11-05 13:41,2025-11-05 14:00,19.0,partial overlap,Low,Remote,Online Meeting
CONF_1438,P016,Operations Check,One-on-One,2025-11-10 15:00,2025-11-10 15:30,2025-11-10 15:15,2025-11-10 16:00,2025-11-10 15:15,2025-11-10 15:30,15.0,partial overlap,Low,Demo Hall,Training Room
CONF_1439,P016,Team Building,Design Review,2025-11-06 14:15,2025-11-06 15:00,2025-11-06 14:29,2025-11-06 14:50,2025-11-06 14:29,2025-11-06 14:50,21.0,full overlap,Low,Test Lab,Office Area 2
CONF_1440,P016,Code Review,Deployment,2025-11-09 13:15,2025-11-09 14:00,2025-11-09 13:34,2025-11-09 14:01,2025-11-09 13:34,2025-11-09 14:00,26.0,partial overlap,Low,Test Lab,Training Room
CONF_1441,P016,One-on-One,Client Visit,2025-11-08 15:30,2025-11-08 16:00,2025-11-08 15:49,2025-11-08 16:17,2025-11-08 15:49,2025-11-08 16:00,11.0,partial overlap,Low,Demo Hall,Remote
CONF_1442,P016,One-on-One,Design Review,2025-11-08 15:30,2025-11-08 16:00,2025-11-08 15:37,2025-11-08 16:07,2025-11-08 15:37,2025-11-08 16:00,23.0,partial overlap,Low,Demo Hall,Conference Room A
CONF_1443,P016,Code Review,Product Demo,2025-11-07 12:15,2025-11-07 12:45,2025-11-07 12:15,2025-11-07 13:15,2025-11-07 12:15,2025-11-07 12:45,30.0,full overlap,Medium,Cafe,Conference Room B
CONF_1444,P016,One-on-One,Design Review,2025-11-14 08:45,2025-11-14 09:45,2025-11-14 08:45,2025-11-14 09:30,2025-11-14 08:45,2025-11-14 09:30,45.0,full overlap,Medium,Training Room,Demo Hall
CONF_1445,P016,One-on-One,Design Review,2025-11-14 08:45,2025-11-14 09:45,2025-11-14 09:30,2025-11-14 10:30,2025-11-14 09:30,2025-11-14 09:45,15.0,partial overlap,Low,Training Room,Test Lab
CONF_1446,P016,Brainstorming,One-on-One,2025-11-09 09:45,2025-11-09 10:30,2025-11-09 09:30,2025-11-09 10:30,2025-11-09 09:45,2025-11-09 10:30,45.0,full overlap,Medium,Office Area 2,Client Reception
CONF_1447,P016,Brainstorming,Project Discussion,2025-11-09 09:45,2025-11-09 10:30,2025-11-09 09:52,2025-11-09 10:51,2025-11-09 09:52,2025-11-09 10:30,38.0,partial overlap,Medium,Office Area 2,Office Area 1
CONF_1448,P016,One-on-One,Project Discussion,2025-11-09 09:30,2025-11-09 10:30,2025-11-09 09:52,2025-11-09 10:51,2025-11-09 09:52,2025-11-09 10:30,38.0,partial overlap,Medium,Client Reception,Office Area 1
CONF_1449,P017,Testing Acceptance,Testing Acceptance,2025-11-10 15:15,2025-11-10 16:00,2025-11-10 14:46,2025-11-10 15:20,2025-11-10 15:15,2025-11-10 15:20,5.0,partial overlap,Low,Product Showcase,Test Lab
CONF_1450,P017,Training,Requirements Analysis,2025-11-11 14:00,2025-11-11 14:45,2025-11-11 13:30,2025-11-11 14:15,2025-11-11 14:00,2025-11-11 14:15,15.0,partial overlap,Low,Product Showcase,Conference Room B
CONF_1451,P017,Training,Meeting,2025-11-11 14:00,2025-11-11 14:45,2025-11-11 13:15,2025-11-11 14:15,2025-11-11 14:00,2025-11-11 14:15,15.0,partial overlap,Low,Product Showcase,Conference Room C
CONF_1452,P017,Project Discussion,Deployment,2025-11-06 11:15,2025-11-06 12:15,2025-11-06 11:45,2025-11-06 12:15,2025-11-06 11:45,2025-11-06 12:15,30.0,full overlap,Medium,R&D Center,Office Area 1
CONF_1453,P017,Product Demo,Product Demo,2025-11-08 11:15,2025-11-08 12:15,2025-11-08 11:30,2025-11-08 12:00,2025-11-08 11:30,2025-11-08 12:00,30.0,full overlap,Medium,Demo Hall,R&D Center
CONF_1454,P017,Product Demo,Requirements Analysis,2025-11-10 17:15,2025-11-10 18:00,2025-11-10 17:35,2025-11-10 18:09,2025-11-10 17:35,2025-11-10 18:00,25.0,partial overlap,Low,R&D Center,Break Room
CONF_1455,P017,Code Review,Tech Sharing,2025-11-13 10:00,2025-11-13 10:30,2025-11-13 10:05,2025-11-13 10:59,2025-11-13 10:05,2025-11-13 10:30,25.0,partial overlap,Low,Cafe,Cafe
CONF_1456,P017,Code Review,Operations Check,2025-11-13 10:00,2025-11-13 10:30,2025-11-13 10:16,2025-11-13 11:09,2025-11-13 10:16,2025-11-13 10:30,14.0,partial overlap,Low,Cafe,Conference Room C
CONF_1457,P017,Code Review,Meeting,2025-11-13 10:00,2025-11-13 10:30,2025-11-13 09:13,2025-11-13 10:12,2025-11-13 10:00,2025-11-13 10:12,12.0,partial overlap,Low,Cafe,Office Area 1
CONF_1458,P017,Requirements Analysis,Meeting,2025-11-11 13:30,2025-11-11 14:15,2025-11-11 13:15,2025-11-11 14:15,2025-11-11 13:30,2025-11-11 14:15,45.0,full overlap,Medium,Conference Room B,Conference Room C
CONF_1459,P017,Product Demo,Code Review,2025-11-09 15:00,2025-11-09 16:00,2025-11-09 15:16,2025-11-09 15:40,2025-11-09 15:16,2025-11-09 15:40,24.0,full overlap,Low,Test Lab,Test Lab
CONF_1460,P017,Product Demo,Tech Sharing,2025-11-09 15:00,2025-11-09 16:00,2025-11-09 15:35,2025-11-09 15:55,2025-11-09 15:35,2025-11-09 15:55,20.0,full overlap,Low,Test Lab,R&D Center
CONF_1461,P017,Testing Acceptance,Tech Sharing,2025-11-14 12:15,2025-11-14 13:15,2025-11-14 12:33,2025-11-14 12:58,2025-11-14 12:33,2025-11-14 12:58,25.0,full overlap,Low,Conference Room A,Remote
CONF_1462,P017,Testing Acceptance,Product Demo,2025-11-14 12:15,2025-11-14 13:15,2025-11-14 12:15,2025-11-14 12:45,2025-11-14 12:15,2025-11-14 12:45,30.0,full overlap,Medium,Conference Room A,Office Area 1
CONF_1463,P017,Design Review,Training,2025-11-16 15:45,2025-11-16 16:30,2025-11-16 16:04,2025-11-16 16:23,2025-11-16 16:04,2025-11-16 16:23,19.0,full overlap,Low,Demo Hall,Product Showcase
CONF_1464,P017,Testing Acceptance,One-on-One,2025-11-10 14:30,2025-11-10 15:00,2025-11-10 14:40,2025-11-10 15:11,2025-11-10 14:40,2025-11-10 15:00,20.0,partial overlap,Low,Demo Hall,Office Area 2
CONF_1465,P017,Testing Acceptance,Testing Acceptance,2025-11-10 14:30,2025-11-10 15:00,2025-11-10 14:46,2025-11-10 15:20,2025-11-10 14:46,2025-11-10 15:00,14.0,partial overlap,Low,Demo Hall,Test Lab
CONF_1466,P017,Tech Sharing,Brainstorming,2025-11-15 09:00,2025-11-15 10:00,2025-11-15 09:24,2025-11-15 09:49,2025-11-15 09:24,2025-11-15 09:49,25.0,full overlap,Low,Test Lab,Online Meeting
CONF_1467,P017,Tech Sharing,Training,2025-11-15 09:00,2025-11-15 10:00,2025-11-15 09:30,2025-11-15 10:15,2025-11-15 09:30,2025-11-15 10:00,30.0,partial overlap,Medium,Test Lab,Test Lab
CONF_1468,P017,Tech Sharing,Tech Sharing,2025-11-13 10:45,2025-11-13 11:15,2025-11-13 10:05,2025-11-13 10:59,2025-11-13 10:45,2025-11-13 10:59,14.0,partial overlap,Low,Conference Room C,Cafe
CONF_1469,P017,Tech Sharing,Operations Check,2025-11-13 10:45,2025-11-13 11:15,2025-11-13 10:16,2025-11-13 11:09,2025-11-13 10:45,2025-11-13 11:09,24.0,partial overlap,Low,Conference Room C,Conference Room C
CONF_1470,P017,Tech Sharing,Testing Acceptance,2025-11-13 10:45,2025-11-13 11:15,2025-11-13 11:04,2025-11-13 11:29,2025-11-13 11:04,2025-11-13 11:15,11.0,partial overlap,Low,Conference Room C,Demo Hall
CONF_1471,P017,Meeting,Meeting,2025-11-13 09:00,2025-11-13 09:30,2025-11-13 09:13,2025-11-13 10:12,2025-11-13 09:13,2025-11-13 09:30,17.0,partial overlap,Low,Client Reception,Office Area 1
CONF_1472,P018,Meeting,Training,2025-11-11 16:15,2025-11-11 17:00,2025-11-11 16:00,2025-11-11 16:45,2025-11-11 16:15,2025-11-11 16:45,30.0,partial overlap,Medium,Training Room,Client Reception
CONF_1473,P018,Tech Sharing,Meeting,2025-11-15 16:45,2025-11-15 17:30,2025-11-15 17:00,2025-11-15 17:15,2025-11-15 17:00,2025-11-15 17:15,15.0,full overlap,Low,Office Area 2,Product Showcase
CONF_1474,P018,Requirements Analysis,Code Review,2025-11-16 17:45,2025-11-16 18:45,2025-11-16 18:00,2025-11-16 18:30,2025-11-16 18:00,2025-11-16 18:30,30.0,full overlap,Medium,Online Meeting,Conference Room B
CONF_1475,P018,Design Review,Project Discussion,2025-11-17 13:30,2025-11-17 14:15,2025-11-17 13:15,2025-11-17 14:00,2025-11-17 13:30,2025-11-17 14:00,30.0,partial overlap,Medium,R&D Center,Cafe
CONF_1476,P018,Design Review,Deployment,2025-11-17 13:30,2025-11-17 14:15,2025-11-17 13:25,2025-11-17 13:58,2025-11-17 13:30,2025-11-17 13:58,28.0,partial overlap,Low,R&D Center,Product Showcase
CONF_1477,P018,Testing Acceptance,One-on-One,2025-11-16 14:30,2025-11-16 15:15,2025-11-16 14:54,2025-11-16 15:25,2025-11-16 14:54,2025-11-16 15:15,21.0,partial overlap,Low,Test Lab,Client Reception
CONF_1478,P018,Testing Acceptance,Client Visit,2025-11-16 14:30,2025-11-16 15:15,2025-11-16 14:30,2025-11-16 15:15,2025-11-16 14:30,2025-11-16 15:15,45.0,full overlap,Medium,Test Lab,Training Room
CONF_1479,P018,Testing Acceptance,Meeting,2025-11-16 14:30,2025-11-16 15:15,2025-11-16 14:45,2025-11-16 15:30,2025-11-16 14:45,2025-11-16 15:15,30.0,partial overlap,Medium,Test Lab,Product Showcase
CONF_1480,P018,Testing Acceptance,Tech Sharing,2025-11-16 14:30,2025-11-16 15:15,2025-11-16 14:58,2025-11-16 15:35,2025-11-16 14:58,2025-11-16 15:15,17.0,partial overlap,Low,Test Lab,Conference Room C
CONF_1481,P019,Project Discussion,Meeting,2025-11-11 08:30,2025-11-11 09:30,2025-11-11 08:38,2025-11-11 09:19,2025-11-11 08:38,2025-11-11 09:19,41.0,full overlap,Medium,Online Meeting,Remote
CONF_1482,P019,Brainstorming,Client Visit,2025-11-06 09:00,2025-11-06 10:00,2025-11-06 09:45,2025-11-06 10:45,2025-11-06 09:45,2025-11-06 10:00,15.0,partial overlap,Low,Product Showcase,Online Meeting
CONF_1483,P019,Operations Check,Client Visit,2025-11-07 15:15,2025-11-07 15:45,2025-11-07 15:30,2025-11-07 15:50,2025-11-07 15:30,2025-11-07 15:45,15.0,partial overlap,Low,Office Area 1,Office Area 1
CONF_1484,P019,Operations Check,Brainstorming,2025-11-07 15:15,2025-11-07 15:45,2025-11-07 15:20,2025-11-07 15:56,2025-11-07 15:20,2025-11-07 15:45,25.0,partial overlap,Low,Office Area 1,Test Lab
CONF_1485,P019,Testing Acceptance,Design Review,2025-11-05 13:00,2025-11-05 14:00,2025-11-05 13:29,2025-11-05 13:56,2025-11-05 13:29,2025-11-05 13:56,27.0,full overlap,Low,R&D Center,Office Area 2
CONF_1486,P019,Deployment,Team Building,2025-11-08 18:00,2025-11-08 19:00,2025-11-08 18:27,2025-11-08 19:25,2025-11-08 18:27,2025-11-08 19:00,33.0,partial overlap,Medium,Conference Room B,Cafe
CONF_1487,P019,Meeting,Meeting,2025-11-07 12:15,2025-11-07 13:00,2025-11-07 11:30,2025-11-07 12:30,2025-11-07 12:15,2025-11-07 12:30,15.0,partial overlap,Low,Product Showcase,Office Area 2
CONF_1488,P019,Operations Check,One-on-One,2025-11-11 18:15,2025-11-11 19:00,2025-11-11 18:24,2025-11-11 18:48,2025-11-11 18:24,2025-11-11 18:48,24.0,full overlap,Low,Conference Room C,Office Area 2
CONF_1489,P019,Tech Sharing,Client Visit,2025-11-09 14:15,2025-11-09 14:45,2025-11-09 14:28,2025-11-09 15:18,2025-11-09 14:28,2025-11-09 14:45,17.0,partial overlap,Low,Cafe,Client Reception
CONF_1490,P019,Deployment,One-on-One,2025-11-11 14:45,2025-11-11 15:45,2025-11-11 15:30,2025-11-11 16:00,2025-11-11 15:30,2025-11-11 15:45,15.0,partial overlap,Low,R&D Center,Demo Hall
CONF_1491,P019,Code Review,Meeting,2025-11-14 18:45,2025-11-14 19:45,2025-11-14 18:15,2025-11-14 19:00,2025-11-14 18:45,2025-11-14 19:00,15.0,partial overlap,Low,Break Room,Product Showcase
CONF_1492,P019,Code Review,Training,2025-11-14 18:45,2025-11-14 19:45,2025-11-14 18:25,2025-11-14 19:01,2025-11-14 18:45,2025-11-14 19:01,16.0,partial overlap,Low,Break Room,Demo Hall
CONF_1493,P019,Code Review,Client Visit,2025-11-14 08:30,2025-11-14 09:30,2025-11-14 09:00,2025-11-14 09:45,2025-11-14 09:00,2025-11-14 09:30,30.0,partial overlap,Medium,Break Room,Office Area 2
CONF_1494,P019,Code Review,Testing Acceptance,2025-11-14 08:30,2025-11-14 09:30,2025-11-14 09:28,2025-11-14 10:27,2025-11-14 09:28,2025-11-14 09:30,2.0,partial overlap,Low,Break Room,Office Area 1
CONF_1495,P020,Tech Sharing,Operations Check,2025-11-09 13:00,2025-11-09 13:45,2025-11-09 13:15,2025-11-09 14:15,2025-11-09 13:15,2025-11-09 13:45,30.0,partial overlap,Medium,Office Area 1,Office Area 1
CONF_1496,P020,Tech Sharing,Testing Acceptance,2025-11-09 13:00,2025-11-09 13:45,2025-11-09 13:26,2025-11-09 13:54,2025-11-09 13:26,2025-11-09 13:45,19.0,partial overlap,Low,Office Area 1,R&D Center
CONF_1497,P020,Tech Sharing,Training,2025-11-11 11:30,2025-11-11 12:15,2025-11-11 12:00,2025-11-11 12:45,2025-11-11 12:00,2025-11-11 12:15,15.0,partial overlap,Low,Training Room,Conference Room C
CONF_1498,P020,Tech Sharing,Product Demo,2025-11-11 11:30,2025-11-11 12:15,2025-11-11 11:45,2025-11-11 12:30,2025-11-11 11:45,2025-11-11 12:15,30.0,partial overlap,Medium,Training Room,Online Meeting
CONF_1499,P020,Training,Requirements Analysis,2025-11-13 08:00,2025-11-13 09:00,2025-11-13 08:15,2025-11-13 09:00,2025-11-13 08:15,2025-11-13 09:00,45.0,full overlap,Medium,R&D Center,Client Reception
CONF_1500,P020,Training,Deployment,2025-11-13 08:00,2025-11-13 09:00,2025-11-13 08:23,2025-11-13 08:45,2025-11-13 08:23,2025-11-13 08:45,22.0,full overlap,Low,R&D Center,Conference Room B
CONF_1501,P020,Training,Product Demo,2025-11-11 12:00,2025-11-11 12:45,2025-11-11 11:45,2025-11-11 12:30,2025-11-11 12:00,2025-11-11 12:30,30.0,partial overlap,Medium,Conference Room C,Online Meeting
CONF_1502,P020,Training,Testing Acceptance,2025-11-11 12:00,2025-11-11 12:45,2025-11-11 12:27,2025-11-11 12:58,2025-11-11 12:27,2025-11-11 12:45,18.0,partial overlap,Low,Conference Room C,Cafe
CONF_1503,P020,Client Visit,Testing Acceptance,2025-11-11 17:45,2025-11-11 18:15,2025-11-11 17:06,2025-11-11 17:56,2025-11-11 17:45,2025-11-11 17:56,11.0,partial overlap,Low,Conference Room B,Test Lab
CONF_1504,P020,Operations Check,Testing Acceptance,2025-11-09 13:15,2025-11-09 14:15,2025-11-09 13:26,2025-11-09 13:54,2025-11-09 13:26,2025-11-09 13:54,28.0,full overlap,Low,Office Area 1,R&D Center
CONF_1505,P020,Operations Check,Design Review,2025-11-15 16:30,2025-11-15 17:15,2025-11-15 16:15,2025-11-15 16:45,2025-11-15 16:30,2025-11-15 16:45,15.0,partial overlap,Low,Demo Hall,Client Reception
CONF_1506,P020,Product Demo,Testing Acceptance,2025-11-11 11:45,2025-11-11 12:30,2025-11-11 12:27,2025-11-11 12:58,2025-11-11 12:27,2025-11-11 12:30,3.0,partial overlap,Low,Online Meeting,Cafe
CONF_1507,P020,Requirements Analysis,Deployment,2025-11-13 08:15,2025-11-13 09:00,2025-11-13 08:23,2025-11-13 08:45,2025-11-13 08:23,2025-11-13 08:45,22.0,full overlap,Low,Client Reception,Conference Room B
CONF_1508,P020,Testing Acceptance,Testing Acceptance,2025-11-11 16:45,2025-11-11 17:45,2025-11-11 17:06,2025-11-11 17:56,2025-11-11 17:06,2025-11-11 17:45,39.0,partial overlap,Medium,Cafe,Test Lab
CONF_1509,P020,One-on-One,Requirements Analysis,2025-11-15 09:15,2025-11-15 10:00,2025-11-15 08:45,2025-11-15 09:30,2025-11-15 09:15,2025-11-15 09:30,15.0,partial overlap,Low,Training Room,Demo Hall
CONF_1510,P020,Brainstorming,One-on-One,2025-11-17 17:45,2025-11-17 18:45,2025-11-17 18:30,2025-11-17 18:45,2025-11-17 18:30,2025-11-17 18:45,15.0,full overlap,Low,Break Room,Office Area 2
CONF_1511,P020,Brainstorming,Code Review,2025-11-17 17:45,2025-11-17 18:45,2025-11-17 18:00,2025-11-17 18:45,2025-11-17 18:00,2025-11-17 18:45,45.0,full overlap,Medium,Break Room,Conference Room C
CONF_1512,P021,Training,Operations Check,2025-11-11 18:45,2025-11-11 19:15,2025-11-11 18:45,2025-11-11 19:15,2025-11-11 18:45,2025-11-11 19:15,30.0,full overlap,Medium,Office Area 2,Online Meeting
CONF_1513,P021,Training,Deployment,2025-11-11 18:45,2025-11-11 19:15,2025-11-11 18:45,2025-11-11 19:15,2025-11-11 18:45,2025-11-11 19:15,30.0,full overlap,Medium,Office Area 2,Product Showcase
CONF_1514,P021,Project Discussion,Deployment,2025-11-12 12:30,2025-11-12 13:00,2025-11-12 12:52,2025-11-12 13:14,2025-11-12 12:52,2025-11-12 13:00,8.0,partial overlap,Low,Conference Room B,Office Area 1
CONF_1515,P021,Design Review,Testing Acceptance,2025-11-08 09:30,2025-11-08 10:15,2025-11-08 09:45,2025-11-08 10:45,2025-11-08 09:45,2025-11-08 10:15,30.0,partial overlap,Medium,Training Room,Client Reception
CONF_1516,P021,Client Visit,One-on-One,2025-11-08 13:30,2025-11-08 14:30,2025-11-08 13:45,2025-11-08 14:30,2025-11-08 13:45,2025-11-08 14:30,45.0,full overlap,Medium,Test Lab,Product Showcase
CONF_1517,P021,Operations Check,Deployment,2025-11-11 18:45,2025-11-11 19:15,2025-11-11 18:45,2025-11-11 19:15,2025-11-11 18:45,2025-11-11 19:15,30.0,full overlap,Medium,Online Meeting,Product Showcase
CONF_1518,P021,One-on-One,Team Building,2025-11-14 11:45,2025-11-14 12:15,2025-11-14 11:30,2025-11-14 12:00,2025-11-14 11:45,2025-11-14 12:00,15.0,partial overlap,Low,Online Meeting,Conference Room C
CONF_1519,P021,Deployment,Team Building,2025-11-15 18:30,2025-11-15 19:00,2025-11-15 18:40,2025-11-15 19:32,2025-11-15 18:40,2025-11-15 19:00,20.0,partial overlap,Low,Office Area 1,Break Room
CONF_1520,P021,Operations Check,Product Demo,2025-11-09 11:30,2025-11-09 12:30,2025-11-09 11:56,2025-11-09 12:48,2025-11-09 11:56,2025-11-09 12:30,34.0,partial overlap,Medium,Demo Hall,Training Room
CONF_1521,P021,Product Demo,Tech Sharing,2025-11-10 10:00,2025-11-10 11:00,2025-11-10 10:23,2025-11-10 11:10,2025-11-10 10:23,2025-11-10 11:00,37.0,partial overlap,Medium,Test Lab,Office Area 1
CONF_1522,P021,Code Review,Client Visit,2025-11-13 13:15,2025-11-13 13:45,2025-11-13 13:12,2025-11-13 13:38,2025-11-13 13:15,2025-11-13 13:38,23.0,partial overlap,Low,Office Area 1,Test Lab
CONF_1523,P021,Team Building,Client Visit,2025-11-13 10:15,2025-11-13 11:15,2025-11-13 10:15,2025-11-13 11:00,2025-11-13 10:15,2025-11-13 11:00,45.0,full overlap,Medium,Conference Room C,Conference Room A
CONF_1524,P021,Team Building,Training,2025-11-13 10:15,2025-11-13 11:15,2025-11-13 10:37,2025-11-13 10:54,2025-11-13 10:37,2025-11-13 10:54,17.0,full overlap,Low,Conference Room C,R&D Center
CONF_1525,P021,One-on-One,Design Review,2025-11-15 13:30,2025-11-15 14:30,2025-11-15 14:15,2025-11-15 14:30,2025-11-15 14:15,2025-11-15 14:30,15.0,full overlap,Low,Demo Hall,Office Area 1
CONF_1526,P022,Team Building,Team Building,2025-11-08 15:15,2025-11-08 16:15,2025-11-08 15:27,2025-11-08 16:17,2025-11-08 15:27,2025-11-08 16:15,48.0,partial overlap,Medium,Training Room,Online Meeting
CONF_1527,P022,Tech Sharing,Product Demo,2025-11-05 11:15,2025-11-05 12:15,2025-11-05 11:40,2025-11-05 12:11,2025-11-05 11:40,2025-11-05 12:11,31.0,full overlap,Medium,Cafe,Remote
CONF_1528,P022,Code Review,One-on-One,2025-11-07 13:15,2025-11-07 13:45,2025-11-07 13:34,2025-11-07 14:27,2025-11-07 13:34,2025-11-07 13:45,11.0,partial overlap,Low,Online Meeting,Remote
CONF_1529,P022,Client Visit,Training,2025-11-09 14:00,2025-11-09 14:30,2025-11-09 14:09,2025-11-09 15:00,2025-11-09 14:09,2025-11-09 14:30,21.0,partial overlap,Low,Conference Room B,Break Room
CONF_1530,P022,Training,Project Discussion,2025-11-10 08:45,2025-11-10 09:30,2025-11-10 08:30,2025-11-10 09:15,2025-11-10 08:45,2025-11-10 09:15,30.0,partial overlap,Medium,R&D Center,Product Showcase
CONF_1531,P022,Training,Brainstorming,2025-11-10 08:45,2025-11-10 09:30,2025-11-10 08:56,2025-11-10 09:49,2025-11-10 08:56,2025-11-10 09:30,34.0,partial overlap,Medium,R&D Center,Client Reception
CONF_1532,P022,Meeting,Client Visit,2025-11-14 16:15,2025-11-14 17:00,2025-11-14 16:45,2025-11-14 17:30,2025-11-14 16:45,2025-11-14 17:00,15.0,partial overlap,Low,Demo Hall,R&D Center
CONF_1533,P022,Testing Acceptance,Training,2025-11-14 12:30,2025-11-14 13:15,2025-11-14 13:00,2025-11-14 14:00,2025-11-14 13:00,2025-11-14 13:15,15.0,partial overlap,Low,Office Area 1,Office Area 2
CONF_1534,P022,Testing Acceptance,Product Demo,2025-11-14 12:30,2025-11-14 13:15,2025-11-14 12:38,2025-11-14 12:55,2025-11-14 12:38,2025-11-14 12:55,17.0,full overlap,Low,Office Area 1,Remote
CONF_1535,P022,Requirements Analysis,Meeting,2025-11-13 11:45,2025-11-13 12:15,2025-11-13 12:12,2025-11-13 12:45,2025-11-13 12:12,2025-11-13 12:15,3.0,partial overlap,Low,R&D Center,Online Meeting
CONF_1536,P022,Project Discussion,Brainstorming,2025-11-10 08:30,2025-11-10 09:15,2025-11-10 08:56,2025-11-10 09:49,2025-11-10 08:56,2025-11-10 09:15,19.0,partial overlap,Low,Product Showcase,Client Reception
CONF_1537,P022,Operations Check,Code Review,2025-11-12 14:45,2025-11-12 15:45,2025-11-12 15:15,2025-11-12 15:45,2025-11-12 15:15,2025-11-12 15:45,30.0,full overlap,Medium,Cafe,Online Meeting
CONF_1538,P022,Operations Check,Design Review,2025-11-12 14:45,2025-11-12 15:45,2025-11-12 15:35,2025-11-12 16:16,2025-11-12 15:35,2025-11-12 15:45,10.0,partial overlap,Low,Cafe,Conference Room B
CONF_1539,P022,Client Visit,Project Discussion,2025-11-14 18:45,2025-11-14 19:15,2025-11-14 18:30,2025-11-14 19:00,2025-11-14 18:45,2025-11-14 19:00,15.0,partial overlap,Low,Test Lab,Online Meeting
CONF_1540,P023,Product Demo,Requirements Analysis,2025-11-09 18:15,2025-11-09 19:15,2025-11-09 18:30,2025-11-09 19:15,2025-11-09 18:30,2025-11-09 19:15,45.0,full overlap,Medium,Conference Room A,Cafe
CONF_1541,P023,One-on-One,Brainstorming,2025-11-07 08:30,2025-11-07 09:00,2025-11-07 08:00,2025-11-07 08:45,2025-11-07 08:30,2025-11-07 08:45,15.0,partial overlap,Low,Break Room,Demo Hall
CONF_1542,P023,Product Demo,Project Discussion,2025-11-13 13:00,2025-11-13 13:30,2025-11-13 13:00,2025-11-13 13:15,2025-11-13 13:00,2025-11-13 13:15,15.0,full overlap,Low,Product Showcase,Cafe
CONF_1543,P023,Testing Acceptance,Operations Check,2025-11-13 10:30,2025-11-13 11:30,2025-11-13 10:37,2025-11-13 11:05,2025-11-13 10:37,2025-11-13 11:05,28.0,full overlap,Low,Online Meeting,Remote
CONF_1544,P023,Operations Check,Brainstorming,2025-11-14 13:30,2025-11-14 14:30,2025-11-14 13:45,2025-11-14 14:30,2025-11-14 13:45,2025-11-14 14:30,45.0,full overlap,Medium,Conference Room C,Online Meeting
CONF_1545,P023,Product Demo,Design Review,2025-11-16 11:45,2025-11-16 12:15,2025-11-16 12:00,2025-11-16 12:44,2025-11-16 12:00,2025-11-16 12:15,15.0,partial overlap,Low,Office Area 2,Client Reception
CONF_1546,P023,Team Building,Design Review,2025-11-15 09:00,2025-11-15 09:45,2025-11-15 09:15,2025-11-15 09:30,2025-11-15 09:15,2025-11-15 09:30,15.0,full overlap,Low,R&D Center,Test Lab
CONF_1547,P023,Team Building,Code Review,2025-11-17 10:45,2025-11-17 11:30,2025-11-17 10:52,2025-11-17 11:33,2025-11-17 10:52,2025-11-17 11:30,38.0,partial overlap,Medium,Client Reception,Product Showcase
CONF_1548,P024,Product Demo,Tech Sharing,2025-11-11 09:45,2025-11-11 10:30,2025-11-11 10:15,2025-11-11 11:15,2025-11-11 10:15,2025-11-11 10:30,15.0,partial overlap,Low,Online Meeting,Break Room
CONF_1549,P024,Training,Training,2025-11-08 16:45,2025-11-08 17:30,2025-11-08 17:00,2025-11-08 17:30,2025-11-08 17:00,2025-11-08 17:30,30.0,full overlap,Medium,Office Area 1,Conference Room C
CONF_1550,P025,Project Discussion,Deployment,2025-11-15 11:15,2025-11-15 12:15,2025-11-15 11:45,2025-11-15 12:45,2025-11-15 11:45,2025-11-15 12:15,30.0,partial overlap,Medium,Break Room,Office Area 2
CONF_1551,P025,Project Discussion,Meeting,2025-11-15 11:15,2025-11-15 12:15,2025-11-15 11:45,2025-11-15 12:15,2025-11-15 11:45,2025-11-15 12:15,30.0,full overlap,Medium,Break Room,Cafe
CONF_1552,P025,Deployment,Meeting,2025-11-15 11:45,2025-11-15 12:45,2025-11-15 11:45,2025-11-15 12:15,2025-11-15 11:45,2025-11-15 12:15,30.0,full overlap,Medium,Office Area 2,Cafe
CONF_1553,P025,Operations Check,Testing Acceptance,2025-11-10 10:15,2025-11-10 10:45,2025-11-10 10:37,2025-11-10 11:17,2025-11-10 10:37,2025-11-10 10:45,8.0,partial overlap,Low,Conference Room B,R&D Center
CONF_1554,P025,Tech Sharing,Tech Sharing,2025-11-16 08:30,2025-11-16 09:15,2025-11-16 08:15,2025-11-16 08:45,2025-11-16 08:30,2025-11-16 08:45,15.0,partial overlap,Low,Conference Room C,Training Room
CONF_1555,P025,Tech Sharing,Testing Acceptance,2025-11-14 14:30,2025-11-14 15:00,2025-11-14 14:30,2025-11-14 15:00,2025-11-14 14:30,2025-11-14 15:00,30.0,full overlap,Medium,Training Room,Conference Room B
CONF_1556,P025,Tech Sharing,Meeting,2025-11-14 14:30,2025-11-14 15:00,2025-11-14 14:45,2025-11-14 15:00,2025-11-14 14:45,2025-11-14 15:00,15.0,full overlap,Low,Training Room,R&D Center
CONF_1557,P026,Team Building,Testing Acceptance,2025-11-07 15:00,2025-11-07 15:45,2025-11-07 15:09,2025-11-07 16:00,2025-11-07 15:09,2025-11-07 15:45,36.0,partial overlap,Medium,Demo Hall,Break Room
CONF_1558,P026,Project Discussion,One-on-One,2025-11-10 17:45,2025-11-10 18:15,2025-11-10 17:58,2025-11-10 18:32,2025-11-10 17:58,2025-11-10 18:15,17.0,partial overlap,Low,Cafe,Product Showcase
CONF_1559,P026,Testing Acceptance,Testing Acceptance,2025-11-07 09:00,2025-11-07 10:00,2025-11-07 09:11,2025-11-07 10:01,2025-11-07 09:11,2025-11-07 10:00,49.0,partial overlap,Medium,Conference Room A,Office Area 2
CONF_1560,P026,Team Building,Project Discussion,2025-11-09 16:45,2025-11-09 17:45,2025-11-09 16:52,2025-11-09 17:07,2025-11-09 16:52,2025-11-09 17:07,15.0,full overlap,Low,Product Showcase,Remote
CONF_1561,P026,Team Building,One-on-One,2025-11-09 16:45,2025-11-09 17:45,2025-11-09 17:07,2025-11-09 17:46,2025-11-09 17:07,2025-11-09 17:45,38.0,partial overlap,Medium,Product Showcase,Conference Room A
CONF_1562,P026,Product Demo,One-on-One,2025-11-13 10:15,2025-11-13 11:00,2025-11-13 10:44,2025-11-13 11:19,2025-11-13 10:44,2025-11-13 11:00,16.0,partial overlap,Low,Online Meeting,Training Room
CONF_1563,P026,Product Demo,Tech Sharing,2025-11-13 10:15,2025-11-13 11:00,2025-11-13 10:30,2025-11-13 10:45,2025-11-13 10:30,2025-11-13 10:45,15.0,full overlap,Low,Online Meeting,Cafe
CONF_1564,P026,Testing Acceptance,Code Review,2025-11-16 15:30,2025-11-16 16:15,2025-11-16 15:15,2025-11-16 16:00,2025-11-16 15:30,2025-11-16 16:00,30.0,partial overlap,Medium,Cafe,Product Showcase
CONF_1565,P026,Testing Acceptance,Requirements Analysis,2025-11-16 15:30,2025-11-16 16:15,2025-11-16 15:23,2025-11-16 15:39,2025-11-16 15:30,2025-11-16 15:39,9.0,partial overlap,Low,Cafe,Office Area 1
CONF_1566,P026,Testing Acceptance,Training,2025-11-16 15:30,2025-11-16 16:15,2025-11-16 15:46,2025-11-16 16:05,2025-11-16 15:46,2025-11-16 16:05,19.0,full overlap,Low,Cafe,Conference Room B
CONF_1567,P026,Testing Acceptance,Client Visit,2025-11-16 15:30,2025-11-16 16:15,2025-11-16 15:41,2025-11-16 16:27,2025-11-16 15:41,2025-11-16 16:15,34.0,partial overlap,Medium,Cafe,Conference Room A
CONF_1568,P026,Testing Acceptance,Design Review,2025-11-16 15:30,2025-11-16 16:15,2025-11-16 15:30,2025-11-16 15:45,2025-11-16 15:30,2025-11-16 15:45,15.0,full overlap,Low,Cafe,Client Reception
CONF_1569,P026,Testing Acceptance,Training,2025-11-16 15:30,2025-11-16 16:15,2025-11-16 15:45,2025-11-16 16:30,2025-11-16 15:45,2025-11-16 16:15,30.0,partial overlap,Medium,Cafe,Test Lab
CONF_1570,P026,Tech Sharing,Product Demo,2025-11-16 12:15,2025-11-16 13:15,2025-11-16 12:05,2025-11-16 12:43,2025-11-16 12:15,2025-11-16 12:43,28.0,partial overlap,Low,Demo Hall,Client Reception
CONF_1571,P026,Code Review,Requirements Analysis,2025-11-16 15:15,2025-11-16 16:00,2025-11-16 15:23,2025-11-16 15:39,2025-11-16 15:23,2025-11-16 15:39,16.0,full overlap,Low,Product Showcase,Office Area 1
CONF_1572,P026,Code Review,Training,2025-11-16 15:15,2025-11-16 16:00,2025-11-16 15:46,2025-11-16 16:05,2025-11-16 15:46,2025-11-16 16:00,14.0,partial overlap,Low,Product Showcase,Conference Room B
CONF_1573,P026,Code Review,Client Visit,2025-11-16 15:15,2025-11-16 16:00,2025-11-16 15:41,2025-11-16 16:27,2025-11-16 15:41,2025-11-16 16:00,19.0,partial overlap,Low,Product Showcase,Conference Room A
CONF_1574,P026,Code Review,Design Review,2025-11-16 15:15,2025-11-16 16:00,2025-11-16 15:30,2025-11-16 15:45,2025-11-16 15:30,2025-11-16 15:45,15.0,full overlap,Low,Product Showcase,Client Reception
CONF_1575,P026,Code Review,Training,2025-11-16 15:15,2025-11-16 16:00,2025-11-16 15:45,2025-11-16 16:30,2025-11-16 15:45,2025-11-16 16:00,15.0,partial overlap,Low,Product Showcase,Test Lab
CONF_1576,P027,Training,Meeting,2025-11-10 17:00,2025-11-10 18:00,2025-11-10 16:30,2025-11-10 17:15,2025-11-10 17:00,2025-11-10 17:15,15.0,partial overlap,Low,Conference Room A,Product Showcase
CONF_1577,P027,Training,Product Demo,2025-11-10 17:00,2025-11-10 18:00,2025-11-10 17:00,2025-11-10 17:45,2025-11-10 17:00,2025-11-10 17:45,45.0,full overlap,Medium,Conference Room A,Office Area 1
CONF_1578,P027,Design Review,Client Visit,2025-11-11 18:45,2025-11-11 19:30,2025-11-11 18:30,2025-11-11 19:00,2025-11-11 18:45,2025-11-11 19:00,15.0,partial overlap,Low,Break Room,Conference Room C
CONF_1579,P027,Tech Sharing,One-on-One,2025-11-11 11:30,2025-11-11 12:30,2025-11-11 11:30,2025-11-11 12:15,2025-11-11 11:30,2025-11-11 12:15,45.0,full overlap,Medium,Break Room,Conference Room A
CONF_1580,P027,Tech Sharing,Meeting,2025-11-11 11:30,2025-11-11 12:30,2025-11-11 12:15,2025-11-11 13:00,2025-11-11 12:15,2025-11-11 12:30,15.0,partial overlap,Low,Break Room,Test Lab
CONF_1581,P027,Meeting,Product Demo,2025-11-10 16:30,2025-11-10 17:15,2025-11-10 17:00,2025-11-10 17:45,2025-11-10 17:00,2025-11-10 17:15,15.0,partial overlap,Low,Product Showcase,Office Area 1
CONF_1582,P027,Code Review,One-on-One,2025-11-08 18:00,2025-11-08 18:30,2025-11-08 17:30,2025-11-08 18:30,2025-11-08 18:00,2025-11-08 18:30,30.0,full overlap,Medium,Training Room,Break Room
CONF_1583,P027,Product Demo,Design Review,2025-11-14 17:15,2025-11-14 18:15,2025-11-14 17:26,2025-11-14 18:19,2025-11-14 17:26,2025-11-14 18:15,49.0,partial overlap,Medium,Office Area 2,Online Meeting
CONF_1584,P027,Product Demo,Design Review,2025-11-14 17:15,2025-11-14 18:15,2025-11-14 17:00,2025-11-14 17:30,2025-11-14 17:15,2025-11-14 17:30,15.0,partial overlap,Low,Office Area 2,Conference Room C
CONF_1585,P027,Product Demo,Team Building,2025-11-14 17:15,2025-11-14 18:15,2025-11-14 18:00,2025-11-14 18:30,2025-11-14 18:00,2025-11-14 18:15,15.0,partial overlap,Low,Office Area 2,Test Lab
CONF_1586,P027,Requirements Analysis,Brainstorming,2025-11-14 14:30,2025-11-14 15:30,2025-11-14 15:15,2025-11-14 15:45,2025-11-14 15:15,2025-11-14 15:30,15.0,partial overlap,Low,Online Meeting,Office Area 1
CONF_1587,P027,Operations Check,Tech Sharing,2025-11-16 12:00,2025-11-16 13:00,2025-11-16 12:07,2025-11-16 12:38,2025-11-16 12:07,2025-11-16 12:38,31.0,full overlap,Medium,Office Area 1,Cafe
CONF_1588,P027,Operations Check,Meeting,2025-11-16 12:00,2025-11-16 13:00,2025-11-16 11:30,2025-11-16 12:04,2025-11-16 12:00,2025-11-16 12:04,4.0,partial overlap,Low,Office Area 1,Product Showcase
CONF_1589,P028,Tech Sharing,Testing Acceptance,2025-11-08 18:30,2025-11-08 19:30,2025-11-08 18:30,2025-11-08 19:00,2025-11-08 18:30,2025-11-08 19:00,30.0,full overlap,Medium,Conference Room B,Test Lab
CONF_1590,P028,Design Review,Code Review,2025-11-12 18:00,2025-11-12 18:30,2025-11-12 17:45,2025-11-12 18:45,2025-11-12 18:00,2025-11-12 18:30,30.0,full overlap,Medium,Client Reception,Break Room
CONF_1591,P028,Operations Check,Meeting,2025-11-13 16:30,2025-11-13 17:30,2025-11-13 16:45,2025-11-13 17:15,2025-11-13 16:45,2025-11-13 17:15,30.0,full overlap,Medium,Break Room,Cafe
CONF_1592,P028,Operations Check,Client Visit,2025-11-13 16:30,2025-11-13 17:30,2025-11-13 17:15,2025-11-13 17:30,2025-11-13 17:15,2025-11-13 17:30,15.0,full overlap,Low,Break Room,Remote
CONF_1593,P028,Tech Sharing,Brainstorming,2025-11-13 12:15,2025-11-13 13:15,2025-11-13 13:00,2025-11-13 13:30,2025-11-13 13:00,2025-11-13 13:15,15.0,partial overlap,Low,Conference Room B,Remote
CONF_1594,P028,Testing Acceptance,Design Review,2025-11-16 18:00,2025-11-16 18:30,2025-11-16 18:15,2025-11-16 18:45,2025-11-16 18:15,2025-11-16 18:30,15.0,partial overlap,Low,Office Area 2,Demo Hall
CONF_1595,P029,One-on-One,Deployment,2025-11-09 10:15,2025-11-09 10:45,2025-11-09 10:30,2025-11-09 11:15,2025-11-09 10:30,2025-11-09 10:45,15.0,partial overlap,Low,Break Room,Break Room
CONF_1596,P029,Testing Acceptance,Brainstorming,2025-11-11 17:45,2025-11-11 18:15,2025-11-11 17:50,2025-11-11 18:16,2025-11-11 17:50,2025-11-11 18:15,25.0,partial overlap,Low,Demo Hall,Conference Room B
CONF_1597,P029,Code Review,Team Building,2025-11-10 08:30,2025-11-10 09:00,2025-11-10 08:38,2025-11-10 08:55,2025-11-10 08:38,2025-11-10 08:55,17.0,full overlap,Low,Cafe,Conference Room A
CONF_1598,P029,Code Review,Design Review,2025-11-10 08:30,2025-11-10 09:00,2025-11-10 08:45,2025-11-10 09:24,2025-11-10 08:45,2025-11-10 09:00,15.0,partial overlap,Low,Cafe,Client Reception
CONF_1599,P029,Testing Acceptance,Operations Check,2025-11-12 16:45,2025-11-12 17:45,2025-11-12 17:00,2025-11-12 17:45,2025-11-12 17:00,2025-11-12 17:45,45.0,full overlap,Medium,Office Area 2,Office Area 1
CONF_1600,P029,Requirements Analysis,Brainstorming,2025-11-15 16:45,2025-11-15 17:15,2025-11-15 16:54,2025-11-15 17:18,2025-11-15 16:54,2025-11-15 17:15,21.0,partial overlap,Low,Conference Room A,Conference Room C
CONF_1601,P029,Design Review,Tech Sharing,2025-11-14 09:00,2025-11-14 09:30,2025-11-14 08:30,2025-11-14 09:15,2025-11-14 09:00,2025-11-14 09:15,15.0,partial overlap,Low,Product Showcase,Conference Room C
CONF_1602,P030,Design Review,Requirements Analysis,2025-11-09 13:30,2025-11-09 14:15,2025-11-09 13:45,2025-11-09 14:45,2025-11-09 13:45,2025-11-09 14:15,30.0,partial overlap,Medium,Cafe,Break Room
CONF_1603,P030,Training,Design Review,2025-11-05 15:45,2025-11-05 16:15,2025-11-05 16:08,2025-11-05 16:56,2025-11-05 16:08,2025-11-05 16:15,7.0,partial overlap,Low,Demo Hall,Remote
CONF_1604,P030,Project Discussion,Tech Sharing,2025-11-13 16:45,2025-11-13 17:45,2025-11-13 17:30,2025-11-13 18:30,2025-11-13 17:30,2025-11-13 17:45,15.0,partial overlap,Low,Office Area 2,Product Showcase
CONF_1605,P030,Project Discussion,Design Review,2025-11-13 16:45,2025-11-13 17:45,2025-11-13 17:08,2025-11-13 17:59,2025-11-13 17:08,2025-11-13 17:45,37.0,partial overlap,Medium,Office Area 2,Cafe
CONF_1606,P030,Training,One-on-One,2025-11-11 14:15,2025-11-11 15:15,2025-11-11 14:30,2025-11-11 15:00,2025-11-11 14:30,2025-11-11 15:00,30.0,full overlap,Medium,R&D Center,Online Meeting
CONF_1607,P030,Team Building,Brainstorming,2025-11-12 16:30,2025-11-12 17:15,2025-11-12 16:30,2025-11-12 17:30,2025-11-12 16:30,2025-11-12 17:15,45.0,full overlap,Medium,Product Showcase,Conference Room B
CONF_1608,P030,Tech Sharing,Design Review,2025-11-13 17:30,2025-11-13 18:30,2025-11-13 17:08,2025-11-13 17:59,2025-11-13 17:30,2025-11-13 17:59,29.0,partial overlap,Low,Product Showcase,Cafe
CONF_1609,P030,Design Review,Training,2025-11-13 09:30,2025-11-13 10:00,2025-11-13 09:50,2025-11-13 10:40,2025-11-13 09:50,2025-11-13 10:00,10.0,partial overlap,Low,Cafe,Conference Room C
CONF_1610,P030,Design Review,Project Discussion,2025-11-13 09:30,2025-11-13 10:00,2025-11-13 09:39,2025-11-13 10:39,2025-11-13 09:39,2025-11-13 10:00,21.0,partial overlap,Low,Cafe,Office Area 2
CONF_1611,P031,Team Building,Code Review,2025-11-07 16:00,2025-11-07 17:00,2025-11-07 16:10,2025-11-07 16:52,2025-11-07 16:10,2025-11-07 16:52,42.0,full overlap,Medium,Office Area 1,Product Showcase
CONF_1612,P031,Code Review,Testing Acceptance,2025-11-10 08:30,2025-11-10 09:15,2025-11-10 08:15,2025-11-10 09:15,2025-11-10 08:30,2025-11-10 09:15,45.0,full overlap,Medium,Remote,Test Lab
CONF_1613,P031,Client Visit,Requirements Analysis,2025-11-10 14:15,2025-11-10 15:00,2025-11-10 13:45,2025-11-10 14:30,2025-11-10 14:15,2025-11-10 14:30,15.0,partial overlap,Low,Remote,Conference Room C
CONF_1614,P031,Tech Sharing,Client Visit,2025-11-07 10:45,2025-11-07 11:15,2025-11-07 11:09,2025-11-07 11:57,2025-11-07 11:09,2025-11-07 11:15,6.0,partial overlap,Low,R&D Center,Office Area 1
CONF_1615,P031,One-on-One,Brainstorming,2025-11-05 16:15,2025-11-05 17:00,2025-11-05 16:42,2025-11-05 17:00,2025-11-05 16:42,2025-11-05 17:00,18.0,full overlap,Low,Remote,Client Reception
CONF_1616,P031,Project Discussion,Requirements Analysis,2025-11-08 09:30,2025-11-08 10:30,2025-11-08 09:36,2025-11-08 09:59,2025-11-08 09:36,2025-11-08 09:59,23.0,full overlap,Low,Remote,Conference Room C
CONF_1617,P031,Code Review,Product Demo,2025-11-12 09:30,2025-11-12 10:00,2025-11-12 09:15,2025-11-12 09:45,2025-11-12 09:30,2025-11-12 09:45,15.0,partial overlap,Low,Conference Room A,Conference Room A
CONF_1618,P031,Deployment,Brainstorming,2025-11-16 15:00,2025-11-16 15:30,2025-11-16 15:00,2025-11-16 15:15,2025-11-16 15:00,2025-11-16 15:15,15.0,full overlap,Low,Conference Room B,Test Lab
CONF_1619,P031,Project Discussion,Product Demo,2025-11-10 10:45,2025-11-10 11:45,2025-11-10 11:13,2025-11-10 11:49,2025-11-10 11:13,2025-11-10 11:45,32.0,partial overlap,Medium,Cafe,Office Area 2
CONF_1620,P031,Brainstorming,Project Discussion,2025-11-15 18:00,2025-11-15 19:00,2025-11-15 18:14,2025-11-15 18:49,2025-11-15 18:14,2025-11-15 18:49,35.0,full overlap,Medium,Conference Room B,Conference Room A
CONF_1621,P032,Deployment,Tech Sharing,2025-11-11 12:30,2025-11-11 13:00,2025-11-11 12:59,2025-11-11 13:35,2025-11-11 12:59,2025-11-11 13:00,1.0,partial overlap,Low,Training Room,Office Area 1
CONF_1622,P032,Brainstorming,Testing Acceptance,2025-11-08 15:00,2025-11-08 16:00,2025-11-08 15:22,2025-11-08 16:16,2025-11-08 15:22,2025-11-08 16:00,38.0,partial overlap,Medium,Online Meeting,Demo Hall
CONF_1623,P032,Brainstorming,Tech Sharing,2025-11-10 18:15,2025-11-10 19:15,2025-11-10 18:32,2025-11-10 18:59,2025-11-10 18:32,2025-11-10 18:59,27.0,full overlap,Low,R&D Center,Test Lab
CONF_1624,P032,Testing Acceptance,Design Review,2025-11-10 10:30,2025-11-10 11:30,2025-11-10 10:15,2025-11-10 11:00,2025-11-10 10:30,2025-11-10 11:00,30.0,partial overlap,Medium,Test Lab,Conference Room B
CONF_1625,P032,Requirements Analysis,Design Review,2025-11-09 10:15,2025-11-09 11:00,2025-11-09 10:44,2025-11-09 11:22,2025-11-09 10:44,2025-11-09 11:00,16.0,partial overlap,Low,Conference Room C,Remote
CONF_1626,P032,Requirements Analysis,Testing Acceptance,2025-11-09 10:15,2025-11-09 11:00,2025-11-09 10:37,2025-11-09 10:57,2025-11-09 10:37,2025-11-09 10:57,20.0,full overlap,Low,Conference Room C,Office Area 2
CONF_1627,P032,Deployment,Operations Check,2025-11-12 08:30,2025-11-12 09:15,2025-11-12 08:30,2025-11-12 09:30,2025-11-12 08:30,2025-11-12 09:15,45.0,full overlap,Medium,Client Reception,Office Area 1
CONF_1628,P032,Team Building,Client Visit,2025-11-13 13:30,2025-11-13 14:00,2025-11-13 13:40,2025-11-13 14:23,2025-11-13 13:40,2025-11-13 14:00,20.0,partial overlap,Low,Conference Room B,Training Room
CONF_1629,P032,Brainstorming,One-on-One,2025-11-12 15:45,2025-11-12 16:15,2025-11-12 15:45,2025-11-12 16:45,2025-11-12 15:45,2025-11-12 16:15,30.0,full overlap,Medium,Client Reception,Conference Room C
CONF_1630,P032,Project Discussion,Project Discussion,2025-11-16 09:00,2025-11-16 09:45,2025-11-16 08:45,2025-11-16 09:45,2025-11-16 09:00,2025-11-16 09:45,45.0,full overlap,Medium,R&D Center,Conference Room B
CONF_1631,P032,Project Discussion,Brainstorming,2025-11-16 09:00,2025-11-16 09:45,2025-11-16 09:09,2025-11-16 10:04,2025-11-16 09:09,2025-11-16 09:45,36.0,partial overlap,Medium,R&D Center,Training Room
CONF_1632,P032,Project Discussion,Brainstorming,2025-11-16 08:45,2025-11-16 09:45,2025-11-16 09:09,2025-11-16 10:04,2025-11-16 09:09,2025-11-16 09:45,36.0,partial overlap,Medium,Conference Room B,Training Room
CONF_1633,P032,Requirements Analysis,Requirements Analysis,2025-11-14 15:45,2025-11-14 16:15,2025-11-14 15:57,2025-11-14 16:41,2025-11-14 15:57,2025-11-14 16:15,18.0,partial overlap,Low,Demo Hall,Conference Room B
CONF_1634,P033,Design Review,Deployment,2025-11-09 09:15,2025-11-09 10:00,2025-11-09 08:45,2025-11-09 09:45,2025-11-09 09:15,2025-11-09 09:45,30.0,partial overlap,Medium,Conference Room C,Office Area 1
CONF_1635,P033,Meeting,One-on-One,2025-11-09 12:45,2025-11-09 13:15,2025-11-09 12:45,2025-11-09 13:15,2025-11-09 12:45,2025-11-09 13:15,30.0,full overlap,Medium,Conference Room C,Cafe
CONF_1636,P033,Brainstorming,Code Review,2025-11-08 13:15,2025-11-08 14:00,2025-11-08 13:15,2025-11-08 14:00,2025-11-08 13:15,2025-11-08 14:00,45.0,full overlap,Medium,Office Area 1,Break Room
CONF_1637,P033,Brainstorming,Project Discussion,2025-11-08 13:15,2025-11-08 14:00,2025-11-08 13:15,2025-11-08 14:00,2025-11-08 13:15,2025-11-08 14:00,45.0,full overlap,Medium,Office Area 1,Office Area 1
CONF_1638,P033,Operations Check,Code Review,2025-11-12 17:15,2025-11-12 18:00,2025-11-12 17:45,2025-11-12 18:15,2025-11-12 17:45,2025-11-12 18:00,15.0,partial overlap,Low,Demo Hall,Test Lab
CONF_1639,P033,Code Review,Project Discussion,2025-11-08 13:15,2025-11-08 14:00,2025-11-08 13:15,2025-11-08 14:00,2025-11-08 13:15,2025-11-08 14:00,45.0,full overlap,Medium,Break Room,Office Area 1
CONF_1640,P033,Requirements Analysis,Brainstorming,2025-11-15 10:30,2025-11-15 11:00,2025-11-15 10:39,2025-11-15 11:27,2025-11-15 10:39,2025-11-15 11:00,21.0,partial overlap,Low,R&D Center,Client Reception
CONF_1641,P033,Client Visit,Training,2025-11-09 17:15,2025-11-09 18:00,2025-11-09 17:43,2025-11-09 18:38,2025-11-09 17:43,2025-11-09 18:00,17.0,partial overlap,Low,Cafe,Break Room
CONF_1642,P033,Brainstorming,Team Building,2025-11-16 10:45,2025-11-16 11:30,2025-11-16 11:15,2025-11-16 12:12,2025-11-16 11:15,2025-11-16 11:30,15.0,partial overlap,Low,Remote,Office Area 2
CONF_1643,P033,Brainstorming,Client Visit,2025-11-16 10:45,2025-11-16 11:30,2025-11-16 10:45,2025-11-16 11:00,2025-11-16 10:45,2025-11-16 11:00,15.0,full overlap,Low,Remote,Online Meeting
CONF_1644,P033,Deployment,Client Visit,2025-11-16 18:00,2025-11-16 19:00,2025-11-16 18:28,2025-11-16 18:43,2025-11-16 18:28,2025-11-16 18:43,15.0,full overlap,Low,Conference Room B,Client Reception
CONF_1645,P033,Deployment,Operations Check,2025-11-16 18:00,2025-11-16 19:00,2025-11-16 18:00,2025-11-16 18:15,2025-11-16 18:00,2025-11-16 18:15,15.0,full overlap,Low,Conference Room B,Conference Room C
CONF_1646,P033,Deployment,Client Visit,2025-11-16 18:00,2025-11-16 19:00,2025-11-16 18:19,2025-11-16 19:18,2025-11-16 18:19,2025-11-16 19:00,41.0,partial overlap,Medium,Conference Room B,Training Room
CONF_1647,P034,Deployment,Code Review,2025-11-10 12:30,2025-11-10 13:00,2025-11-10 12:15,2025-11-10 13:00,2025-11-10 12:30,2025-11-10 13:00,30.0,full overlap,Medium,Break Room,Client Reception
CONF_1648,P034,Code Review,Meeting,2025-11-08 11:15,2025-11-08 12:00,2025-11-08 10:30,2025-11-08 11:30,2025-11-08 11:15,2025-11-08 11:30,15.0,partial overlap,Low,Conference Room B,Product Showcase
CONF_1649,P034,Code Review,Product Demo,2025-11-08 11:15,2025-11-08 12:00,2025-11-08 10:52,2025-11-08 11:31,2025-11-08 11:15,2025-11-08 11:31,16.0,partial overlap,Low,Conference Room B,Cafe
CONF_1650,P034,Client Visit,Requirements Analysis,2025-11-10 10:00,2025-11-10 10:45,2025-11-10 10:06,2025-11-10 10:49,2025-11-10 10:06,2025-11-10 10:45,39.0,partial overlap,Medium,Remote,Training Room
CONF_1651,P034,Code Review,One-on-One,2025-11-08 08:30,2025-11-08 09:00,2025-11-08 08:39,2025-11-08 09:18,2025-11-08 08:39,2025-11-08 09:00,21.0,partial overlap,Low,R&D Center,Client Reception
CONF_1652,P034,Testing Acceptance,Deployment,2025-11-14 09:15,2025-11-14 10:00,2025-11-14 09:15,2025-11-14 09:45,2025-11-14 09:15,2025-11-14 09:45,30.0,full overlap,Medium,Conference Room C,Cafe
CONF_1653,P034,Meeting,Code Review,2025-11-08 10:30,2025-11-08 11:30,2025-11-08 10:35,2025-11-08 11:00,2025-11-08 10:35,2025-11-08 11:00,25.0,full overlap,Low,Product Showcase,Remote
CONF_1654,P034,Meeting,Product Demo,2025-11-08 10:30,2025-11-08 11:30,2025-11-08 10:52,2025-11-08 11:31,2025-11-08 10:52,2025-11-08 11:30,38.0,partial overlap,Medium,Product Showcase,Cafe
CONF_1655,P034,Project Discussion,Team Building,2025-11-15 11:15,2025-11-15 11:45,2025-11-15 11:37,2025-11-15 12:37,2025-11-15 11:37,2025-11-15 11:45,8.0,partial overlap,Low,Demo Hall,Cafe
CONF_1656,P034,Requirements Analysis,Client Visit,2025-11-12 12:00,2025-11-12 13:00,2025-11-12 12:30,2025-11-12 13:00,2025-11-12 12:30,2025-11-12 13:00,30.0,full overlap,Medium,R&D Center,Conference Room B
CONF_1657,P034,Testing Acceptance,Design Review,2025-11-17 14:00,2025-11-17 15:00,2025-11-17 14:13,2025-11-17 14:57,2025-11-17 14:13,2025-11-17 14:57,44.0,full overlap,Medium,Conference Room A,Break Room
CONF_1658,P034,Testing Acceptance,Training,2025-11-17 14:00,2025-11-17 15:00,2025-11-17 14:30,2025-11-17 15:00,2025-11-17 14:30,2025-11-17 15:00,30.0,full overlap,Medium,Conference Room A,Conference Room A
CONF_1659,P035,One-on-One,Meeting,2025-11-07 18:45,2025-11-07 19:30,2025-11-07 18:15,2025-11-07 19:15,2025-11-07 18:45,2025-11-07 19:15,30.0,partial overlap,Medium,Remote,Remote
CONF_1660,P035,Product Demo,Client Visit,2025-11-10 16:30,2025-11-10 17:00,2025-11-10 16:30,2025-11-10 17:30,2025-11-10 16:30,2025-11-10 17:00,30.0,full overlap,Medium,Demo Hall,Conference Room C
CONF_1661,P035,Product Demo,Product Demo,2025-11-11 11:00,2025-11-11 11:30,2025-11-11 11:20,2025-11-11 12:10,2025-11-11 11:20,2025-11-11 11:30,10.0,partial overlap,Low,Office Area 1,Break Room
CONF_1662,P035,Tech Sharing,Operations Check,2025-11-10 10:15,2025-11-10 11:00,2025-11-10 09:45,2025-11-10 10:30,2025-11-10 10:15,2025-11-10 10:30,15.0,partial overlap,Low,Office Area 1,Training Room
CONF_1663,P035,Tech Sharing,Project Discussion,2025-11-10 10:15,2025-11-10 11:00,2025-11-10 09:53,2025-11-10 10:39,2025-11-10 10:15,2025-11-10 10:39,24.0,partial overlap,Low,Office Area 1,Conference Room B
CONF_1664,P035,Meeting,Brainstorming,2025-11-13 18:00,2025-11-13 18:45,2025-11-13 17:30,2025-11-13 18:15,2025-11-13 18:00,2025-11-13 18:15,15.0,partial overlap,Low,Conference Room C,Demo Hall
CONF_1665,P035,Testing Acceptance,Requirements Analysis,2025-11-12 12:00,2025-11-12 13:00,2025-11-12 12:21,2025-11-12 13:07,2025-11-12 12:21,2025-11-12 13:00,39.0,partial overlap,Medium,Client Reception,Demo Hall
CONF_1666,P035,Testing Acceptance,Operations Check,2025-11-10 09:30,2025-11-10 10:15,2025-11-10 09:45,2025-11-10 10:30,2025-11-10 09:45,2025-11-10 10:15,30.0,partial overlap,Medium,Product Showcase,Training Room
CONF_1667,P035,Testing Acceptance,Code Review,2025-11-10 09:30,2025-11-10 10:15,2025-11-10 09:39,2025-11-10 10:08,2025-11-10 09:39,2025-11-10 10:08,29.0,full overlap,Low,Product Showcase,Cafe
CONF_1668,P035,Testing Acceptance,Project Discussion,2025-11-10 09:30,2025-11-10 10:15,2025-11-10 09:53,2025-11-10 10:39,2025-11-10 09:53,2025-11-10 10:15,22.0,partial overlap,Low,Product Showcase,Conference Room B
CONF_1669,P035,Operations Check,Code Review,2025-11-10 09:45,2025-11-10 10:30,2025-11-10 09:39,2025-11-10 10:08,2025-11-10 09:45,2025-11-10 10:08,23.0,partial overlap,Low,Training Room,Cafe
CONF_1670,P035,Operations Check,Project Discussion,2025-11-10 09:45,2025-11-10 10:30,2025-11-10 09:53,2025-11-10 10:39,2025-11-10 09:53,2025-11-10 10:30,37.0,partial overlap,Medium,Training Room,Conference Room B
CONF_1671,P035,Meeting,Product Demo,2025-11-11 11:30,2025-11-11 12:30,2025-11-11 11:20,2025-11-11 12:10,2025-11-11 11:30,2025-11-11 12:10,40.0,partial overlap,Medium,Break Room,Break Room
CONF_1672,P035,Testing Acceptance,Brainstorming,2025-11-17 16:00,2025-11-17 16:30,2025-11-17 16:15,2025-11-17 16:45,2025-11-17 16:15,2025-11-17 16:30,15.0,partial overlap,Low,Training Room,Conference Room C
CONF_1673,P036,Testing Acceptance,Project Discussion,2025-11-11 09:30,2025-11-11 10:15,2025-11-11 09:49,2025-11-11 10:39,2025-11-11 09:49,2025-11-11 10:15,26.0,partial overlap,Low,Remote,Online Meeting
CONF_1674,P036,Design Review,Client Visit,2025-11-12 10:15,2025-11-12 11:00,2025-11-12 10:00,2025-11-12 10:45,2025-11-12 10:15,2025-11-12 10:45,30.0,partial overlap,Medium,Conference Room A,Training Room
CONF_1675,P036,Testing Acceptance,Team Building,2025-11-10 13:15,2025-11-10 14:00,2025-11-10 13:45,2025-11-10 14:30,2025-11-10 13:45,2025-11-10 14:00,15.0,partial overlap,Low,Conference Room A,Product Showcase
CONF_1676,P036,Testing Acceptance,Product Demo,2025-11-10 13:15,2025-11-10 14:00,2025-11-10 13:00,2025-11-10 14:00,2025-11-10 13:15,2025-11-10 14:00,45.0,full overlap,Medium,Conference Room A,Product Showcase
CONF_1677,P036,Design Review,Training,2025-11-11 17:00,2025-11-11 17:30,2025-11-11 16:30,2025-11-11 17:15,2025-11-11 17:00,2025-11-11 17:15,15.0,partial overlap,Low,Product Showcase,Cafe
CONF_1678,P036,Team Building,Client Visit,2025-11-09 08:15,2025-11-09 09:00,2025-11-09 08:45,2025-11-09 09:45,2025-11-09 08:45,2025-11-09 09:00,15.0,partial overlap,Low,Training Room,Conference Room B
CONF_1679,P036,Team Building,Product Demo,2025-11-10 13:45,2025-11-10 14:30,2025-11-10 13:00,2025-11-10 14:00,2025-11-10 13:45,2025-11-10 14:00,15.0,partial overlap,Low,Product Showcase,Product Showcase
CONF_1680,P036,Brainstorming,Requirements Analysis,2025-11-11 10:30,2025-11-11 11:15,2025-11-11 10:15,2025-11-11 11:00,2025-11-11 10:30,2025-11-11 11:00,30.0,partial overlap,Medium,Office Area 1,Conference Room A
CONF_1681,P036,Brainstorming,Code Review,2025-11-11 10:30,2025-11-11 11:15,2025-11-11 10:32,2025-11-11 11:17,2025-11-11 10:32,2025-11-11 11:15,43.0,partial overlap,Medium,Office Area 1,Conference Room C
CONF_1682,P036,Brainstorming,Project Discussion,2025-11-11 10:30,2025-11-11 11:15,2025-11-11 09:49,2025-11-11 10:39,2025-11-11 10:30,2025-11-11 10:39,9.0,partial overlap,Low,Office Area 1,Online Meeting
CONF_1683,P036,Requirements Analysis,Code Review,2025-11-11 10:15,2025-11-11 11:00,2025-11-11 10:32,2025-11-11 11:17,2025-11-11 10:32,2025-11-11 11:00,28.0,partial overlap,Low,Conference Room A,Conference Room C
CONF_1684,P036,Requirements Analysis,Project Discussion,2025-11-11 10:15,2025-11-11 11:00,2025-11-11 09:49,2025-11-11 10:39,2025-11-11 10:15,2025-11-11 10:39,24.0,partial overlap,Low,Conference Room A,Online Meeting
CONF_1685,P036,Tech Sharing,Deployment,2025-11-17 17:30,2025-11-17 18:15,2025-11-17 18:00,2025-11-17 18:15,2025-11-17 18:00,2025-11-17 18:15,15.0,full overlap,Low,Break Room,Conference Room C
CONF_1686,P037,Code Review,Code Review,2025-11-10 13:30,2025-11-10 14:30,2025-11-10 14:15,2025-11-10 15:15,2025-11-10 14:15,2025-11-10 14:30,15.0,partial overlap,Low,Test Lab,Conference Room B
CONF_1687,P037,Code Review,Design Review,2025-11-10 14:15,2025-11-10 15:15,2025-11-10 14:33,2025-11-10 15:21,2025-11-10 14:33,2025-11-10 15:15,42.0,partial overlap,Medium,Conference Room B,Remote
CONF_1688,P037,Tech Sharing,One-on-One,2025-11-10 17:15,2025-11-10 18:15,2025-11-10 16:45,2025-11-10 17:45,2025-11-10 17:15,2025-11-10 17:45,30.0,partial overlap,Medium,Office Area 1,Test Lab
CONF_1689,P037,Brainstorming,Design Review,2025-11-11 10:30,2025-11-11 11:15,2025-11-11 10:39,2025-11-11 11:37,2025-11-11 10:39,2025-11-11 11:15,36.0,partial overlap,Medium,Break Room,Cafe
CONF_1690,P037,Client Visit,Client Visit,2025-11-09 09:30,2025-11-09 10:30,2025-11-09 09:00,2025-11-09 09:45,2025-11-09 09:30,2025-11-09 09:45,15.0,partial overlap,Low,Conference Room C,Conference Room B
CONF_1691,P037,Tech Sharing,Design Review,2025-11-11 11:15,2025-11-11 11:45,2025-11-11 10:39,2025-11-11 11:37,2025-11-11 11:15,2025-11-11 11:37,22.0,partial overlap,Low,Office Area 1,Cafe
CONF_1692,P037,Code Review,One-on-One,2025-11-14 14:00,2025-11-14 15:00,2025-11-14 14:15,2025-11-14 14:30,2025-11-14 14:15,2025-11-14 14:30,15.0,full overlap,Low,Office Area 1,Office Area 1
CONF_1693,P037,Meeting,Product Demo,2025-11-15 08:15,2025-11-15 08:45,2025-11-15 08:30,2025-11-15 09:00,2025-11-15 08:30,2025-11-15 08:45,15.0,partial overlap,Low,Demo Hall,Office Area 1
CONF_1694,P038,Requirements Analysis,Team Building,2025-11-08 14:45,2025-11-08 15:15,2025-11-08 14:30,2025-11-08 15:15,2025-11-08 14:45,2025-11-08 15:15,30.0,full overlap,Medium,Test Lab,Office Area 1
CONF_1695,P038,One-on-One,Product Demo,2025-11-16 17:30,2025-11-16 18:15,2025-11-16 18:00,2025-11-16 18:15,2025-11-16 18:00,2025-11-16 18:15,15.0,full overlap,Low,Cafe,Break Room
CONF_1696,P039,Project Discussion,Training,2025-11-07 18:00,2025-11-07 18:45,2025-11-07 18:24,2025-11-07 18:49,2025-11-07 18:24,2025-11-07 18:45,21.0,partial overlap,Low,Office Area 2,Test Lab
CONF_1697,P039,Code Review,Project Discussion,2025-11-08 10:00,2025-11-08 10:45,2025-11-08 10:05,2025-11-08 10:56,2025-11-08 10:05,2025-11-08 10:45,40.0,partial overlap,Medium,Conference Room B,Client Reception
CONF_1698,P039,Testing Acceptance,Requirements Analysis,2025-11-11 11:45,2025-11-11 12:15,2025-11-11 11:30,2025-11-11 12:30,2025-11-11 11:45,2025-11-11 12:15,30.0,full overlap,Medium,Office Area 1,Conference Room C
CONF_1699,P039,Code Review,Meeting,2025-11-13 13:15,2025-11-13 13:45,2025-11-13 13:15,2025-11-13 13:45,2025-11-13 13:15,2025-11-13 13:45,30.0,full overlap,Medium,Test Lab,Break Room
CONF_1700,P039,Code Review,Meeting,2025-11-13 13:15,2025-11-13 13:45,2025-11-13 13:26,2025-11-13 13:56,2025-11-13 13:26,2025-11-13 13:45,19.0,partial overlap,Low,Test Lab,R&D Center
CONF_1701,P039,Meeting,Meeting,2025-11-13 13:15,2025-11-13 13:45,2025-11-13 13:26,2025-11-13 13:56,2025-11-13 13:26,2025-11-13 13:45,19.0,partial overlap,Low,Break Room,R&D Center
CONF_1702,P039,Team Building,Operations Check,2025-11-15 13:45,2025-11-15 14:45,2025-11-15 13:57,2025-11-15 14:38,2025-11-15 13:57,2025-11-15 14:38,41.0,full overlap,Medium,Test Lab,Training Room
CONF_1703,P039,Code Review,Code Review,2025-11-14 14:45,2025-11-14 15:45,2025-11-14 15:00,2025-11-14 15:30,2025-11-14 15:00,2025-11-14 15:30,30.0,full overlap,Medium,Online Meeting,R&D Center
CONF_1704,P040,Requirements Analysis,Meeting,2025-11-10 16:30,2025-11-10 17:30,2025-11-10 16:45,2025-11-10 17:45,2025-11-10 16:45,2025-11-10 17:30,45.0,partial overlap,Medium,Training Room,Office Area 2
CONF_1705,P040,Code Review,Team Building,2025-11-10 14:45,2025-11-10 15:30,2025-11-10 14:30,2025-11-10 15:00,2025-11-10 14:45,2025-11-10 15:00,15.0,partial overlap,Low,Break Room,R&D Center
CONF_1706,P040,Operations Check,Meeting,2025-11-08 17:15,2025-11-08 17:45,2025-11-08 17:29,2025-11-08 17:46,2025-11-08 17:29,2025-11-08 17:45,16.0,partial overlap,Low,Break Room,Cafe
CONF_1707,P040,Design Review,Deployment,2025-11-10 18:15,2025-11-10 19:00,2025-11-10 18:15,2025-11-10 19:15,2025-11-10 18:15,2025-11-10 19:00,45.0,full overlap,Medium,Office Area 2,Demo Hall
CONF_1708,P040,Operations Check,Team Building,2025-11-09 16:15,2025-11-09 17:00,2025-11-09 16:34,2025-11-09 16:57,2025-11-09 16:34,2025-11-09 16:57,23.0,full overlap,Low,Demo Hall,Product Showcase
CONF_1709,P040,One-on-One,Training,2025-11-11 15:45,2025-11-11 16:30,2025-11-11 16:15,2025-11-11 17:15,2025-11-11 16:15,2025-11-11 16:30,15.0,partial overlap,Low,Client Reception,Client Reception
CONF_1710,P040,Client Visit,Project Discussion,2025-11-09 10:15,2025-11-09 10:45,2025-11-09 09:45,2025-11-09 10:30,2025-11-09 10:15,2025-11-09 10:30,15.0,partial overlap,Low,Demo Hall,Office Area 1
CONF_1711,P040,Client Visit,Team Building,2025-11-09 10:15,2025-11-09 10:45,2025-11-09 10:26,2025-11-09 11:13,2025-11-09 10:26,2025-11-09 10:45,19.0,partial overlap,Low,Demo Hall,Test Lab
CONF_1712,P040,Client Visit,Tech Sharing,2025-11-09 10:15,2025-11-09 10:45,2025-11-09 10:10,2025-11-09 10:38,2025-11-09 10:15,2025-11-09 10:38,23.0,partial overlap,Low,Demo Hall,R&D Center
CONF_1713,P040,Deployment,Operations Check,2025-11-15 10:00,2025-11-15 11:00,2025-11-15 09:45,2025-11-15 10:15,2025-11-15 10:00,2025-11-15 10:15,15.0,partial overlap,Low,Break Room,Test Lab
CONF_1714,P040,Deployment,Operations Check,2025-11-15 10:00,2025-11-15 11:00,2025-11-15 10:07,2025-11-15 10:31,2025-11-15 10:07,2025-11-15 10:31,24.0,full overlap,Low,Break Room,Test Lab
CONF_1715,P040,Deployment,Testing Acceptance,2025-11-15 08:30,2025-11-15 09:30,2025-11-15 08:41,2025-11-15 09:31,2025-11-15 08:41,2025-11-15 09:30,49.0,partial overlap,Medium,Remote,Demo Hall
CONF_1716,P040,Product Demo,Project Discussion,2025-11-15 08:00,2025-11-15 08:30,2025-11-15 08:00,2025-11-15 08:15,2025-11-15 08:00,2025-11-15 08:15,15.0,full overlap,Low,Office Area 2,Demo Hall
CONF_1717,P040,Project Discussion,Team Building,2025-11-09 09:45,2025-11-09 10:30,2025-11-09 10:26,2025-11-09 11:13,2025-11-09 10:26,2025-11-09 10:30,4.0,partial overlap,Low,Office Area 1,Test Lab
CONF_1718,P040,Project Discussion,Tech Sharing,2025-11-09 09:45,2025-11-09 10:30,2025-11-09 10:10,2025-11-09 10:38,2025-11-09 10:10,2025-11-09 10:30,20.0,partial overlap,Low,Office Area 1,R&D Center
CONF_1719,P040,Product Demo,Operations Check,2025-11-15 18:00,2025-11-15 19:00,2025-11-15 18:30,2025-11-15 19:26,2025-11-15 18:30,2025-11-15 19:00,30.0,partial overlap,Medium,R&D Center,R&D Center
CONF_1720,P041,Tech Sharing,Design Review,2025-11-11 09:00,2025-11-11 09:45,2025-11-11 09:00,2025-11-11 09:30,2025-11-11 09:00,2025-11-11 09:30,30.0,full overlap,Medium,R&D Center,Office Area 1
CONF_1721,P041,Requirements Analysis,Team Building,2025-11-09 15:15,2025-11-09 15:45,2025-11-09 14:45,2025-11-09 15:30,2025-11-09 15:15,2025-11-09 15:30,15.0,partial overlap,Low,Conference Room B,Conference Room C
CONF_1722,P041,Requirements Analysis,Deployment,2025-11-09 15:15,2025-11-09 15:45,2025-11-09 15:15,2025-11-09 15:45,2025-11-09 15:15,2025-11-09 15:45,30.0,full overlap,Medium,Conference Room B,Training Room
CONF_1723,P041,Requirements Analysis,Requirements Analysis,2025-11-09 15:15,2025-11-09 15:45,2025-11-09 15:11,2025-11-09 15:36,2025-11-09 15:15,2025-11-09 15:36,21.0,partial overlap,Low,Conference Room B,Online Meeting
CONF_1724,P041,Brainstorming,Brainstorming,2025-11-11 12:15,2025-11-11 12:45,2025-11-11 12:23,2025-11-11 13:02,2025-11-11 12:23,2025-11-11 12:45,22.0,partial overlap,Low,Office Area 2,Cafe
CONF_1725,P041,Brainstorming,Code Review,2025-11-11 12:15,2025-11-11 12:45,2025-11-11 12:26,2025-11-11 13:07,2025-11-11 12:26,2025-11-11 12:45,19.0,partial overlap,Low,Office Area 2,Training Room
CONF_1726,P041,Team Building,Deployment,2025-11-09 14:45,2025-11-09 15:30,2025-11-09 15:15,2025-11-09 15:45,2025-11-09 15:15,2025-11-09 15:30,15.0,partial overlap,Low,Conference Room C,Training Room
CONF_1727,P041,Team Building,Requirements Analysis,2025-11-09 14:45,2025-11-09 15:30,2025-11-09 15:11,2025-11-09 15:36,2025-11-09 15:11,2025-11-09 15:30,19.0,partial overlap,Low,Conference Room C,Online Meeting
CONF_1728,P041,Deployment,Requirements Analysis,2025-11-09 15:15,2025-11-09 15:45,2025-11-09 15:11,2025-11-09 15:36,2025-11-09 15:15,2025-11-09 15:36,21.0,partial overlap,Low,Training Room,Online Meeting
CONF_1729,P041,Operations Check,Code Review,2025-11-15 09:15,2025-11-15 10:15,2025-11-15 09:45,2025-11-15 10:30,2025-11-15 09:45,2025-11-15 10:15,30.0,partial overlap,Medium,Break Room,R&D Center
CONF_1730,P041,Team Building,One-on-One,2025-11-14 10:30,2025-11-14 11:15,2025-11-14 10:45,2025-11-14 11:30,2025-11-14 10:45,2025-11-14 11:15,30.0,partial overlap,Medium,Office Area 2,Product Showcase
CONF_1731,P041,One-on-One,Tech Sharing,2025-11-14 18:45,2025-11-14 19:15,2025-11-14 19:10,2025-11-14 20:03,2025-11-14 19:10,2025-11-14 19:15,5.0,partial overlap,Low,Cafe,Demo Hall
CONF_1732,P042,Deployment,Design Review,2025-11-07 11:15,2025-11-07 12:00,2025-11-07 11:45,2025-11-07 12:30,2025-11-07 11:45,2025-11-07 12:00,15.0,partial overlap,Low,Training Room,Conference Room A
CONF_1733,P042,Team Building,Brainstorming,2025-11-11 18:30,2025-11-11 19:30,2025-11-11 18:00,2025-11-11 18:45,2025-11-11 18:30,2025-11-11 18:45,15.0,partial overlap,Low,Client Reception,Product Showcase
CONF_1734,P042,Training,Code Review,2025-11-06 15:30,2025-11-06 16:00,2025-11-06 15:00,2025-11-06 16:00,2025-11-06 15:30,2025-11-06 16:00,30.0,full overlap,Medium,Online Meeting,Conference Room B
CONF_1735,P042,Client Visit,Requirements Analysis,2025-11-10 16:30,2025-11-10 17:00,2025-11-10 16:00,2025-11-10 16:45,2025-11-10 16:30,2025-11-10 16:45,15.0,partial overlap,Low,Office Area 1,Conference Room C
CONF_1736,P042,Design Review,Brainstorming,2025-11-07 11:45,2025-11-07 12:30,2025-11-07 12:03,2025-11-07 12:45,2025-11-07 12:03,2025-11-07 12:30,27.0,partial overlap,Low,Conference Room A,R&D Center
CONF_1737,P042,Design Review,Team Building,2025-11-08 15:45,2025-11-08 16:15,2025-11-08 15:30,2025-11-08 16:15,2025-11-08 15:45,2025-11-08 16:15,30.0,full overlap,Medium,Demo Hall,Conference Room C
CONF_1738,P042,Design Review,Design Review,2025-11-08 15:45,2025-11-08 16:15,2025-11-08 16:14,2025-11-08 17:12,2025-11-08 16:14,2025-11-08 16:15,1.0,partial overlap,Low,Demo Hall,Break Room
CONF_1739,P042,Client Visit,Operations Check,2025-11-11 09:00,2025-11-11 09:30,2025-11-11 09:15,2025-11-11 09:45,2025-11-11 09:15,2025-11-11 09:30,15.0,partial overlap,Low,Break Room,Office Area 1
CONF_1740,P042,Client Visit,Product Demo,2025-11-11 09:00,2025-11-11 09:30,2025-11-11 09:24,2025-11-11 10:17,2025-11-11 09:24,2025-11-11 09:30,6.0,partial overlap,Low,Break Room,Office Area 2
CONF_1741,P042,Team Building,Design Review,2025-11-08 15:30,2025-11-08 16:15,2025-11-08 16:14,2025-11-08 17:12,2025-11-08 16:14,2025-11-08 16:15,1.0,partial overlap,Low,Conference Room C,Break Room
CONF_1742,P042,Client Visit,Operations Check,2025-11-11 09:30,2025-11-11 10:00,2025-11-11 09:15,2025-11-11 09:45,2025-11-11 09:30,2025-11-11 09:45,15.0,partial overlap,Low,Break Room,Office Area 1
CONF_1743,P042,Client Visit,Product Demo,2025-11-11 09:30,2025-11-11 10:00,2025-11-11 09:24,2025-11-11 10:17,2025-11-11 09:30,2025-11-11 10:00,30.0,full overlap,Medium,Break Room,Office Area 2
CONF_1744,P042,Client Visit,Code Review,2025-11-11 09:30,2025-11-11 10:00,2025-11-11 09:45,2025-11-11 10:27,2025-11-11 09:45,2025-11-11 10:00,15.0,partial overlap,Low,Break Room,Cafe
CONF_1745,P042,One-on-One,Design Review,2025-11-08 17:00,2025-11-08 17:30,2025-11-08 16:14,2025-11-08 17:12,2025-11-08 17:00,2025-11-08 17:12,12.0,partial overlap,Low,Online Meeting,Break Room
CONF_1746,P042,Tech Sharing,Meeting,2025-11-15 13:15,2025-11-15 14:15,2025-11-15 13:00,2025-11-15 13:45,2025-11-15 13:15,2025-11-15 13:45,30.0,partial overlap,Medium,Training Room,Conference Room A
CONF_1747,P042,Operations Check,Product Demo,2025-11-11 09:15,2025-11-11 09:45,2025-11-11 09:24,2025-11-11 10:17,2025-11-11 09:24,2025-11-11 09:45,21.0,partial overlap,Low,Office Area 1,Office Area 2
CONF_1748,P043,Team Building,Client Visit,2025-11-07 15:45,2025-11-07 16:15,2025-11-07 15:15,2025-11-07 16:15,2025-11-07 15:45,2025-11-07 16:15,30.0,full overlap,Medium,Test Lab,Conference Room A
CONF_1749,P043,One-on-One,Testing Acceptance,2025-11-08 11:45,2025-11-08 12:30,2025-11-08 11:15,2025-11-08 12:15,2025-11-08 11:45,2025-11-08 12:15,30.0,partial overlap,Medium,Office Area 1,Test Lab
CONF_1750,P043,Training,Brainstorming,2025-11-10 15:00,2025-11-10 15:45,2025-11-10 14:39,2025-11-10 15:14,2025-11-10 15:00,2025-11-10 15:14,14.0,partial overlap,Low,Office Area 1,Conference Room B
CONF_1751,P043,Training,Code Review,2025-11-10 15:00,2025-11-10 15:45,2025-11-10 14:37,2025-11-10 15:23,2025-11-10 15:00,2025-11-10 15:23,23.0,partial overlap,Low,Office Area 1,Conference Room A
CONF_1752,P043,Brainstorming,Tech Sharing,2025-11-12 09:00,2025-11-12 09:45,2025-11-12 09:00,2025-11-12 10:00,2025-11-12 09:00,2025-11-12 09:45,45.0,full overlap,Medium,Office Area 2,Remote
CONF_1753,P043,Brainstorming,Design Review,2025-11-12 09:00,2025-11-12 09:45,2025-11-12 09:12,2025-11-12 09:56,2025-11-12 09:12,2025-11-12 09:45,33.0,partial overlap,Medium,Office Area 2,Office Area 1
CONF_1754,P043,Testing Acceptance,Deployment,2025-11-09 08:45,2025-11-09 09:45,2025-11-09 08:54,2025-11-09 09:43,2025-11-09 08:54,2025-11-09 09:43,49.0,full overlap,Medium,Demo Hall,Client Reception
CONF_1755,P043,Meeting,Brainstorming,2025-11-16 13:00,2025-11-16 13:30,2025-11-16 13:00,2025-11-16 13:45,2025-11-16 13:00,2025-11-16 13:30,30.0,full overlap,Medium,Remote,Conference Room B
CONF_1756,P043,Deployment,Brainstorming,2025-11-10 14:15,2025-11-10 14:45,2025-11-10 14:39,2025-11-10 15:14,2025-11-10 14:39,2025-11-10 14:45,6.0,partial overlap,Low,Conference Room C,Conference Room B
CONF_1757,P043,Deployment,Code Review,2025-11-10 14:15,2025-11-10 14:45,2025-11-10 14:37,2025-11-10 15:23,2025-11-10 14:37,2025-11-10 14:45,8.0,partial overlap,Low,Conference Room C,Conference Room A
CONF_1758,P043,Tech Sharing,Design Review,2025-11-12 09:00,2025-11-12 10:00,2025-11-12 09:12,2025-11-12 09:56,2025-11-12 09:12,2025-11-12 09:56,44.0,full overlap,Medium,Remote,Office Area 1
CONF_1759,P043,Design Review,Client Visit,2025-11-14 14:15,2025-11-14 14:45,2025-11-14 14:30,2025-11-14 15:00,2025-11-14 14:30,2025-11-14 14:45,15.0,partial overlap,Low,Demo Hall,Product Showcase
CONF_1760,P043,Design Review,Testing Acceptance,2025-11-14 14:15,2025-11-14 14:45,2025-11-14 14:30,2025-11-14 15:00,2025-11-14 14:30,2025-11-14 14:45,15.0,partial overlap,Low,Demo Hall,Remote
CONF_1761,P043,Design Review,Brainstorming,2025-11-14 14:15,2025-11-14 14:45,2025-11-14 14:37,2025-11-14 15:13,2025-11-14 14:37,2025-11-14 14:45,8.0,partial overlap,Low,Demo Hall,Office Area 1
CONF_1762,P044,Product Demo,Design Review,2025-11-11 12:15,2025-11-11 13:00,2025-11-11 12:15,2025-11-11 13:00,2025-11-11 12:15,2025-11-11 13:00,45.0,full overlap,Medium,Demo Hall,Test Lab
CONF_1763,P044,Deployment,Team Building,2025-11-08 14:30,2025-11-08 15:15,2025-11-08 14:58,2025-11-08 15:46,2025-11-08 14:58,2025-11-08 15:15,17.0,partial overlap,Low,Conference Room B,Break Room
CONF_1764,P044,Requirements Analysis,Testing Acceptance,2025-11-05 16:30,2025-11-05 17:15,2025-11-05 16:54,2025-11-05 17:43,2025-11-05 16:54,2025-11-05 17:15,21.0,partial overlap,Low,Office Area 2,Cafe
CONF_1765,P044,Requirements Analysis,Requirements Analysis,2025-11-05 16:30,2025-11-05 17:15,2025-11-05 16:47,2025-11-05 17:20,2025-11-05 16:47,2025-11-05 17:15,28.0,partial overlap,Low,Office Area 2,Office Area 1
CONF_1766,P044,Project Discussion,Client Visit,2025-11-07 15:00,2025-11-07 15:45,2025-11-07 15:00,2025-11-07 15:30,2025-11-07 15:00,2025-11-07 15:30,30.0,full overlap,Medium,Break Room,Test Lab
CONF_1767,P044,Tech Sharing,Project Discussion,2025-11-12 09:00,2025-11-12 10:00,2025-11-12 09:00,2025-11-12 10:00,2025-11-12 09:00,2025-11-12 10:00,60.0,full overlap,High,Break Room,Training Room
CONF_1768,P044,Code Review,Requirements Analysis,2025-11-14 18:00,2025-11-14 19:00,2025-11-14 17:30,2025-11-14 18:30,2025-11-14 18:00,2025-11-14 18:30,30.0,partial overlap,Medium,Test Lab,Demo Hall
CONF_1769,P044,Code Review,Code Review,2025-11-16 08:45,2025-11-16 09:30,2025-11-16 08:30,2025-11-16 09:00,2025-11-16 08:45,2025-11-16 09:00,15.0,partial overlap,Low,Client Reception,Demo Hall
CONF_1770,P044,Code Review,Meeting,2025-11-16 08:45,2025-11-16 09:30,2025-11-16 09:00,2025-11-16 09:30,2025-11-16 09:00,2025-11-16 09:30,30.0,full overlap,Medium,Client Reception,Online Meeting
CONF_1771,P045,Tech Sharing,Project Discussion,2025-11-08 16:00,2025-11-08 17:00,2025-11-08 16:10,2025-11-08 16:52,2025-11-08 16:10,2025-11-08 16:52,42.0,full overlap,Medium,Client Reception,R&D Center
CONF_1772,P045,Tech Sharing,Team Building,2025-11-08 16:00,2025-11-08 17:00,2025-11-08 16:28,2025-11-08 17:00,2025-11-08 16:28,2025-11-08 17:00,32.0,full overlap,Medium,Client Reception,Break Room
CONF_1773,P045,Brainstorming,Operations Check,2025-11-10 10:15,2025-11-10 11:00,2025-11-10 10:00,2025-11-10 11:00,2025-11-10 10:15,2025-11-10 11:00,45.0,full overlap,Medium,Client Reception,Online Meeting
CONF_1774,P045,Brainstorming,Tech Sharing,2025-11-10 10:15,2025-11-10 11:00,2025-11-10 10:42,2025-11-10 11:33,2025-11-10 10:42,2025-11-10 11:00,18.0,partial overlap,Low,Client Reception,Product Showcase
CONF_1775,P045,Brainstorming,Code Review,2025-11-10 10:15,2025-11-10 11:00,2025-11-10 09:40,2025-11-10 10:22,2025-11-10 10:15,2025-11-10 10:22,7.0,partial overlap,Low,Client Reception,Product Showcase
CONF_1776,P045,Testing Acceptance,Team Building,2025-11-14 14:45,2025-11-14 15:45,2025-11-14 15:12,2025-11-14 15:58,2025-11-14 15:12,2025-11-14 15:45,33.0,partial overlap,Medium,Conference Room C,Training Room
CONF_1777,P045,Design Review,Client Visit,2025-11-10 17:00,2025-11-10 17:45,2025-11-10 17:15,2025-11-10 17:45,2025-11-10 17:15,2025-11-10 17:45,30.0,full overlap,Medium,Office Area 2,Online Meeting
CONF_1778,P045,Design Review,Operations Check,2025-11-10 17:00,2025-11-10 17:45,2025-11-10 17:06,2025-11-10 17:22,2025-11-10 17:06,2025-11-10 17:22,16.0,full overlap,Low,Office Area 2,Remote
CONF_1779,P045,Training,Requirements Analysis,2025-11-13 09:45,2025-11-13 10:30,2025-11-13 10:00,2025-11-13 11:00,2025-11-13 10:00,2025-11-13 10:30,30.0,partial overlap,Medium,Office Area 1,Break Room
CONF_1780,P045,Training,Design Review,2025-11-13 09:45,2025-11-13 10:30,2025-11-13 09:30,2025-11-13 10:15,2025-11-13 09:45,2025-11-13 10:15,30.0,partial overlap,Medium,Office Area 1,Demo Hall
CONF_1781,P045,Requirements Analysis,Design Review,2025-11-13 10:00,2025-11-13 11:00,2025-11-13 09:30,2025-11-13 10:15,2025-11-13 10:00,2025-11-13 10:15,15.0,partial overlap,Low,Break Room,Demo Hall
CONF_1782,P045,Product Demo,Code Review,2025-11-10 09:30,2025-11-10 10:00,2025-11-10 09:40,2025-11-10 10:22,2025-11-10 09:40,2025-11-10 10:00,20.0,partial overlap,Low,Product Showcase,Product Showcase
CONF_1783,P045,Client Visit,Operations Check,2025-11-10 17:15,2025-11-10 17:45,2025-11-10 17:06,2025-11-10 17:22,2025-11-10 17:15,2025-11-10 17:22,7.0,partial overlap,Low,Online Meeting,Remote
CONF_1784,P045,Operations Check,Tech Sharing,2025-11-10 10:00,2025-11-10 11:00,2025-11-10 10:42,2025-11-10 11:33,2025-11-10 10:42,2025-11-10 11:00,18.0,partial overlap,Low,Online Meeting,Product Showcase
CONF_1785,P045,Operations Check,Code Review,2025-11-10 10:00,2025-11-10 11:00,2025-11-10 09:40,2025-11-10 10:22,2025-11-10 10:00,2025-11-10 10:22,22.0,partial overlap,Low,Online Meeting,Product Showcase
CONF_1786,P046,Requirements Analysis,Client Visit,2025-11-11 15:00,2025-11-11 15:45,2025-11-11 15:15,2025-11-11 16:00,2025-11-11 15:15,2025-11-11 15:45,30.0,partial overlap,Medium,Office Area 1,Office Area 2
CONF_1787,P046,Requirements Analysis,Operations Check,2025-11-11 15:00,2025-11-11 15:45,2025-11-11 15:13,2025-11-11 15:43,2025-11-11 15:13,2025-11-11 15:43,30.0,full overlap,Medium,Office Area 1,Remote
CONF_1788,P046,Operations Check,Testing Acceptance,2025-11-09 12:15,2025-11-09 13:00,2025-11-09 12:28,2025-11-09 13:03,2025-11-09 12:28,2025-11-09 13:00,32.0,partial overlap,Medium,Client Reception,Client Reception
CONF_1789,P046,Training,One-on-One,2025-11-10 11:30,2025-11-10 12:15,2025-11-10 11:49,2025-11-10 12:06,2025-11-10 11:49,2025-11-10 12:06,17.0,full overlap,Low,Remote,Office Area 2
CONF_1790,P046,Meeting,Deployment,2025-11-11 08:45,2025-11-11 09:15,2025-11-11 08:30,2025-11-11 09:15,2025-11-11 08:45,2025-11-11 09:15,30.0,full overlap,Medium,Remote,Training Room
CONF_1791,P046,Project Discussion,Tech Sharing,2025-11-08 08:15,2025-11-08 08:45,2025-11-08 08:30,2025-11-08 09:15,2025-11-08 08:30,2025-11-08 08:45,15.0,partial overlap,Low,R&D Center,Office Area 2
CONF_1792,P046,Client Visit,Operations Check,2025-11-11 15:15,2025-11-11 16:00,2025-11-11 15:13,2025-11-11 15:43,2025-11-11 15:15,2025-11-11 15:43,28.0,partial overlap,Low,Office Area 2,Remote
CONF_1793,P046,Meeting,Deployment,2025-11-14 14:30,2025-11-14 15:15,2025-11-14 14:38,2025-11-14 15:04,2025-11-14 14:38,2025-11-14 15:04,26.0,full overlap,Low,Conference Room A,Break Room
CONF_1794,P046,Meeting,Code Review,2025-11-14 14:30,2025-11-14 15:15,2025-11-14 14:49,2025-11-14 15:12,2025-11-14 14:49,2025-11-14 15:12,23.0,full overlap,Low,Conference Room A,Office Area 1
CONF_1795,P046,Product Demo,Code Review,2025-11-12 11:30,2025-11-12 12:15,2025-11-12 11:47,2025-11-12 12:19,2025-11-12 11:47,2025-11-12 12:15,28.0,partial overlap,Low,Conference Room C,Conference Room B
CONF_1796,P046,Team Building,Requirements Analysis,2025-11-14 08:30,2025-11-14 09:15,2025-11-14 08:38,2025-11-14 09:28,2025-11-14 08:38,2025-11-14 09:15,37.0,partial overlap,Medium,Conference Room C,Conference Room C
CONF_1797,P046,Team Building,One-on-One,2025-11-14 08:30,2025-11-14 09:15,2025-11-14 08:41,2025-11-14 09:23,2025-11-14 08:41,2025-11-14 09:15,34.0,partial overlap,Medium,Conference Room C,R&D Center
CONF_1798,P046,Meeting,Code Review,2025-11-16 14:30,2025-11-16 15:30,2025-11-16 14:55,2025-11-16 15:39,2025-11-16 14:55,2025-11-16 15:30,35.0,partial overlap,Medium,Client Reception,Training Room
CONF_1799,P046,Meeting,Project Discussion,2025-11-16 14:30,2025-11-16 15:30,2025-11-16 14:45,2025-11-16 15:30,2025-11-16 14:45,2025-11-16 15:30,45.0,full overlap,Medium,Client Reception,Office Area 1
CONF_1800,P046,Meeting,Requirements Analysis,2025-11-16 14:30,2025-11-16 15:30,2025-11-16 15:11,2025-11-16 15:35,2025-11-16 15:11,2025-11-16 15:30,19.0,partial overlap,Low,Client Reception,Break Room
CONF_1801,P047,Project Discussion,Client Visit,2025-11-11 10:30,2025-11-11 11:15,2025-11-11 10:30,2025-11-11 11:30,2025-11-11 10:30,2025-11-11 11:15,45.0,full overlap,Medium,Cafe,Conference Room C
CONF_1802,P047,Deployment,Deployment,2025-11-06 10:45,2025-11-06 11:15,2025-11-06 11:08,2025-11-06 12:07,2025-11-06 11:08,2025-11-06 11:15,7.0,partial overlap,Low,Cafe,Remote
CONF_1803,P047,Requirements Analysis,Training,2025-11-09 11:00,2025-11-09 11:45,2025-11-09 11:05,2025-11-09 11:30,2025-11-09 11:05,2025-11-09 11:30,25.0,full overlap,Low,Online Meeting,Client Reception
CONF_1804,P047,Requirements Analysis,Client Visit,2025-11-09 11:00,2025-11-09 11:45,2025-11-09 11:17,2025-11-09 12:15,2025-11-09 11:17,2025-11-09 11:45,28.0,partial overlap,Low,Online Meeting,Client Reception
CONF_1805,P047,Training,Project Discussion,2025-11-11 08:15,2025-11-11 09:15,2025-11-11 08:30,2025-11-11 09:15,2025-11-11 08:30,2025-11-11 09:15,45.0,full overlap,Medium,Cafe,Training Room
CONF_1806,P047,Deployment,Brainstorming,2025-11-14 08:45,2025-11-14 09:45,2025-11-14 08:45,2025-11-14 09:15,2025-11-14 08:45,2025-11-14 09:15,30.0,full overlap,Medium,Office Area 2,Conference Room C
CONF_1807,P047,Deployment,Testing Acceptance,2025-11-14 08:45,2025-11-14 09:45,2025-11-14 08:57,2025-11-14 09:14,2025-11-14 08:57,2025-11-14 09:14,17.0,full overlap,Low,Office Area 2,Remote
CONF_1808,P047,Meeting,Requirements Analysis,2025-11-13 12:00,2025-11-13 12:45,2025-11-13 12:23,2025-11-13 12:45,2025-11-13 12:23,2025-11-13 12:45,22.0,full overlap,Low,Cafe,Test Lab
CONF_1809,P047,Meeting,Client Visit,2025-11-13 12:00,2025-11-13 12:45,2025-11-13 12:30,2025-11-13 12:45,2025-11-13 12:30,2025-11-13 12:45,15.0,full overlap,Low,Cafe,R&D Center
CONF_1810,P047,Brainstorming,One-on-One,2025-11-16 14:30,2025-11-16 15:30,2025-11-16 15:00,2025-11-16 15:30,2025-11-16 15:00,2025-11-16 15:30,30.0,full overlap,Medium,Product Showcase,Office Area 1
CONF_1811,P047,Brainstorming,Operations Check,2025-11-16 14:30,2025-11-16 15:30,2025-11-16 14:15,2025-11-16 14:45,2025-11-16 14:30,2025-11-16 14:45,15.0,partial overlap,Low,Product Showcase,Break Room
CONF_1812,P047,Tech Sharing,Testing Acceptance,2025-11-14 11:30,2025-11-14 12:30,2025-11-14 11:59,2025-11-14 12:14,2025-11-14 11:59,2025-11-14 12:14,15.0,full overlap,Low,Test Lab,Office Area 1
CONF_1813,P047,Tech Sharing,Training,2025-11-14 17:45,2025-11-14 18:45,2025-11-14 17:30,2025-11-14 18:00,2025-11-14 17:45,2025-11-14 18:00,15.0,partial overlap,Low,Conference Room C,Product Showcase
CONF_1814,P047,Tech Sharing,Tech Sharing,2025-11-14 17:45,2025-11-14 18:45,2025-11-14 18:30,2025-11-14 19:00,2025-11-14 18:30,2025-11-14 18:45,15.0,partial overlap,Low,Conference Room C,Break Room
CONF_1815,P047,Meeting,Project Discussion,2025-11-16 13:15,2025-11-16 14:15,2025-11-16 13:00,2025-11-16 13:45,2025-11-16 13:15,2025-11-16 13:45,30.0,partial overlap,Medium,Conference Room B,Office Area 1
CONF_1816,P047,Operations Check,Design Review,2025-11-17 17:15,2025-11-17 18:15,2025-11-17 17:45,2025-11-17 18:30,2025-11-17 17:45,2025-11-17 18:15,30.0,partial overlap,Medium,Remote,R&D Center
CONF_1817,P048,Brainstorming,Product Demo,2025-11-10 14:00,2025-11-10 15:00,2025-11-10 14:12,2025-11-10 14:57,2025-11-10 14:12,2025-11-10 14:57,45.0,full overlap,Medium,Training Room,Client Reception
CONF_1818,P048,Testing Acceptance,Code Review,2025-11-08 11:15,2025-11-08 12:00,2025-11-08 11:45,2025-11-08 12:45,2025-11-08 11:45,2025-11-08 12:00,15.0,partial overlap,Low,Break Room,Office Area 1
CONF_1819,P048,Client Visit,Product Demo,2025-11-08 18:30,2025-11-08 19:00,2025-11-08 18:48,2025-11-08 19:24,2025-11-08 18:48,2025-11-08 19:00,12.0,partial overlap,Low,Conference Room C,Demo Hall
CONF_1820,P048,Meeting,Code Review,2025-11-14 17:00,2025-11-14 17:30,2025-11-14 16:45,2025-11-14 17:15,2025-11-14 17:00,2025-11-14 17:15,15.0,partial overlap,Low,Online Meeting,Conference Room A
CONF_1821,P048,Brainstorming,Client Visit,2025-11-13 12:45,2025-11-13 13:15,2025-11-13 13:01,2025-11-13 13:40,2025-11-13 13:01,2025-11-13 13:15,14.0,partial overlap,Low,Demo Hall,Product Showcase
CONF_1822,P048,Design Review,Testing Acceptance,2025-11-11 14:15,2025-11-11 14:45,2025-11-11 14:00,2025-11-11 14:30,2025-11-11 14:15,2025-11-11 14:30,15.0,partial overlap,Low,Remote,Conference Room A
CONF_1823,P048,One-on-One,Client Visit,2025-11-10 16:15,2025-11-10 17:15,2025-11-10 16:15,2025-11-10 17:15,2025-11-10 16:15,2025-11-10 17:15,60.0,full overlap,High,Conference Room A,Online Meeting
CONF_1824,P048,One-on-One,Team Building,2025-11-10 16:15,2025-11-10 17:15,2025-11-10 16:28,2025-11-10 17:12,2025-11-10 16:28,2025-11-10 17:12,44.0,full overlap,Medium,Conference Room A,Demo Hall
CONF_1825,P048,Client Visit,Team Building,2025-11-10 16:15,2025-11-10 17:15,2025-11-10 16:28,2025-11-10 17:12,2025-11-10 16:28,2025-11-10 17:12,44.0,full overlap,Medium,Online Meeting,Demo Hall
CONF_1826,P049,Product Demo,Meeting,2025-11-09 09:00,2025-11-09 10:00,2025-11-09 09:45,2025-11-09 10:30,2025-11-09 09:45,2025-11-09 10:00,15.0,partial overlap,Low,Conference Room C,Conference Room A
CONF_1827,P049,Testing Acceptance,Product Demo,2025-11-11 11:30,2025-11-11 12:00,2025-11-11 11:45,2025-11-11 12:45,2025-11-11 11:45,2025-11-11 12:00,15.0,partial overlap,Low,Remote,Office Area 1
CONF_1828,P049,Team Building,Product Demo,2025-11-08 14:15,2025-11-08 15:15,2025-11-08 14:20,2025-11-08 15:18,2025-11-08 14:20,2025-11-08 15:15,55.0,partial overlap,Medium,Conference Room B,Office Area 1
CONF_1829,P049,Team Building,Client Visit,2025-11-08 14:15,2025-11-08 15:15,2025-11-08 14:32,2025-11-08 15:25,2025-11-08 14:32,2025-11-08 15:15,43.0,partial overlap,Medium,Conference Room B,Conference Room B
CONF_1830,P049,Requirements Analysis,Testing Acceptance,2025-11-07 09:15,2025-11-07 10:00,2025-11-07 09:30,2025-11-07 10:30,2025-11-07 09:30,2025-11-07 10:00,30.0,partial overlap,Medium,Product Showcase,Conference Room B
CONF_1831,P049,Client Visit,Design Review,2025-11-08 12:00,2025-11-08 12:45,2025-11-08 12:30,2025-11-08 13:15,2025-11-08 12:30,2025-11-08 12:45,15.0,partial overlap,Low,Demo Hall,Conference Room A
CONF_1832,P049,Project Discussion,Training,2025-11-06 16:45,2025-11-06 17:45,2025-11-06 16:30,2025-11-06 17:00,2025-11-06 16:45,2025-11-06 17:00,15.0,partial overlap,Low,Product Showcase,Office Area 1
CONF_1833,P049,Meeting,Project Discussion,2025-11-13 15:30,2025-11-13 16:00,2025-11-13 15:30,2025-11-13 16:15,2025-11-13 15:30,2025-11-13 16:00,30.0,full overlap,Medium,Office Area 2,Break Room
CONF_1834,P049,Meeting,Client Visit,2025-11-13 15:30,2025-11-13 16:00,2025-11-13 15:15,2025-11-13 16:00,2025-11-13 15:30,2025-11-13 16:00,30.0,full overlap,Medium,Office Area 2,Conference Room A
CONF_1835,P049,Meeting,Training,2025-11-13 15:30,2025-11-13 16:00,2025-11-13 15:45,2025-11-13 16:15,2025-11-13 15:45,2025-11-13 16:00,15.0,partial overlap,Low,Office Area 2,Office Area 1
CONF_1836,P049,Product Demo,Project Discussion,2025-11-11 11:45,2025-11-11 12:45,2025-11-11 12:05,2025-11-11 12:31,2025-11-11 12:05,2025-11-11 12:31,26.0,full overlap,Low,Office Area 1,Conference Room C
CONF_1837,P049,One-on-One,Product Demo,2025-11-13 11:30,2025-11-13 12:30,2025-11-13 11:53,2025-11-13 12:17,2025-11-13 11:53,2025-11-13 12:17,24.0,full overlap,Low,Conference Room B,Demo Hall
CONF_1838,P049,Design Review,Code Review,2025-11-16 12:15,2025-11-16 12:45,2025-11-16 12:30,2025-11-16 13:00,2025-11-16 12:30,2025-11-16 12:45,15.0,partial overlap,Low,Conference Room B,Online Meeting
CONF_1839,P049,Project Discussion,Client Visit,2025-11-13 15:30,2025-11-13 16:15,2025-11-13 15:15,2025-11-13 16:00,2025-11-13 15:30,2025-11-13 16:00,30.0,partial overlap,Medium,Break Room,Conference Room A
CONF_1840,P049,Project Discussion,Training,2025-11-13 15:30,2025-11-13 16:15,2025-11-13 15:45,2025-11-13 16:15,2025-11-13 15:45,2025-11-13 16:15,30.0,full overlap,Medium,Break Room,Office Area 1
CONF_1841,P050,Project Discussion,Team Building,2025-11-06 11:45,2025-11-06 12:15,2025-11-06 11:15,2025-11-06 12:00,2025-11-06 11:45,2025-11-06 12:00,15.0,partial overlap,Low,R&D Center,Product Showcase
CONF_1842,P050,Deployment,Operations Check,2025-11-09 09:45,2025-11-09 10:30,2025-11-09 09:45,2025-11-09 10:30,2025-11-09 09:45,2025-11-09 10:30,45.0,full overlap,Medium,Demo Hall,Conference Room C
CONF_1843,P050,Code Review,Operations Check,2025-11-07 13:45,2025-11-07 14:45,2025-11-07 14:15,2025-11-07 15:15,2025-11-07 14:15,2025-11-07 14:45,30.0,partial overlap,Medium,Product Showcase,Office Area 1
CONF_1844,P050,Product Demo,Requirements Analysis,2025-11-07 17:00,2025-11-07 17:45,2025-11-07 16:30,2025-11-07 17:30,2025-11-07 17:00,2025-11-07 17:30,30.0,partial overlap,Medium,Client Reception,Office Area 1
CONF_1845,P050,Client Visit,Meeting,2025-11-07 08:45,2025-11-07 09:15,2025-11-07 08:54,2025-11-07 09:15,2025-11-07 08:54,2025-11-07 09:15,21.0,full overlap,Low,Conference Room B,Product Showcase
CONF_1846,P050,Code Review,Operations Check,2025-11-11 09:45,2025-11-11 10:30,2025-11-11 10:00,2025-11-11 10:45,2025-11-11 10:00,2025-11-11 10:30,30.0,partial overlap,Medium,Conference Room C,Office Area 2
CONF_1847,P050,Code Review,Product Demo,2025-11-11 09:45,2025-11-11 10:30,2025-11-11 10:22,2025-11-11 10:52,2025-11-11 10:22,2025-11-11 10:30,8.0,partial overlap,Low,Conference Room C,Conference Room B
CONF_1848,P050,Code Review,Design Review,2025-11-11 09:45,2025-11-11 10:30,2025-11-11 10:09,2025-11-11 10:43,2025-11-11 10:09,2025-11-11 10:30,21.0,partial overlap,Low,Conference Room C,Conference Room B
CONF_1849,P050,Operations Check,Product Demo,2025-11-11 10:00,2025-11-11 10:45,2025-11-11 10:22,2025-11-11 10:52,2025-11-11 10:22,2025-11-11 10:45,23.0,partial overlap,Low,Office Area 2,Conference Room B
CONF_1850,P050,Operations Check,Design Review,2025-11-11 10:00,2025-11-11 10:45,2025-11-11 10:09,2025-11-11 10:43,2025-11-11 10:09,2025-11-11 10:43,34.0,full overlap,Medium,Office Area 2,Conference Room B
CONF_1851,P050,Operations Check,Deployment,2025-11-11 10:00,2025-11-11 10:45,2025-11-11 10:35,2025-11-11 11:10,2025-11-11 10:35,2025-11-11 10:45,10.0,partial overlap,Low,Office Area 2,R&D Center
CONF_1852,P050,Operations Check,Design Review,2025-11-13 12:00,2025-11-13 12:45,2025-11-13 12:14,2025-11-13 12:48,2025-11-13 12:14,2025-11-13 12:45,31.0,partial overlap,Medium,Conference Room B,Online Meeting
CONF_1853,P050,Design Review,Operations Check,2025-11-13 16:00,2025-11-13 16:30,2025-11-13 16:15,2025-11-13 16:30,2025-11-13 16:15,2025-11-13 16:30,15.0,full overlap,Low,Cafe,Conference Room C
CONF_1854,P050,Design Review,Design Review,2025-11-14 12:15,2025-11-14 13:15,2025-11-14 12:00,2025-11-14 12:45,2025-11-14 12:15,2025-11-14 12:45,30.0,partial overlap,Medium,Break Room,Cafe
CONF_1855,P051,Training,Project Discussion,2025-11-09 12:45,2025-11-09 13:30,2025-11-09 13:12,2025-11-09 13:43,2025-11-09 13:12,2025-11-09 13:30,18.0,partial overlap,Low,Office Area 1,Online Meeting
CONF_1856,P051,Training,Training,2025-11-09 12:45,2025-11-09 13:30,2025-11-09 13:19,2025-11-09 13:44,2025-11-09 13:19,2025-11-09 13:30,11.0,partial overlap,Low,Office Area 1,Test Lab
CONF_1857,P051,Operations Check,One-on-One,2025-11-09 15:15,2025-11-09 16:15,2025-11-09 14:45,2025-11-09 15:45,2025-11-09 15:15,2025-11-09 15:45,30.0,partial overlap,Medium,Test Lab,R&D Center
CONF_1858,P051,Client Visit,Client Visit,2025-11-07 16:00,2025-11-07 17:00,2025-11-07 16:26,2025-11-07 17:05,2025-11-07 16:26,2025-11-07 17:00,34.0,partial overlap,Medium,Training Room,R&D Center
CONF_1859,P051,Client Visit,Team Building,2025-11-12 10:30,2025-11-12 11:15,2025-11-12 10:00,2025-11-12 10:45,2025-11-12 10:30,2025-11-12 10:45,15.0,partial overlap,Low,Conference Room B,Break Room
CONF_1860,P051,Code Review,Project Discussion,2025-11-12 16:15,2025-11-12 17:00,2025-11-12 16:15,2025-11-12 17:00,2025-11-12 16:15,2025-11-12 17:00,45.0,full overlap,Medium,Conference Room A,Client Reception
CONF_1861,P051,Code Review,Code Review,2025-11-12 16:15,2025-11-12 17:00,2025-11-12 16:29,2025-11-12 17:14,2025-11-12 16:29,2025-11-12 17:00,31.0,partial overlap,Medium,Conference Room A,Remote
CONF_1862,P051,Meeting,Code Review,2025-11-12 17:00,2025-11-12 17:45,2025-11-12 16:29,2025-11-12 17:14,2025-11-12 17:00,2025-11-12 17:14,14.0,partial overlap,Low,Cafe,Remote
CONF_1863,P051,Requirements Analysis,Operations Check,2025-11-10 16:15,2025-11-10 16:45,2025-11-10 16:40,2025-11-10 17:12,2025-11-10 16:40,2025-11-10 16:45,5.0,partial overlap,Low,Conference Room A,Training Room
CONF_1864,P051,Requirements Analysis,Requirements Analysis,2025-11-10 16:15,2025-11-10 16:45,2025-11-10 16:23,2025-11-10 16:54,2025-11-10 16:23,2025-11-10 16:45,22.0,partial overlap,Low,Conference Room A,Remote
CONF_1865,P051,Requirements Analysis,Requirements Analysis,2025-11-10 16:15,2025-11-10 16:45,2025-11-10 16:28,2025-11-10 17:16,2025-11-10 16:28,2025-11-10 16:45,17.0,partial overlap,Low,Conference Room A,Conference Room C
CONF_1866,P051,Deployment,Operations Check,2025-11-10 16:45,2025-11-10 17:30,2025-11-10 16:40,2025-11-10 17:12,2025-11-10 16:45,2025-11-10 17:12,27.0,partial overlap,Low,Product Showcase,Training Room
CONF_1867,P051,Deployment,Requirements Analysis,2025-11-10 16:45,2025-11-10 17:30,2025-11-10 16:23,2025-11-10 16:54,2025-11-10 16:45,2025-11-10 16:54,9.0,partial overlap,Low,Product Showcase,Remote
CONF_1868,P051,Deployment,Requirements Analysis,2025-11-10 16:45,2025-11-10 17:30,2025-11-10 16:28,2025-11-10 17:16,2025-11-10 16:45,2025-11-10 17:16,31.0,partial overlap,Medium,Product Showcase,Conference Room C
CONF_1869,P051,Design Review,Operations Check,2025-11-13 15:00,2025-11-13 15:30,2025-11-13 15:19,2025-11-13 15:46,2025-11-13 15:19,2025-11-13 15:30,11.0,partial overlap,Low,Remote,Cafe
CONF_1870,P051,Product Demo,Requirements Analysis,2025-11-15 13:45,2025-11-15 14:15,2025-11-15 14:00,2025-11-15 15:00,2025-11-15 14:00,2025-11-15 14:15,15.0,partial overlap,Low,Product Showcase,Test Lab
CONF_1871,P051,Product Demo,Project Discussion,2025-11-15 13:45,2025-11-15 14:15,2025-11-15 14:14,2025-11-15 14:43,2025-11-15 14:14,2025-11-15 14:15,1.0,partial overlap,Low,Product Showcase,Training Room
CONF_1872,P051,Requirements Analysis,Project Discussion,2025-11-15 14:00,2025-11-15 15:00,2025-11-15 14:14,2025-11-15 14:43,2025-11-15 14:14,2025-11-15 14:43,29.0,full overlap,Low,Test Lab,Training Room
CONF_1873,P051,Meeting,Testing Acceptance,2025-11-15 17:45,2025-11-15 18:15,2025-11-15 17:30,2025-11-15 18:15,2025-11-15 17:45,2025-11-15 18:15,30.0,full overlap,Medium,Client Reception,Conference Room A
CONF_1874,P051,Meeting,One-on-One,2025-11-15 17:45,2025-11-15 18:15,2025-11-15 17:50,2025-11-15 18:25,2025-11-15 17:50,2025-11-15 18:15,25.0,partial overlap,Low,Client Reception,R&D Center
CONF_1875,P051,Project Discussion,Code Review,2025-11-12 16:15,2025-11-12 17:00,2025-11-12 16:29,2025-11-12 17:14,2025-11-12 16:29,2025-11-12 17:00,31.0,partial overlap,Medium,Client Reception,Remote
CONF_1876,P052,Brainstorming,Brainstorming,2025-11-10 13:15,2025-11-10 14:00,2025-11-10 13:45,2025-11-10 14:30,2025-11-10 13:45,2025-11-10 14:00,15.0,partial overlap,Low,Cafe,Conference Room C
CONF_1877,P052,Requirements Analysis,Project Discussion,2025-11-12 11:30,2025-11-12 12:15,2025-11-12 11:37,2025-11-12 12:29,2025-11-12 11:37,2025-11-12 12:15,38.0,partial overlap,Medium,Cafe,Conference Room A
CONF_1878,P052,Testing Acceptance,Design Review,2025-11-14 12:00,2025-11-14 12:30,2025-11-14 11:45,2025-11-14 12:30,2025-11-14 12:00,2025-11-14 12:30,30.0,full overlap,Medium,Demo Hall,Remote
CONF_1879,P052,Project Discussion,Project Discussion,2025-11-16 15:45,2025-11-16 16:30,2025-11-16 15:30,2025-11-16 16:00,2025-11-16 15:45,2025-11-16 16:00,15.0,partial overlap,Low,Conference Room C,Office Area 2
CONF_1880,P052,Project Discussion,One-on-One,2025-11-16 15:45,2025-11-16 16:30,2025-11-16 15:45,2025-11-16 16:30,2025-11-16 15:45,2025-11-16 16:30,45.0,full overlap,Medium,Conference Room C,Break Room
CONF_1881,P052,Deployment,Meeting,2025-11-15 08:45,2025-11-15 09:45,2025-11-15 09:30,2025-11-15 09:45,2025-11-15 09:30,2025-11-15 09:45,15.0,full overlap,Low,Online Meeting,Test Lab
CONF_1882,P052,Training,Team Building,2025-11-15 16:45,2025-11-15 17:45,2025-11-15 16:45,2025-11-15 17:15,2025-11-15 16:45,2025-11-15 17:15,30.0,full overlap,Medium,Cafe,Remote
CONF_1883,P052,Training,Deployment,2025-11-15 16:45,2025-11-15 17:45,2025-11-15 17:30,2025-11-15 18:00,2025-11-15 17:30,2025-11-15 17:45,15.0,partial overlap,Low,Cafe,Conference Room C
CONF_1884,P053,Code Review,Deployment,2025-11-06 18:00,2025-11-06 19:00,2025-11-06 18:15,2025-11-06 19:00,2025-11-06 18:15,2025-11-06 19:00,45.0,full overlap,Medium,Cafe,R&D Center
CONF_1885,P053,Training,Requirements Analysis,2025-11-11 13:00,2025-11-11 14:00,2025-11-11 13:20,2025-11-11 14:12,2025-11-11 13:20,2025-11-11 14:00,40.0,partial overlap,Medium,Cafe,Online Meeting
CONF_1886,P053,Brainstorming,Code Review,2025-11-13 08:30,2025-11-13 09:00,2025-11-13 08:45,2025-11-13 09:15,2025-11-13 08:45,2025-11-13 09:00,15.0,partial overlap,Low,Product Showcase,Office Area 2
CONF_1887,P053,Brainstorming,Operations Check,2025-11-13 08:30,2025-11-13 09:00,2025-11-13 08:57,2025-11-13 09:55,2025-11-13 08:57,2025-11-13 09:00,3.0,partial overlap,Low,Product Showcase,Office Area 2
CONF_1888,P053,Deployment,Deployment,2025-11-14 15:15,2025-11-14 16:00,2025-11-14 14:30,2025-11-14 15:30,2025-11-14 15:15,2025-11-14 15:30,15.0,partial overlap,Low,R&D Center,Remote
CONF_1889,P053,Deployment,Design Review,2025-11-14 15:15,2025-11-14 16:00,2025-11-14 15:15,2025-11-14 16:00,2025-11-14 15:15,2025-11-14 16:00,45.0,full overlap,Medium,R&D Center,Break Room
CONF_1890,P053,Deployment,Meeting,2025-11-14 14:30,2025-11-14 15:30,2025-11-14 14:15,2025-11-14 14:45,2025-11-14 14:30,2025-11-14 14:45,15.0,partial overlap,Low,Remote,Remote
CONF_1891,P053,Deployment,Design Review,2025-11-14 14:30,2025-11-14 15:30,2025-11-14 15:15,2025-11-14 16:00,2025-11-14 15:15,2025-11-14 15:30,15.0,partial overlap,Low,Remote,Break Room
CONF_1892,P053,Requirements Analysis,Tech Sharing,2025-11-13 12:45,2025-11-13 13:15,2025-11-13 12:53,2025-11-13 13:37,2025-11-13 12:53,2025-11-13 13:15,22.0,partial overlap,Low,Online Meeting,Cafe
CONF_1893,P053,Requirements Analysis,Product Demo,2025-11-13 12:45,2025-11-13 13:15,2025-11-13 12:15,2025-11-13 13:00,2025-11-13 12:45,2025-11-13 13:00,15.0,partial overlap,Low,Online Meeting,Online Meeting
CONF_1894,P053,Code Review,Operations Check,2025-11-13 08:45,2025-11-13 09:15,2025-11-13 08:57,2025-11-13 09:55,2025-11-13 08:57,2025-11-13 09:15,18.0,partial overlap,Low,Office Area 2,Office Area 2
CONF_1895,P054,Testing Acceptance,Meeting,2025-11-05 12:00,2025-11-05 13:00,2025-11-05 12:08,2025-11-05 12:47,2025-11-05 12:08,2025-11-05 12:47,39.0,full overlap,Medium,Test Lab,Training Room
CONF_1896,P054,Design Review,Design Review,2025-11-12 12:15,2025-11-12 12:45,2025-11-12 12:38,2025-11-12 13:21,2025-11-12 12:38,2025-11-12 12:45,7.0,partial overlap,Low,Office Area 2,Client Reception
CONF_1897,P054,Meeting,Design Review,2025-11-11 11:00,2025-11-11 11:30,2025-11-11 11:15,2025-11-11 11:45,2025-11-11 11:15,2025-11-11 11:30,15.0,partial overlap,Low,Office Area 2,Training Room
CONF_1898,P054,Team Building,Meeting,2025-11-09 15:45,2025-11-09 16:45,2025-11-09 15:30,2025-11-09 16:30,2025-11-09 15:45,2025-11-09 16:30,45.0,partial overlap,Medium,Conference Room B,Demo Hall
CONF_1899,P054,Client Visit,One-on-One,2025-11-13 09:45,2025-11-13 10:15,2025-11-13 09:45,2025-11-13 10:30,2025-11-13 09:45,2025-11-13 10:15,30.0,full overlap,Medium,Break Room,Training Room
CONF_1900,P054,Client Visit,Brainstorming,2025-11-13 09:45,2025-11-13 10:15,2025-11-13 09:30,2025-11-13 10:15,2025-11-13 09:45,2025-11-13 10:15,30.0,full overlap,Medium,Break Room,Product Showcase
CONF_1901,P054,One-on-One,Brainstorming,2025-11-13 09:45,2025-11-13 10:30,2025-11-13 09:30,2025-11-13 10:15,2025-11-13 09:45,2025-11-13 10:15,30.0,partial overlap,Medium,Training Room,Product Showcase
CONF_1902,P054,Training,Deployment,2025-11-14 11:00,2025-11-14 12:00,2025-11-14 10:45,2025-11-14 11:30,2025-11-14 11:00,2025-11-14 11:30,30.0,partial overlap,Medium,Office Area 1,Break Room
CONF_1903,P054,One-on-One,Design Review,2025-11-12 12:45,2025-11-12 13:15,2025-11-12 12:38,2025-11-12 13:21,2025-11-12 12:45,2025-11-12 13:15,30.0,full overlap,Medium,Cafe,Client Reception
CONF_1904,P054,Code Review,Product Demo,2025-11-16 14:45,2025-11-16 15:15,2025-11-16 14:45,2025-11-16 15:15,2025-11-16 14:45,2025-11-16 15:15,30.0,full overlap,Medium,Remote,Product Showcase
CONF_1905,P055,Deployment,Testing Acceptance,2025-11-06 08:30,2025-11-06 09:15,2025-11-06 08:45,2025-11-06 09:30,2025-11-06 08:45,2025-11-06 09:15,30.0,partial overlap,Medium,Product Showcase,Break Room
CONF_1906,P055,Deployment,Deployment,2025-11-06 08:30,2025-11-06 09:15,2025-11-06 08:15,2025-11-06 08:45,2025-11-06 08:30,2025-11-06 08:45,15.0,partial overlap,Low,Product Showcase,Conference Room B
CONF_1907,P055,Client Visit,Training,2025-11-07 13:15,2025-11-07 14:00,2025-11-07 13:42,2025-11-07 14:22,2025-11-07 13:42,2025-11-07 14:00,18.0,partial overlap,Low,Test Lab,Conference Room A
CONF_1908,P055,Training,Tech Sharing,2025-11-11 13:45,2025-11-11 14:30,2025-11-11 14:00,2025-11-11 14:30,2025-11-11 14:00,2025-11-11 14:30,30.0,full overlap,Medium,Demo Hall,Online Meeting
CONF_1909,P055,Requirements Analysis,Deployment,2025-11-12 14:45,2025-11-12 15:15,2025-11-12 15:00,2025-11-12 15:45,2025-11-12 15:00,2025-11-12 15:15,15.0,partial overlap,Low,Office Area 1,Training Room
CONF_1910,P055,Product Demo,Team Building,2025-11-15 13:15,2025-11-15 14:15,2025-11-15 13:23,2025-11-15 13:46,2025-11-15 13:23,2025-11-15 13:46,23.0,full overlap,Low,Product Showcase,Conference Room B
CONF_1911,P055,Product Demo,Client Visit,2025-11-15 13:15,2025-11-15 14:15,2025-11-15 13:33,2025-11-15 13:51,2025-11-15 13:33,2025-11-15 13:51,18.0,full overlap,Low,Product Showcase,Test Lab
CONF_1912,P055,Deployment,Operations Check,2025-11-12 15:00,2025-11-12 15:45,2025-11-12 15:23,2025-11-12 16:01,2025-11-12 15:23,2025-11-12 15:45,22.0,partial overlap,Low,Training Room,Office Area 2
CONF_1913,P056,Meeting,Operations Check,2025-11-06 17:30,2025-11-06 18:00,2025-11-06 17:30,2025-11-06 18:15,2025-11-06 17:30,2025-11-06 18:00,30.0,full overlap,Medium,Conference Room C,Cafe
CONF_1914,P056,Meeting,One-on-One,2025-11-06 17:30,2025-11-06 18:00,2025-11-06 17:41,2025-11-06 18:41,2025-11-06 17:41,2025-11-06 18:00,19.0,partial overlap,Low,Conference Room C,Test Lab
CONF_1915,P056,Operations Check,One-on-One,2025-11-06 17:30,2025-11-06 18:15,2025-11-06 17:41,2025-11-06 18:41,2025-11-06 17:41,2025-11-06 18:15,34.0,partial overlap,Medium,Cafe,Test Lab
CONF_1916,P056,Team Building,Product Demo,2025-11-11 18:30,2025-11-11 19:30,2025-11-11 18:00,2025-11-11 19:00,2025-11-11 18:30,2025-11-11 19:00,30.0,partial overlap,Medium,Office Area 2,R&D Center
CONF_1917,P056,Requirements Analysis,Project Discussion,2025-11-13 17:15,2025-11-13 17:45,2025-11-13 17:15,2025-11-13 17:45,2025-11-13 17:15,2025-11-13 17:45,30.0,full overlap,Medium,Office Area 1,Online Meeting
CONF_1918,P056,Testing Acceptance,Requirements Analysis,2025-11-10 09:30,2025-11-10 10:00,2025-11-10 09:48,2025-11-10 10:16,2025-11-10 09:48,2025-11-10 10:00,12.0,partial overlap,Low,Cafe,Test Lab
CONF_1919,P056,Client Visit,Training,2025-11-09 18:30,2025-11-09 19:00,2025-11-09 18:15,2025-11-09 18:45,2025-11-09 18:30,2025-11-09 18:45,15.0,partial overlap,Low,Remote,Demo Hall
CONF_1920,P056,Code Review,Requirements Analysis,2025-11-10 10:15,2025-11-10 11:15,2025-11-10 09:48,2025-11-10 10:16,2025-11-10 10:15,2025-11-10 10:16,1.0,partial overlap,Low,Test Lab,Test Lab
CONF_1921,P056,Client Visit,One-on-One,2025-11-14 11:30,2025-11-14 12:15,2025-11-14 11:15,2025-11-14 11:45,2025-11-14 11:30,2025-11-14 11:45,15.0,partial overlap,Low,Test Lab,Break Room
CONF_1922,P057,Design Review,Training,2025-11-09 14:30,2025-11-09 15:30,2025-11-09 14:45,2025-11-09 15:45,2025-11-09 14:45,2025-11-09 15:30,45.0,partial overlap,Medium,Product Showcase,Demo Hall
CONF_1923,P057,Design Review,Team Building,2025-11-09 14:30,2025-11-09 15:30,2025-11-09 14:57,2025-11-09 15:41,2025-11-09 14:57,2025-11-09 15:30,33.0,partial overlap,Medium,Product Showcase,Break Room
CONF_1924,P057,Training,Training,2025-11-08 16:45,2025-11-08 17:45,2025-11-08 17:30,2025-11-08 18:30,2025-11-08 17:30,2025-11-08 17:45,15.0,partial overlap,Low,Remote,Conference Room A
CONF_1925,P057,Training,Product Demo,2025-11-08 17:30,2025-11-08 18:30,2025-11-08 18:00,2025-11-08 18:30,2025-11-08 18:00,2025-11-08 18:30,30.0,full overlap,Medium,Conference Room A,Cafe
CONF_1926,P057,Tech Sharing,Product Demo,2025-11-11 11:15,2025-11-11 12:00,2025-11-11 11:42,2025-11-11 12:28,2025-11-11 11:42,2025-11-11 12:00,18.0,partial overlap,Low,Demo Hall,Cafe
CONF_1927,P057,Brainstorming,Tech Sharing,2025-11-06 13:45,2025-11-06 14:45,2025-11-06 13:45,2025-11-06 14:15,2025-11-06 13:45,2025-11-06 14:15,30.0,full overlap,Medium,R&D Center,R&D Center
CONF_1928,P057,Project Discussion,Training,2025-11-08 10:30,2025-11-08 11:30,2025-11-08 10:30,2025-11-08 11:30,2025-11-08 10:30,2025-11-08 11:30,60.0,full overlap,High,Cafe,Conference Room B
CONF_1929,P057,One-on-One,Deployment,2025-11-09 14:00,2025-11-09 14:30,2025-11-09 14:05,2025-11-09 14:29,2025-11-09 14:05,2025-11-09 14:29,24.0,full overlap,Low,Conference Room B,Client Reception
CONF_1930,P057,Product Demo,Training,2025-11-14 16:45,2025-11-14 17:45,2025-11-14 17:30,2025-11-14 18:15,2025-11-14 17:30,2025-11-14 17:45,15.0,partial overlap,Low,Test Lab,Client Reception
CONF_1931,P057,Tech Sharing,Deployment,2025-11-11 18:00,2025-11-11 18:45,2025-11-11 18:07,2025-11-11 19:02,2025-11-11 18:07,2025-11-11 18:45,38.0,partial overlap,Medium,Conference Room A,Product Showcase
CONF_1932,P057,Training,Team Building,2025-11-09 14:45,2025-11-09 15:45,2025-11-09 14:57,2025-11-09 15:41,2025-11-09 14:57,2025-11-09 15:41,44.0,full overlap,Medium,Demo Hall,Break Room
CONF_1933,P057,One-on-One,Testing Acceptance,2025-11-15 17:00,2025-11-15 18:00,2025-11-15 16:45,2025-11-15 17:30,2025-11-15 17:00,2025-11-15 17:30,30.0,partial overlap,Medium,Conference Room B,Client Reception
CONF_1934,P058,Requirements Analysis,Project Discussion,2025-11-04 08:15,2025-11-04 08:45,2025-11-04 08:15,2025-11-04 08:45,2025-11-04 08:15,2025-11-04 08:45,30.0,full overlap,Medium,Cafe,Remote
CONF_1935,P058,Deployment,Testing Acceptance,2025-11-11 17:45,2025-11-11 18:15,2025-11-11 17:15,2025-11-11 18:00,2025-11-11 17:45,2025-11-11 18:00,15.0,partial overlap,Low,Product Showcase,Training Room
CONF_1936,P058,Deployment,Code Review,2025-11-11 17:45,2025-11-11 18:15,2025-11-11 17:51,2025-11-11 18:46,2025-11-11 17:51,2025-11-11 18:15,24.0,partial overlap,Low,Product Showcase,R&D Center
CONF_1937,P058,Deployment,One-on-One,2025-11-09 09:15,2025-11-09 10:00,2025-11-09 09:45,2025-11-09 10:30,2025-11-09 09:45,2025-11-09 10:00,15.0,partial overlap,Low,Product Showcase,Conference Room B
CONF_1938,P058,Testing Acceptance,Code Review,2025-11-11 17:15,2025-11-11 18:00,2025-11-11 17:51,2025-11-11 18:46,2025-11-11 17:51,2025-11-11 18:00,9.0,partial overlap,Low,Training Room,R&D Center
CONF_1939,P058,Testing Acceptance,Deployment,2025-11-14 12:15,2025-11-14 13:00,2025-11-14 12:15,2025-11-14 12:45,2025-11-14 12:15,2025-11-14 12:45,30.0,full overlap,Medium,Training Room,Client Reception
CONF_1940,P058,Testing Acceptance,Tech Sharing,2025-11-14 12:15,2025-11-14 13:00,2025-11-14 12:36,2025-11-14 13:02,2025-11-14 12:36,2025-11-14 13:00,24.0,partial overlap,Low,Training Room,Remote
CONF_1941,P058,Deployment,Client Visit,2025-11-15 18:45,2025-11-15 19:30,2025-11-15 18:00,2025-11-15 19:00,2025-11-15 18:45,2025-11-15 19:00,15.0,partial overlap,Low,Training Room,Cafe
CONF_1942,P058,Brainstorming,Client Visit,2025-11-15 15:45,2025-11-15 16:45,2025-11-15 16:15,2025-11-15 17:00,2025-11-15 16:15,2025-11-15 16:45,30.0,partial overlap,Medium,Online Meeting,Conference Room C
CONF_1943,P058,Client Visit,Design Review,2025-11-15 18:00,2025-11-15 19:00,2025-11-15 17:45,2025-11-15 18:30,2025-11-15 18:00,2025-11-15 18:30,30.0,partial overlap,Medium,Cafe,Cafe
CONF_1944,P058,Client Visit,Product Demo,2025-11-15 18:00,2025-11-15 19:00,2025-11-15 18:11,2025-11-15 18:28,2025-11-15 18:11,2025-11-15 18:28,17.0,full overlap,Low,Cafe,Training Room
CONF_1945,P058,Operations Check,Training,2025-11-13 15:15,2025-11-13 15:45,2025-11-13 15:15,2025-11-13 16:00,2025-11-13 15:15,2025-11-13 15:45,30.0,full overlap,Medium,Office Area 1,Conference Room B
CONF_1946,P058,Operations Check,Requirements Analysis,2025-11-13 15:15,2025-11-13 15:45,2025-11-13 15:39,2025-11-13 16:21,2025-11-13 15:39,2025-11-13 15:45,6.0,partial overlap,Low,Office Area 1,R&D Center
CONF_1947,P058,Team Building,Brainstorming,2025-11-17 09:45,2025-11-17 10:45,2025-11-17 10:00,2025-11-17 10:30,2025-11-17 10:00,2025-11-17 10:30,30.0,full overlap,Medium,Remote,Conference Room B
CONF_1948,P058,Team Building,Product Demo,2025-11-17 09:45,2025-11-17 10:45,2025-11-17 10:21,2025-11-17 11:11,2025-11-17 10:21,2025-11-17 10:45,24.0,partial overlap,Low,Remote,Remote
CONF_1949,P058,Deployment,Tech Sharing,2025-11-14 12:15,2025-11-14 12:45,2025-11-14 12:36,2025-11-14 13:02,2025-11-14 12:36,2025-11-14 12:45,9.0,partial overlap,Low,Client Reception,Remote
CONF_1950,P059,Code Review,Meeting,2025-11-04 13:15,2025-11-04 13:45,2025-11-04 13:34,2025-11-04 14:04,2025-11-04 13:34,2025-11-04 13:45,11.0,partial overlap,Low,Product Showcase,Break Room
CONF_1951,P059,Team Building,Deployment,2025-11-12 15:45,2025-11-12 16:30,2025-11-12 16:00,2025-11-12 17:00,2025-11-12 16:00,2025-11-12 16:30,30.0,partial overlap,Medium,Conference Room B,Online Meeting
CONF_1952,P059,Team Building,Meeting,2025-11-12 15:45,2025-11-12 16:30,2025-11-12 15:58,2025-11-12 16:15,2025-11-12 15:58,2025-11-12 16:15,17.0,full overlap,Low,Conference Room B,Conference Room A
CONF_1953,P059,Team Building,Team Building,2025-11-12 15:45,2025-11-12 16:30,2025-11-12 16:14,2025-11-12 17:05,2025-11-12 16:14,2025-11-12 16:30,16.0,partial overlap,Low,Conference Room B,Office Area 1
CONF_1954,P059,Meeting,Operations Check,2025-11-14 10:00,2025-11-14 10:45,2025-11-14 09:30,2025-11-14 10:15,2025-11-14 10:00,2025-11-14 10:15,15.0,partial overlap,Low,Office Area 1,Test Lab
CONF_1955,P059,Meeting,Team Building,2025-11-14 10:00,2025-11-14 10:45,2025-11-14 10:00,2025-11-14 11:00,2025-11-14 10:00,2025-11-14 10:45,45.0,full overlap,Medium,Office Area 1,Demo Hall
CONF_1956,P059,Meeting,Deployment,2025-11-14 10:00,2025-11-14 10:45,2025-11-14 10:26,2025-11-14 10:55,2025-11-14 10:26,2025-11-14 10:45,19.0,partial overlap,Low,Office Area 1,Office Area 2
CONF_1957,P059,Operations Check,Team Building,2025-11-14 09:30,2025-11-14 10:15,2025-11-14 10:00,2025-11-14 11:00,2025-11-14 10:00,2025-11-14 10:15,15.0,partial overlap,Low,Test Lab,Demo Hall
CONF_1958,P059,Team Building,Deployment,2025-11-14 10:00,2025-11-14 11:00,2025-11-14 10:26,2025-11-14 10:55,2025-11-14 10:26,2025-11-14 10:55,29.0,full overlap,Low,Demo Hall,Office Area 2
CONF_1959,P059,Deployment,Meeting,2025-11-12 16:00,2025-11-12 17:00,2025-11-12 15:58,2025-11-12 16:15,2025-11-12 16:00,2025-11-12 16:15,15.0,partial overlap,Low,Online Meeting,Conference Room A
CONF_1960,P059,Deployment,Team Building,2025-11-12 16:00,2025-11-12 17:00,2025-11-12 16:14,2025-11-12 17:05,2025-11-12 16:14,2025-11-12 17:00,46.0,partial overlap,Medium,Online Meeting,Office Area 1
CONF_1961,P059,Product Demo,Meeting,2025-11-13 12:30,2025-11-13 13:15,2025-11-13 12:30,2025-11-13 13:30,2025-11-13 12:30,2025-11-13 13:15,45.0,full overlap,Medium,Remote,Break Room
CONF_1962,P059,Product Demo,Code Review,2025-11-13 12:30,2025-11-13 13:15,2025-11-13 12:52,2025-11-13 13:26,2025-11-13 12:52,2025-11-13 13:15,23.0,partial overlap,Low,Remote,Remote
CONF_1963,P059,Training,Requirements Analysis,2025-11-13 10:30,2025-11-13 11:30,2025-11-13 10:15,2025-11-13 11:00,2025-11-13 10:30,2025-11-13 11:00,30.0,partial overlap,Medium,Cafe,Cafe
CONF_1964,P059,Meeting,Code Review,2025-11-13 12:30,2025-11-13 13:30,2025-11-13 12:52,2025-11-13 13:26,2025-11-13 12:52,2025-11-13 13:26,34.0,full overlap,Medium,Break Room,Remote
CONF_1965,P060,Requirements Analysis,Testing Acceptance,2025-11-07 16:30,2025-11-07 17:00,2025-11-07 16:45,2025-11-07 17:30,2025-11-07 16:45,2025-11-07 17:00,15.0,partial overlap,Low,Office Area 1,R&D Center
CONF_1966,P060,Training,One-on-One,2025-11-06 11:30,2025-11-06 12:15,2025-11-06 11:35,2025-11-06 12:02,2025-11-06 11:35,2025-11-06 12:02,27.0,full overlap,Low,Conference Room B,Online Meeting
CONF_1967,P060,Testing Acceptance,Design Review,2025-11-09 08:15,2025-11-09 08:45,2025-11-09 08:00,2025-11-09 08:30,2025-11-09 08:15,2025-11-09 08:30,15.0,partial overlap,Low,Training Room,Product Showcase
CONF_1968,P060,Testing Acceptance,Deployment,2025-11-09 08:15,2025-11-09 08:45,2025-11-09 08:08,2025-11-09 09:06,2025-11-09 08:15,2025-11-09 08:45,30.0,full overlap,Medium,Training Room,R&D Center
CONF_1969,P060,Client Visit,Tech Sharing,2025-11-06 18:45,2025-11-06 19:30,2025-11-06 18:58,2025-11-06 19:24,2025-11-06 18:58,2025-11-06 19:24,26.0,full overlap,Low,Online Meeting,Test Lab
CONF_1970,P060,Tech Sharing,Operations Check,2025-11-14 15:15,2025-11-14 16:15,2025-11-14 15:00,2025-11-14 15:45,2025-11-14 15:15,2025-11-14 15:45,30.0,partial overlap,Medium,Online Meeting,Training Room
CONF_1971,P060,Deployment,Tech Sharing,2025-11-12 15:00,2025-11-12 15:30,2025-11-12 15:10,2025-11-12 15:49,2025-11-12 15:10,2025-11-12 15:30,20.0,partial overlap,Low,Remote,Break Room
CONF_1972,P060,Design Review,Deployment,2025-11-09 08:00,2025-11-09 08:30,2025-11-09 08:08,2025-11-09 09:06,2025-11-09 08:08,2025-11-09 08:30,22.0,partial overlap,Low,Product Showcase,R&D Center
CONF_1973,P060,Project Discussion,Operations Check,2025-11-12 13:45,2025-11-12 14:30,2025-11-12 13:15,2025-11-12 14:15,2025-11-12 13:45,2025-11-12 14:15,30.0,partial overlap,Medium,Office Area 1,Online Meeting
CONF_1974,P060,Project Discussion,Team Building,2025-11-12 13:45,2025-11-12 14:30,2025-11-12 13:23,2025-11-12 14:11,2025-11-12 13:45,2025-11-12 14:11,26.0,partial overlap,Low,Office Area 1,Client Reception
CONF_1975,P060,Operations Check,Team Building,2025-11-12 13:15,2025-11-12 14:15,2025-11-12 13:23,2025-11-12 14:11,2025-11-12 13:23,2025-11-12 14:11,48.0,full overlap,Medium,Online Meeting,Client Reception
CONF_1976,P061,Meeting,Project Discussion,2025-11-08 13:45,2025-11-08 14:30,2025-11-08 13:45,2025-11-08 14:15,2025-11-08 13:45,2025-11-08 14:15,30.0,full overlap,Medium,Cafe,R&D Center
CONF_1977,P061,Client Visit,Meeting,2025-11-08 11:00,2025-11-08 11:30,2025-11-08 10:30,2025-11-08 11:30,2025-11-08 11:00,2025-11-08 11:30,30.0,full overlap,Medium,Product Showcase,Online Meeting
CONF_1978,P061,Meeting,Product Demo,2025-11-08 16:15,2025-11-08 17:00,2025-11-08 16:45,2025-11-08 17:30,2025-11-08 16:45,2025-11-08 17:00,15.0,partial overlap,Low,Remote,Conference Room B
CONF_1979,P061,Operations Check,Operations Check,2025-11-15 11:45,2025-11-15 12:30,2025-11-15 11:45,2025-11-15 12:30,2025-11-15 11:45,2025-11-15 12:30,45.0,full overlap,Medium,Break Room,Conference Room A
CONF_1980,P061,Brainstorming,Product Demo,2025-11-14 18:00,2025-11-14 18:30,2025-11-14 17:30,2025-11-14 18:15,2025-11-14 18:00,2025-11-14 18:15,15.0,partial overlap,Low,R&D Center,Cafe
CONF_1981,P061,Brainstorming,One-on-One,2025-11-14 18:00,2025-11-14 18:30,2025-11-14 18:17,2025-11-14 18:44,2025-11-14 18:17,2025-11-14 18:30,13.0,partial overlap,Low,R&D Center,R&D Center
CONF_1982,P061,Testing Acceptance,Deployment,2025-11-13 08:45,2025-11-13 09:45,2025-11-13 09:13,2025-11-13 09:39,2025-11-13 09:13,2025-11-13 09:39,26.0,full overlap,Low,Test Lab,Conference Room A
CONF_1983,P061,Testing Acceptance,Design Review,2025-11-13 08:45,2025-11-13 09:45,2025-11-13 09:28,2025-11-13 10:02,2025-11-13 09:28,2025-11-13 09:45,17.0,partial overlap,Low,Test Lab,Cafe
CONF_1984,P061,Product Demo,Meeting,2025-11-17 18:30,2025-11-17 19:30,2025-11-17 18:30,2025-11-17 19:00,2025-11-17 18:30,2025-11-17 19:00,30.0,full overlap,Medium,Test Lab,Online Meeting
CONF_1985,P062,Deployment,Testing Acceptance,2025-11-11 16:00,2025-11-11 17:00,2025-11-11 15:15,2025-11-11 16:15,2025-11-11 16:00,2025-11-11 16:15,15.0,partial overlap,Low,Test Lab,Product Showcase
CONF_1986,P062,Project Discussion,Deployment,2025-11-08 13:30,2025-11-08 14:00,2025-11-08 13:45,2025-11-08 14:30,2025-11-08 13:45,2025-11-08 14:00,15.0,partial overlap,Low,Product Showcase,Conference Room C
CONF_1987,P062,Project Discussion,Meeting,2025-11-10 10:30,2025-11-10 11:15,2025-11-10 10:45,2025-11-10 11:30,2025-11-10 10:45,2025-11-10 11:15,30.0,partial overlap,Medium,Product Showcase,Remote
CONF_1988,P062,Project Discussion,Code Review,2025-11-10 10:30,2025-11-10 11:15,2025-11-10 11:11,2025-11-10 12:09,2025-11-10 11:11,2025-11-10 11:15,4.0,partial overlap,Low,Product Showcase,Office Area 1
CONF_1989,P062,Brainstorming,Deployment,2025-11-08 14:00,2025-11-08 14:30,2025-11-08 13:45,2025-11-08 14:30,2025-11-08 14:00,2025-11-08 14:30,30.0,full overlap,Medium,Product Showcase,Conference Room C
CONF_1990,P062,Product Demo,Design Review,2025-11-10 08:30,2025-11-10 09:30,2025-11-10 08:45,2025-11-10 09:15,2025-11-10 08:45,2025-11-10 09:15,30.0,full overlap,Medium,Test Lab,Client Reception
CONF_1991,P062,Meeting,Code Review,2025-11-10 10:45,2025-11-10 11:30,2025-11-10 11:11,2025-11-10 12:09,2025-11-10 11:11,2025-11-10 11:30,19.0,partial overlap,Low,Remote,Office Area 1
CONF_1992,P063,Training,Requirements Analysis,2025-11-11 11:45,2025-11-11 12:30,2025-11-11 11:45,2025-11-11 12:45,2025-11-11 11:45,2025-11-11 12:30,45.0,full overlap,Medium,Conference Room C,Remote
CONF_1993,P063,Team Building,Testing Acceptance,2025-11-07 12:45,2025-11-07 13:30,2025-11-07 12:54,2025-11-07 13:37,2025-11-07 12:54,2025-11-07 13:30,36.0,partial overlap,Medium,R&D Center,Conference Room B
CONF_1994,P063,Team Building,Team Building,2025-11-07 12:45,2025-11-07 13:30,2025-11-07 13:11,2025-11-07 13:27,2025-11-07 13:11,2025-11-07 13:27,16.0,full overlap,Low,R&D Center,Client Reception
CONF_1995,P063,Team Building,Deployment,2025-11-13 10:30,2025-11-13 11:15,2025-11-13 10:45,2025-11-13 11:00,2025-11-13 10:45,2025-11-13 11:00,15.0,full overlap,Low,Office Area 2,Product Showcase
CONF_1996,P063,Design Review,Tech Sharing,2025-11-10 16:45,2025-11-10 17:15,2025-11-10 17:03,2025-11-10 17:21,2025-11-10 17:03,2025-11-10 17:15,12.0,partial overlap,Low,Online Meeting,Product Showcase
CONF_1997,P063,Training,Code Review,2025-11-13 12:15,2025-11-13 13:00,2025-11-13 12:30,2025-11-13 13:00,2025-11-13 12:30,2025-11-13 13:00,30.0,full overlap,Medium,Conference Room A,Conference Room C
CONF_1998,P063,Training,Design Review,2025-11-13 12:15,2025-11-13 13:00,2025-11-13 12:00,2025-11-13 12:45,2025-11-13 12:15,2025-11-13 12:45,30.0,partial overlap,Medium,Conference Room A,Test Lab
CONF_1999,P063,Tech Sharing,Project Discussion,2025-11-14 11:45,2025-11-14 12:30,2025-11-14 11:45,2025-11-14 12:00,2025-11-14 11:45,2025-11-14 12:00,15.0,full overlap,Low,Remote,Conference Room C
CONF_2000,P063,Code Review,Design Review,2025-11-13 12:30,2025-11-13 13:00,2025-11-13 12:00,2025-11-13 12:45,2025-11-13 12:30,2025-11-13 12:45,15.0,partial overlap,Low,Conference Room C,Test Lab
CONF_2001,P063,Client Visit,Client Visit,2025-11-11 14:45,2025-11-11 15:45,2025-11-11 15:04,2025-11-11 15:54,2025-11-11 15:04,2025-11-11 15:45,41.0,partial overlap,Medium,Client Reception,Break Room
CONF_2002,P064,Brainstorming,One-on-One,2025-11-10 12:30,2025-11-10 13:30,2025-11-10 13:00,2025-11-10 14:00,2025-11-10 13:00,2025-11-10 13:30,30.0,partial overlap,Medium,Conference Room B,Remote
CONF_2003,P064,Brainstorming,One-on-One,2025-11-06 17:30,2025-11-06 18:00,2025-11-06 16:58,2025-11-06 17:54,2025-11-06 17:30,2025-11-06 17:54,24.0,partial overlap,Low,Conference Room A,Office Area 2
CONF_2004,P064,Testing Acceptance,Code Review,2025-11-04 15:45,2025-11-04 16:15,2025-11-04 15:57,2025-11-04 16:50,2025-11-04 15:57,2025-11-04 16:15,18.0,partial overlap,Low,Client Reception,Conference Room A
CONF_2005,P064,Training,Testing Acceptance,2025-11-04 12:00,2025-11-04 12:30,2025-11-04 12:12,2025-11-04 13:04,2025-11-04 12:12,2025-11-04 12:30,18.0,partial overlap,Low,Test Lab,Training Room
CONF_2006,P064,Team Building,One-on-One,2025-11-08 10:30,2025-11-08 11:30,2025-11-08 11:00,2025-11-08 11:45,2025-11-08 11:00,2025-11-08 11:30,30.0,partial overlap,Medium,Break Room,Training Room
CONF_2007,P064,Product Demo,Requirements Analysis,2025-11-08 13:45,2025-11-08 14:15,2025-11-08 13:30,2025-11-08 14:30,2025-11-08 13:45,2025-11-08 14:15,30.0,full overlap,Medium,Product Showcase,R&D Center
CONF_2008,P064,Product Demo,Client Visit,2025-11-08 13:45,2025-11-08 14:15,2025-11-08 14:12,2025-11-08 14:35,2025-11-08 14:12,2025-11-08 14:15,3.0,partial overlap,Low,Product Showcase,Client Reception
CONF_2009,P064,Product Demo,One-on-One,2025-11-06 16:30,2025-11-06 17:15,2025-11-06 16:58,2025-11-06 17:54,2025-11-06 16:58,2025-11-06 17:15,17.0,partial overlap,Low,Conference Room C,Office Area 2
CONF_2010,P064,Requirements Analysis,Client Visit,2025-11-08 13:30,2025-11-08 14:30,2025-11-08 14:12,2025-11-08 14:35,2025-11-08 14:12,2025-11-08 14:30,18.0,partial overlap,Low,R&D Center,Client Reception
CONF_2011,P064,Project Discussion,Deployment,2025-11-09 16:45,2025-11-09 17:30,2025-11-09 17:02,2025-11-09 17:17,2025-11-09 17:02,2025-11-09 17:17,15.0,full overlap,Low,Cafe,Online Meeting
CONF_2012,P064,Code Review,Deployment,2025-11-12 11:00,2025-11-12 11:45,2025-11-12 10:15,2025-11-12 11:15,2025-11-12 11:00,2025-11-12 11:15,15.0,partial overlap,Low,R&D Center,Demo Hall
CONF_2013,P064,Code Review,Product Demo,2025-11-11 18:45,2025-11-11 19:45,2025-11-11 18:53,2025-11-11 19:20,2025-11-11 18:53,2025-11-11 19:20,27.0,full overlap,Low,Conference Room A,R&D Center
CONF_2014,P065,Code Review,Client Visit,2025-11-08 11:00,2025-11-08 11:30,2025-11-08 11:15,2025-11-08 12:15,2025-11-08 11:15,2025-11-08 11:30,15.0,partial overlap,Low,Office Area 2,Office Area 1
CONF_2015,P065,Meeting,Project Discussion,2025-11-12 15:00,2025-11-12 15:45,2025-11-12 15:30,2025-11-12 16:15,2025-11-12 15:30,2025-11-12 15:45,15.0,partial overlap,Low,Cafe,Office Area 1
CONF_2016,P065,Meeting,Product Demo,2025-11-12 15:00,2025-11-12 15:45,2025-11-12 15:07,2025-11-12 15:24,2025-11-12 15:07,2025-11-12 15:24,17.0,full overlap,Low,Cafe,Conference Room A
CONF_2017,P065,One-on-One,Training,2025-11-09 14:30,2025-11-09 15:00,2025-11-09 14:45,2025-11-09 15:30,2025-11-09 14:45,2025-11-09 15:00,15.0,partial overlap,Low,Conference Room A,Cafe
CONF_2018,P065,Code Review,Deployment,2025-11-10 15:00,2025-11-10 15:45,2025-11-10 15:29,2025-11-10 16:25,2025-11-10 15:29,2025-11-10 15:45,16.0,partial overlap,Low,Conference Room A,Break Room
CONF_2019,P065,Requirements Analysis,Deployment,2025-11-13 11:15,2025-11-13 11:45,2025-11-13 11:15,2025-11-13 11:30,2025-11-13 11:15,2025-11-13 11:30,15.0,full overlap,Low,Product Showcase,R&D Center
CONF_2020,P065,Project Discussion,Project Discussion,2025-11-17 08:00,2025-11-17 08:30,2025-11-17 08:24,2025-11-17 08:54,2025-11-17 08:24,2025-11-17 08:30,6.0,partial overlap,Low,Client Reception,Demo Hall
CONF_2021,P065,Brainstorming,Project Discussion,2025-11-17 08:30,2025-11-17 09:15,2025-11-17 08:24,2025-11-17 08:54,2025-11-17 08:30,2025-11-17 08:54,24.0,partial overlap,Low,Training Room,Demo Hall
CONF_2022,P066,One-on-One,Operations Check,2025-11-11 14:45,2025-11-11 15:15,2025-11-11 14:45,2025-11-11 15:45,2025-11-11 14:45,2025-11-11 15:15,30.0,full overlap,Medium,Client Reception,Client Reception
CONF_2023,P066,Testing Acceptance,Product Demo,2025-11-06 13:45,2025-11-06 14:30,2025-11-06 13:58,2025-11-06 14:46,2025-11-06 13:58,2025-11-06 14:30,32.0,partial overlap,Medium,Cafe,Break Room
CONF_2024,P066,Team Building,Code Review,2025-11-12 15:15,2025-11-12 15:45,2025-11-12 14:45,2025-11-12 15:30,2025-11-12 15:15,2025-11-12 15:30,15.0,partial overlap,Low,Training Room,Conference Room A
CONF_2025,P066,Team Building,Tech Sharing,2025-11-12 15:15,2025-11-12 15:45,2025-11-12 14:30,2025-11-12 15:30,2025-11-12 15:15,2025-11-12 15:30,15.0,partial overlap,Low,Training Room,Client Reception
CONF_2026,P066,Operations Check,Team Building,2025-11-12 12:30,2025-11-12 13:00,2025-11-12 12:46,2025-11-12 13:34,2025-11-12 12:46,2025-11-12 13:00,14.0,partial overlap,Low,Remote,Conference Room A
CONF_2027,P066,Deployment,Team Building,2025-11-13 09:00,2025-11-13 09:45,2025-11-13 09:15,2025-11-13 10:15,2025-11-13 09:15,2025-11-13 09:45,30.0,partial overlap,Medium,Demo Hall,Break Room
CONF_2028,P066,Operations Check,Deployment,2025-11-10 17:00,2025-11-10 18:00,2025-11-10 17:12,2025-11-10 18:07,2025-11-10 17:12,2025-11-10 18:00,48.0,partial overlap,Medium,Break Room,Conference Room A
CONF_2029,P066,Client Visit,One-on-One,2025-11-11 08:45,2025-11-11 09:45,2025-11-11 09:30,2025-11-11 10:15,2025-11-11 09:30,2025-11-11 09:45,15.0,partial overlap,Low,Client Reception,Training Room
CONF_2030,P066,Code Review,Tech Sharing,2025-11-12 14:45,2025-11-12 15:30,2025-11-12 14:30,2025-11-12 15:30,2025-11-12 14:45,2025-11-12 15:30,45.0,full overlap,Medium,Conference Room A,Client Reception
CONF_2031,P066,Code Review,Requirements Analysis,2025-11-12 14:45,2025-11-12 15:30,2025-11-12 14:42,2025-11-12 15:13,2025-11-12 14:45,2025-11-12 15:13,28.0,partial overlap,Low,Conference Room A,Online Meeting
CONF_2032,P066,Deployment,Meeting,2025-11-16 18:00,2025-11-16 18:45,2025-11-16 18:30,2025-11-16 18:45,2025-11-16 18:30,2025-11-16 18:45,15.0,full overlap,Low,Remote,Break Room
CONF_2033,P066,Deployment,Design Review,2025-11-16 18:00,2025-11-16 18:45,2025-11-16 18:36,2025-11-16 19:15,2025-11-16 18:36,2025-11-16 18:45,9.0,partial overlap,Low,Remote,Product Showcase
CONF_2034,P066,Testing Acceptance,Design Review,2025-11-14 18:15,2025-11-14 18:45,2025-11-14 18:15,2025-11-14 18:30,2025-11-14 18:15,2025-11-14 18:30,15.0,full overlap,Low,Conference Room C,Remote
CONF_2035,P066,Tech Sharing,Requirements Analysis,2025-11-12 14:30,2025-11-12 15:30,2025-11-12 14:42,2025-11-12 15:13,2025-11-12 14:42,2025-11-12 15:13,31.0,full overlap,Medium,Client Reception,Online Meeting
CONF_2036,P066,Team Building,Testing Acceptance,2025-11-13 09:15,2025-11-13 10:15,2025-11-13 10:00,2025-11-13 10:15,2025-11-13 10:00,2025-11-13 10:15,15.0,full overlap,Low,Break Room,Online Meeting
CONF_2037,P067,Testing Acceptance,Project Discussion,2025-11-11 13:45,2025-11-11 14:45,2025-11-11 14:00,2025-11-11 14:30,2025-11-11 14:00,2025-11-11 14:30,30.0,full overlap,Medium,Office Area 2,Training Room
CONF_2038,P067,Operations Check,Deployment,2025-11-09 08:30,2025-11-09 09:00,2025-11-09 08:59,2025-11-09 09:33,2025-11-09 08:59,2025-11-09 09:00,1.0,partial overlap,Low,Office Area 1,Client Reception
CONF_2039,P067,Operations Check,Testing Acceptance,2025-11-09 08:30,2025-11-09 09:00,2025-11-09 08:48,2025-11-09 09:30,2025-11-09 08:48,2025-11-09 09:00,12.0,partial overlap,Low,Office Area 1,Product Showcase
CONF_2040,P067,Client Visit,Testing Acceptance,2025-11-08 18:45,2025-11-08 19:45,2025-11-08 18:00,2025-11-08 19:00,2025-11-08 18:45,2025-11-08 19:00,15.0,partial overlap,Low,Online Meeting,Conference Room C
CONF_2041,P067,Product Demo,Tech Sharing,2025-11-12 15:45,2025-11-12 16:15,2025-11-12 15:51,2025-11-12 16:38,2025-11-12 15:51,2025-11-12 16:15,24.0,partial overlap,Low,Break Room,Training Room
CONF_2042,P067,Brainstorming,Testing Acceptance,2025-11-12 09:30,2025-11-12 10:15,2025-11-12 10:00,2025-11-12 11:00,2025-11-12 10:00,2025-11-12 10:15,15.0,partial overlap,Low,Conference Room C,Break Room
CONF_2043,P067,One-on-One,Operations Check,2025-11-15 17:45,2025-11-15 18:45,2025-11-15 18:15,2025-11-15 19:00,2025-11-15 18:15,2025-11-15 18:45,30.0,partial overlap,Medium,Online Meeting,R&D Center
CONF_2044,P067,Training,Product Demo,2025-11-14 09:00,2025-11-14 10:00,2025-11-14 09:00,2025-11-14 09:45,2025-11-14 09:00,2025-11-14 09:45,45.0,full overlap,Medium,R&D Center,Office Area 2
CONF_2045,P067,Code Review,Tech Sharing,2025-11-16 14:30,2025-11-16 15:30,2025-11-16 14:15,2025-11-16 15:00,2025-11-16 14:30,2025-11-16 15:00,30.0,partial overlap,Medium,Conference Room C,Client Reception
CONF_2046,P068,Testing Acceptance,One-on-One,2025-11-10 16:15,2025-11-10 16:45,2025-11-10 16:32,2025-11-10 16:49,2025-11-10 16:32,2025-11-10 16:45,13.0,partial overlap,Low,Remote,Training Room
CONF_2047,P068,Testing Acceptance,Meeting,2025-11-08 14:15,2025-11-08 15:00,2025-11-08 13:45,2025-11-08 14:30,2025-11-08 14:15,2025-11-08 14:30,15.0,partial overlap,Low,Break Room,Product Showcase
CONF_2048,P068,Project Discussion,Requirements Analysis,2025-11-11 16:15,2025-11-11 16:45,2025-11-11 16:30,2025-11-11 17:00,2025-11-11 16:30,2025-11-11 16:45,15.0,partial overlap,Low,Office Area 2,Conference Room A
CONF_2049,P068,Requirements Analysis,Meeting,2025-11-11 11:30,2025-11-11 12:00,2025-11-11 10:45,2025-11-11 11:45,2025-11-11 11:30,2025-11-11 11:45,15.0,partial overlap,Low,Client Reception,Client Reception
CONF_2050,P068,Requirements Analysis,Testing Acceptance,2025-11-11 11:30,2025-11-11 12:00,2025-11-11 11:14,2025-11-11 11:35,2025-11-11 11:30,2025-11-11 11:35,5.0,partial overlap,Low,Client Reception,Conference Room B
CONF_2051,P068,Tech Sharing,Design Review,2025-11-16 17:15,2025-11-16 18:00,2025-11-16 17:30,2025-11-16 18:15,2025-11-16 17:30,2025-11-16 18:00,30.0,partial overlap,Medium,Office Area 1,Training Room
CONF_2052,P068,Testing Acceptance,Tech Sharing,2025-11-16 11:30,2025-11-16 12:30,2025-11-16 11:30,2025-11-16 12:30,2025-11-16 11:30,2025-11-16 12:30,60.0,full overlap,High,Break Room,Conference Room B
CONF_2053,P068,Testing Acceptance,Training,2025-11-16 11:30,2025-11-16 12:30,2025-11-16 11:15,2025-11-16 11:45,2025-11-16 11:30,2025-11-16 11:45,15.0,partial overlap,Low,Break Room,Remote
CONF_2054,P068,Testing Acceptance,Testing Acceptance,2025-11-16 11:30,2025-11-16 12:30,2025-11-16 11:40,2025-11-16 12:13,2025-11-16 11:40,2025-11-16 12:13,33.0,full overlap,Medium,Break Room,R&D Center
CONF_2055,P068,Tech Sharing,Training,2025-11-16 11:30,2025-11-16 12:30,2025-11-16 11:15,2025-11-16 11:45,2025-11-16 11:30,2025-11-16 11:45,15.0,partial overlap,Low,Conference Room B,Remote
CONF_2056,P068,Tech Sharing,Testing Acceptance,2025-11-16 11:30,2025-11-16 12:30,2025-11-16 11:40,2025-11-16 12:13,2025-11-16 11:40,2025-11-16 12:13,33.0,full overlap,Medium,Conference Room B,R&D Center
CONF_2057,P068,Meeting,Testing Acceptance,2025-11-11 10:45,2025-11-11 11:45,2025-11-11 11:14,2025-11-11 11:35,2025-11-11 11:14,2025-11-11 11:35,21.0,full overlap,Low,Client Reception,Conference Room B
CONF_2058,P069,Design Review,Brainstorming,2025-11-06 08:15,2025-11-06 09:15,2025-11-06 08:45,2025-11-06 09:45,2025-11-06 08:45,2025-11-06 09:15,30.0,partial overlap,Medium,Client Reception,Remote
CONF_2059,P069,Code Review,Client Visit,2025-11-11 17:45,2025-11-11 18:30,2025-11-11 18:15,2025-11-11 18:45,2025-11-11 18:15,2025-11-11 18:30,15.0,partial overlap,Low,Training Room,R&D Center
CONF_2060,P069,Brainstorming,Team Building,2025-11-11 08:00,2025-11-11 08:45,2025-11-11 08:00,2025-11-11 09:00,2025-11-11 08:00,2025-11-11 08:45,45.0,full overlap,Medium,Product Showcase,R&D Center
CONF_2061,P069,Testing Acceptance,Client Visit,2025-11-12 16:30,2025-11-12 17:30,2025-11-12 15:45,2025-11-12 16:45,2025-11-12 16:30,2025-11-12 16:45,15.0,partial overlap,Low,Office Area 2,R&D Center
CONF_2062,P069,Testing Acceptance,Tech Sharing,2025-11-12 16:30,2025-11-12 17:30,2025-11-12 16:47,2025-11-12 17:32,2025-11-12 16:47,2025-11-12 17:30,43.0,partial overlap,Medium,Office Area 2,Remote
CONF_2063,P069,Testing Acceptance,Meeting,2025-11-12 16:30,2025-11-12 17:30,2025-11-12 16:26,2025-11-12 17:13,2025-11-12 16:30,2025-11-12 17:13,43.0,partial overlap,Medium,Office Area 2,R&D Center
CONF_2064,P069,Client Visit,Deployment,2025-11-12 15:45,2025-11-12 16:45,2025-11-12 15:30,2025-11-12 16:15,2025-11-12 15:45,2025-11-12 16:15,30.0,partial overlap,Medium,R&D Center,Conference Room B
CONF_2065,P069,Client Visit,Operations Check,2025-11-12 15:45,2025-11-12 16:45,2025-11-12 15:58,2025-11-12 16:26,2025-11-12 15:58,2025-11-12 16:26,28.0,full overlap,Low,R&D Center,R&D Center
CONF_2066,P069,Client Visit,Meeting,2025-11-12 15:45,2025-11-12 16:45,2025-11-12 16:26,2025-11-12 17:13,2025-11-12 16:26,2025-11-12 16:45,19.0,partial overlap,Low,R&D Center,R&D Center
CONF_2067,P069,Deployment,Operations Check,2025-11-12 15:30,2025-11-12 16:15,2025-11-12 15:58,2025-11-12 16:26,2025-11-12 15:58,2025-11-12 16:15,17.0,partial overlap,Low,Conference Room B,R&D Center
CONF_2068,P069,Testing Acceptance,Client Visit,2025-11-17 10:00,2025-11-17 10:45,2025-11-17 09:45,2025-11-17 10:30,2025-11-17 10:00,2025-11-17 10:30,30.0,partial overlap,Medium,Office Area 2,Break Room
CONF_2069,P069,Brainstorming,Brainstorming,2025-11-16 09:00,2025-11-16 09:45,2025-11-16 09:15,2025-11-16 09:45,2025-11-16 09:15,2025-11-16 09:45,30.0,full overlap,Medium,Online Meeting,Remote
CONF_2070,P070,Tech Sharing,Client Visit,2025-11-08 09:30,2025-11-08 10:30,2025-11-08 09:15,2025-11-08 09:45,2025-11-08 09:30,2025-11-08 09:45,15.0,partial overlap,Low,Office Area 1,Remote
CONF_2071,P070,Requirements Analysis,Product Demo,2025-11-11 18:00,2025-11-11 19:00,2025-11-11 17:45,2025-11-11 18:30,2025-11-11 18:00,2025-11-11 18:30,30.0,partial overlap,Medium,Break Room,Online Meeting
CONF_2072,P070,One-on-One,Brainstorming,2025-11-10 11:15,2025-11-10 12:15,2025-11-10 11:41,2025-11-10 12:29,2025-11-10 11:41,2025-11-10 12:15,34.0,partial overlap,Medium,Office Area 1,Break Room
CONF_2073,P070,Code Review,Design Review,2025-11-05 13:45,2025-11-05 14:30,2025-11-05 14:01,2025-11-05 14:42,2025-11-05 14:01,2025-11-05 14:30,29.0,partial overlap,Low,Conference Room B,Office Area 2
CONF_2074,P070,Operations Check,Deployment,2025-11-12 13:30,2025-11-12 14:00,2025-11-12 13:45,2025-11-12 14:15,2025-11-12 13:45,2025-11-12 14:00,15.0,partial overlap,Low,Conference Room A,Conference Room C
CONF_2075,P070,Tech Sharing,Meeting,2025-11-12 10:30,2025-11-12 11:15,2025-11-12 10:00,2025-11-12 11:00,2025-11-12 10:30,2025-11-12 11:00,30.0,partial overlap,Medium,Break Room,Training Room
CONF_2076,P070,One-on-One,Tech Sharing,2025-11-10 13:00,2025-11-10 13:45,2025-11-10 13:15,2025-11-10 14:15,2025-11-10 13:15,2025-11-10 13:45,30.0,partial overlap,Medium,Conference Room B,Test Lab
CONF_2077,P070,Client Visit,Code Review,2025-11-14 17:45,2025-11-14 18:30,2025-11-14 18:00,2025-11-14 18:15,2025-11-14 18:00,2025-11-14 18:15,15.0,full overlap,Low,Conference Room C,Client Reception
CONF_2078,P070,Meeting,Requirements Analysis,2025-11-09 08:15,2025-11-09 09:15,2025-11-09 08:28,2025-11-09 09:22,2025-11-09 08:28,2025-11-09 09:15,47.0,partial overlap,Medium,Test Lab,R&D Center
CONF_2079,P070,Deployment,Team Building,2025-11-15 15:30,2025-11-15 16:15,2025-11-15 15:15,2025-11-15 15:45,2025-11-15 15:30,2025-11-15 15:45,15.0,partial overlap,Low,R&D Center,Office Area 1
CONF_2080,P071,Operations Check,Design Review,2025-11-07 08:00,2025-11-07 08:30,2025-11-07 08:19,2025-11-07 08:38,2025-11-07 08:19,2025-11-07 08:30,11.0,partial overlap,Low,Online Meeting,Online Meeting
CONF_2081,P071,Tech Sharing,Product Demo,2025-11-10 13:30,2025-11-10 14:00,2025-11-10 13:00,2025-11-10 14:00,2025-11-10 13:30,2025-11-10 14:00,30.0,full overlap,Medium,Conference Room A,Test Lab
CONF_2082,P071,Tech Sharing,Requirements Analysis,2025-11-10 13:30,2025-11-10 14:00,2025-11-10 13:55,2025-11-10 14:34,2025-11-10 13:55,2025-11-10 14:00,5.0,partial overlap,Low,Conference Room A,Client Reception
CONF_2083,P071,Project Discussion,Training,2025-11-10 09:45,2025-11-10 10:30,2025-11-10 10:15,2025-11-10 11:15,2025-11-10 10:15,2025-11-10 10:30,15.0,partial overlap,Low,Office Area 2,Cafe
CONF_2084,P071,Brainstorming,Operations Check,2025-11-11 16:00,2025-11-11 16:45,2025-11-11 16:30,2025-11-11 17:00,2025-11-11 16:30,2025-11-11 16:45,15.0,partial overlap,Low,Online Meeting,Training Room
CONF_2085,P071,Product Demo,Requirements Analysis,2025-11-10 13:00,2025-11-10 14:00,2025-11-10 13:55,2025-11-10 14:34,2025-11-10 13:55,2025-11-10 14:00,5.0,partial overlap,Low,Test Lab,Client Reception
CONF_2086,P071,Requirements Analysis,Deployment,2025-11-14 17:45,2025-11-14 18:45,2025-11-14 18:00,2025-11-14 18:15,2025-11-14 18:00,2025-11-14 18:15,15.0,full overlap,Low,Client Reception,Conference Room C
CONF_2087,P071,Code Review,Product Demo,2025-11-16 13:30,2025-11-16 14:00,2025-11-16 13:38,2025-11-16 14:11,2025-11-16 13:38,2025-11-16 14:00,22.0,partial overlap,Low,R&D Center,Demo Hall
CONF_2088,P072,Team Building,Project Discussion,2025-11-11 10:30,2025-11-11 11:00,2025-11-11 10:15,2025-11-11 11:00,2025-11-11 10:30,2025-11-11 11:00,30.0,full overlap,Medium,Conference Room B,Remote
CONF_2089,P072,Meeting,Operations Check,2025-11-12 10:15,2025-11-12 11:00,2025-11-12 10:30,2025-11-12 11:00,2025-11-12 10:30,2025-11-12 11:00,30.0,full overlap,Medium,Conference Room A,Office Area 2
CONF_2090,P072,Meeting,Deployment,2025-11-12 10:15,2025-11-12 11:00,2025-11-12 10:45,2025-11-12 11:30,2025-11-12 10:45,2025-11-12 11:00,15.0,partial overlap,Low,Conference Room A,R&D Center
CONF_2091,P072,Operations Check,Brainstorming,2025-11-13 10:00,2025-11-13 10:45,2025-11-13 09:52,2025-11-13 10:30,2025-11-13 10:00,2025-11-13 10:30,30.0,partial overlap,Medium,Conference Room A,R&D Center
CONF_2092,P072,Operations Check,Training,2025-11-15 16:45,2025-11-15 17:45,2025-11-15 17:15,2025-11-15 17:30,2025-11-15 17:15,2025-11-15 17:30,15.0,full overlap,Low,Test Lab,R&D Center
CONF_2093,P072,One-on-One,Code Review,2025-11-13 15:00,2025-11-13 15:45,2025-11-13 15:28,2025-11-13 15:53,2025-11-13 15:28,2025-11-13 15:45,17.0,partial overlap,Low,Demo Hall,Cafe
CONF_2094,P072,Requirements Analysis,Team Building,2025-11-16 08:00,2025-11-16 09:00,2025-11-16 08:30,2025-11-16 08:45,2025-11-16 08:30,2025-11-16 08:45,15.0,full overlap,Low,Office Area 1,Test Lab
CONF_2095,P073,Product Demo,Testing Acceptance,2025-11-05 15:45,2025-11-05 16:15,2025-11-05 15:30,2025-11-05 16:30,2025-11-05 15:45,2025-11-05 16:15,30.0,full overlap,Medium,Demo Hall,Product Showcase
CONF_2096,P073,Product Demo,Testing Acceptance,2025-11-09 08:00,2025-11-09 08:45,2025-11-09 08:00,2025-11-09 08:30,2025-11-09 08:00,2025-11-09 08:30,30.0,full overlap,Medium,Demo Hall,Online Meeting
CONF_2097,P073,Operations Check,Product Demo,2025-11-08 13:30,2025-11-08 14:15,2025-11-08 13:59,2025-11-08 14:28,2025-11-08 13:59,2025-11-08 14:15,16.0,partial overlap,Low,Cafe,Office Area 2
CONF_2098,P073,Training,Operations Check,2025-11-08 09:00,2025-11-08 10:00,2025-11-08 09:15,2025-11-08 10:00,2025-11-08 09:15,2025-11-08 10:00,45.0,full overlap,Medium,R&D Center,Cafe
CONF_2099,P073,Tech Sharing,Meeting,2025-11-13 15:45,2025-11-13 16:15,2025-11-13 15:52,2025-11-13 16:35,2025-11-13 15:52,2025-11-13 16:15,23.0,partial overlap,Low,Training Room,Test Lab
CONF_2100,P073,Operations Check,Brainstorming,2025-11-14 09:00,2025-11-14 10:00,2025-11-14 09:00,2025-11-14 09:15,2025-11-14 09:00,2025-11-14 09:15,15.0,full overlap,Low,Office Area 2,Conference Room A
CONF_2101,P073,Design Review,Project Discussion,2025-11-11 17:00,2025-11-11 17:30,2025-11-11 17:13,2025-11-11 17:56,2025-11-11 17:13,2025-11-11 17:30,17.0,partial overlap,Low,Online Meeting,Test Lab
CONF_2102,P073,One-on-One,Deployment,2025-11-13 09:15,2025-11-13 10:00,2025-11-13 09:00,2025-11-13 09:30,2025-11-13 09:15,2025-11-13 09:30,15.0,partial overlap,Low,Office Area 1,Product Showcase
CONF_2103,P073,One-on-One,Project Discussion,2025-11-11 17:30,2025-11-11 18:00,2025-11-11 17:13,2025-11-11 17:56,2025-11-11 17:30,2025-11-11 17:56,26.0,partial overlap,Low,Conference Room A,Test Lab
CONF_2104,P073,Deployment,Testing Acceptance,2025-11-17 15:00,2025-11-17 15:45,2025-11-17 14:30,2025-11-17 15:15,2025-11-17 15:00,2025-11-17 15:15,15.0,partial overlap,Low,Conference Room A,Online Meeting
CONF_2105,P074,Client Visit,Project Discussion,2025-11-06 14:00,2025-11-06 15:00,2025-11-06 14:30,2025-11-06 15:00,2025-11-06 14:30,2025-11-06 15:00,30.0,full overlap,Medium,Test Lab,Office Area 2
CONF_2106,P074,Requirements Analysis,One-on-One,2025-11-08 15:15,2025-11-08 16:15,2025-11-08 15:15,2025-11-08 16:15,2025-11-08 15:15,2025-11-08 16:15,60.0,full overlap,High,Demo Hall,Training Room
CONF_2107,P074,Requirements Analysis,Meeting,2025-11-08 15:15,2025-11-08 16:15,2025-11-08 15:35,2025-11-08 16:13,2025-11-08 15:35,2025-11-08 16:13,38.0,full overlap,Medium,Demo Hall,Online Meeting
CONF_2108,P074,Testing Acceptance,Client Visit,2025-11-07 08:45,2025-11-07 09:45,2025-11-07 08:59,2025-11-07 09:14,2025-11-07 08:59,2025-11-07 09:14,15.0,full overlap,Low,Test Lab,Cafe
CONF_2109,P074,Project Discussion,Deployment,2025-11-08 09:30,2025-11-08 10:30,2025-11-08 09:35,2025-11-08 10:11,2025-11-08 09:35,2025-11-08 10:11,36.0,full overlap,Medium,Demo Hall,Conference Room C
CONF_2110,P074,Deployment,Client Visit,2025-11-07 15:45,2025-11-07 16:30,2025-11-07 15:51,2025-11-07 16:20,2025-11-07 15:51,2025-11-07 16:20,29.0,full overlap,Low,Demo Hall,R&D Center
CONF_2111,P074,One-on-One,Meeting,2025-11-08 15:15,2025-11-08 16:15,2025-11-08 15:35,2025-11-08 16:13,2025-11-08 15:35,2025-11-08 16:13,38.0,full overlap,Medium,Training Room,Online Meeting
CONF_2112,P074,Client Visit,Requirements Analysis,2025-11-13 14:00,2025-11-13 14:30,2025-11-13 14:00,2025-11-13 14:15,2025-11-13 14:00,2025-11-13 14:15,15.0,full overlap,Low,Remote,Client Reception
CONF_2113,P074,Team Building,Design Review,2025-11-14 17:15,2025-11-14 17:45,2025-11-14 16:35,2025-11-14 17:26,2025-11-14 17:15,2025-11-14 17:26,11.0,partial overlap,Low,Conference Room C,Product Showcase
CONF_2114,P074,Requirements Analysis,Operations Check,2025-11-11 18:30,2025-11-11 19:30,2025-11-11 18:15,2025-11-11 19:00,2025-11-11 18:30,2025-11-11 19:00,30.0,partial overlap,Medium,Office Area 1,Office Area 1
CONF_2115,P075,Team Building,Team Building,2025-11-08 13:45,2025-11-08 14:30,2025-11-08 14:11,2025-11-08 14:34,2025-11-08 14:11,2025-11-08 14:30,19.0,partial overlap,Low,Product Showcase,Remote
CONF_2116,P075,Operations Check,Brainstorming,2025-11-13 12:45,2025-11-13 13:45,2025-11-13 12:45,2025-11-13 13:30,2025-11-13 12:45,2025-11-13 13:30,45.0,full overlap,Medium,Training Room,Office Area 1
CONF_2117,P075,Meeting,Deployment,2025-11-14 08:00,2025-11-14 09:00,2025-11-14 08:00,2025-11-14 09:00,2025-11-14 08:00,2025-11-14 09:00,60.0,full overlap,High,Office Area 1,Training Room
CONF_2118,P075,Meeting,One-on-One,2025-11-14 16:00,2025-11-14 16:30,2025-11-14 15:45,2025-11-14 16:45,2025-11-14 16:00,2025-11-14 16:30,30.0,full overlap,Medium,Office Area 2,Online Meeting
CONF_2119,P075,One-on-One,Client Visit,2025-11-15 17:45,2025-11-15 18:30,2025-11-15 17:15,2025-11-15 18:00,2025-11-15 17:45,2025-11-15 18:00,15.0,partial overlap,Low,Demo Hall,Online Meeting
CONF_2120,P075,Tech Sharing,Design Review,2025-11-16 10:30,2025-11-16 11:15,2025-11-16 10:30,2025-11-16 10:45,2025-11-16 10:30,2025-11-16 10:45,15.0,full overlap,Low,Remote,Conference Room A
CONF_2121,P076,Project Discussion,Team Building,2025-11-11 13:00,2025-11-11 14:00,2025-11-11 13:25,2025-11-11 14:03,2025-11-11 13:25,2025-11-11 14:00,35.0,partial overlap,Medium,Conference Room B,Office Area 1
CONF_2122,P076,Design Review,One-on-One,2025-11-08 08:45,2025-11-08 09:30,2025-11-08 09:15,2025-11-08 10:00,2025-11-08 09:15,2025-11-08 09:30,15.0,partial overlap,Low,Online Meeting,R&D Center
CONF_2123,P076,Design Review,Brainstorming,2025-11-08 08:45,2025-11-08 09:30,2025-11-08 09:03,2025-11-08 09:44,2025-11-08 09:03,2025-11-08 09:30,27.0,partial overlap,Low,Online Meeting,Conference Room B
CONF_2124,P076,Operations Check,One-on-One,2025-11-13 14:15,2025-11-13 15:15,2025-11-13 14:45,2025-11-13 15:21,2025-11-13 14:45,2025-11-13 15:15,30.0,partial overlap,Medium,Conference Room C,Demo Hall
CONF_2125,P076,Brainstorming,Testing Acceptance,2025-11-09 12:15,2025-11-09 13:15,2025-11-09 12:30,2025-11-09 13:30,2025-11-09 12:30,2025-11-09 13:15,45.0,partial overlap,Medium,Demo Hall,Remote
CONF_2126,P076,Brainstorming,Requirements Analysis,2025-11-09 12:15,2025-11-09 13:15,2025-11-09 12:40,2025-11-09 13:38,2025-11-09 12:40,2025-11-09 13:15,35.0,partial overlap,Medium,Demo Hall,Break Room
CONF_2127,P076,One-on-One,Brainstorming,2025-11-08 09:15,2025-11-08 10:00,2025-11-08 09:03,2025-11-08 09:44,2025-11-08 09:15,2025-11-08 09:44,29.0,partial overlap,Low,R&D Center,Conference Room B
CONF_2128,P076,Requirements Analysis,Requirements Analysis,2025-11-12 09:30,2025-11-12 10:15,2025-11-12 09:43,2025-11-12 10:34,2025-11-12 09:43,2025-11-12 10:15,32.0,partial overlap,Medium,Client Reception,Conference Room A
CONF_2129,P076,Testing Acceptance,Requirements Analysis,2025-11-09 12:30,2025-11-09 13:30,2025-11-09 12:40,2025-11-09 13:38,2025-11-09 12:40,2025-11-09 13:30,50.0,partial overlap,Medium,Remote,Break Room
CONF_2130,P077,Meeting,One-on-One,2025-11-11 15:00,2025-11-11 16:00,2025-11-11 15:45,2025-11-11 16:30,2025-11-11 15:45,2025-11-11 16:00,15.0,partial overlap,Low,Office Area 2,R&D Center
CONF_2131,P077,Requirements Analysis,One-on-One,2025-11-11 16:15,2025-11-11 17:00,2025-11-11 15:45,2025-11-11 16:30,2025-11-11 16:15,2025-11-11 16:30,15.0,partial overlap,Low,Online Meeting,R&D Center
CONF_2132,P077,Product Demo,Meeting,2025-11-15 18:45,2025-11-15 19:15,2025-11-15 19:05,2025-11-15 19:57,2025-11-15 19:05,2025-11-15 19:15,10.0,partial overlap,Low,Office Area 1,Conference Room B
CONF_2133,P077,Operations Check,Design Review,2025-11-16 10:00,2025-11-16 11:00,2025-11-16 10:30,2025-11-16 11:00,2025-11-16 10:30,2025-11-16 11:00,30.0,full overlap,Medium,Online Meeting,Office Area 2
CONF_2134,P077,Operations Check,Product Demo,2025-11-16 10:00,2025-11-16 11:00,2025-11-16 10:30,2025-11-16 10:45,2025-11-16 10:30,2025-11-16 10:45,15.0,full overlap,Low,Online Meeting,Office Area 1
CONF_2135,P077,Operations Check,Testing Acceptance,2025-11-16 10:00,2025-11-16 11:00,2025-11-16 10:00,2025-11-16 10:45,2025-11-16 10:00,2025-11-16 10:45,45.0,full overlap,Medium,Online Meeting,Cafe
CONF_2136,P077,Design Review,Product Demo,2025-11-16 10:30,2025-11-16 11:00,2025-11-16 10:30,2025-11-16 10:45,2025-11-16 10:30,2025-11-16 10:45,15.0,full overlap,Low,Office Area 2,Office Area 1
CONF_2137,P077,Design Review,Testing Acceptance,2025-11-16 10:30,2025-11-16 11:00,2025-11-16 10:00,2025-11-16 10:45,2025-11-16 10:30,2025-11-16 10:45,15.0,partial overlap,Low,Office Area 2,Cafe
CONF_2138,P077,Training,Meeting,2025-11-14 09:00,2025-11-14 10:00,2025-11-14 09:16,2025-11-14 09:50,2025-11-14 09:16,2025-11-14 09:50,34.0,full overlap,Medium,Test Lab,Remote
CONF_2139,P078,Meeting,Product Demo,2025-11-09 12:30,2025-11-09 13:30,2025-11-09 13:15,2025-11-09 14:00,2025-11-09 13:15,2025-11-09 13:30,15.0,partial overlap,Low,Product Showcase,Office Area 2
CONF_2140,P078,Project Discussion,Tech Sharing,2025-11-12 16:15,2025-11-12 17:15,2025-11-12 15:45,2025-11-12 16:30,2025-11-12 16:15,2025-11-12 16:30,15.0,partial overlap,Low,Break Room,Online Meeting
CONF_2141,P078,One-on-One,One-on-One,2025-11-12 12:45,2025-11-12 13:45,2025-11-12 12:45,2025-11-12 13:15,2025-11-12 12:45,2025-11-12 13:15,30.0,full overlap,Medium,Conference Room C,Online Meeting
CONF_2142,P078,Requirements Analysis,Testing Acceptance,2025-11-08 15:15,2025-11-08 16:15,2025-11-08 15:36,2025-11-08 16:09,2025-11-08 15:36,2025-11-08 16:09,33.0,full overlap,Medium,Break Room,Training Room
CONF_2143,P078,Team Building,Operations Check,2025-11-11 13:45,2025-11-11 14:15,2025-11-11 13:55,2025-11-11 14:26,2025-11-11 13:55,2025-11-11 14:15,20.0,partial overlap,Low,Conference Room C,R&D Center
CONF_2144,P078,Requirements Analysis,Deployment,2025-11-16 15:30,2025-11-16 16:15,2025-11-16 15:45,2025-11-16 16:00,2025-11-16 15:45,2025-11-16 16:00,15.0,full overlap,Low,Product Showcase,Training Room
CONF_2145,P078,Requirements Analysis,Requirements Analysis,2025-11-16 15:30,2025-11-16 16:15,2025-11-16 16:00,2025-11-16 16:45,2025-11-16 16:00,2025-11-16 16:15,15.0,partial overlap,Low,Product Showcase,Product Showcase
CONF_2146,P079,Requirements Analysis,Brainstorming,2025-11-06 16:15,2025-11-06 17:15,2025-11-06 16:45,2025-11-06 17:30,2025-11-06 16:45,2025-11-06 17:15,30.0,partial overlap,Medium,Conference Room C,Conference Room A
CONF_2147,P079,Tech Sharing,Design Review,2025-11-05 13:30,2025-11-05 14:00,2025-11-05 13:37,2025-11-05 14:30,2025-11-05 13:37,2025-11-05 14:00,23.0,partial overlap,Low,Cafe,Demo Hall
CONF_2148,P079,Requirements Analysis,Training,2025-11-13 15:15,2025-11-13 16:15,2025-11-13 15:15,2025-11-13 16:00,2025-11-13 15:15,2025-11-13 16:00,45.0,full overlap,Medium,Remote,Test Lab
CONF_2149,P079,Requirements Analysis,Operations Check,2025-11-13 15:15,2025-11-13 16:15,2025-11-13 16:00,2025-11-13 16:45,2025-11-13 16:00,2025-11-13 16:15,15.0,partial overlap,Low,Remote,Remote
CONF_2150,P079,Tech Sharing,Design Review,2025-11-10 16:30,2025-11-10 17:15,2025-11-10 16:00,2025-11-10 16:45,2025-11-10 16:30,2025-11-10 16:45,15.0,partial overlap,Low,Conference Room A,Cafe
CONF_2151,P079,One-on-One,Team Building,2025-11-16 14:30,2025-11-16 15:15,2025-11-16 14:45,2025-11-16 15:30,2025-11-16 14:45,2025-11-16 15:15,30.0,partial overlap,Medium,Cafe,Break Room
CONF_2152,P079,One-on-One,Training,2025-11-16 14:30,2025-11-16 15:15,2025-11-16 14:15,2025-11-16 14:45,2025-11-16 14:30,2025-11-16 14:45,15.0,partial overlap,Low,Cafe,Office Area 1
CONF_2153,P079,One-on-One,Training,2025-11-16 14:30,2025-11-16 15:15,2025-11-16 14:30,2025-11-16 14:45,2025-11-16 14:30,2025-11-16 14:45,15.0,full overlap,Low,Cafe,Remote
CONF_2154,P079,Product Demo,Deployment,2025-11-13 09:15,2025-11-13 09:45,2025-11-13 09:00,2025-11-13 09:45,2025-11-13 09:15,2025-11-13 09:45,30.0,full overlap,Medium,Test Lab,Online Meeting
CONF_2155,P079,Product Demo,Code Review,2025-11-13 09:15,2025-11-13 09:45,2025-11-13 09:20,2025-11-13 09:47,2025-11-13 09:20,2025-11-13 09:45,25.0,partial overlap,Low,Test Lab,Training Room
CONF_2156,P079,Product Demo,One-on-One,2025-11-15 12:30,2025-11-15 13:15,2025-11-15 12:30,2025-11-15 13:00,2025-11-15 12:30,2025-11-15 13:00,30.0,full overlap,Medium,Product Showcase,Conference Room A
CONF_2157,P079,One-on-One,One-on-One,2025-11-17 11:00,2025-11-17 11:45,2025-11-17 11:30,2025-11-17 12:15,2025-11-17 11:30,2025-11-17 11:45,15.0,partial overlap,Low,Conference Room C,Conference Room B
CONF_2158,P080,Meeting,Operations Check,2025-11-07 17:00,2025-11-07 17:45,2025-11-07 16:30,2025-11-07 17:15,2025-11-07 17:00,2025-11-07 17:15,15.0,partial overlap,Low,Test Lab,R&D Center
CONF_2159,P080,Design Review,Product Demo,2025-11-05 13:00,2025-11-05 13:30,2025-11-05 13:16,2025-11-05 13:42,2025-11-05 13:16,2025-11-05 13:30,14.0,partial overlap,Low,Product Showcase,Conference Room A
CONF_2160,P080,Team Building,Testing Acceptance,2025-11-07 11:30,2025-11-07 12:30,2025-11-07 12:15,2025-11-07 13:15,2025-11-07 12:15,2025-11-07 12:30,15.0,partial overlap,Low,Client Reception,Break Room
CONF_2161,P080,Team Building,Meeting,2025-11-07 11:30,2025-11-07 12:30,2025-11-07 12:25,2025-11-07 12:51,2025-11-07 12:25,2025-11-07 12:30,5.0,partial overlap,Low,Client Reception,Product Showcase
CONF_2162,P080,Requirements Analysis,Deployment,2025-11-10 15:45,2025-11-10 16:15,2025-11-10 15:15,2025-11-10 16:15,2025-11-10 15:45,2025-11-10 16:15,30.0,full overlap,Medium,R&D Center,Test Lab
CONF_2163,P080,Requirements Analysis,Design Review,2025-11-10 15:45,2025-11-10 16:15,2025-11-10 16:07,2025-11-10 16:24,2025-11-10 16:07,2025-11-10 16:15,8.0,partial overlap,Low,R&D Center,Product Showcase
CONF_2164,P080,Deployment,Testing Acceptance,2025-11-12 14:00,2025-11-12 14:30,2025-11-12 13:30,2025-11-12 14:15,2025-11-12 14:00,2025-11-12 14:15,15.0,partial overlap,Low,R&D Center,Training Room
CONF_2165,P080,Deployment,Requirements Analysis,2025-11-12 14:00,2025-11-12 14:30,2025-11-12 14:11,2025-11-12 15:07,2025-11-12 14:11,2025-11-12 14:30,19.0,partial overlap,Low,R&D Center,Demo Hall
CONF_2166,P080,Testing Acceptance,Meeting,2025-11-07 12:15,2025-11-07 13:15,2025-11-07 12:25,2025-11-07 12:51,2025-11-07 12:25,2025-11-07 12:51,26.0,full overlap,Low,Break Room,Product Showcase
CONF_2167,P080,Requirements Analysis,Deployment,2025-11-07 14:00,2025-11-07 15:00,2025-11-07 14:30,2025-11-07 15:00,2025-11-07 14:30,2025-11-07 15:00,30.0,full overlap,Medium,Office Area 2,Demo Hall
CONF_2168,P080,Requirements Analysis,One-on-One,2025-11-07 14:00,2025-11-07 15:00,2025-11-07 14:36,2025-11-07 15:09,2025-11-07 14:36,2025-11-07 15:00,24.0,partial overlap,Low,Office Area 2,Office Area 1
CONF_2169,P080,Deployment,One-on-One,2025-11-07 14:30,2025-11-07 15:00,2025-11-07 14:36,2025-11-07 15:09,2025-11-07 14:36,2025-11-07 15:00,24.0,partial overlap,Low,Demo Hall,Office Area 1
CONF_2170,P080,Client Visit,Design Review,2025-11-08 17:30,2025-11-08 18:15,2025-11-08 17:50,2025-11-08 18:11,2025-11-08 17:50,2025-11-08 18:11,21.0,full overlap,Low,Office Area 1,Office Area 1
CONF_2171,P080,Testing Acceptance,Requirements Analysis,2025-11-12 13:30,2025-11-12 14:15,2025-11-12 14:11,2025-11-12 15:07,2025-11-12 14:11,2025-11-12 14:15,4.0,partial overlap,Low,Training Room,Demo Hall
CONF_2172,P080,Deployment,Design Review,2025-11-10 15:15,2025-11-10 16:15,2025-11-10 16:07,2025-11-10 16:24,2025-11-10 16:07,2025-11-10 16:15,8.0,partial overlap,Low,Test Lab,Product Showcase
CONF_2173,P080,Code Review,Training,2025-11-17 16:45,2025-11-17 17:30,2025-11-17 17:00,2025-11-17 17:15,2025-11-17 17:00,2025-11-17 17:15,15.0,full overlap,Low,Training Room,Client Reception
CONF_2174,P080,Code Review,Requirements Analysis,2025-11-14 08:00,2025-11-14 08:30,2025-11-14 08:15,2025-11-14 08:52,2025-11-14 08:15,2025-11-14 08:30,15.0,partial overlap,Low,Conference Room A,Online Meeting
CONF_2175,P081,Requirements Analysis,Design Review,2025-11-04 17:45,2025-11-04 18:30,2025-11-04 17:59,2025-11-04 18:46,2025-11-04 17:59,2025-11-04 18:30,31.0,partial overlap,Medium,Conference Room B,Client Reception
CONF_2176,P081,Requirements Analysis,Team Building,2025-11-04 17:45,2025-11-04 18:30,2025-11-04 17:58,2025-11-04 18:31,2025-11-04 17:58,2025-11-04 18:30,32.0,partial overlap,Medium,Conference Room B,Demo Hall
CONF_2177,P081,Requirements Analysis,Client Visit,2025-11-04 17:45,2025-11-04 18:30,2025-11-04 18:14,2025-11-04 18:37,2025-11-04 18:14,2025-11-04 18:30,16.0,partial overlap,Low,Conference Room B,Conference Room C
CONF_2178,P081,Operations Check,Training,2025-11-06 10:00,2025-11-06 10:45,2025-11-06 09:45,2025-11-06 10:45,2025-11-06 10:00,2025-11-06 10:45,45.0,full overlap,Medium,Test Lab,Product Showcase
CONF_2179,P081,Brainstorming,Deployment,2025-11-08 12:00,2025-11-08 13:00,2025-11-08 12:12,2025-11-08 12:33,2025-11-08 12:12,2025-11-08 12:33,21.0,full overlap,Low,Online Meeting,Training Room
CONF_2180,P081,Brainstorming,Client Visit,2025-11-08 14:15,2025-11-08 15:00,2025-11-08 14:26,2025-11-08 15:04,2025-11-08 14:26,2025-11-08 15:00,34.0,partial overlap,Medium,Test Lab,Client Reception
CONF_2181,P081,Requirements Analysis,Code Review,2025-11-14 10:30,2025-11-14 11:15,2025-11-14 10:15,2025-11-14 10:45,2025-11-14 10:30,2025-11-14 10:45,15.0,partial overlap,Low,Office Area 2,Demo Hall
CONF_2182,P081,Requirements Analysis,Project Discussion,2025-11-14 10:30,2025-11-14 11:15,2025-11-14 10:55,2025-11-14 11:51,2025-11-14 10:55,2025-11-14 11:15,20.0,partial overlap,Low,Office Area 2,Demo Hall
CONF_2183,P081,Requirements Analysis,Product Demo,2025-11-14 10:30,2025-11-14 11:15,2025-11-14 11:00,2025-11-14 11:22,2025-11-14 11:00,2025-11-14 11:15,15.0,partial overlap,Low,Office Area 2,Training Room
CONF_2184,P081,Requirements Analysis,Operations Check,2025-11-14 10:30,2025-11-14 11:15,2025-11-14 10:35,2025-11-14 11:03,2025-11-14 10:35,2025-11-14 11:03,28.0,full overlap,Low,Office Area 2,Office Area 1
CONF_2185,P081,Code Review,Operations Check,2025-11-14 10:15,2025-11-14 10:45,2025-11-14 10:35,2025-11-14 11:03,2025-11-14 10:35,2025-11-14 10:45,10.0,partial overlap,Low,Demo Hall,Office Area 1
CONF_2186,P081,Operations Check,Tech Sharing,2025-11-09 10:30,2025-11-09 11:00,2025-11-09 10:40,2025-11-09 11:08,2025-11-09 10:40,2025-11-09 11:00,20.0,partial overlap,Low,Remote,Demo Hall
CONF_2187,P081,Operations Check,Tech Sharing,2025-11-09 10:30,2025-11-09 11:00,2025-11-09 10:55,2025-11-09 11:17,2025-11-09 10:55,2025-11-09 11:00,5.0,partial overlap,Low,Remote,Conference Room A
CONF_2188,P081,Design Review,Deployment,2025-11-17 09:30,2025-11-17 10:15,2025-11-17 09:45,2025-11-17 10:27,2025-11-17 09:45,2025-11-17 10:15,30.0,partial overlap,Medium,Break Room,Conference Room C
CONF_2189,P081,Design Review,Product Demo,2025-11-17 09:30,2025-11-17 10:15,2025-11-17 09:15,2025-11-17 10:00,2025-11-17 09:30,2025-11-17 10:00,30.0,partial overlap,Medium,Break Room,Office Area 2
CONF_2190,P082,Code Review,Project Discussion,2025-11-04 09:00,2025-11-04 09:30,2025-11-04 09:08,2025-11-04 09:45,2025-11-04 09:08,2025-11-04 09:30,22.0,partial overlap,Low,Break Room,Remote
CONF_2191,P082,Code Review,Project Discussion,2025-11-07 11:45,2025-11-07 12:15,2025-11-07 11:45,2025-11-07 12:30,2025-11-07 11:45,2025-11-07 12:15,30.0,full overlap,Medium,Office Area 2,Break Room
CONF_2192,P082,One-on-One,Operations Check,2025-11-11 17:45,2025-11-11 18:30,2025-11-11 17:55,2025-11-11 18:53,2025-11-11 17:55,2025-11-11 18:30,35.0,partial overlap,Medium,Demo Hall,Client Reception
CONF_2193,P082,Training,Operations Check,2025-11-11 18:45,2025-11-11 19:30,2025-11-11 17:55,2025-11-11 18:53,2025-11-11 18:45,2025-11-11 18:53,8.0,partial overlap,Low,Demo Hall,Client Reception
CONF_2194,P082,Product Demo,Project Discussion,2025-11-10 09:00,2025-11-10 09:30,2025-11-10 09:28,2025-11-10 10:11,2025-11-10 09:28,2025-11-10 09:30,2.0,partial overlap,Low,Demo Hall,Office Area 2
CONF_2195,P082,Team Building,Team Building,2025-11-12 18:15,2025-11-12 19:15,2025-11-12 18:45,2025-11-12 19:30,2025-11-12 18:45,2025-11-12 19:15,30.0,partial overlap,Medium,R&D Center,Conference Room B
CONF_2196,P082,Design Review,Client Visit,2025-11-10 11:45,2025-11-10 12:30,2025-11-10 12:00,2025-11-10 13:00,2025-11-10 12:00,2025-11-10 12:30,30.0,partial overlap,Medium,Conference Room A,Demo Hall
CONF_2197,P082,Design Review,Code Review,2025-11-10 11:45,2025-11-10 12:30,2025-11-10 12:06,2025-11-10 12:35,2025-11-10 12:06,2025-11-10 12:30,24.0,partial overlap,Low,Conference Room A,R&D Center
CONF_2198,P082,Design Review,Brainstorming,2025-11-10 11:45,2025-11-10 12:30,2025-11-10 12:20,2025-11-10 12:45,2025-11-10 12:20,2025-11-10 12:30,10.0,partial overlap,Low,Conference Room A,Conference Room C
CONF_2199,P082,Client Visit,Code Review,2025-11-10 12:00,2025-11-10 13:00,2025-11-10 12:06,2025-11-10 12:35,2025-11-10 12:06,2025-11-10 12:35,29.0,full overlap,Low,Demo Hall,R&D Center
CONF_2200,P082,Client Visit,Brainstorming,2025-11-10 12:00,2025-11-10 13:00,2025-11-10 12:20,2025-11-10 12:45,2025-11-10 12:20,2025-11-10 12:45,25.0,full overlap,Low,Demo Hall,Conference Room C
CONF_2201,P083,One-on-One,Requirements Analysis,2025-11-12 10:45,2025-11-12 11:15,2025-11-12 10:45,2025-11-12 11:45,2025-11-12 10:45,2025-11-12 11:15,30.0,full overlap,Medium,Remote,Break Room
CONF_2202,P083,One-on-One,Code Review,2025-11-12 10:45,2025-11-12 11:15,2025-11-12 10:30,2025-11-12 11:15,2025-11-12 10:45,2025-11-12 11:15,30.0,full overlap,Medium,Remote,Remote
CONF_2203,P083,Requirements Analysis,Code Review,2025-11-12 10:45,2025-11-12 11:45,2025-11-12 10:30,2025-11-12 11:15,2025-11-12 10:45,2025-11-12 11:15,30.0,partial overlap,Medium,Break Room,Remote
CONF_2204,P083,Deployment,Design Review,2025-11-14 18:15,2025-11-14 19:00,2025-11-14 18:45,2025-11-14 19:45,2025-11-14 18:45,2025-11-14 19:00,15.0,partial overlap,Low,Client Reception,Online Meeting
CONF_2205,P083,Deployment,Deployment,2025-11-14 18:15,2025-11-14 19:00,2025-11-14 18:40,2025-11-14 19:28,2025-11-14 18:40,2025-11-14 19:00,20.0,partial overlap,Low,Client Reception,Cafe
CONF_2206,P083,Deployment,Meeting,2025-11-14 18:15,2025-11-14 19:00,2025-11-14 18:58,2025-11-14 19:19,2025-11-14 18:58,2025-11-14 19:00,2.0,partial overlap,Low,Client Reception,Break Room
CONF_2207,P083,Deployment,Code Review,2025-11-14 18:15,2025-11-14 19:00,2025-11-14 18:00,2025-11-14 18:45,2025-11-14 18:15,2025-11-14 18:45,30.0,partial overlap,Medium,Client Reception,Conference Room A
CONF_2208,P083,Tech Sharing,Requirements Analysis,2025-11-12 13:15,2025-11-12 14:15,2025-11-12 13:38,2025-11-12 14:23,2025-11-12 13:38,2025-11-12 14:15,37.0,partial overlap,Medium,Product Showcase,Cafe
CONF_2209,P083,Deployment,Design Review,2025-11-09 11:45,2025-11-09 12:30,2025-11-09 12:15,2025-11-09 13:00,2025-11-09 12:15,2025-11-09 12:30,15.0,partial overlap,Low,Remote,Remote
CONF_2210,P083,Design Review,Deployment,2025-11-14 18:45,2025-11-14 19:45,2025-11-14 18:40,2025-11-14 19:28,2025-11-14 18:45,2025-11-14 19:28,43.0,partial overlap,Medium,Online Meeting,Cafe
CONF_2211,P083,Design Review,Meeting,2025-11-14 18:45,2025-11-14 19:45,2025-11-14 18:58,2025-11-14 19:19,2025-11-14 18:58,2025-11-14 19:19,21.0,full overlap,Low,Online Meeting,Break Room
CONF_2212,P083,Client Visit,Testing Acceptance,2025-11-11 17:15,2025-11-11 17:45,2025-11-11 17:24,2025-11-11 18:03,2025-11-11 17:24,2025-11-11 17:45,21.0,partial overlap,Low,Product Showcase,Online Meeting
CONF_2213,P083,Operations Check,Deployment,2025-11-14 08:45,2025-11-14 09:15,2025-11-14 08:45,2025-11-14 09:00,2025-11-14 08:45,2025-11-14 09:00,15.0,full overlap,Low,R&D Center,Conference Room B
CONF_2214,P083,Meeting,Meeting,2025-11-15 11:30,2025-11-15 12:30,2025-11-15 11:15,2025-11-15 11:45,2025-11-15 11:30,2025-11-15 11:45,15.0,partial overlap,Low,Conference Room B,Test Lab
CONF_2215,P083,Meeting,Training,2025-11-17 15:30,2025-11-17 16:00,2025-11-17 15:42,2025-11-17 16:07,2025-11-17 15:42,2025-11-17 16:00,18.0,partial overlap,Low,Remote,Training Room
CONF_2216,P084,Project Discussion,Operations Check,2025-11-11 16:45,2025-11-11 17:30,2025-11-11 17:14,2025-11-11 17:31,2025-11-11 17:14,2025-11-11 17:30,16.0,partial overlap,Low,Conference Room C,Conference Room A
CONF_2217,P084,Tech Sharing,Deployment,2025-11-06 14:45,2025-11-06 15:30,2025-11-06 15:09,2025-11-06 15:27,2025-11-06 15:09,2025-11-06 15:27,18.0,full overlap,Low,Office Area 2,Online Meeting
CONF_2218,P084,Tech Sharing,Design Review,2025-11-07 09:45,2025-11-07 10:30,2025-11-07 10:06,2025-11-07 10:58,2025-11-07 10:06,2025-11-07 10:30,24.0,partial overlap,Low,Break Room,Conference Room C
CONF_2219,P084,Brainstorming,Team Building,2025-11-13 18:30,2025-11-13 19:00,2025-11-13 18:00,2025-11-13 19:00,2025-11-13 18:30,2025-11-13 19:00,30.0,full overlap,Medium,Cafe,Break Room
CONF_2220,P084,One-on-One,Tech Sharing,2025-11-09 14:30,2025-11-09 15:00,2025-11-09 14:30,2025-11-09 15:30,2025-11-09 14:30,2025-11-09 15:00,30.0,full overlap,Medium,Conference Room A,Break Room
CONF_2221,P084,One-on-One,Testing Acceptance,2025-11-09 13:15,2025-11-09 14:15,2025-11-09 13:30,2025-11-09 14:20,2025-11-09 13:30,2025-11-09 14:15,45.0,partial overlap,Medium,Conference Room C,Test Lab
CONF_2222,P084,Meeting,Tech Sharing,2025-11-17 10:15,2025-11-17 11:00,2025-11-17 10:42,2025-11-17 11:04,2025-11-17 10:42,2025-11-17 11:00,18.0,partial overlap,Low,Demo Hall,Office Area 2
CONF_2223,P084,Tech Sharing,Code Review,2025-11-16 11:30,2025-11-16 12:00,2025-11-16 11:21,2025-11-16 12:16,2025-11-16 11:30,2025-11-16 12:00,30.0,full overlap,Medium,Conference Room C,R&D Center
CONF_2224,P084,Design Review,Code Review,2025-11-16 13:45,2025-11-16 14:45,2025-11-16 14:15,2025-11-16 14:30,2025-11-16 14:15,2025-11-16 14:30,15.0,full overlap,Low,Office Area 1,Client Reception
CONF_2225,P085,Requirements Analysis,Team Building,2025-11-10 10:15,2025-11-10 11:15,2025-11-10 10:00,2025-11-10 11:00,2025-11-10 10:15,2025-11-10 11:00,45.0,partial overlap,Medium,Test Lab,Remote
CONF_2226,P085,Team Building,Operations Check,2025-11-12 14:45,2025-11-12 15:30,2025-11-12 14:45,2025-11-12 15:15,2025-11-12 14:45,2025-11-12 15:15,30.0,full overlap,Medium,R&D Center,Cafe
CONF_2227,P085,Product Demo,Deployment,2025-11-07 14:15,2025-11-07 15:15,2025-11-07 14:15,2025-11-07 15:00,2025-11-07 14:15,2025-11-07 15:00,45.0,full overlap,Medium,Product Showcase,Office Area 1
CONF_2228,P085,Project Discussion,Product Demo,2025-11-13 14:15,2025-11-13 15:00,2025-11-13 14:30,2025-11-13 15:00,2025-11-13 14:30,2025-11-13 15:00,30.0,full overlap,Medium,Test Lab,Office Area 2
CONF_2229,P085,Meeting,Training,2025-11-10 12:45,2025-11-10 13:15,2025-11-10 12:51,2025-11-10 13:14,2025-11-10 12:51,2025-11-10 13:14,23.0,full overlap,Low,Demo Hall,Demo Hall
CONF_2230,P085,Meeting,Code Review,2025-11-10 12:45,2025-11-10 13:15,2025-11-10 13:09,2025-11-10 14:06,2025-11-10 13:09,2025-11-10 13:15,6.0,partial overlap,Low,Demo Hall,Conference Room A
CONF_2231,P085,Testing Acceptance,Design Review,2025-11-13 10:15,2025-11-13 11:00,2025-11-13 10:15,2025-11-13 11:00,2025-11-13 10:15,2025-11-13 11:00,45.0,full overlap,Medium,Office Area 1,Office Area 2
CONF_2232,P085,One-on-One,Code Review,2025-11-11 18:00,2025-11-11 19:00,2025-11-11 17:45,2025-11-11 18:30,2025-11-11 18:00,2025-11-11 18:30,30.0,partial overlap,Medium,Product Showcase,Conference Room B
CONF_2233,P085,One-on-One,Tech Sharing,2025-11-15 15:15,2025-11-15 15:45,2025-11-15 15:15,2025-11-15 15:30,2025-11-15 15:15,2025-11-15 15:30,15.0,full overlap,Low,Conference Room C,Product Showcase
CONF_2234,P085,Operations Check,Requirements Analysis,2025-11-13 15:30,2025-11-13 16:30,2025-11-13 15:45,2025-11-13 16:30,2025-11-13 15:45,2025-11-13 16:30,45.0,full overlap,Medium,Product Showcase,Cafe
CONF_2235,P085,Deployment,Testing Acceptance,2025-11-17 18:00,2025-11-17 18:45,2025-11-17 18:06,2025-11-17 18:25,2025-11-17 18:06,2025-11-17 18:25,19.0,full overlap,Low,Remote,Demo Hall
CONF_2236,P086,Project Discussion,Tech Sharing,2025-11-07 17:30,2025-11-07 18:30,2025-11-07 17:15,2025-11-07 18:00,2025-11-07 17:30,2025-11-07 18:00,30.0,partial overlap,Medium,Demo Hall,Office Area 2
CONF_2237,P086,Deployment,Meeting,2025-11-10 17:30,2025-11-10 18:00,2025-11-10 17:45,2025-11-10 18:45,2025-11-10 17:45,2025-11-10 18:00,15.0,partial overlap,Low,Conference Room B,Demo Hall
CONF_2238,P086,Design Review,Training,2025-11-10 11:15,2025-11-10 12:00,2025-11-10 11:34,2025-11-10 12:13,2025-11-10 11:34,2025-11-10 12:00,26.0,partial overlap,Low,Cafe,Client Reception
CONF_2239,P086,Design Review,Requirements Analysis,2025-11-09 14:30,2025-11-09 15:00,2025-11-09 14:15,2025-11-09 15:00,2025-11-09 14:30,2025-11-09 15:00,30.0,full overlap,Medium,Training Room,Conference Room B
CONF_2240,P086,Tech Sharing,Project Discussion,2025-11-12 12:30,2025-11-12 13:15,2025-11-12 12:30,2025-11-12 13:15,2025-11-12 12:30,2025-11-12 13:15,45.0,full overlap,Medium,Demo Hall,Remote
CONF_2241,P087,Code Review,Meeting,2025-11-12 11:15,2025-11-12 11:45,2025-11-12 10:45,2025-11-12 11:30,2025-11-12 11:15,2025-11-12 11:30,15.0,partial overlap,Low,Test Lab,Demo Hall
CONF_2242,P087,Code Review,Operations Check,2025-11-12 11:15,2025-11-12 11:45,2025-11-12 11:05,2025-11-12 11:55,2025-11-12 11:15,2025-11-12 11:45,30.0,full overlap,Medium,Test Lab,Product Showcase
CONF_2243,P087,Testing Acceptance,One-on-One,2025-11-05 11:00,2025-11-05 12:00,2025-11-05 10:15,2025-11-05 11:15,2025-11-05 11:00,2025-11-05 11:15,15.0,partial overlap,Low,R&D Center,Test Lab
CONF_2244,P087,Testing Acceptance,Testing Acceptance,2025-11-05 11:00,2025-11-05 12:00,2025-11-05 11:17,2025-11-05 12:01,2025-11-05 11:17,2025-11-05 12:00,43.0,partial overlap,Medium,R&D Center,Conference Room A
CONF_2245,P087,Meeting,Operations Check,2025-11-12 10:45,2025-11-12 11:30,2025-11-12 11:05,2025-11-12 11:55,2025-11-12 11:05,2025-11-12 11:30,25.0,partial overlap,Low,Demo Hall,Product Showcase
CONF_2246,P087,Product Demo,Product Demo,2025-11-06 13:00,2025-11-06 14:00,2025-11-06 13:16,2025-11-06 14:07,2025-11-06 13:16,2025-11-06 14:00,44.0,partial overlap,Medium,Client Reception,Conference Room A
CONF_2247,P087,Design Review,Project Discussion,2025-11-14 09:00,2025-11-14 09:45,2025-11-14 09:27,2025-11-14 10:25,2025-11-14 09:27,2025-11-14 09:45,18.0,partial overlap,Low,Test Lab,Conference Room A
CONF_2248,P087,Product Demo,Operations Check,2025-11-13 08:45,2025-11-13 09:15,2025-11-13 09:09,2025-11-13 10:06,2025-11-13 09:09,2025-11-13 09:15,6.0,partial overlap,Low,Office Area 1,Office Area 2
CONF_2249,P087,Meeting,Requirements Analysis,2025-11-14 11:15,2025-11-14 12:15,2025-11-14 11:15,2025-11-14 12:15,2025-11-14 11:15,2025-11-14 12:15,60.0,full overlap,High,Training Room,Demo Hall
CONF_2250,P087,Project Discussion,Product Demo,2025-11-12 12:00,2025-11-12 12:30,2025-11-12 12:27,2025-11-12 12:43,2025-11-12 12:27,2025-11-12 12:30,3.0,partial overlap,Low,Training Room,Online Meeting
CONF_2251,P087,Training,Team Building,2025-11-13 11:15,2025-11-13 12:00,2025-11-13 11:20,2025-11-13 11:40,2025-11-13 11:20,2025-11-13 11:40,20.0,full overlap,Low,Conference Room B,Break Room
CONF_2252,P088,Design Review,Training,2025-11-07 09:30,2025-11-07 10:30,2025-11-07 09:45,2025-11-07 10:45,2025-11-07 09:45,2025-11-07 10:30,45.0,partial overlap,Medium,Break Room,Break Room
CONF_2253,P088,Product Demo,Testing Acceptance,2025-11-11 17:15,2025-11-11 18:15,2025-11-11 16:45,2025-11-11 17:45,2025-11-11 17:15,2025-11-11 17:45,30.0,partial overlap,Medium,Break Room,Conference Room A
CONF_2254,P088,Product Demo,Design Review,2025-11-11 17:15,2025-11-11 18:15,2025-11-11 17:07,2025-11-11 17:52,2025-11-11 17:15,2025-11-11 17:52,37.0,partial overlap,Medium,Break Room,Office Area 2
CONF_2255,P088,Product Demo,Training,2025-11-14 18:00,2025-11-14 18:45,2025-11-14 18:14,2025-11-14 19:07,2025-11-14 18:14,2025-11-14 18:45,31.0,partial overlap,Medium,R&D Center,Test Lab
CONF_2256,P088,Product Demo,Training,2025-11-14 18:00,2025-11-14 18:45,2025-11-14 18:41,2025-11-14 19:12,2025-11-14 18:41,2025-11-14 18:45,4.0,partial overlap,Low,R&D Center,Conference Room C
CONF_2257,P088,Testing Acceptance,Design Review,2025-11-11 16:45,2025-11-11 17:45,2025-11-11 17:07,2025-11-11 17:52,2025-11-11 17:07,2025-11-11 17:45,38.0,partial overlap,Medium,Conference Room A,Office Area 2
CONF_2258,P088,Brainstorming,Requirements Analysis,2025-11-15 09:15,2025-11-15 10:00,2025-11-15 09:45,2025-11-15 10:45,2025-11-15 09:45,2025-11-15 10:00,15.0,partial overlap,Low,Office Area 1,Demo Hall
CONF_2259,P088,Brainstorming,Deployment,2025-11-15 09:15,2025-11-15 10:00,2025-11-15 09:15,2025-11-15 09:45,2025-11-15 09:15,2025-11-15 09:45,30.0,full overlap,Medium,Office Area 1,Training Room
CONF_2260,P088,Brainstorming,One-on-One,2025-11-15 17:15,2025-11-15 18:00,2025-11-15 17:29,2025-11-15 18:01,2025-11-15 17:29,2025-11-15 18:00,31.0,partial overlap,Medium,R&D Center,Conference Room C
CONF_2261,P089,Brainstorming,Testing Acceptance,2025-11-06 18:45,2025-11-06 19:30,2025-11-06 18:45,2025-11-06 19:15,2025-11-06 18:45,2025-11-06 19:15,30.0,full overlap,Medium,Demo Hall,Office Area 1
CONF_2262,P089,Code Review,Testing Acceptance,2025-11-07 10:15,2025-11-07 11:15,2025-11-07 11:00,2025-11-07 11:45,2025-11-07 11:00,2025-11-07 11:15,15.0,partial overlap,Low,R&D Center,R&D Center
CONF_2263,P089,One-on-One,Requirements Analysis,2025-11-06 08:45,2025-11-06 09:30,2025-11-06 08:56,2025-11-06 09:27,2025-11-06 08:56,2025-11-06 09:27,31.0,full overlap,Medium,Break Room,Conference Room C
CONF_2264,P089,Operations Check,Brainstorming,2025-11-10 11:15,2025-11-10 12:00,2025-11-10 11:23,2025-11-10 12:08,2025-11-10 11:23,2025-11-10 12:00,37.0,partial overlap,Medium,Training Room,Conference Room C
CONF_2265,P089,One-on-One,Client Visit,2025-11-09 08:00,2025-11-09 08:30,2025-11-09 08:00,2025-11-09 08:45,2025-11-09 08:00,2025-11-09 08:30,30.0,full overlap,Medium,Demo Hall,Office Area 2
CONF_2266,P089,Tech Sharing,Deployment,2025-11-14 11:30,2025-11-14 12:30,2025-11-14 12:15,2025-11-14 13:15,2025-11-14 12:15,2025-11-14 12:30,15.0,partial overlap,Low,Test Lab,Office Area 1
CONF_2267,P089,Client Visit,Project Discussion,2025-11-13 18:15,2025-11-13 19:15,2025-11-13 18:45,2025-11-13 19:30,2025-11-13 18:45,2025-11-13 19:15,30.0,partial overlap,Medium,Office Area 1,Client Reception
CONF_2268,P089,Brainstorming,Brainstorming,2025-11-10 12:00,2025-11-10 13:00,2025-11-10 11:23,2025-11-10 12:08,2025-11-10 12:00,2025-11-10 12:08,8.0,partial overlap,Low,Conference Room C,Conference Room C
CONF_2269,P089,Requirements Analysis,Design Review,2025-11-15 10:30,2025-11-15 11:30,2025-11-15 10:45,2025-11-15 11:15,2025-11-15 10:45,2025-11-15 11:15,30.0,full overlap,Medium,Conference Room B,Cafe
CONF_2270,P089,Requirements Analysis,Brainstorming,2025-11-12 11:30,2025-11-12 12:15,2025-11-12 11:48,2025-11-12 12:47,2025-11-12 11:48,2025-11-12 12:15,27.0,partial overlap,Low,Demo Hall,Conference Room C
CONF_2271,P089,Testing Acceptance,Team Building,2025-11-17 14:00,2025-11-17 15:00,2025-11-17 14:28,2025-11-17 15:09,2025-11-17 14:28,2025-11-17 15:00,32.0,partial overlap,Medium,Break Room,Online Meeting
CONF_2272,P089,Testing Acceptance,Team Building,2025-11-17 14:00,2025-11-17 15:00,2025-11-17 13:30,2025-11-17 14:15,2025-11-17 14:00,2025-11-17 14:15,15.0,partial overlap,Low,Break Room,Demo Hall
CONF_2273,P090,Training,Meeting,2025-11-06 16:00,2025-11-06 17:00,2025-11-06 15:45,2025-11-06 16:30,2025-11-06 16:00,2025-11-06 16:30,30.0,partial overlap,Medium,Remote,Test Lab
CONF_2274,P090,Training,Project Discussion,2025-11-06 16:00,2025-11-06 17:00,2025-11-06 16:28,2025-11-06 17:22,2025-11-06 16:28,2025-11-06 17:00,32.0,partial overlap,Medium,Remote,Online Meeting
CONF_2275,P090,Client Visit,Deployment,2025-11-11 08:45,2025-11-11 09:15,2025-11-11 08:45,2025-11-11 09:15,2025-11-11 08:45,2025-11-11 09:15,30.0,full overlap,Medium,Office Area 2,Demo Hall
CONF_2276,P090,Testing Acceptance,Product Demo,2025-11-09 14:00,2025-11-09 14:45,2025-11-09 14:15,2025-11-09 14:45,2025-11-09 14:15,2025-11-09 14:45,30.0,full overlap,Medium,Online Meeting,Office Area 1
CONF_2277,P090,Testing Acceptance,Product Demo,2025-11-09 14:00,2025-11-09 14:45,2025-11-09 14:25,2025-11-09 15:22,2025-11-09 14:25,2025-11-09 14:45,20.0,partial overlap,Low,Online Meeting,Training Room
CONF_2278,P090,Brainstorming,Project Discussion,2025-11-08 16:30,2025-11-08 17:00,2025-11-08 16:59,2025-11-08 17:36,2025-11-08 16:59,2025-11-08 17:00,1.0,partial overlap,Low,Product Showcase,Online Meeting
CONF_2279,P090,Deployment,Client Visit,2025-11-13 16:15,2025-11-13 17:00,2025-11-13 16:38,2025-11-13 17:36,2025-11-13 16:38,2025-11-13 17:00,22.0,partial overlap,Low,Product Showcase,Conference Room B
CONF_2280,P090,Meeting,Project Discussion,2025-11-06 15:45,2025-11-06 16:30,2025-11-06 16:28,2025-11-06 17:22,2025-11-06 16:28,2025-11-06 16:30,2.0,partial overlap,Low,Test Lab,Online Meeting
CONF_2281,P090,Product Demo,Product Demo,2025-11-09 14:15,2025-11-09 14:45,2025-11-09 14:25,2025-11-09 15:22,2025-11-09 14:25,2025-11-09 14:45,20.0,partial overlap,Low,Office Area 1,Training Room
CONF_2282,P090,Meeting,Product Demo,2025-11-14 17:00,2025-11-14 18:00,2025-11-14 17:19,2025-11-14 17:42,2025-11-14 17:19,2025-11-14 17:42,23.0,full overlap,Low,Client Reception,Training Room
CONF_2283,P090,Meeting,Design Review,2025-11-14 17:00,2025-11-14 18:00,2025-11-14 16:30,2025-11-14 17:15,2025-11-14 17:00,2025-11-14 17:15,15.0,partial overlap,Low,Client Reception,Conference Room C
CONF_2284,P091,One-on-One,Brainstorming,2025-11-08 16:45,2025-11-08 17:30,2025-11-08 17:00,2025-11-08 17:30,2025-11-08 17:00,2025-11-08 17:30,30.0,full overlap,Medium,Demo Hall,Conference Room B
CONF_2285,P091,One-on-One,Testing Acceptance,2025-11-08 11:30,2025-11-08 12:00,2025-11-08 11:59,2025-11-08 12:46,2025-11-08 11:59,2025-11-08 12:00,1.0,partial overlap,Low,Test Lab,R&D Center
CONF_2286,P091,Team Building,One-on-One,2025-11-11 10:00,2025-11-11 10:45,2025-11-11 10:15,2025-11-11 10:45,2025-11-11 10:15,2025-11-11 10:45,30.0,full overlap,Medium,R&D Center,Demo Hall
CONF_2287,P091,Operations Check,Design Review,2025-11-11 12:30,2025-11-11 13:15,2025-11-11 13:00,2025-11-11 13:45,2025-11-11 13:00,2025-11-11 13:15,15.0,partial overlap,Low,Product Showcase,Break Room
CONF_2288,P091,Operations Check,Requirements Analysis,2025-11-11 12:30,2025-11-11 13:15,2025-11-11 12:45,2025-11-11 13:45,2025-11-11 12:45,2025-11-11 13:15,30.0,partial overlap,Medium,Product Showcase,Training Room
CONF_2289,P091,Deployment,Tech Sharing,2025-11-10 13:45,2025-11-10 14:15,2025-11-10 14:10,2025-11-10 14:59,2025-11-10 14:10,2025-11-10 14:15,5.0,partial overlap,Low,Conference Room B,Cafe
CONF_2290,P091,Brainstorming,Operations Check,2025-11-14 17:45,2025-11-14 18:30,2025-11-14 17:55,2025-11-14 18:31,2025-11-14 17:55,2025-11-14 18:30,35.0,partial overlap,Medium,Office Area 1,Online Meeting
CONF_2291,P091,Team Building,Testing Acceptance,2025-11-08 12:30,2025-11-08 13:00,2025-11-08 11:59,2025-11-08 12:46,2025-11-08 12:30,2025-11-08 12:46,16.0,partial overlap,Low,Training Room,R&D Center
CONF_2292,P091,Training,Training,2025-11-09 17:45,2025-11-09 18:45,2025-11-09 18:10,2025-11-09 19:00,2025-11-09 18:10,2025-11-09 18:45,35.0,partial overlap,Medium,Test Lab,Product Showcase
CONF_2293,P091,Design Review,Requirements Analysis,2025-11-11 13:00,2025-11-11 13:45,2025-11-11 12:45,2025-11-11 13:45,2025-11-11 13:00,2025-11-11 13:45,45.0,full overlap,Medium,Break Room,Training Room
CONF_2294,P091,Requirements Analysis,Deployment,2025-11-16 09:45,2025-11-16 10:15,2025-11-16 10:00,2025-11-16 10:15,2025-11-16 10:00,2025-11-16 10:15,15.0,full overlap,Low,Remote,Client Reception
CONF_2295,P092,Client Visit,Requirements Analysis,2025-11-11 12:30,2025-11-11 13:00,2025-11-11 12:45,2025-11-11 13:15,2025-11-11 12:45,2025-11-11 13:00,15.0,partial overlap,Low,Training Room,Test Lab
CONF_2296,P092,Client Visit,Team Building,2025-11-11 12:30,2025-11-11 13:00,2025-11-11 12:42,2025-11-11 13:07,2025-11-11 12:42,2025-11-11 13:00,18.0,partial overlap,Low,Training Room,Training Room
CONF_2297,P092,Team Building,Product Demo,2025-11-14 10:15,2025-11-14 11:15,2025-11-14 10:00,2025-11-14 10:45,2025-11-14 10:15,2025-11-14 10:45,30.0,partial overlap,Medium,Remote,Conference Room C
CONF_2298,P092,Training,Operations Check,2025-11-15 11:15,2025-11-15 12:00,2025-11-15 10:45,2025-11-15 11:30,2025-11-15 11:15,2025-11-15 11:30,15.0,partial overlap,Low,Online Meeting,Conference Room A
CONF_2299,P092,Requirements Analysis,Team Building,2025-11-11 12:45,2025-11-11 13:15,2025-11-11 12:42,2025-11-11 13:07,2025-11-11 12:45,2025-11-11 13:07,22.0,partial overlap,Low,Test Lab,Training Room
CONF_2300,P093,Deployment,Testing Acceptance,2025-11-08 09:45,2025-11-08 10:15,2025-11-08 09:45,2025-11-08 10:45,2025-11-08 09:45,2025-11-08 10:15,30.0,full overlap,Medium,Client Reception,Office Area 2
CONF_2301,P093,Operations Check,Training,2025-11-12 14:00,2025-11-12 14:45,2025-11-12 14:24,2025-11-12 14:58,2025-11-12 14:24,2025-11-12 14:45,21.0,partial overlap,Low,Product Showcase,Test Lab
CONF_2302,P093,Tech Sharing,Tech Sharing,2025-11-09 14:45,2025-11-09 15:30,2025-11-09 14:30,2025-11-09 15:15,2025-11-09 14:45,2025-11-09 15:15,30.0,partial overlap,Medium,R&D Center,Training Room
CONF_2303,P093,Training,Requirements Analysis,2025-11-09 16:15,2025-11-09 17:15,2025-11-09 17:00,2025-11-09 17:45,2025-11-09 17:00,2025-11-09 17:15,15.0,partial overlap,Low,Product Showcase,Online Meeting
CONF_2304,P093,Training,One-on-One,2025-11-09 16:15,2025-11-09 17:15,2025-11-09 16:45,2025-11-09 17:15,2025-11-09 16:45,2025-11-09 17:15,30.0,full overlap,Medium,Product Showcase,Test Lab
CONF_2305,P093,Requirements Analysis,One-on-One,2025-11-09 17:00,2025-11-09 17:45,2025-11-09 16:45,2025-11-09 17:15,2025-11-09 17:00,2025-11-09 17:15,15.0,partial overlap,Low,Online Meeting,Test Lab
CONF_2306,P093,Testing Acceptance,Training,2025-11-14 17:45,2025-11-14 18:45,2025-11-14 17:51,2025-11-14 18:46,2025-11-14 17:51,2025-11-14 18:45,54.0,partial overlap,Medium,Training Room,Test Lab
CONF_2307,P093,Training,Training,2025-11-13 10:30,2025-11-13 11:30,2025-11-13 10:45,2025-11-13 11:07,2025-11-13 10:45,2025-11-13 11:07,22.0,full overlap,Low,Demo Hall,Online Meeting
CONF_2308,P093,Training,Training,2025-11-13 10:30,2025-11-13 11:30,2025-11-13 11:15,2025-11-13 12:00,2025-11-13 11:15,2025-11-13 11:30,15.0,partial overlap,Low,Demo Hall,Cafe
CONF_2309,P093,Product Demo,Tech Sharing,2025-11-15 12:00,2025-11-15 12:30,2025-11-15 12:00,2025-11-15 12:15,2025-11-15 12:00,2025-11-15 12:15,15.0,full overlap,Low,Conference Room A,Test Lab
CONF_2310,P093,Client Visit,Tech Sharing,2025-11-11 14:30,2025-11-11 15:15,2025-11-11 14:57,2025-11-11 15:23,2025-11-11 14:57,2025-11-11 15:15,18.0,partial overlap,Low,Remote,Conference Room A
CONF_2311,P094,Design Review,Design Review,2025-11-07 13:15,2025-11-07 14:15,2025-11-07 13:00,2025-11-07 14:00,2025-11-07 13:15,2025-11-07 14:00,45.0,partial overlap,Medium,Office Area 1,Client Reception
CONF_2312,P094,Deployment,Team Building,2025-11-10 17:45,2025-11-10 18:30,2025-11-10 17:00,2025-11-10 18:00,2025-11-10 17:45,2025-11-10 18:00,15.0,partial overlap,Low,Cafe,Client Reception
CONF_2313,P094,Product Demo,Brainstorming,2025-11-10 11:45,2025-11-10 12:45,2025-11-10 12:12,2025-11-10 13:10,2025-11-10 12:12,2025-11-10 12:45,33.0,partial overlap,Medium,Office Area 2,Test Lab
CONF_2314,P094,Product Demo,Requirements Analysis,2025-11-10 11:45,2025-11-10 12:45,2025-11-10 12:13,2025-11-10 12:49,2025-11-10 12:13,2025-11-10 12:45,32.0,partial overlap,Medium,Office Area 2,Conference Room B
CONF_2315,P094,Client Visit,One-on-One,2025-11-09 18:15,2025-11-09 18:45,2025-11-09 18:26,2025-11-09 18:55,2025-11-09 18:26,2025-11-09 18:45,19.0,partial overlap,Low,Office Area 2,Remote
CONF_2316,P094,Product Demo,Team Building,2025-11-10 17:00,2025-11-10 17:30,2025-11-10 17:00,2025-11-10 18:00,2025-11-10 17:00,2025-11-10 17:30,30.0,full overlap,Medium,Client Reception,Client Reception
CONF_2317,P094,Tech Sharing,One-on-One,2025-11-13 16:30,2025-11-13 17:30,2025-11-13 16:30,2025-11-13 17:15,2025-11-13 16:30,2025-11-13 17:15,45.0,full overlap,Medium,Product Showcase,Online Meeting
CONF_2318,P094,Testing Acceptance,Design Review,2025-11-14 08:45,2025-11-14 09:15,2025-11-14 08:15,2025-11-14 09:00,2025-11-14 08:45,2025-11-14 09:00,15.0,partial overlap,Low,Demo Hall,Demo Hall
CONF_2319,P094,Testing Acceptance,Requirements Analysis,2025-11-14 08:45,2025-11-14 09:15,2025-11-14 08:45,2025-11-14 09:30,2025-11-14 08:45,2025-11-14 09:15,30.0,full overlap,Medium,Demo Hall,Office Area 2
CONF_2320,P094,Design Review,Operations Check,2025-11-12 13:30,2025-11-12 14:30,2025-11-12 13:57,2025-11-12 14:16,2025-11-12 13:57,2025-11-12 14:16,19.0,full overlap,Low,Cafe,Test Lab
CONF_2321,P094,Client Visit,One-on-One,2025-11-15 09:00,2025-11-15 10:00,2025-11-15 09:05,2025-11-15 09:25,2025-11-15 09:05,2025-11-15 09:25,20.0,full overlap,Low,Office Area 1,Product Showcase
CONF_2322,P094,Design Review,Client Visit,2025-11-08 17:00,2025-11-08 17:30,2025-11-08 17:11,2025-11-08 17:26,2025-11-08 17:11,2025-11-08 17:26,15.0,full overlap,Low,Online Meeting,Conference Room C
CONF_2323,P094,Design Review,Product Demo,2025-11-08 17:00,2025-11-08 17:30,2025-11-08 17:23,2025-11-08 18:23,2025-11-08 17:23,2025-11-08 17:30,7.0,partial overlap,Low,Online Meeting,Office Area 2
CONF_2324,P094,Project Discussion,Code Review,2025-11-16 10:00,2025-11-16 10:45,2025-11-16 10:15,2025-11-16 10:45,2025-11-16 10:15,2025-11-16 10:45,30.0,full overlap,Medium,Demo Hall,Training Room
CONF_2325,P094,Project Discussion,Tech Sharing,2025-11-13 11:00,2025-11-13 11:45,2025-11-13 11:12,2025-11-13 11:47,2025-11-13 11:12,2025-11-13 11:45,33.0,partial overlap,Medium,Client Reception,Conference Room B
CONF_2326,P094,Training,Project Discussion,2025-11-12 18:00,2025-11-12 19:00,2025-11-12 18:00,2025-11-12 18:30,2025-11-12 18:00,2025-11-12 18:30,30.0,full overlap,Medium,Demo Hall,R&D Center
CONF_2327,P095,Testing Acceptance,Tech Sharing,2025-11-07 11:00,2025-11-07 11:45,2025-11-07 10:30,2025-11-07 11:15,2025-11-07 11:00,2025-11-07 11:15,15.0,partial overlap,Low,Online Meeting,Product Showcase
CONF_2328,P095,Code Review,Training,2025-11-11 16:45,2025-11-11 17:45,2025-11-11 16:15,2025-11-11 17:00,2025-11-11 16:45,2025-11-11 17:00,15.0,partial overlap,Low,Demo Hall,Cafe
CONF_2329,P095,Client Visit,Training,2025-11-11 10:15,2025-11-11 11:15,2025-11-11 09:45,2025-11-11 10:45,2025-11-11 10:15,2025-11-11 10:45,30.0,partial overlap,Medium,Conference Room C,Office Area 1
CONF_2330,P095,Tech Sharing,Operations Check,2025-11-11 18:00,2025-11-11 18:45,2025-11-11 18:30,2025-11-11 19:01,2025-11-11 18:30,2025-11-11 18:45,15.0,partial overlap,Low,Conference Room C,R&D Center
CONF_2331,P095,Requirements Analysis,Testing Acceptance,2025-11-12 15:30,2025-11-12 16:00,2025-11-12 15:36,2025-11-12 16:05,2025-11-12 15:36,2025-11-12 16:00,24.0,partial overlap,Low,Conference Room A,Office Area 1
CONF_2332,P095,Team Building,One-on-One,2025-11-16 11:45,2025-11-16 12:30,2025-11-16 12:15,2025-11-16 13:00,2025-11-16 12:15,2025-11-16 12:30,15.0,partial overlap,Low,Office Area 1,Conference Room C
CONF_2333,P095,Requirements Analysis,One-on-One,2025-11-15 15:15,2025-11-15 16:00,2025-11-15 15:32,2025-11-15 15:59,2025-11-15 15:32,2025-11-15 15:59,27.0,full overlap,Low,Break Room,Conference Room C
CONF_2334,P095,Design Review,Code Review,2025-11-17 08:45,2025-11-17 09:30,2025-11-17 08:45,2025-11-17 09:45,2025-11-17 08:45,2025-11-17 09:30,45.0,full overlap,Medium,Test Lab,Remote
CONF_2335,P095,Design Review,Operations Check,2025-11-17 08:45,2025-11-17 09:30,2025-11-17 08:45,2025-11-17 09:00,2025-11-17 08:45,2025-11-17 09:00,15.0,full overlap,Low,Test Lab,Client Reception
CONF_2336,P095,Code Review,Operations Check,2025-11-17 08:45,2025-11-17 09:45,2025-11-17 08:45,2025-11-17 09:00,2025-11-17 08:45,2025-11-17 09:00,15.0,full overlap,Low,Remote,Client Reception
CONF_2337,P095,Code Review,Tech Sharing,2025-11-17 08:45,2025-11-17 09:45,2025-11-17 09:30,2025-11-17 10:00,2025-11-17 09:30,2025-11-17 09:45,15.0,partial overlap,Low,Remote,Client Reception
CONF_2338,P095,Code Review,Project Discussion,2025-11-17 08:45,2025-11-17 09:45,2025-11-17 09:30,2025-11-17 10:15,2025-11-17 09:30,2025-11-17 09:45,15.0,partial overlap,Low,Remote,Demo Hall
CONF_2339,P096,Design Review,Training,2025-11-12 16:00,2025-11-12 17:00,2025-11-12 16:09,2025-11-12 16:41,2025-11-12 16:09,2025-11-12 16:41,32.0,full overlap,Medium,Office Area 1,Break Room
CONF_2340,P096,Design Review,Requirements Analysis,2025-11-12 16:00,2025-11-12 17:00,2025-11-12 16:29,2025-11-12 17:04,2025-11-12 16:29,2025-11-12 17:00,31.0,partial overlap,Medium,Office Area 1,Demo Hall
CONF_2341,P096,Design Review,Training,2025-11-08 13:15,2025-11-08 14:15,2025-11-08 13:41,2025-11-08 14:15,2025-11-08 13:41,2025-11-08 14:15,34.0,full overlap,Medium,Conference Room A,Training Room
CONF_2342,P096,Operations Check,Code Review,2025-11-13 11:15,2025-11-13 12:15,2025-11-13 11:15,2025-11-13 12:00,2025-11-13 11:15,2025-11-13 12:00,45.0,full overlap,Medium,Product Showcase,Demo Hall
CONF_2343,P096,Meeting,Meeting,2025-11-14 12:30,2025-11-14 13:15,2025-11-14 11:45,2025-11-14 12:45,2025-11-14 12:30,2025-11-14 12:45,15.0,partial overlap,Low,Test Lab,Training Room
CONF_2344,P096,Testing Acceptance,Brainstorming,2025-11-15 14:30,2025-11-15 15:30,2025-11-15 14:30,2025-11-15 15:15,2025-11-15 14:30,2025-11-15 15:15,45.0,full overlap,Medium,Demo Hall,Cafe
CONF_2345,P097,Meeting,Team Building,2025-11-10 16:00,2025-11-10 16:45,2025-11-10 15:45,2025-11-10 16:45,2025-11-10 16:00,2025-11-10 16:45,45.0,full overlap,Medium,Conference Room C,Client Reception
CONF_2346,P097,Project Discussion,Code Review,2025-11-12 09:45,2025-11-12 10:45,2025-11-12 09:25,2025-11-12 09:51,2025-11-12 09:45,2025-11-12 09:51,6.0,partial overlap,Low,Cafe,Training Room
CONF_2347,P097,Client Visit,Client Visit,2025-11-13 10:30,2025-11-13 11:00,2025-11-13 10:35,2025-11-13 11:05,2025-11-13 10:35,2025-11-13 11:00,25.0,partial overlap,Low,Office Area 2,Client Reception
CONF_2348,P097,Deployment,Team Building,2025-11-12 18:30,2025-11-12 19:00,2025-11-12 18:30,2025-11-12 19:00,2025-11-12 18:30,2025-11-12 19:00,30.0,full overlap,Medium,Training Room,Office Area 2
CONF_2349,P097,Requirements Analysis,Deployment,2025-11-12 10:45,2025-11-12 11:30,2025-11-12 11:15,2025-11-12 12:00,2025-11-12 11:15,2025-11-12 11:30,15.0,partial overlap,Low,Test Lab,Office Area 1
CONF_2350,P097,Client Visit,Code Review,2025-11-12 09:00,2025-11-12 09:45,2025-11-12 09:25,2025-11-12 09:51,2025-11-12 09:25,2025-11-12 09:45,20.0,partial overlap,Low,Product Showcase,Training Room
CONF_2351,P097,Meeting,Code Review,2025-11-16 11:15,2025-11-16 12:15,2025-11-16 11:31,2025-11-16 11:57,2025-11-16 11:31,2025-11-16 11:57,26.0,full overlap,Low,Office Area 2,Break Room
CONF_2352,P097,Tech Sharing,Operations Check,2025-11-11 11:15,2025-11-11 12:15,2025-11-11 11:41,2025-11-11 12:09,2025-11-11 11:41,2025-11-11 12:09,28.0,full overlap,Low,Break Room,Product Showcase
CONF_2353,P097,Tech Sharing,Operations Check,2025-11-11 11:15,2025-11-11 12:15,2025-11-11 11:25,2025-11-11 12:15,2025-11-11 11:25,2025-11-11 12:15,50.0,full overlap,Medium,Break Room,Conference Room C
CONF_2354,P097,Tech Sharing,Brainstorming,2025-11-11 11:15,2025-11-11 12:15,2025-11-11 12:03,2025-11-11 12:24,2025-11-11 12:03,2025-11-11 12:15,12.0,partial overlap,Low,Break Room,Client Reception
CONF_2355,P097,Project Discussion,One-on-One,2025-11-13 14:30,2025-11-13 15:15,2025-11-13 14:00,2025-11-13 14:45,2025-11-13 14:30,2025-11-13 14:45,15.0,partial overlap,Low,Office Area 1,Office Area 1
CONF_2356,P098,Product Demo,Tech Sharing,2025-11-12 13:30,2025-11-12 14:15,2025-11-12 12:45,2025-11-12 13:45,2025-11-12 13:30,2025-11-12 13:45,15.0,partial overlap,Low,Client Reception,R&D Center
CONF_2357,P098,Product Demo,One-on-One,2025-11-12 13:30,2025-11-12 14:15,2025-11-12 12:56,2025-11-12 13:38,2025-11-12 13:30,2025-11-12 13:38,8.0,partial overlap,Low,Client Reception,Demo Hall
CONF_2358,P098,Product Demo,Operations Check,2025-11-12 13:30,2025-11-12 14:15,2025-11-12 13:18,2025-11-12 13:56,2025-11-12 13:30,2025-11-12 13:56,26.0,partial overlap,Low,Client Reception,Conference Room A
CONF_2359,P098,Meeting,Training,2025-11-06 09:00,2025-11-06 09:45,2025-11-06 09:06,2025-11-06 09:31,2025-11-06 09:06,2025-11-06 09:31,25.0,full overlap,Low,Product Showcase,Conference Room B
CONF_2360,P098,Product Demo,Tech Sharing,2025-11-08 16:15,2025-11-08 16:45,2025-11-08 15:45,2025-11-08 16:30,2025-11-08 16:15,2025-11-08 16:30,15.0,partial overlap,Low,Remote,Conference Room A
CONF_2361,P098,Deployment,Team Building,2025-11-10 13:30,2025-11-10 14:15,2025-11-10 13:00,2025-11-10 13:45,2025-11-10 13:30,2025-11-10 13:45,15.0,partial overlap,Low,Conference Room B,Online Meeting
CONF_2362,P098,Testing Acceptance,Project Discussion,2025-11-16 15:45,2025-11-16 16:45,2025-11-16 16:09,2025-11-16 16:32,2025-11-16 16:09,2025-11-16 16:32,23.0,full overlap,Low,Client Reception,Remote
CONF_2363,P098,Testing Acceptance,Requirements Analysis,2025-11-16 15:45,2025-11-16 16:45,2025-11-16 16:30,2025-11-16 17:00,2025-11-16 16:30,2025-11-16 16:45,15.0,partial overlap,Low,Client Reception,R&D Center
CONF_2364,P098,Design Review,Testing Acceptance,2025-11-13 18:15,2025-11-13 19:15,2025-11-13 18:26,2025-11-13 19:10,2025-11-13 18:26,2025-11-13 19:10,44.0,full overlap,Medium,Conference Room B,Online Meeting
CONF_2365,P098,Design Review,Team Building,2025-11-13 18:15,2025-11-13 19:15,2025-11-13 18:31,2025-11-13 18:56,2025-11-13 18:31,2025-11-13 18:56,25.0,full overlap,Low,Conference Room B,Conference Room C
CONF_2366,P098,Design Review,Tech Sharing,2025-11-13 18:15,2025-11-13 19:15,2025-11-13 18:40,2025-11-13 18:59,2025-11-13 18:40,2025-11-13 18:59,19.0,full overlap,Low,Conference Room B,Remote
CONF_2367,P098,Design Review,Product Demo,2025-11-13 18:15,2025-11-13 19:15,2025-11-13 18:00,2025-11-13 18:45,2025-11-13 18:15,2025-11-13 18:45,30.0,partial overlap,Medium,Conference Room B,Training Room
CONF_2368,P098,Design Review,Design Review,2025-11-13 18:15,2025-11-13 19:15,2025-11-13 18:29,2025-11-13 18:53,2025-11-13 18:29,2025-11-13 18:53,24.0,full overlap,Low,Conference Room B,Conference Room C
CONF_2369,P098,One-on-One,Code Review,2025-11-16 08:30,2025-11-16 09:15,2025-11-16 08:45,2025-11-16 09:34,2025-11-16 08:45,2025-11-16 09:15,30.0,partial overlap,Medium,Online Meeting,Test Lab
CONF_2370,P098,One-on-One,Meeting,2025-11-16 08:30,2025-11-16 09:15,2025-11-16 08:30,2025-11-16 09:15,2025-11-16 08:30,2025-11-16 09:15,45.0,full overlap,Medium,Online Meeting,Training Room
CONF_2371,P098,Tech Sharing,One-on-One,2025-11-12 12:45,2025-11-12 13:45,2025-11-12 12:56,2025-11-12 13:38,2025-11-12 12:56,2025-11-12 13:38,42.0,full overlap,Medium,R&D Center,Demo Hall
CONF_2372,P098,Tech Sharing,Operations Check,2025-11-12 12:45,2025-11-12 13:45,2025-11-12 13:18,2025-11-12 13:56,2025-11-12 13:18,2025-11-12 13:45,27.0,partial overlap,Low,R&D Center,Conference Room A
CONF_2373,P099,One-on-One,Code Review,2025-11-09 17:15,2025-11-09 17:45,2025-11-09 16:42,2025-11-09 17:36,2025-11-09 17:15,2025-11-09 17:36,21.0,partial overlap,Low,Online Meeting,Remote
CONF_2374,P099,Tech Sharing,Code Review,2025-11-09 16:30,2025-11-09 17:15,2025-11-09 16:42,2025-11-09 17:36,2025-11-09 16:42,2025-11-09 17:15,33.0,partial overlap,Medium,Training Room,Remote
CONF_2375,P099,Testing Acceptance,Code Review,2025-11-15 14:30,2025-11-15 15:15,2025-11-15 14:45,2025-11-15 15:39,2025-11-15 14:45,2025-11-15 15:15,30.0,partial overlap,Medium,Demo Hall,Remote
CONF_2376,P099,Operations Check,Testing Acceptance,2025-11-15 10:15,2025-11-15 11:00,2025-11-15 10:30,2025-11-15 11:15,2025-11-15 10:30,2025-11-15 11:00,30.0,partial overlap,Medium,Test Lab,Client Reception
CONF_2377,P099,Team Building,Requirements Analysis,2025-11-13 16:00,2025-11-13 16:30,2025-11-13 16:22,2025-11-13 17:10,2025-11-13 16:22,2025-11-13 16:30,8.0,partial overlap,Low,Training Room,Client Reception
CONF_2378,P100,Code Review,Design Review,2025-11-04 12:45,2025-11-04 13:15,2025-11-04 12:59,2025-11-04 13:16,2025-11-04 12:59,2025-11-04 13:15,16.0,partial overlap,Low,Conference Room B,Break Room
CONF_2379,P100,Testing Acceptance,Training,2025-11-09 15:45,2025-11-09 16:15,2025-11-09 15:00,2025-11-09 16:00,2025-11-09 15:45,2025-11-09 16:00,15.0,partial overlap,Low,Break Room,R&D Center
CONF_2380,P100,Client Visit,Design Review,2025-11-07 11:15,2025-11-07 12:15,2025-11-07 10:45,2025-11-07 11:30,2025-11-07 11:15,2025-11-07 11:30,15.0,partial overlap,Low,Break Room,Test Lab
CONF_2381,P100,Design Review,Meeting,2025-11-09 17:00,2025-11-09 17:45,2025-11-09 17:30,2025-11-09 18:00,2025-11-09 17:30,2025-11-09 17:45,15.0,partial overlap,Low,Test Lab,R&D Center
CONF_2382,P100,Design Review,One-on-One,2025-11-09 17:00,2025-11-09 17:45,2025-11-09 17:06,2025-11-09 17:43,2025-11-09 17:06,2025-11-09 17:43,37.0,full overlap,Medium,Test Lab,Break Room
CONF_2383,P100,Design Review,Testing Acceptance,2025-11-09 17:00,2025-11-09 17:45,2025-11-09 17:19,2025-11-09 17:53,2025-11-09 17:19,2025-11-09 17:45,26.0,partial overlap,Low,Test Lab,Conference Room C
CONF_2384,P100,Code Review,Brainstorming,2025-11-12 16:30,2025-11-12 17:15,2025-11-12 16:54,2025-11-12 17:37,2025-11-12 16:54,2025-11-12 17:15,21.0,partial overlap,Low,Break Room,Conference Room C
CONF_2385,P100,Brainstorming,Code Review,2025-11-15 11:15,2025-11-15 11:45,2025-11-15 11:15,2025-11-15 11:45,2025-11-15 11:15,2025-11-15 11:45,30.0,full overlap,Medium,Conference Room C,Online Meeting
CONF_2386,P100,Meeting,One-on-One,2025-11-09 17:30,2025-11-09 18:00,2025-11-09 17:06,2025-11-09 17:43,2025-11-09 17:30,2025-11-09 17:43,13.0,partial overlap,Low,R&D Center,Break Room
CONF_2387,P100,Meeting,Testing Acceptance,2025-11-09 17:30,2025-11-09 18:00,2025-11-09 17:19,2025-11-09 17:53,2025-11-09 17:30,2025-11-09 17:53,23.0,partial overlap,Low,R&D Center,Conference Room C
CONF_2388,P100,Operations Check,Testing Acceptance,2025-11-14 18:00,2025-11-14 19:00,2025-11-14 18:15,2025-11-14 18:45,2025-11-14 18:15,2025-11-14 18:45,30.0,full overlap,Medium,Office Area 1,Client Reception
CONF_2389,P033,Brainstorming,Training,2025-11-15 10:39,2025-11-15 11:27,2025-11-15 11:00,2025-11-15 11:57,2025-11-15 11:00,2025-11-15 11:27,27.0,partial overlap,Low,Client Reception,Break Room
CONF_2390,P033,Brainstorming,Project Discussion,2025-11-15 10:39,2025-11-15 11:27,2025-11-15 11:00,2025-11-15 11:15,2025-11-15 11:00,2025-11-15 11:15,15.0,full overlap,Low,Client Reception,Office Area 1
CONF_2391,P033,Brainstorming,Client Visit,2025-11-15 10:39,2025-11-15 11:27,2025-11-15 11:21,2025-11-15 11:53,2025-11-15 11:21,2025-11-15 11:27,6.0,partial overlap,Low,Client Reception,Online Meeting
CONF_2392,P029,Team Building,Design Review,2025-11-10 08:38,2025-11-10 08:55,2025-11-10 08:45,2025-11-10 09:24,2025-11-10 08:45,2025-11-10 08:55,10.0,partial overlap,Low,Conference Room A,Client Reception
CONF_2393,P098,One-on-One,Operations Check,2025-11-12 12:56,2025-11-12 13:38,2025-11-12 13:18,2025-11-12 13:56,2025-11-12 13:18,2025-11-12 13:38,20.0,partial overlap,Low,Demo Hall,Conference Room A
CONF_2394,P017,Code Review,Tech Sharing,2025-11-09 15:16,2025-11-09 15:40,2025-11-09 15:35,2025-11-09 15:55,2025-11-09 15:35,2025-11-09 15:40,5.0,partial overlap,Low,Test Lab,R&D Center
CONF_2395,P098,Testing Acceptance,Team Building,2025-11-13 18:26,2025-11-13 19:10,2025-11-13 18:31,2025-11-13 18:56,2025-11-13 18:31,2025-11-13 18:56,25.0,full overlap,Low,Online Meeting,Conference Room C
CONF_2396,P098,Testing Acceptance,Tech Sharing,2025-11-13 18:26,2025-11-13 19:10,2025-11-13 18:40,2025-11-13 18:59,2025-11-13 18:40,2025-11-13 18:59,19.0,full overlap,Low,Online Meeting,Remote
CONF_2397,P098,Testing Acceptance,Product Demo,2025-11-13 18:26,2025-11-13 19:10,2025-11-13 18:00,2025-11-13 18:45,2025-11-13 18:26,2025-11-13 18:45,19.0,partial overlap,Low,Online Meeting,Training Room
CONF_2398,P098,Testing Acceptance,Design Review,2025-11-13 18:26,2025-11-13 19:10,2025-11-13 18:29,2025-11-13 18:53,2025-11-13 18:29,2025-11-13 18:53,24.0,full overlap,Low,Online Meeting,Conference Room C
CONF_2399,P019,Client Visit,Brainstorming,2025-11-07 15:30,2025-11-07 15:50,2025-11-07 15:20,2025-11-07 15:56,2025-11-07 15:30,2025-11-07 15:50,20.0,full overlap,Low,Office Area 1,Test Lab
CONF_2400,P003,Training,Training,2025-11-13 18:10,2025-11-13 18:51,2025-11-13 18:39,2025-11-13 19:13,2025-11-13 18:39,2025-11-13 18:51,12.0,partial overlap,Low,Online Meeting,Online Meeting
CONF_2401,P088,Training,Training,2025-11-14 18:14,2025-11-14 19:07,2025-11-14 18:41,2025-11-14 19:12,2025-11-14 18:41,2025-11-14 19:07,26.0,partial overlap,Low,Test Lab,Conference Room C
CONF_2402,P041,Brainstorming,Code Review,2025-11-11 12:23,2025-11-11 13:02,2025-11-11 12:26,2025-11-11 13:07,2025-11-11 12:26,2025-11-11 13:02,36.0,partial overlap,Medium,Cafe,Training Room
CONF_2403,P048,Client Visit,Project Discussion,2025-11-13 13:01,2025-11-13 13:40,2025-11-13 13:25,2025-11-13 13:41,2025-11-13 13:25,2025-11-13 13:40,15.0,partial overlap,Low,Product Showcase,Conference Room C
CONF_2404,P016,Client Visit,Design Review,2025-11-08 15:49,2025-11-08 16:17,2025-11-08 15:37,2025-11-08 16:07,2025-11-08 15:49,2025-11-08 16:07,18.0,partial overlap,Low,Remote,Conference Room A
CONF_2405,P016,Client Visit,Brainstorming,2025-11-08 15:49,2025-11-08 16:17,2025-11-08 16:02,2025-11-08 16:37,2025-11-08 16:02,2025-11-08 16:17,15.0,partial overlap,Low,Remote,Product Showcase
CONF_2406,P046,Code Review,Project Discussion,2025-11-16 14:55,2025-11-16 15:39,2025-11-16 14:45,2025-11-16 15:30,2025-11-16 14:55,2025-11-16 15:30,35.0,partial overlap,Medium,Training Room,Office Area 1
CONF_2407,P046,Code Review,Requirements Analysis,2025-11-16 14:55,2025-11-16 15:39,2025-11-16 15:11,2025-11-16 15:35,2025-11-16 15:11,2025-11-16 15:35,24.0,full overlap,Low,Training Room,Break Room
CONF_2408,P096,Training,Requirements Analysis,2025-11-12 16:09,2025-11-12 16:41,2025-11-12 16:29,2025-11-12 17:04,2025-11-12 16:29,2025-11-12 16:41,12.0,partial overlap,Low,Break Room,Demo Hall
CONF_2409,P094,Brainstorming,Requirements Analysis,2025-11-10 12:12,2025-11-10 13:10,2025-11-10 12:13,2025-11-10 12:49,2025-11-10 12:13,2025-11-10 12:49,36.0,full overlap,Medium,Test Lab,Conference Room B
CONF_2410,P073,Product Demo,Brainstorming,2025-11-08 13:59,2025-11-08 14:28,2025-11-08 14:25,2025-11-08 15:10,2025-11-08 14:25,2025-11-08 14:28,3.0,partial overlap,Low,Office Area 2,Test Lab
CONF_2411,P042,Product Demo,Code Review,2025-11-11 09:24,2025-11-11 10:17,2025-11-11 09:45,2025-11-11 10:27,2025-11-11 09:45,2025-11-11 10:17,32.0,partial overlap,Medium,Office Area 2,Cafe
CONF_2412,P033,Team Building,Project Discussion,2025-11-16 11:15,2025-11-16 12:12,2025-11-16 11:30,2025-11-16 11:45,2025-11-16 11:30,2025-11-16 11:45,15.0,full overlap,Low,Office Area 2,Online Meeting
CONF_2413,P081,Project Discussion,Product Demo,2025-11-14 10:55,2025-11-14 11:51,2025-11-14 11:00,2025-11-14 11:22,2025-11-14 11:00,2025-11-14 11:22,22.0,full overlap,Low,Demo Hall,Training Room
CONF_2414,P081,Project Discussion,Operations Check,2025-11-14 10:55,2025-11-14 11:51,2025-11-14 10:35,2025-11-14 11:03,2025-11-14 10:55,2025-11-14 11:03,8.0,partial overlap,Low,Demo Hall,Office Area 1
CONF_2415,P047,Training,Client Visit,2025-11-09 11:05,2025-11-09 11:30,2025-11-09 11:17,2025-11-09 12:15,2025-11-09 11:17,2025-11-09 11:30,13.0,partial overlap,Low,Client Reception,Client Reception
CONF_2416,P081,Design Review,Team Building,2025-11-04 17:59,2025-11-04 18:46,2025-11-04 17:58,2025-11-04 18:31,2025-11-04 17:59,2025-11-04 18:31,32.0,partial overlap,Medium,Client Reception,Demo Hall
CONF_2417,P081,Design Review,Client Visit,2025-11-04 17:59,2025-11-04 18:46,2025-11-04 18:14,2025-11-04 18:37,2025-11-04 18:14,2025-11-04 18:37,23.0,full overlap,Low,Client Reception,Conference Room C
CONF_2418,P040,Team Building,Tech Sharing,2025-11-09 10:26,2025-11-09 11:13,2025-11-09 10:10,2025-11-09 10:38,2025-11-09 10:26,2025-11-09 10:38,12.0,partial overlap,Low,Test Lab,R&D Center
CONF_2419,P083,Deployment,Meeting,2025-11-14 18:40,2025-11-14 19:28,2025-11-14 18:58,2025-11-14 19:19,2025-11-14 18:58,2025-11-14 19:19,21.0,full overlap,Low,Cafe,Break Room
CONF_2420,P083,Deployment,Code Review,2025-11-14 18:40,2025-11-14 19:28,2025-11-14 18:00,2025-11-14 18:45,2025-11-14 18:40,2025-11-14 18:45,5.0,partial overlap,Low,Cafe,Conference Room A
CONF_2421,P094,Client Visit,Product Demo,2025-11-08 17:11,2025-11-08 17:26,2025-11-08 17:23,2025-11-08 18:23,2025-11-08 17:23,2025-11-08 17:26,3.0,partial overlap,Low,Conference Room C,Office Area 2
CONF_2422,P004,Team Building,Deployment,2025-11-17 12:41,2025-11-17 13:34,2025-11-17 12:30,2025-11-17 13:00,2025-11-17 12:41,2025-11-17 13:00,19.0,partial overlap,Low,Remote,Conference Room C
CONF_2423,P055,Team Building,Client Visit,2025-11-15 13:23,2025-11-15 13:46,2025-11-15 13:33,2025-11-15 13:51,2025-11-15 13:33,2025-11-15 13:46,13.0,partial overlap,Low,Conference Room B,Test Lab
CONF_2424,P026,One-on-One,Tech Sharing,2025-11-13 10:44,2025-11-13 11:19,2025-11-13 10:30,2025-11-13 10:45,2025-11-13 10:44,2025-11-13 10:45,1.0,partial overlap,Low,Training Room,Cafe
CONF_2425,P035,Code Review,Project Discussion,2025-11-10 09:39,2025-11-10 10:08,2025-11-10 09:53,2025-11-10 10:39,2025-11-10 09:53,2025-11-10 10:08,15.0,partial overlap,Low,Cafe,Conference Room B
CONF_2426,P063,Testing Acceptance,Team Building,2025-11-07 12:54,2025-11-07 13:37,2025-11-07 13:11,2025-11-07 13:27,2025-11-07 13:11,2025-11-07 13:27,16.0,full overlap,Low,Conference Room B,Client Reception
CONF_2427,P081,Tech Sharing,Tech Sharing,2025-11-09 10:40,2025-11-09 11:08,2025-11-09 10:55,2025-11-09 11:17,2025-11-09 10:55,2025-11-09 11:08,13.0,partial overlap,Low,Demo Hall,Conference Room A
CONF_2428,P017,One-on-One,Testing Acceptance,2025-11-10 14:40,2025-11-10 15:11,2025-11-10 14:46,2025-11-10 15:20,2025-11-10 14:46,2025-11-10 15:11,25.0,partial overlap,Low,Office Area 2,Test Lab
CONF_2429,P049,Product Demo,Client Visit,2025-11-08 14:20,2025-11-08 15:18,2025-11-08 14:32,2025-11-08 15:25,2025-11-08 14:32,2025-11-08 15:18,46.0,partial overlap,Medium,Office Area 1,Conference Room B
CONF_2430,P067,Deployment,Testing Acceptance,2025-11-09 08:59,2025-11-09 09:33,2025-11-09 08:48,2025-11-09 09:30,2025-11-09 08:59,2025-11-09 09:30,31.0,partial overlap,Medium,Client Reception,Product Showcase
CONF_2431,P033,Training,Brainstorming,2025-11-15 11:00,2025-11-15 11:57,2025-11-15 11:30,2025-11-15 12:15,2025-11-15 11:30,2025-11-15 11:57,27.0,partial overlap,Low,Break Room,R&D Center
CONF_2432,P033,Training,Project Discussion,2025-11-15 11:00,2025-11-15 11:57,2025-11-15 11:00,2025-11-15 11:15,2025-11-15 11:00,2025-11-15 11:15,15.0,full overlap,Low,Break Room,Office Area 1
CONF_2433,P033,Training,Client Visit,2025-11-15 11:00,2025-11-15 11:57,2025-11-15 11:21,2025-11-15 11:53,2025-11-15 11:21,2025-11-15 11:53,32.0,full overlap,Medium,Break Room,Online Meeting
CONF_2434,P082,Code Review,Brainstorming,2025-11-10 12:06,2025-11-10 12:35,2025-11-10 12:20,2025-11-10 12:45,2025-11-10 12:20,2025-11-10 12:35,15.0,partial overlap,Low,R&D Center,Conference Room C
CONF_2435,P053,Tech Sharing,Product Demo,2025-11-13 12:53,2025-11-13 13:37,2025-11-13 12:15,2025-11-13 13:00,2025-11-13 12:53,2025-11-13 13:00,7.0,partial overlap,Low,Cafe,Online Meeting
CONF_2436,P069,Tech Sharing,Meeting,2025-11-12 16:47,2025-11-12 17:32,2025-11-12 16:26,2025-11-12 17:13,2025-11-12 16:47,2025-11-12 17:13,26.0,partial overlap,Low,Remote,R&D Center
CONF_2437,P030,Training,Project Discussion,2025-11-13 09:50,2025-11-13 10:40,2025-11-13 09:39,2025-11-13 10:39,2025-11-13 09:50,2025-11-13 10:39,49.0,partial overlap,Medium,Conference Room C,Office Area 2
CONF_2438,P043,Brainstorming,Code Review,2025-11-10 14:39,2025-11-10 15:14,2025-11-10 14:37,2025-11-10 15:23,2025-11-10 14:39,2025-11-10 15:14,35.0,full overlap,Medium,Conference Room B,Conference Room A
CONF_2439,P008,Brainstorming,Training,2025-11-10 17:01,2025-11-10 17:38,2025-11-10 16:59,2025-11-10 17:58,2025-11-10 17:01,2025-11-10 17:38,37.0,full overlap,Medium,Conference Room B,Test Lab
CONF_2440,P051,Operations Check,Requirements Analysis,2025-11-10 16:40,2025-11-10 17:12,2025-11-10 16:23,2025-11-10 16:54,2025-11-10 16:40,2025-11-10 16:54,14.0,partial overlap,Low,Training Room,Remote
CONF_2441,P051,Operations Check,Requirements Analysis,2025-11-10 16:40,2025-11-10 17:12,2025-11-10 16:28,2025-11-10 17:16,2025-11-10 16:40,2025-11-10 17:12,32.0,full overlap,Medium,Training Room,Conference Room C
CONF_2442,P032,Design Review,Testing Acceptance,2025-11-09 10:44,2025-11-09 11:22,2025-11-09 10:37,2025-11-09 10:57,2025-11-09 10:44,2025-11-09 10:57,13.0,partial overlap,Low,Remote,Office Area 2
CONF_2443,P100,One-on-One,Testing Acceptance,2025-11-09 17:06,2025-11-09 17:43,2025-11-09 17:19,2025-11-09 17:53,2025-11-09 17:19,2025-11-09 17:43,24.0,partial overlap,Low,Break Room,Conference Room C
CONF_2444,P081,Product Demo,Operations Check,2025-11-14 11:00,2025-11-14 11:22,2025-11-14 10:35,2025-11-14 11:03,2025-11-14 11:00,2025-11-14 11:03,3.0,partial overlap,Low,Training Room,Office Area 1
CONF_2445,P050,Product Demo,Design Review,2025-11-11 10:22,2025-11-11 10:52,2025-11-11 10:09,2025-11-11 10:43,2025-11-11 10:22,2025-11-11 10:43,21.0,partial overlap,Low,Conference Room B,Conference Room B
CONF_2446,P050,Product Demo,Deployment,2025-11-11 10:22,2025-11-11 10:52,2025-11-11 10:35,2025-11-11 11:10,2025-11-11 10:35,2025-11-11 10:52,17.0,partial overlap,Low,Conference Room B,R&D Center
CONF_2447,P004,Deployment,Product Demo,2025-11-09 11:11,2025-11-09 11:34,2025-11-09 11:20,2025-11-09 11:51,2025-11-09 11:20,2025-11-09 11:34,14.0,partial overlap,Low,Conference Room A,Test Lab
CONF_2448,P097,Operations Check,Operations Check,2025-11-11 11:41,2025-11-11 12:09,2025-11-11 11:25,2025-11-11 12:15,2025-11-11 11:41,2025-11-11 12:09,28.0,full overlap,Low,Product Showcase,Conference Room C
CONF_2449,P097,Operations Check,Brainstorming,2025-11-11 11:41,2025-11-11 12:09,2025-11-11 12:03,2025-11-11 12:24,2025-11-11 12:03,2025-11-11 12:09,6.0,partial overlap,Low,Product Showcase,Client Reception
CONF_2450,P017,Tech Sharing,Product Demo,2025-11-14 12:33,2025-11-14 12:58,2025-11-14 12:15,2025-11-14 12:45,2025-11-14 12:33,2025-11-14 12:45,12.0,partial overlap,Low,Remote,Office Area 1
CONF_2451,P011,Training,Operations Check,2025-11-10 08:43,2025-11-10 09:32,2025-11-10 08:23,2025-11-10 09:08,2025-11-10 08:43,2025-11-10 09:08,25.0,partial overlap,Low,Conference Room B,Remote
CONF_2452,P046,Requirements Analysis,One-on-One,2025-11-14 08:38,2025-11-14 09:28,2025-11-14 08:41,2025-11-14 09:23,2025-11-14 08:41,2025-11-14 09:23,42.0,full overlap,Medium,Conference Room C,R&D Center
CONF_2453,P045,Project Discussion,Team Building,2025-11-08 16:10,2025-11-08 16:52,2025-11-08 16:28,2025-11-08 17:00,2025-11-08 16:28,2025-11-08 16:52,24.0,partial overlap,Low,R&D Center,Break Room
CONF_2454,P051,Project Discussion,Training,2025-11-09 13:12,2025-11-09 13:43,2025-11-09 13:19,2025-11-09 13:44,2025-11-09 13:19,2025-11-09 13:43,24.0,partial overlap,Low,Online Meeting,Test Lab
CONF_2455,P017,Tech Sharing,Operations Check,2025-11-13 10:05,2025-11-13 10:59,2025-11-13 10:16,2025-11-13 11:09,2025-11-13 10:16,2025-11-13 10:59,43.0,partial overlap,Medium,Cafe,Conference Room C
CONF_2456,P017,Tech Sharing,Meeting,2025-11-13 10:05,2025-11-13 10:59,2025-11-13 09:13,2025-11-13 10:12,2025-11-13 10:05,2025-11-13 10:12,7.0,partial overlap,Low,Cafe,Office Area 1
CONF_2457,P073,Brainstorming,Testing Acceptance,2025-11-08 14:25,2025-11-08 15:10,2025-11-08 14:55,2025-11-08 15:38,2025-11-08 14:55,2025-11-08 15:10,15.0,partial overlap,Low,Test Lab,Conference Room B
CONF_2458,P057,Product Demo,Design Review,2025-11-11 11:42,2025-11-11 12:28,2025-11-11 12:05,2025-11-11 12:24,2025-11-11 12:05,2025-11-11 12:24,19.0,full overlap,Low,Cafe,Test Lab
CONF_2459,P061,Deployment,Design Review,2025-11-13 09:13,2025-11-13 09:39,2025-11-13 09:28,2025-11-13 10:02,2025-11-13 09:28,2025-11-13 09:39,11.0,partial overlap,Low,Conference Room A,Cafe
CONF_2460,P034,Code Review,Product Demo,2025-11-08 10:35,2025-11-08 11:00,2025-11-08 10:52,2025-11-08 11:31,2025-11-08 10:52,2025-11-08 11:00,8.0,partial overlap,Low,Remote,Cafe
CONF_2461,P033,Client Visit,Client Visit,2025-11-16 18:28,2025-11-16 18:43,2025-11-16 18:19,2025-11-16 19:18,2025-11-16 18:28,2025-11-16 18:43,15.0,full overlap,Low,Client Reception,Training Room
CONF_2462,P007,Project Discussion,Client Visit,2025-11-04 17:07,2025-11-04 17:47,2025-11-04 17:07,2025-11-04 17:36,2025-11-04 17:07,2025-11-04 17:36,29.0,full overlap,Low,Break Room,R&D Center
CONF_2463,P007,Project Discussion,Product Demo,2025-11-04 17:07,2025-11-04 17:47,2025-11-04 17:29,2025-11-04 17:48,2025-11-04 17:29,2025-11-04 17:47,18.0,partial overlap,Low,Break Room,Conference Room B
CONF_2464,P016,Design Review,Brainstorming,2025-11-08 15:37,2025-11-08 16:07,2025-11-08 16:02,2025-11-08 16:37,2025-11-08 16:02,2025-11-08 16:07,5.0,partial overlap,Low,Conference Room A,Product Showcase
CONF_2465,P009,Deployment,Team Building,2025-11-09 17:28,2025-11-09 18:08,2025-11-09 17:31,2025-11-09 17:59,2025-11-09 17:31,2025-11-09 17:59,28.0,full overlap,Low,Training Room,Conference Room A
CONF_2466,P097,Operations Check,Brainstorming,2025-11-11 11:25,2025-11-11 12:15,2025-11-11 12:03,2025-11-11 12:24,2025-11-11 12:03,2025-11-11 12:15,12.0,partial overlap,Low,Conference Room C,Client Reception
CONF_2467,P051,Requirements Analysis,Requirements Analysis,2025-11-10 16:23,2025-11-10 16:54,2025-11-10 16:28,2025-11-10 17:16,2025-11-10 16:28,2025-11-10 16:54,26.0,partial overlap,Low,Remote,Conference Room C
CONF_2468,P007,Client Visit,Product Demo,2025-11-04 17:07,2025-11-04 17:36,2025-11-04 17:29,2025-11-04 17:48,2025-11-04 17:29,2025-11-04 17:36,7.0,partial overlap,Low,R&D Center,Conference Room B
CONF_2469,P098,Code Review,Meeting,2025-11-16 08:45,2025-11-16 09:34,2025-11-16 08:30,2025-11-16 09:15,2025-11-16 08:45,2025-11-16 09:15,30.0,partial overlap,Medium,Test Lab,Training Room
CONF_2470,P098,Code Review,Design Review,2025-11-16 08:45,2025-11-16 09:34,2025-11-16 09:15,2025-11-16 09:45,2025-11-16 09:15,2025-11-16 09:34,19.0,partial overlap,Low,Test Lab,Break Room
CONF_2471,P098,Code Review,Brainstorming,2025-11-16 08:45,2025-11-16 09:34,2025-11-16 09:20,2025-11-16 10:10,2025-11-16 09:20,2025-11-16 09:34,14.0,partial overlap,Low,Test Lab,Client Reception
CONF_2472,P034,Team Building,Testing Acceptance,2025-11-15 11:37,2025-11-15 12:37,2025-11-15 12:15,2025-11-15 12:45,2025-11-15 12:15,2025-11-15 12:37,22.0,partial overlap,Low,Cafe,Office Area 1
CONF_2473,P012,Design Review,Project Discussion,2025-11-10 12:08,2025-11-10 13:01,2025-11-10 12:28,2025-11-10 12:52,2025-11-10 12:28,2025-11-10 12:52,24.0,full overlap,Low,Client Reception,Office Area 2
CONF_2474,P050,Design Review,Deployment,2025-11-11 10:09,2025-11-11 10:43,2025-11-11 10:35,2025-11-11 11:10,2025-11-11 10:35,2025-11-11 10:43,8.0,partial overlap,Low,Conference Room B,R&D Center
CONF_2475,P081,Deployment,Product Demo,2025-11-17 09:45,2025-11-17 10:27,2025-11-17 09:15,2025-11-17 10:00,2025-11-17 09:45,2025-11-17 10:00,15.0,partial overlap,Low,Conference Room C,Office Area 2
CONF_2476,P044,Testing Acceptance,Requirements Analysis,2025-11-05 16:54,2025-11-05 17:43,2025-11-05 16:47,2025-11-05 17:20,2025-11-05 16:54,2025-11-05 17:20,26.0,partial overlap,Low,Cafe,Office Area 1
CONF_2477,P026,Requirements Analysis,Design Review,2025-11-16 15:23,2025-11-16 15:39,2025-11-16 15:30,2025-11-16 15:45,2025-11-16 15:30,2025-11-16 15:39,9.0,partial overlap,Low,Office Area 1,Client Reception
CONF_2478,P046,Deployment,Code Review,2025-11-14 14:38,2025-11-14 15:04,2025-11-14 14:49,2025-11-14 15:12,2025-11-14 14:49,2025-11-14 15:04,15.0,partial overlap,Low,Break Room,Office Area 1
CONF_2479,P015,Brainstorming,Operations Check,2025-11-09 10:35,2025-11-09 11:15,2025-11-09 10:45,2025-11-09 11:37,2025-11-09 10:45,2025-11-09 11:15,30.0,partial overlap,Medium,Cafe,Remote
CONF_2480,P017,Operations Check,Testing Acceptance,2025-11-13 10:16,2025-11-13 11:09,2025-11-13 11:04,2025-11-13 11:29,2025-11-13 11:04,2025-11-13 11:09,5.0,partial overlap,Low,Conference Room C,Demo Hall
CONF_2481,P085,Training,Code Review,2025-11-10 12:51,2025-11-10 13:14,2025-11-10 13:09,2025-11-10 14:06,2025-11-10 13:09,2025-11-10 13:14,5.0,partial overlap,Low,Demo Hall,Conference Room A
CONF_2482,P026,Training,Client Visit,2025-11-16 15:46,2025-11-16 16:05,2025-11-16 15:41,2025-11-16 16:27,2025-11-16 15:46,2025-11-16 16:05,19.0,full overlap,Low,Conference Room B,Conference Room A
CONF_2483,P026,Training,Training,2025-11-16 15:46,2025-11-16 16:05,2025-11-16 15:45,2025-11-16 16:30,2025-11-16 15:46,2025-11-16 16:05,19.0,full overlap,Low,Conference Room B,Test Lab
CONF_2484,P018,One-on-One,Client Visit,2025-11-16 14:54,2025-11-16 15:25,2025-11-16 14:30,2025-11-16 15:15,2025-11-16 14:54,2025-11-16 15:15,21.0,partial overlap,Low,Client Reception,Training Room
CONF_2485,P018,One-on-One,Meeting,2025-11-16 14:54,2025-11-16 15:25,2025-11-16 14:45,2025-11-16 15:30,2025-11-16 14:54,2025-11-16 15:25,31.0,full overlap,Medium,Client Reception,Product Showcase
CONF_2486,P018,One-on-One,Tech Sharing,2025-11-16 14:54,2025-11-16 15:25,2025-11-16 14:58,2025-11-16 15:35,2025-11-16 14:58,2025-11-16 15:25,27.0,partial overlap,Low,Client Reception,Conference Room C
CONF_2487,P026,Client Visit,Design Review,2025-11-16 15:41,2025-11-16 16:27,2025-11-16 15:30,2025-11-16 15:45,2025-11-16 15:41,2025-11-16 15:45,4.0,partial overlap,Low,Conference Room A,Client Reception
CONF_2488,P026,Client Visit,Training,2025-11-16 15:41,2025-11-16 16:27,2025-11-16 15:45,2025-11-16 16:30,2025-11-16 15:45,2025-11-16 16:27,42.0,partial overlap,Medium,Conference Room A,Test Lab
CONF_2489,P034,Design Review,Training,2025-11-17 14:13,2025-11-17 14:57,2025-11-17 14:30,2025-11-17 15:00,2025-11-17 14:30,2025-11-17 14:57,27.0,partial overlap,Low,Break Room,Conference Room A
CONF_2490,P017,Brainstorming,Training,2025-11-15 09:24,2025-11-15 09:49,2025-11-15 09:30,2025-11-15 10:15,2025-11-15 09:30,2025-11-15 09:49,19.0,partial overlap,Low,Online Meeting,Test Lab
CONF_2491,P059,Meeting,Team Building,2025-11-12 15:58,2025-11-12 16:15,2025-11-12 16:14,2025-11-12 17:05,2025-11-12 16:14,2025-11-12 16:15,1.0,partial overlap,Low,Conference Room A,Office Area 1
CONF_2492,P081,Team Building,Client Visit,2025-11-04 17:58,2025-11-04 18:31,2025-11-04 18:14,2025-11-04 18:37,2025-11-04 18:14,2025-11-04 18:31,17.0,partial overlap,Low,Demo Hall,Conference Room C
CONF_2493,P006,Project Discussion,Meeting,2025-11-16 14:35,2025-11-16 15:03,2025-11-16 14:45,2025-11-16 15:30,2025-11-16 14:45,2025-11-16 15:03,18.0,partial overlap,Low,Test Lab,Training Room
CONF_2494,P098,Team Building,Tech Sharing,2025-11-13 18:31,2025-11-13 18:56,2025-11-13 18:40,2025-11-13 18:59,2025-11-13 18:40,2025-11-13 18:56,16.0,partial overlap,Low,Conference Room C,Remote
CONF_2495,P098,Team Building,Product Demo,2025-11-13 18:31,2025-11-13 18:56,2025-11-13 18:00,2025-11-13 18:45,2025-11-13 18:31,2025-11-13 18:45,14.0,partial overlap,Low,Conference Room C,Training Room
CONF_2496,P098,Team Building,Design Review,2025-11-13 18:31,2025-11-13 18:56,2025-11-13 18:29,2025-11-13 18:53,2025-11-13 18:31,2025-11-13 18:53,22.0,partial overlap,Low,Conference Room C,Conference Room C
CONF_2497,P047,Requirements Analysis,Client Visit,2025-11-13 12:23,2025-11-13 12:45,2025-11-13 12:30,2025-11-13 12:45,2025-11-13 12:30,2025-11-13 12:45,15.0,full overlap,Low,Test Lab,R&D Center
CONF_2498,P098,Project Discussion,Requirements Analysis,2025-11-16 16:09,2025-11-16 16:32,2025-11-16 16:30,2025-11-16 17:00,2025-11-16 16:30,2025-11-16 16:32,2.0,partial overlap,Low,Remote,R&D Center
CONF_2499,P036,Code Review,Project Discussion,2025-11-11 10:32,2025-11-11 11:17,2025-11-11 09:49,2025-11-11 10:39,2025-11-11 10:32,2025-11-11 10:39,7.0,partial overlap,Low,Conference Room C,Online Meeting
CONF_2500,P098,Tech Sharing,Product Demo,2025-11-13 18:40,2025-11-13 18:59,2025-11-13 18:00,2025-11-13 18:45,2025-11-13 18:40,2025-11-13 18:45,5.0,partial overlap,Low,Remote,Training Room
CONF_2501,P098,Tech Sharing,Design Review,2025-11-13 18:40,2025-11-13 18:59,2025-11-13 18:29,2025-11-13 18:53,2025-11-13 18:40,2025-11-13 18:53,13.0,partial overlap,Low,Remote,Conference Room C
CONF_2502,P027,Design Review,Design Review,2025-11-14 17:26,2025-11-14 18:19,2025-11-14 17:00,2025-11-14 17:30,2025-11-14 17:26,2025-11-14 17:30,4.0,partial overlap,Low,Online Meeting,Conference Room C
CONF_2503,P027,Design Review,Team Building,2025-11-14 17:26,2025-11-14 18:19,2025-11-14 18:00,2025-11-14 18:30,2025-11-14 18:00,2025-11-14 18:19,19.0,partial overlap,Low,Online Meeting,Test Lab
CONF_2504,P001,Client Visit,Training,2025-11-15 09:00,2025-11-15 09:45,2025-11-15 09:27,2025-11-15 09:51,2025-11-15 09:27,2025-11-15 09:45,18.0,partial overlap,Low,Test Lab,Client Reception
CONF_2505,P001,Client Visit,Brainstorming,2025-11-15 09:00,2025-11-15 09:45,2025-11-15 09:05,2025-11-15 09:39,2025-11-15 09:05,2025-11-15 09:39,34.0,full overlap,Medium,Test Lab,Conference Room C
CONF_2506,P001,Client Visit,Requirements Analysis,2025-11-15 09:00,2025-11-15 09:45,2025-11-15 09:39,2025-11-15 10:31,2025-11-15 09:39,2025-11-15 09:45,6.0,partial overlap,Low,Test Lab,Demo Hall
CONF_2507,P001,Client Visit,Team Building,2025-11-15 09:00,2025-11-15 09:45,2025-11-15 09:33,2025-11-15 10:33,2025-11-15 09:33,2025-11-15 09:45,12.0,partial overlap,Low,Test Lab,Break Room
CONF_2508,P001,One-on-One,Training,2025-11-14 08:45,2025-11-14 09:30,2025-11-14 08:56,2025-11-14 09:53,2025-11-14 08:56,2025-11-14 09:30,34.0,partial overlap,Medium,Online Meeting,Client Reception
CONF_2509,P001,Client Visit,Deployment,2025-11-19 09:00,2025-11-19 09:45,2025-11-19 09:07,2025-11-19 09:58,2025-11-19 09:07,2025-11-19 09:45,38.0,partial overlap,Medium,Online Meeting,Cafe
CONF_2510,P001,Brainstorming,Team Building,2025-11-20 13:30,2025-11-20 13:45,2025-11-20 13:30,2025-11-20 13:45,2025-11-20 13:30,2025-11-20 13:45,15.0,full overlap,Low,Cafe,Break Room
CONF_2511,P002,Team Building,Training,2025-11-14 14:15,2025-11-14 14:30,2025-11-14 14:20,2025-11-14 15:17,2025-11-14 14:20,2025-11-14 14:30,10.0,partial overlap,Low,Client Reception,Conference Room A
CONF_2512,P002,Brainstorming,Testing Acceptance,2025-11-21 08:30,2025-11-21 09:15,2025-11-21 08:30,2025-11-21 09:00,2025-11-21 08:30,2025-11-21 09:00,30.0,full overlap,Medium,Demo Hall,Demo Hall
CONF_2513,P002,One-on-One,Team Building,2025-11-18 09:30,2025-11-18 09:45,2025-11-18 09:35,2025-11-18 10:09,2025-11-18 09:35,2025-11-18 09:45,10.0,partial overlap,Low,Break Room,Conference Room A
CONF_2514,P002,Training,Team Building,2025-11-20 16:30,2025-11-20 17:15,2025-11-20 16:45,2025-11-20 17:15,2025-11-20 16:45,2025-11-20 17:15,30.0,full overlap,Medium,Client Reception,Client Reception
CONF_2515,P002,Training,Deployment,2025-11-20 16:30,2025-11-20 17:15,2025-11-20 17:00,2025-11-20 17:32,2025-11-20 17:00,2025-11-20 17:15,15.0,partial overlap,Low,Client Reception,Remote
CONF_2516,P002,Operations Check,Client Visit,2025-11-16 16:00,2025-11-16 16:15,2025-11-16 16:00,2025-11-16 16:45,2025-11-16 16:00,2025-11-16 16:15,15.0,full overlap,Low,Client Reception,Cafe
CONF_2517,P002,Client Visit,Client Visit,2025-11-16 16:30,2025-11-16 17:15,2025-11-16 16:00,2025-11-16 16:45,2025-11-16 16:30,2025-11-16 16:45,15.0,partial overlap,Low,Conference Room B,Cafe
CONF_2518,P002,Client Visit,Tech Sharing,2025-11-16 16:30,2025-11-16 17:15,2025-11-16 16:15,2025-11-16 17:00,2025-11-16 16:30,2025-11-16 17:00,30.0,partial overlap,Medium,Conference Room B,Client Reception
CONF_2519,P002,Client Visit,Requirements Analysis,2025-11-16 16:30,2025-11-16 17:15,2025-11-16 16:25,2025-11-16 17:25,2025-11-16 16:30,2025-11-16 17:15,45.0,full overlap,Medium,Conference Room B,Test Lab
CONF_2520,P002,Client Visit,Tech Sharing,2025-11-16 16:00,2025-11-16 16:45,2025-11-16 16:15,2025-11-16 17:00,2025-11-16 16:15,2025-11-16 16:45,30.0,partial overlap,Medium,Cafe,Client Reception
CONF_2521,P002,Client Visit,Requirements Analysis,2025-11-16 16:00,2025-11-16 16:45,2025-11-16 16:25,2025-11-16 17:25,2025-11-16 16:25,2025-11-16 16:45,20.0,partial overlap,Low,Cafe,Test Lab
CONF_2522,P002,Tech Sharing,Requirements Analysis,2025-11-16 16:15,2025-11-16 17:00,2025-11-16 16:25,2025-11-16 17:25,2025-11-16 16:25,2025-11-16 17:00,35.0,partial overlap,Medium,Client Reception,Test Lab
CONF_2523,P002,Team Building,Deployment,2025-11-20 16:45,2025-11-20 17:15,2025-11-20 17:00,2025-11-20 17:32,2025-11-20 17:00,2025-11-20 17:15,15.0,partial overlap,Low,Client Reception,Remote
CONF_2524,P002,Team Building,Operations Check,2025-11-23 13:00,2025-11-23 13:45,2025-11-23 13:10,2025-11-23 13:48,2025-11-23 13:10,2025-11-23 13:45,35.0,partial overlap,Medium,Demo Hall,Product Showcase
CONF_2525,P002,Deployment,Client Visit,2025-11-23 08:45,2025-11-23 09:15,2025-11-23 09:00,2025-11-23 09:30,2025-11-23 09:00,2025-11-23 09:15,15.0,partial overlap,Low,Test Lab,Break Room
CONF_2526,P003,Code Review,Operations Check,2025-11-19 15:45,2025-11-19 16:15,2025-11-19 15:51,2025-11-19 16:35,2025-11-19 15:51,2025-11-19 16:15,24.0,partial overlap,Low,Office Area 2,Demo Hall
CONF_2527,P003,Client Visit,Training,2025-11-16 16:45,2025-11-16 17:15,2025-11-16 17:00,2025-11-16 17:49,2025-11-16 17:00,2025-11-16 17:15,15.0,partial overlap,Low,Conference Room B,Client Reception
CONF_2528,P003,Operations Check,Code Review,2025-11-16 09:45,2025-11-16 10:15,2025-11-16 10:00,2025-11-16 10:15,2025-11-16 10:00,2025-11-16 10:15,15.0,full overlap,Low,Break Room,Break Room
CONF_2529,P003,Design Review,Operations Check,2025-11-15 16:00,2025-11-15 16:45,2025-11-15 16:30,2025-11-15 17:00,2025-11-15 16:30,2025-11-15 16:45,15.0,partial overlap,Low,Cafe,Product Showcase
CONF_2530,P003,Deployment,Deployment,2025-11-20 09:45,2025-11-20 10:30,2025-11-20 10:15,2025-11-20 10:45,2025-11-20 10:15,2025-11-20 10:30,15.0,partial overlap,Low,Client Reception,Office Area 1
CONF_2531,P003,Training,Training,2025-11-16 17:30,2025-11-16 18:15,2025-11-16 17:00,2025-11-16 17:49,2025-11-16 17:30,2025-11-16 17:49,19.0,partial overlap,Low,Office Area 1,Client Reception
CONF_2532,P003,Testing Acceptance,Training,2025-11-16 17:15,2025-11-16 17:30,2025-11-16 17:00,2025-11-16 17:49,2025-11-16 17:15,2025-11-16 17:30,15.0,full overlap,Low,Remote,Client Reception
CONF_2533,P003,Project Discussion,Tech Sharing,2025-11-22 15:00,2025-11-22 15:45,2025-11-22 14:45,2025-11-22 15:30,2025-11-22 15:00,2025-11-22 15:30,30.0,partial overlap,Medium,R&D Center,Conference Room B
CONF_2534,P003,Project Discussion,Deployment,2025-11-22 15:00,2025-11-22 15:45,2025-11-22 15:00,2025-11-22 15:30,2025-11-22 15:00,2025-11-22 15:30,30.0,full overlap,Medium,R&D Center,Client Reception
CONF_2535,P003,Brainstorming,Testing Acceptance,2025-11-18 11:00,2025-11-18 11:45,2025-11-18 11:16,2025-11-18 11:36,2025-11-18 11:16,2025-11-18 11:36,20.0,full overlap,Low,Demo Hall,Office Area 1
CONF_2536,P003,Tech Sharing,Deployment,2025-11-22 14:45,2025-11-22 15:30,2025-11-22 15:00,2025-11-22 15:30,2025-11-22 15:00,2025-11-22 15:30,30.0,full overlap,Medium,Conference Room B,Client Reception
CONF_2537,P003,Product Demo,Tech Sharing,2025-11-18 08:30,2025-11-18 09:15,2025-11-18 08:51,2025-11-18 09:31,2025-11-18 08:51,2025-11-18 09:15,24.0,partial overlap,Low,Test Lab,Demo Hall
CONF_2538,P004,Team Building,One-on-One,2025-11-15 15:30,2025-11-15 15:45,2025-11-15 15:35,2025-11-15 16:08,2025-11-15 15:35,2025-11-15 15:45,10.0,partial overlap,Low,Product Showcase,Client Reception
CONF_2539,P004,One-on-One,Design Review,2025-11-22 11:00,2025-11-22 11:30,2025-11-22 10:45,2025-11-22 11:15,2025-11-22 11:00,2025-11-22 11:15,15.0,partial overlap,Low,Test Lab,Demo Hall
CONF_2540,P004,Operations Check,Brainstorming,2025-11-22 14:15,2025-11-22 15:00,2025-11-22 14:37,2025-11-22 14:57,2025-11-22 14:37,2025-11-22 14:57,20.0,full overlap,Low,Client Reception,Client Reception
CONF_2541,P004,Requirements Analysis,Meeting,2025-11-20 15:30,2025-11-20 16:00,2025-11-20 15:45,2025-11-20 16:30,2025-11-20 15:45,2025-11-20 16:00,15.0,partial overlap,Low,Product Showcase,Training Room
CONF_2542,P004,Team Building,Requirements Analysis,2025-11-17 11:00,2025-11-17 11:30,2025-11-17 11:09,2025-11-17 11:40,2025-11-17 11:09,2025-11-17 11:30,21.0,partial overlap,Low,Conference Room C,Office Area 1
CONF_2543,P004,Brainstorming,Design Review,2025-11-20 10:30,2025-11-20 11:15,2025-11-20 10:52,2025-11-20 11:25,2025-11-20 10:52,2025-11-20 11:15,23.0,partial overlap,Low,Office Area 2,Demo Hall
CONF_2544,P004,Requirements Analysis,Product Demo,2025-11-16 13:15,2025-11-16 13:45,2025-11-16 13:44,2025-11-16 14:16,2025-11-16 13:44,2025-11-16 13:45,1.0,partial overlap,Low,Training Room,Training Room
CONF_2545,P005,Code Review,Team Building,2025-11-19 10:30,2025-11-19 11:00,2025-11-19 10:47,2025-11-19 11:12,2025-11-19 10:47,2025-11-19 11:00,13.0,partial overlap,Low,Demo Hall,Office Area 1
CONF_2546,P005,Tech Sharing,Brainstorming,2025-11-12 11:30,2025-11-12 11:45,2025-11-12 11:38,2025-11-12 12:14,2025-11-12 11:38,2025-11-12 11:45,7.0,partial overlap,Low,Online Meeting,Break Room
CONF_2547,P005,Operations Check,Project Discussion,2025-11-16 12:00,2025-11-16 12:45,2025-11-16 12:00,2025-11-16 12:45,2025-11-16 12:00,2025-11-16 12:45,45.0,full overlap,Medium,Demo Hall,Demo Hall
CONF_2548,P005,One-on-One,Team Building,2025-11-20 08:45,2025-11-20 09:15,2025-11-20 09:09,2025-11-20 09:36,2025-11-20 09:09,2025-11-20 09:15,6.0,partial overlap,Low,Online Meeting,Office Area 2
CONF_2549,P005,Team Building,Testing Acceptance,2025-11-20 10:45,2025-11-20 11:15,2025-11-20 10:54,2025-11-20 11:46,2025-11-20 10:54,2025-11-20 11:15,21.0,partial overlap,Low,Office Area 2,Break Room
CONF_2550,P005,Team Building,Client Visit,2025-11-20 10:45,2025-11-20 11:15,2025-11-20 11:10,2025-11-20 11:36,2025-11-20 11:10,2025-11-20 11:15,5.0,partial overlap,Low,Office Area 2,Test Lab
CONF_2551,P005,Tech Sharing,Code Review,2025-11-18 08:45,2025-11-18 09:00,2025-11-18 08:45,2025-11-18 09:30,2025-11-18 08:45,2025-11-18 09:00,15.0,full overlap,Low,Conference Room A,R&D Center
CONF_2552,P005,Project Discussion,Team Building,2025-11-21 14:00,2025-11-21 14:15,2025-11-21 13:45,2025-11-21 14:15,2025-11-21 14:00,2025-11-21 14:15,15.0,full overlap,Low,Online Meeting,Office Area 2
CONF_2553,P005,Meeting,Meeting,2025-11-23 08:00,2025-11-23 08:15,2025-11-23 08:14,2025-11-23 08:44,2025-11-23 08:14,2025-11-23 08:15,1.0,partial overlap,Low,Training Room,Break Room
CONF_2554,P005,Team Building,Client Visit,2025-11-22 14:00,2025-11-22 14:30,2025-11-22 14:29,2025-11-22 14:58,2025-11-22 14:29,2025-11-22 14:30,1.0,partial overlap,Low,Online Meeting,Product Showcase
CONF_2555,P005,Meeting,Team Building,2025-11-20 09:30,2025-11-20 10:00,2025-11-20 09:09,2025-11-20 09:36,2025-11-20 09:30,2025-11-20 09:36,6.0,partial overlap,Low,Break Room,Office Area 2
CONF_2556,P006,Client Visit,Testing Acceptance,2025-11-19 11:00,2025-11-19 11:15,2025-11-19 10:45,2025-11-19 11:30,2025-11-19 11:00,2025-11-19 11:15,15.0,full overlap,Low,Cafe,Remote
CONF_2557,P006,Product Demo,Team Building,2025-11-19 08:15,2025-11-19 08:45,2025-11-19 08:39,2025-11-19 09:05,2025-11-19 08:39,2025-11-19 08:45,6.0,partial overlap,Low,Demo Hall,Office Area 2
CONF_2558,P006,Meeting,Operations Check,2025-11-18 16:45,2025-11-18 17:30,2025-11-18 17:03,2025-11-18 17:57,2025-11-18 17:03,2025-11-18 17:30,27.0,partial overlap,Low,Product Showcase,Cafe
CONF_2559,P006,Testing Acceptance,Code Review,2025-11-18 12:45,2025-11-18 13:15,2025-11-18 12:30,2025-11-18 13:00,2025-11-18 12:45,2025-11-18 13:00,15.0,partial overlap,Low,Test Lab,Cafe
CONF_2560,P006,Training,One-on-One,2025-11-21 17:30,2025-11-21 17:45,2025-11-21 17:30,2025-11-21 18:00,2025-11-21 17:30,2025-11-21 17:45,15.0,full overlap,Low,Test Lab,Break Room
CONF_2561,P006,Training,Tech Sharing,2025-11-21 11:45,2025-11-21 12:00,2025-11-21 11:30,2025-11-21 12:00,2025-11-21 11:45,2025-11-21 12:00,15.0,full overlap,Low,Break Room,Conference Room A
CONF_2562,P006,Tech Sharing,One-on-One,2025-11-21 12:15,2025-11-21 12:30,2025-11-21 12:21,2025-11-21 13:09,2025-11-21 12:21,2025-11-21 12:30,9.0,partial overlap,Low,Conference Room A,Break Room
CONF_2563,P006,Operations Check,Project Discussion,2025-11-21 14:30,2025-11-21 15:15,2025-11-21 14:53,2025-11-21 15:27,2025-11-21 14:53,2025-11-21 15:15,22.0,partial overlap,Low,Office Area 2,Office Area 1
CONF_2564,P006,Team Building,Requirements Analysis,2025-11-18 15:00,2025-11-18 15:45,2025-11-18 15:30,2025-11-18 15:45,2025-11-18 15:30,2025-11-18 15:45,15.0,full overlap,Low,Demo Hall,Conference Room A
CONF_2565,P007,Training,Design Review,2025-11-13 16:30,2025-11-13 17:15,2025-11-13 16:58,2025-11-13 17:44,2025-11-13 16:58,2025-11-13 17:15,17.0,partial overlap,Low,Office Area 2,Office Area 2
CONF_2566,P007,Training,Design Review,2025-11-13 16:30,2025-11-13 17:15,2025-11-13 16:36,2025-11-13 17:32,2025-11-13 16:36,2025-11-13 17:15,39.0,partial overlap,Medium,Office Area 2,Office Area 1
CONF_2567,P007,Project Discussion,Deployment,2025-11-18 16:30,2025-11-18 17:15,2025-11-18 16:30,2025-11-18 17:15,2025-11-18 16:30,2025-11-18 17:15,45.0,full overlap,Medium,Office Area 2,Break Room
CONF_2568,P007,Testing Acceptance,Meeting,2025-11-18 15:45,2025-11-18 16:30,2025-11-18 16:00,2025-11-18 16:30,2025-11-18 16:00,2025-11-18 16:30,30.0,full overlap,Medium,Training Room,Conference Room B
CONF_2569,P007,Training,Brainstorming,2025-11-21 09:15,2025-11-21 09:30,2025-11-21 09:15,2025-11-21 09:30,2025-11-21 09:15,2025-11-21 09:30,15.0,full overlap,Low,Office Area 2,R&D Center
CONF_2570,P007,Operations Check,Team Building,2025-11-17 13:00,2025-11-17 13:30,2025-11-17 13:27,2025-11-17 14:26,2025-11-17 13:27,2025-11-17 13:30,3.0,partial overlap,Low,Conference Room A,Online Meeting
CONF_2571,P007,One-on-One,Operations Check,2025-11-21 17:00,2025-11-21 17:30,2025-11-21 17:08,2025-11-21 17:25,2025-11-21 17:08,2025-11-21 17:25,17.0,full overlap,Low,Online Meeting,Online Meeting
CONF_2572,P007,Meeting,Tech Sharing,2025-11-17 10:45,2025-11-17 11:30,2025-11-17 10:45,2025-11-17 11:00,2025-11-17 10:45,2025-11-17 11:00,15.0,full overlap,Low,Demo Hall,Office Area 2
CONF_2573,P007,Code Review,Team Building,2025-11-20 09:00,2025-11-20 09:45,2025-11-20 08:30,2025-11-20 09:15,2025-11-20 09:00,2025-11-20 09:15,15.0,partial overlap,Low,Conference Room A,Break Room
CONF_2574,P007,Brainstorming,Project Discussion,2025-11-16 18:15,2025-11-16 19:00,2025-11-16 18:15,2025-11-16 18:30,2025-11-16 18:15,2025-11-16 18:30,15.0,full overlap,Low,Remote,Client Reception
CONF_2575,P007,Brainstorming,Team Building,2025-11-16 18:15,2025-11-16 19:00,2025-11-16 18:31,2025-11-16 19:21,2025-11-16 18:31,2025-11-16 19:00,29.0,partial overlap,Low,Remote,Test Lab
CONF_2576,P007,Brainstorming,Project Discussion,2025-11-16 12:00,2025-11-16 12:45,2025-11-16 12:30,2025-11-16 13:15,2025-11-16 12:30,2025-11-16 12:45,15.0,partial overlap,Low,Online Meeting,Demo Hall
CONF_2577,P007,Product Demo,Deployment,2025-11-23 10:30,2025-11-23 10:45,2025-11-23 10:00,2025-11-23 10:45,2025-11-23 10:30,2025-11-23 10:45,15.0,full overlap,Low,Conference Room B,Break Room
CONF_2578,P007,Product Demo,Client Visit,2025-11-23 10:30,2025-11-23 10:45,2025-11-23 10:23,2025-11-23 10:50,2025-11-23 10:30,2025-11-23 10:45,15.0,full overlap,Low,Conference Room B,Conference Room B
CONF_2579,P007,Deployment,Client Visit,2025-11-23 10:00,2025-11-23 10:45,2025-11-23 10:23,2025-11-23 10:50,2025-11-23 10:23,2025-11-23 10:45,22.0,partial overlap,Low,Break Room,Conference Room B
CONF_2580,P007,Meeting,Training,2025-11-23 11:45,2025-11-23 12:00,2025-11-23 11:30,2025-11-23 12:15,2025-11-23 11:45,2025-11-23 12:00,15.0,full overlap,Low,Online Meeting,Break Room
CONF_2581,P008,Client Visit,Deployment,2025-11-19 14:45,2025-11-19 15:15,2025-11-19 14:15,2025-11-19 15:00,2025-11-19 14:45,2025-11-19 15:00,15.0,partial overlap,Low,Conference Room B,Office Area 2
CONF_2582,P008,Deployment,Requirements Analysis,2025-11-15 18:45,2025-11-15 19:30,2025-11-15 18:54,2025-11-15 19:23,2025-11-15 18:54,2025-11-15 19:23,29.0,full overlap,Low,Product Showcase,Office Area 1
CONF_2583,P008,Deployment,Deployment,2025-11-15 18:45,2025-11-15 19:30,2025-11-15 18:51,2025-11-15 19:31,2025-11-15 18:51,2025-11-15 19:30,39.0,partial overlap,Medium,Product Showcase,Cafe
CONF_2584,P008,Brainstorming,Team Building,2025-11-14 16:45,2025-11-14 17:15,2025-11-14 17:13,2025-11-14 18:02,2025-11-14 17:13,2025-11-14 17:15,2.0,partial overlap,Low,Office Area 1,Conference Room C
CONF_2585,P008,Brainstorming,Deployment,2025-11-14 16:45,2025-11-14 17:15,2025-11-14 17:10,2025-11-14 17:38,2025-11-14 17:10,2025-11-14 17:15,5.0,partial overlap,Low,Office Area 1,Product Showcase
CONF_2586,P008,Deployment,Deployment,2025-11-19 14:15,2025-11-19 15:00,2025-11-19 14:15,2025-11-19 14:45,2025-11-19 14:15,2025-11-19 14:45,30.0,full overlap,Medium,Office Area 2,Conference Room A
CONF_2587,P008,Design Review,Product Demo,2025-11-20 08:00,2025-11-20 08:15,2025-11-20 08:13,2025-11-20 08:34,2025-11-20 08:13,2025-11-20 08:15,2.0,partial overlap,Low,Product Showcase,R&D Center
CONF_2588,P008,Meeting,Testing Acceptance,2025-11-21 14:00,2025-11-21 14:30,2025-11-21 14:19,2025-11-21 14:47,2025-11-21 14:19,2025-11-21 14:30,11.0,partial overlap,Low,Conference Room B,Office Area 1
CONF_2589,P008,Testing Acceptance,Design Review,2025-11-23 18:30,2025-11-23 19:00,2025-11-23 18:15,2025-11-23 18:45,2025-11-23 18:30,2025-11-23 18:45,15.0,partial overlap,Low,Training Room,Training Room
CONF_2590,P008,One-on-One,One-on-One,2025-11-22 09:15,2025-11-22 10:00,2025-11-22 09:15,2025-11-22 10:00,2025-11-22 09:15,2025-11-22 10:00,45.0,full overlap,Medium,Product Showcase,Office Area 1
CONF_2591,P008,Brainstorming,Client Visit,2025-11-19 17:30,2025-11-19 18:00,2025-11-19 17:58,2025-11-19 18:20,2025-11-19 17:58,2025-11-19 18:00,2.0,partial overlap,Low,Demo Hall,R&D Center
CONF_2592,P009,Team Building,Training,2025-11-15 18:30,2025-11-15 19:00,2025-11-15 18:55,2025-11-15 19:45,2025-11-15 18:55,2025-11-15 19:00,5.0,partial overlap,Low,Office Area 2,Conference Room C
CONF_2593,P009,Code Review,Client Visit,2025-11-17 17:00,2025-11-17 17:45,2025-11-17 17:26,2025-11-17 18:01,2025-11-17 17:26,2025-11-17 17:45,19.0,partial overlap,Low,Office Area 1,Demo Hall
CONF_2594,P009,Testing Acceptance,Operations Check,2025-11-17 11:45,2025-11-17 12:15,2025-11-17 12:00,2025-11-17 12:39,2025-11-17 12:00,2025-11-17 12:15,15.0,partial overlap,Low,Cafe,Break Room
CONF_2595,P009,Client Visit,Meeting,2025-11-21 16:30,2025-11-21 17:15,2025-11-21 16:30,2025-11-21 17:00,2025-11-21 16:30,2025-11-21 17:00,30.0,full overlap,Medium,Conference Room B,Online Meeting
CONF_2596,P009,Client Visit,Operations Check,2025-11-21 16:30,2025-11-21 17:15,2025-11-21 16:58,2025-11-21 17:18,2025-11-21 16:58,2025-11-21 17:15,17.0,partial overlap,Low,Conference Room B,Office Area 2
CONF_2597,P009,Meeting,Team Building,2025-11-16 12:15,2025-11-16 13:00,2025-11-16 12:41,2025-11-16 13:16,2025-11-16 12:41,2025-11-16 13:00,19.0,partial overlap,Low,Product Showcase,R&D Center
CONF_2598,P009,Deployment,Code Review,2025-11-18 10:00,2025-11-18 10:30,2025-11-18 09:48,2025-11-18 10:24,2025-11-18 10:00,2025-11-18 10:24,24.0,partial overlap,Low,Product Showcase,Conference Room C
CONF_2599,P009,Team Building,Operations Check,2025-11-23 11:30,2025-11-23 11:45,2025-11-23 11:44,2025-11-23 12:12,2025-11-23 11:44,2025-11-23 11:45,1.0,partial overlap,Low,Client Reception,Test Lab
CONF_2600,P009,Deployment,Testing Acceptance,2025-11-17 18:15,2025-11-17 19:00,2025-11-17 18:38,2025-11-17 19:30,2025-11-17 18:38,2025-11-17 19:00,22.0,partial overlap,Low,Training Room,Test Lab
CONF_2601,P009,Meeting,Operations Check,2025-11-21 16:30,2025-11-21 17:00,2025-11-21 16:58,2025-11-21 17:18,2025-11-21 16:58,2025-11-21 17:00,2.0,partial overlap,Low,Online Meeting,Office Area 2
CONF_2602,P009,Meeting,Client Visit,2025-11-19 14:30,2025-11-19 15:00,2025-11-19 14:30,2025-11-19 15:00,2025-11-19 14:30,2025-11-19 15:00,30.0,full overlap,Medium,Conference Room A,Training Room
CONF_2603,P009,Meeting,Deployment,2025-11-24 17:00,2025-11-24 17:45,2025-11-24 17:19,2025-11-24 17:57,2025-11-24 17:19,2025-11-24 17:45,26.0,partial overlap,Low,Office Area 1,Demo Hall
CONF_2604,P010,Product Demo,Operations Check,2025-11-13 15:30,2025-11-13 16:15,2025-11-13 15:46,2025-11-13 16:40,2025-11-13 15:46,2025-11-13 16:15,29.0,partial overlap,Low,Test Lab,Client Reception
CONF_2605,P010,Product Demo,One-on-One,2025-11-13 15:30,2025-11-13 16:15,2025-11-13 15:46,2025-11-13 16:07,2025-11-13 15:46,2025-11-13 16:07,21.0,full overlap,Low,Test Lab,Break Room
CONF_2606,P010,Training,Code Review,2025-11-19 08:15,2025-11-19 08:45,2025-11-19 08:15,2025-11-19 08:45,2025-11-19 08:15,2025-11-19 08:45,30.0,full overlap,Medium,Break Room,Conference Room A
CONF_2607,P010,Team Building,Client Visit,2025-11-17 10:45,2025-11-17 11:30,2025-11-17 10:52,2025-11-17 11:35,2025-11-17 10:52,2025-11-17 11:30,38.0,partial overlap,Medium,Office Area 2,Break Room
CONF_2608,P010,Team Building,Product Demo,2025-11-17 14:30,2025-11-17 15:15,2025-11-17 14:59,2025-11-17 15:56,2025-11-17 14:59,2025-11-17 15:15,16.0,partial overlap,Low,Online Meeting,Break Room
CONF_2609,P010,Team Building,Code Review,2025-11-17 14:30,2025-11-17 15:15,2025-11-17 14:42,2025-11-17 15:39,2025-11-17 14:42,2025-11-17 15:15,33.0,partial overlap,Medium,Online Meeting,Client Reception
CONF_2610,P010,Product Demo,Brainstorming,2025-11-21 12:30,2025-11-21 13:15,2025-11-21 12:49,2025-11-21 13:34,2025-11-21 12:49,2025-11-21 13:15,26.0,partial overlap,Low,Office Area 1,Conference Room A
CONF_2611,P010,One-on-One,Requirements Analysis,2025-11-20 18:00,2025-11-20 18:30,2025-11-20 18:16,2025-11-20 18:42,2025-11-20 18:16,2025-11-20 18:30,14.0,partial overlap,Low,Client Reception,Product Showcase
CONF_2612,P011,Meeting,One-on-One,2025-11-13 11:15,2025-11-13 12:00,2025-11-13 11:35,2025-11-13 11:56,2025-11-13 11:35,2025-11-13 11:56,21.0,full overlap,Low,Product Showcase,Client Reception
CONF_2613,P011,Meeting,One-on-One,2025-11-17 17:45,2025-11-17 18:00,2025-11-17 17:45,2025-11-17 18:00,2025-11-17 17:45,2025-11-17 18:00,15.0,full overlap,Low,Break Room,R&D Center
CONF_2614,P011,Team Building,Operations Check,2025-11-19 10:45,2025-11-19 11:15,2025-11-19 10:15,2025-11-19 11:00,2025-11-19 10:45,2025-11-19 11:00,15.0,partial overlap,Low,Conference Room A,Office Area 2
CONF_2615,P011,Code Review,Operations Check,2025-11-18 18:30,2025-11-18 19:15,2025-11-18 18:45,2025-11-18 19:30,2025-11-18 18:45,2025-11-18 19:15,30.0,partial overlap,Medium,Online Meeting,Client Reception
CONF_2616,P011,Training,Operations Check,2025-11-19 10:00,2025-11-19 10:45,2025-11-19 10:15,2025-11-19 11:00,2025-11-19 10:15,2025-11-19 10:45,30.0,partial overlap,Medium,Conference Room B,Office Area 2
CONF_2617,P011,Operations Check,Deployment,2025-11-21 11:15,2025-11-21 12:00,2025-11-21 11:24,2025-11-21 11:47,2025-11-21 11:24,2025-11-21 11:47,23.0,full overlap,Low,Break Room,Online Meeting
CONF_2618,P011,One-on-One,Brainstorming,2025-11-24 17:45,2025-11-24 18:00,2025-11-24 17:52,2025-11-24 18:52,2025-11-24 17:52,2025-11-24 18:00,8.0,partial overlap,Low,Break Room,Client Reception
CONF_2619,P011,Deployment,Tech Sharing,2025-11-19 08:15,2025-11-19 09:00,2025-11-19 08:40,2025-11-19 09:26,2025-11-19 08:40,2025-11-19 09:00,20.0,partial overlap,Low,Office Area 2,Conference Room B
CONF_2620,P011,Client Visit,Tech Sharing,2025-11-19 09:15,2025-11-19 09:45,2025-11-19 08:40,2025-11-19 09:26,2025-11-19 09:15,2025-11-19 09:26,11.0,partial overlap,Low,Demo Hall,Conference Room B
CONF_2621,P011,Deployment,Client Visit,2025-11-20 12:45,2025-11-20 13:15,2025-11-20 12:45,2025-11-20 13:30,2025-11-20 12:45,2025-11-20 13:15,30.0,full overlap,Medium,Cafe,Remote
CONF_2622,P012,Code Review,Client Visit,2025-11-12 13:15,2025-11-12 13:45,2025-11-12 13:00,2025-11-12 13:45,2025-11-12 13:15,2025-11-12 13:45,30.0,full overlap,Medium,Remote,Office Area 2
CONF_2623,P012,Brainstorming,Design Review,2025-11-19 13:15,2025-11-19 13:45,2025-11-19 13:15,2025-11-19 13:45,2025-11-19 13:15,2025-11-19 13:45,30.0,full overlap,Medium,Office Area 1,Cafe
CONF_2624,P012,Brainstorming,Brainstorming,2025-11-19 13:15,2025-11-19 13:45,2025-11-19 13:37,2025-11-19 14:04,2025-11-19 13:37,2025-11-19 13:45,8.0,partial overlap,Low,Office Area 1,R&D Center
CONF_2625,P012,Training,Brainstorming,2025-11-18 18:45,2025-11-18 19:15,2025-11-18 18:58,2025-11-18 19:16,2025-11-18 18:58,2025-11-18 19:15,17.0,partial overlap,Low,Office Area 2,Client Reception
CONF_2626,P012,Client Visit,Requirements Analysis,2025-11-17 17:15,2025-11-17 17:45,2025-11-17 17:26,2025-11-17 18:04,2025-11-17 17:26,2025-11-17 17:45,19.0,partial overlap,Low,Client Reception,Online Meeting
CONF_2627,P012,Deployment,Testing Acceptance,2025-11-22 15:30,2025-11-22 16:00,2025-11-22 15:30,2025-11-22 15:45,2025-11-22 15:30,2025-11-22 15:45,15.0,full overlap,Low,Conference Room A,Test Lab
CONF_2628,P012,Deployment,Product Demo,2025-11-22 15:30,2025-11-22 16:00,2025-11-22 15:50,2025-11-22 16:14,2025-11-22 15:50,2025-11-22 16:00,10.0,partial overlap,Low,Conference Room A,Client Reception
CONF_2629,P012,Design Review,Brainstorming,2025-11-19 13:15,2025-11-19 13:45,2025-11-19 13:37,2025-11-19 14:04,2025-11-19 13:37,2025-11-19 13:45,8.0,partial overlap,Low,Cafe,R&D Center
CONF_2630,P012,One-on-One,Requirements Analysis,2025-11-17 18:00,2025-11-17 18:15,2025-11-17 17:26,2025-11-17 18:04,2025-11-17 18:00,2025-11-17 18:04,4.0,partial overlap,Low,Conference Room C,Online Meeting
CONF_2631,P013,Meeting,Requirements Analysis,2025-11-14 16:00,2025-11-14 16:30,2025-11-14 16:06,2025-11-14 16:23,2025-11-14 16:06,2025-11-14 16:23,17.0,full overlap,Low,Training Room,Remote
CONF_2632,P013,Meeting,Requirements Analysis,2025-11-14 16:00,2025-11-14 16:30,2025-11-14 16:15,2025-11-14 17:11,2025-11-14 16:15,2025-11-14 16:30,15.0,partial overlap,Low,Training Room,Online Meeting
CONF_2633,P013,Meeting,Team Building,2025-11-14 16:00,2025-11-14 16:30,2025-11-14 16:06,2025-11-14 16:24,2025-11-14 16:06,2025-11-14 16:24,18.0,full overlap,Low,Training Room,Demo Hall
CONF_2634,P013,Testing Acceptance,Testing Acceptance,2025-11-16 17:45,2025-11-16 18:15,2025-11-16 18:00,2025-11-16 18:50,2025-11-16 18:00,2025-11-16 18:15,15.0,partial overlap,Low,Demo Hall,Office Area 1
CONF_2635,P013,Requirements Analysis,Testing Acceptance,2025-11-14 13:15,2025-11-14 13:45,2025-11-14 13:30,2025-11-14 13:45,2025-11-14 13:30,2025-11-14 13:45,15.0,full overlap,Low,Training Room,Conference Room B
CONF_2636,P013,Requirements Analysis,Operations Check,2025-11-14 13:15,2025-11-14 13:45,2025-11-14 13:20,2025-11-14 13:53,2025-11-14 13:20,2025-11-14 13:45,25.0,partial overlap,Low,Training Room,Office Area 1
CONF_2637,P013,Requirements Analysis,Brainstorming,2025-11-14 13:15,2025-11-14 13:45,2025-11-14 13:28,2025-11-14 14:08,2025-11-14 13:28,2025-11-14 13:45,17.0,partial overlap,Low,Training Room,Office Area 2
CONF_2638,P013,Operations Check,Design Review,2025-11-13 14:45,2025-11-13 15:30,2025-11-13 15:11,2025-11-13 15:39,2025-11-13 15:11,2025-11-13 15:30,19.0,partial overlap,Low,Online Meeting,Conference Room B
CONF_2639,P013,Client Visit,Testing Acceptance,2025-11-16 18:45,2025-11-16 19:30,2025-11-16 18:00,2025-11-16 18:50,2025-11-16 18:45,2025-11-16 18:50,5.0,partial overlap,Low,Online Meeting,Office Area 1
CONF_2640,P013,Testing Acceptance,Operations Check,2025-11-14 13:30,2025-11-14 13:45,2025-11-14 13:20,2025-11-14 13:53,2025-11-14 13:30,2025-11-14 13:45,15.0,full overlap,Low,Conference Room B,Office Area 1
CONF_2641,P013,Testing Acceptance,Brainstorming,2025-11-14 13:30,2025-11-14 13:45,2025-11-14 13:28,2025-11-14 14:08,2025-11-14 13:30,2025-11-14 13:45,15.0,full overlap,Low,Conference Room B,Office Area 2
CONF_2642,P013,Deployment,Design Review,2025-11-19 17:45,2025-11-19 18:00,2025-11-19 17:45,2025-11-19 18:30,2025-11-19 17:45,2025-11-19 18:00,15.0,full overlap,Low,Break Room,Test Lab
CONF_2643,P013,Design Review,Tech Sharing,2025-11-19 17:45,2025-11-19 18:30,2025-11-19 18:15,2025-11-19 18:45,2025-11-19 18:15,2025-11-19 18:30,15.0,partial overlap,Low,Test Lab,Office Area 2
CONF_2644,P013,Product Demo,Operations Check,2025-11-14 17:45,2025-11-14 18:15,2025-11-14 17:52,2025-11-14 18:39,2025-11-14 17:52,2025-11-14 18:15,23.0,partial overlap,Low,Remote,Test Lab
CONF_2645,P013,Requirements Analysis,Brainstorming,2025-11-20 13:00,2025-11-20 13:15,2025-11-20 13:00,2025-11-20 13:15,2025-11-20 13:00,2025-11-20 13:15,15.0,full overlap,Low,Break Room,Break Room
CONF_2646,P013,Requirements Analysis,Team Building,2025-11-20 13:00,2025-11-20 13:15,2025-11-20 13:05,2025-11-20 13:38,2025-11-20 13:05,2025-11-20 13:15,10.0,partial overlap,Low,Break Room,Training Room
CONF_2647,P013,Product Demo,Design Review,2025-11-21 11:30,2025-11-21 12:00,2025-11-21 11:45,2025-11-21 12:30,2025-11-21 11:45,2025-11-21 12:00,15.0,partial overlap,Low,Office Area 2,Cafe
CONF_2648,P013,Code Review,Brainstorming,2025-11-23 13:30,2025-11-23 13:45,2025-11-23 13:41,2025-11-23 14:21,2025-11-23 13:41,2025-11-23 13:45,4.0,partial overlap,Low,Conference Room C,Training Room
CONF_2649,P013,Client Visit,One-on-One,2025-11-24 18:30,2025-11-24 19:15,2025-11-24 18:42,2025-11-24 19:13,2025-11-24 18:42,2025-11-24 19:13,31.0,full overlap,Medium,Conference Room A,Test Lab
CONF_2650,P013,Client Visit,Product Demo,2025-11-24 18:30,2025-11-24 19:15,2025-11-24 19:11,2025-11-24 20:11,2025-11-24 19:11,2025-11-24 19:15,4.0,partial overlap,Low,Conference Room A,Office Area 2
CONF_2651,P013,Brainstorming,Team Building,2025-11-20 13:00,2025-11-20 13:15,2025-11-20 13:05,2025-11-20 13:38,2025-11-20 13:05,2025-11-20 13:15,10.0,partial overlap,Low,Break Room,Training Room
CONF_2652,P014,Operations Check,Requirements Analysis,2025-11-14 16:30,2025-11-14 16:45,2025-11-14 16:00,2025-11-14 16:45,2025-11-14 16:30,2025-11-14 16:45,15.0,full overlap,Low,Conference Room A,Training Room
CONF_2653,P014,Operations Check,Training,2025-11-19 18:15,2025-11-19 19:00,2025-11-19 18:40,2025-11-19 19:31,2025-11-19 18:40,2025-11-19 19:00,20.0,partial overlap,Low,Online Meeting,Training Room
CONF_2654,P014,Tech Sharing,One-on-One,2025-11-20 11:00,2025-11-20 11:45,2025-11-20 11:30,2025-11-20 11:45,2025-11-20 11:30,2025-11-20 11:45,15.0,full overlap,Low,Conference Room C,Conference Room A
CONF_2655,P014,Tech Sharing,Code Review,2025-11-20 11:00,2025-11-20 11:45,2025-11-20 11:29,2025-11-20 12:28,2025-11-20 11:29,2025-11-20 11:45,16.0,partial overlap,Low,Conference Room C,Test Lab
CONF_2656,P014,Design Review,Tech Sharing,2025-11-16 16:15,2025-11-16 16:30,2025-11-16 16:15,2025-11-16 16:30,2025-11-16 16:15,2025-11-16 16:30,15.0,full overlap,Low,Client Reception,Conference Room A
CONF_2657,P014,Design Review,Brainstorming,2025-11-16 16:15,2025-11-16 16:30,2025-11-16 15:45,2025-11-16 16:30,2025-11-16 16:15,2025-11-16 16:30,15.0,full overlap,Low,Client Reception,R&D Center
CONF_2658,P014,Tech Sharing,Brainstorming,2025-11-16 16:15,2025-11-16 16:30,2025-11-16 15:45,2025-11-16 16:30,2025-11-16 16:15,2025-11-16 16:30,15.0,full overlap,Low,Conference Room A,R&D Center
CONF_2659,P014,Deployment,Training,2025-11-17 18:15,2025-11-17 18:45,2025-11-17 18:31,2025-11-17 19:00,2025-11-17 18:31,2025-11-17 18:45,14.0,partial overlap,Low,Training Room,Demo Hall
CONF_2660,P014,Deployment,Requirements Analysis,2025-11-17 18:15,2025-11-17 18:45,2025-11-17 18:25,2025-11-17 19:07,2025-11-17 18:25,2025-11-17 18:45,20.0,partial overlap,Low,Training Room,Client Reception
CONF_2661,P014,One-on-One,Code Review,2025-11-20 11:30,2025-11-20 11:45,2025-11-20 11:29,2025-11-20 12:28,2025-11-20 11:30,2025-11-20 11:45,15.0,full overlap,Low,Conference Room A,Test Lab
CONF_2662,P014,Deployment,Team Building,2025-11-20 12:00,2025-11-20 12:30,2025-11-20 12:00,2025-11-20 12:15,2025-11-20 12:00,2025-11-20 12:15,15.0,full overlap,Low,Remote,Conference Room A
CONF_2663,P014,Deployment,Code Review,2025-11-20 12:00,2025-11-20 12:30,2025-11-20 11:29,2025-11-20 12:28,2025-11-20 12:00,2025-11-20 12:28,28.0,partial overlap,Low,Remote,Test Lab
CONF_2664,P014,Team Building,Code Review,2025-11-20 12:00,2025-11-20 12:15,2025-11-20 11:29,2025-11-20 12:28,2025-11-20 12:00,2025-11-20 12:15,15.0,full overlap,Low,Conference Room A,Test Lab
CONF_2665,P014,Project Discussion,Testing Acceptance,2025-11-24 17:00,2025-11-24 17:15,2025-11-24 17:05,2025-11-24 18:05,2025-11-24 17:05,2025-11-24 17:15,10.0,partial overlap,Low,Online Meeting,Conference Room B
CONF_2666,P014,Testing Acceptance,Brainstorming,2025-11-19 12:15,2025-11-19 13:00,2025-11-19 11:35,2025-11-19 12:20,2025-11-19 12:15,2025-11-19 12:20,5.0,partial overlap,Low,R&D Center,Product Showcase
CONF_2667,P015,Brainstorming,Product Demo,2025-11-18 16:15,2025-11-18 16:45,2025-11-18 16:00,2025-11-18 16:30,2025-11-18 16:15,2025-11-18 16:30,15.0,partial overlap,Low,Conference Room C,Training Room
CONF_2668,P015,Brainstorming,Product Demo,2025-11-18 16:15,2025-11-18 16:45,2025-11-18 16:08,2025-11-18 16:48,2025-11-18 16:15,2025-11-18 16:45,30.0,full overlap,Medium,Conference Room C,Office Area 1
CONF_2669,P015,Training,Deployment,2025-11-14 15:45,2025-11-14 16:30,2025-11-14 16:00,2025-11-14 16:30,2025-11-14 16:00,2025-11-14 16:30,30.0,full overlap,Medium,Conference Room B,Test Lab
CONF_2670,P015,Product Demo,Product Demo,2025-11-18 16:00,2025-11-18 16:30,2025-11-18 16:08,2025-11-18 16:48,2025-11-18 16:08,2025-11-18 16:30,22.0,partial overlap,Low,Training Room,Office Area 1
CONF_2671,P015,Design Review,Operations Check,2025-11-13 11:30,2025-11-13 12:15,2025-11-13 11:50,2025-11-13 12:14,2025-11-13 11:50,2025-11-13 12:14,24.0,full overlap,Low,Office Area 1,Training Room
CONF_2672,P015,Tech Sharing,Deployment,2025-11-20 12:30,2025-11-20 13:00,2025-11-20 12:45,2025-11-20 13:00,2025-11-20 12:45,2025-11-20 13:00,15.0,full overlap,Low,Conference Room C,Cafe
CONF_2673,P015,Training,Training,2025-11-20 14:00,2025-11-20 14:30,2025-11-20 14:00,2025-11-20 14:45,2025-11-20 14:00,2025-11-20 14:30,30.0,full overlap,Medium,Office Area 2,Product Showcase
CONF_2674,P015,Training,Training,2025-11-20 14:00,2025-11-20 14:30,2025-11-20 13:08,2025-11-20 14:06,2025-11-20 14:00,2025-11-20 14:06,6.0,partial overlap,Low,Office Area 2,Test Lab
CONF_2675,P015,Brainstorming,Requirements Analysis,2025-11-20 17:00,2025-11-20 17:15,2025-11-20 17:00,2025-11-20 17:45,2025-11-20 17:00,2025-11-20 17:15,15.0,full overlap,Low,Conference Room C,Online Meeting
CONF_2676,P015,Training,Training,2025-11-20 14:00,2025-11-20 14:45,2025-11-20 13:08,2025-11-20 14:06,2025-11-20 14:00,2025-11-20 14:06,6.0,partial overlap,Low,Product Showcase,Test Lab
CONF_2677,P016,Deployment,Requirements Analysis,2025-11-14 16:00,2025-11-14 16:15,2025-11-14 16:00,2025-11-14 16:30,2025-11-14 16:00,2025-11-14 16:15,15.0,full overlap,Low,Product Showcase,Product Showcase
CONF_2678,P016,Code Review,Project Discussion,2025-11-18 10:00,2025-11-18 10:45,2025-11-18 10:15,2025-11-18 10:30,2025-11-18 10:15,2025-11-18 10:30,15.0,full overlap,Low,Test Lab,Conference Room A
CONF_2679,P016,Training,Deployment,2025-11-17 18:15,2025-11-17 18:30,2025-11-17 18:00,2025-11-17 18:34,2025-11-17 18:15,2025-11-17 18:30,15.0,full overlap,Low,R&D Center,R&D Center
CONF_2680,P016,One-on-One,Brainstorming,2025-11-20 13:15,2025-11-20 13:45,2025-11-20 13:39,2025-11-20 14:21,2025-11-20 13:39,2025-11-20 13:45,6.0,partial overlap,Low,Test Lab,Training Room
CONF_2681,P016,Client Visit,Requirements Analysis,2025-11-16 12:15,2025-11-16 13:00,2025-11-16 12:00,2025-11-16 12:45,2025-11-16 12:15,2025-11-16 12:45,30.0,partial overlap,Medium,Client Reception,Online Meeting
CONF_2682,P016,Requirements Analysis,Testing Acceptance,2025-11-19 09:00,2025-11-19 09:15,2025-11-19 09:00,2025-11-19 09:15,2025-11-19 09:00,2025-11-19 09:15,15.0,full overlap,Low,Remote,Office Area 2
CONF_2683,P016,Brainstorming,Training,2025-11-18 12:15,2025-11-18 12:45,2025-11-18 12:30,2025-11-18 12:45,2025-11-18 12:30,2025-11-18 12:45,15.0,full overlap,Low,Test Lab,Office Area 2
CONF_2684,P017,Brainstorming,Client Visit,2025-11-18 15:30,2025-11-18 16:15,2025-11-18 15:47,2025-11-18 16:18,2025-11-18 15:47,2025-11-18 16:15,28.0,partial overlap,Low,Test Lab,Remote
CONF_2685,P017,Project Discussion,Brainstorming,2025-11-18 09:30,2025-11-18 10:15,2025-11-18 09:00,2025-11-18 09:45,2025-11-18 09:30,2025-11-18 09:45,15.0,partial overlap,Low,Conference Room A,Test Lab
CONF_2686,P017,Tech Sharing,One-on-One,2025-11-18 12:00,2025-11-18 12:30,2025-11-18 12:25,2025-11-18 13:08,2025-11-18 12:25,2025-11-18 12:30,5.0,partial overlap,Low,Conference Room A,Conference Room C
CONF_2687,P017,Operations Check,Design Review,2025-11-20 11:45,2025-11-20 12:15,2025-11-20 12:00,2025-11-20 12:30,2025-11-20 12:00,2025-11-20 12:15,15.0,partial overlap,Low,Conference Room A,Cafe
CONF_2688,P017,Operations Check,Requirements Analysis,2025-11-20 11:45,2025-11-20 12:15,2025-11-20 11:30,2025-11-20 12:15,2025-11-20 11:45,2025-11-20 12:15,30.0,full overlap,Medium,Conference Room A,Training Room
CONF_2689,P017,Design Review,Requirements Analysis,2025-11-20 12:00,2025-11-20 12:30,2025-11-20 11:30,2025-11-20 12:15,2025-11-20 12:00,2025-11-20 12:15,15.0,partial overlap,Low,Cafe,Training Room
CONF_2690,P017,Deployment,One-on-One,2025-11-20 16:30,2025-11-20 17:15,2025-11-20 16:45,2025-11-20 17:00,2025-11-20 16:45,2025-11-20 17:00,15.0,full overlap,Low,Training Room,Online Meeting
CONF_2691,P017,Deployment,Product Demo,2025-11-20 16:30,2025-11-20 17:15,2025-11-20 16:56,2025-11-20 17:45,2025-11-20 16:56,2025-11-20 17:15,19.0,partial overlap,Low,Training Room,Product Showcase
CONF_2692,P017,Code Review,Requirements Analysis,2025-11-17 14:30,2025-11-17 15:00,2025-11-17 14:45,2025-11-17 15:00,2025-11-17 14:45,2025-11-17 15:00,15.0,full overlap,Low,Demo Hall,Cafe
CONF_2693,P017,Code Review,Deployment,2025-11-17 14:30,2025-11-17 15:00,2025-11-17 14:57,2025-11-17 15:43,2025-11-17 14:57,2025-11-17 15:00,3.0,partial overlap,Low,Demo Hall,Cafe
CONF_2694,P017,Tech Sharing,Deployment,2025-11-21 08:15,2025-11-21 08:45,2025-11-21 08:40,2025-11-21 09:18,2025-11-21 08:40,2025-11-21 08:45,5.0,partial overlap,Low,Office Area 2,Remote
CONF_2695,P017,Testing Acceptance,Deployment,2025-11-17 15:15,2025-11-17 15:30,2025-11-17 14:57,2025-11-17 15:43,2025-11-17 15:15,2025-11-17 15:30,15.0,full overlap,Low,Online Meeting,Cafe
CONF_2696,P017,Testing Acceptance,Product Demo,2025-11-17 15:15,2025-11-17 15:30,2025-11-17 15:08,2025-11-17 15:30,2025-11-17 15:15,2025-11-17 15:30,15.0,full overlap,Low,Online Meeting,Cafe
CONF_2697,P017,Training,Product Demo,2025-11-20 15:15,2025-11-20 16:00,2025-11-20 15:45,2025-11-20 16:30,2025-11-20 15:45,2025-11-20 16:00,15.0,partial overlap,Low,Product Showcase,Demo Hall
CONF_2698,P017,Requirements Analysis,Deployment,2025-11-17 14:45,2025-11-17 15:00,2025-11-17 14:57,2025-11-17 15:43,2025-11-17 14:57,2025-11-17 15:00,3.0,partial overlap,Low,Cafe,Cafe
CONF_2699,P017,One-on-One,Product Demo,2025-11-20 16:45,2025-11-20 17:00,2025-11-20 16:56,2025-11-20 17:45,2025-11-20 16:56,2025-11-20 17:00,4.0,partial overlap,Low,Online Meeting,Product Showcase
CONF_2700,P018,Client Visit,Meeting,2025-11-16 14:30,2025-11-16 15:15,2025-11-16 14:45,2025-11-16 15:30,2025-11-16 14:45,2025-11-16 15:15,30.0,partial overlap,Medium,Training Room,Product Showcase
CONF_2701,P018,Client Visit,Tech Sharing,2025-11-16 14:30,2025-11-16 15:15,2025-11-16 14:58,2025-11-16 15:35,2025-11-16 14:58,2025-11-16 15:15,17.0,partial overlap,Low,Training Room,Conference Room C
CONF_2702,P018,Project Discussion,Deployment,2025-11-17 13:15,2025-11-17 14:00,2025-11-17 13:25,2025-11-17 13:58,2025-11-17 13:25,2025-11-17 13:58,33.0,full overlap,Medium,Cafe,Product Showcase
CONF_2703,P018,Product Demo,Brainstorming,2025-11-18 15:15,2025-11-18 16:00,2025-11-18 14:45,2025-11-18 15:30,2025-11-18 15:15,2025-11-18 15:30,15.0,partial overlap,Low,Break Room,Conference Room A
CONF_2704,P018,Brainstorming,Code Review,2025-11-18 14:45,2025-11-18 15:30,2025-11-18 14:45,2025-11-18 15:15,2025-11-18 14:45,2025-11-18 15:15,30.0,full overlap,Medium,Conference Room A,Online Meeting
CONF_2705,P018,Meeting,Tech Sharing,2025-11-16 14:45,2025-11-16 15:30,2025-11-16 14:58,2025-11-16 15:35,2025-11-16 14:58,2025-11-16 15:30,32.0,partial overlap,Medium,Product Showcase,Conference Room C
CONF_2706,P018,Team Building,Training,2025-11-22 12:00,2025-11-22 12:15,2025-11-22 11:45,2025-11-22 12:15,2025-11-22 12:00,2025-11-22 12:15,15.0,full overlap,Low,Conference Room C,Online Meeting
CONF_2707,P018,Team Building,Project Discussion,2025-11-22 12:00,2025-11-22 12:15,2025-11-22 12:09,2025-11-22 13:03,2025-11-22 12:09,2025-11-22 12:15,6.0,partial overlap,Low,Conference Room C,Break Room
CONF_2708,P018,Product Demo,Tech Sharing,2025-11-18 14:00,2025-11-18 14:30,2025-11-18 14:08,2025-11-18 14:27,2025-11-18 14:08,2025-11-18 14:27,19.0,full overlap,Low,Test Lab,Demo Hall
CONF_2709,P018,Tech Sharing,Requirements Analysis,2025-11-19 18:00,2025-11-19 18:45,2025-11-19 18:22,2025-11-19 19:15,2025-11-19 18:22,2025-11-19 18:45,23.0,partial overlap,Low,Office Area 2,Office Area 1
CONF_2710,P018,Training,Project Discussion,2025-11-22 11:45,2025-11-22 12:15,2025-11-22 12:09,2025-11-22 13:03,2025-11-22 12:09,2025-11-22 12:15,6.0,partial overlap,Low,Online Meeting,Break Room
CONF_2711,P018,Tech Sharing,Brainstorming,2025-11-17 18:45,2025-11-17 19:15,2025-11-17 19:11,2025-11-17 19:34,2025-11-17 19:11,2025-11-17 19:15,4.0,partial overlap,Low,Conference Room B,R&D Center
CONF_2712,P018,Client Visit,Testing Acceptance,2025-11-20 18:45,2025-11-20 19:15,2025-11-20 18:45,2025-11-20 19:30,2025-11-20 18:45,2025-11-20 19:15,30.0,full overlap,Medium,Conference Room C,Conference Room A
CONF_2713,P018,Product Demo,Design Review,2025-11-19 11:15,2025-11-19 11:45,2025-11-19 11:30,2025-11-19 12:00,2025-11-19 11:30,2025-11-19 11:45,15.0,partial overlap,Low,Conference Room A,Conference Room B
CONF_2714,P018,Product Demo,Tech Sharing,2025-11-19 11:15,2025-11-19 11:45,2025-11-19 11:36,2025-11-19 12:07,2025-11-19 11:36,2025-11-19 11:45,9.0,partial overlap,Low,Conference Room A,Conference Room C
CONF_2715,P018,Brainstorming,Project Discussion,2025-11-24 12:15,2025-11-24 12:45,2025-11-24 12:20,2025-11-24 13:05,2025-11-24 12:20,2025-11-24 12:45,25.0,partial overlap,Low,Demo Hall,Office Area 1
CONF_2716,P018,Design Review,Brainstorming,2025-11-19 11:30,2025-11-19 12:00,2025-11-19 11:45,2025-11-19 12:30,2025-11-19 11:45,2025-11-19 12:00,15.0,partial overlap,Low,Conference Room B,Product Showcase
CONF_2717,P018,Design Review,Tech Sharing,2025-11-19 11:30,2025-11-19 12:00,2025-11-19 11:36,2025-11-19 12:07,2025-11-19 11:36,2025-11-19 12:00,24.0,partial overlap,Low,Conference Room B,Conference Room C
CONF_2718,P018,Brainstorming,Tech Sharing,2025-11-19 11:45,2025-11-19 12:30,2025-11-19 11:36,2025-11-19 12:07,2025-11-19 11:45,2025-11-19 12:07,22.0,partial overlap,Low,Product Showcase,Conference Room C
CONF_2719,P019,Training,Code Review,2025-11-19 09:30,2025-11-19 10:00,2025-11-19 09:39,2025-11-19 09:57,2025-11-19 09:39,2025-11-19 09:57,18.0,full overlap,Low,Office Area 2,R&D Center
CONF_2720,P019,Meeting,Training,2025-11-14 18:15,2025-11-14 19:00,2025-11-14 18:25,2025-11-14 19:01,2025-11-14 18:25,2025-11-14 19:00,35.0,partial overlap,Medium,Product Showcase,Demo Hall
CONF_2721,P019,Meeting,One-on-One,2025-11-16 09:15,2025-11-16 10:00,2025-11-16 09:30,2025-11-16 10:15,2025-11-16 09:30,2025-11-16 10:00,30.0,partial overlap,Medium,Conference Room C,Break Room
CONF_2722,P019,Meeting,Tech Sharing,2025-11-16 09:15,2025-11-16 10:00,2025-11-16 09:30,2025-11-16 10:00,2025-11-16 09:30,2025-11-16 10:00,30.0,full overlap,Medium,Conference Room C,Training Room
CONF_2723,P019,Design Review,Client Visit,2025-11-15 11:15,2025-11-15 12:00,2025-11-15 10:45,2025-11-15 11:30,2025-11-15 11:15,2025-11-15 11:30,15.0,partial overlap,Low,Office Area 1,Cafe
CONF_2724,P019,Client Visit,Testing Acceptance,2025-11-14 09:00,2025-11-14 09:45,2025-11-14 09:28,2025-11-14 10:27,2025-11-14 09:28,2025-11-14 09:45,17.0,partial overlap,Low,Office Area 2,Office Area 1
CONF_2725,P019,One-on-One,Tech Sharing,2025-11-16 09:30,2025-11-16 10:15,2025-11-16 09:30,2025-11-16 10:00,2025-11-16 09:30,2025-11-16 10:00,30.0,full overlap,Medium,Break Room,Training Room
CONF_2726,P019,One-on-One,Code Review,2025-11-16 09:30,2025-11-16 10:15,2025-11-16 10:00,2025-11-16 10:28,2025-11-16 10:00,2025-11-16 10:15,15.0,partial overlap,Low,Break Room,Test Lab
CONF_2727,P019,Training,Meeting,2025-11-22 13:15,2025-11-22 13:30,2025-11-22 13:00,2025-11-22 13:45,2025-11-22 13:15,2025-11-22 13:30,15.0,full overlap,Low,Demo Hall,Conference Room C
CONF_2728,P019,Training,One-on-One,2025-11-22 13:15,2025-11-22 13:30,2025-11-22 13:00,2025-11-22 13:45,2025-11-22 13:15,2025-11-22 13:30,15.0,full overlap,Low,Demo Hall,Conference Room A
CONF_2729,P019,Meeting,One-on-One,2025-11-22 13:00,2025-11-22 13:45,2025-11-22 13:00,2025-11-22 13:45,2025-11-22 13:00,2025-11-22 13:45,45.0,full overlap,Medium,Conference Room C,Conference Room A
CONF_2730,P019,Training,Brainstorming,2025-11-21 10:00,2025-11-21 10:45,2025-11-21 10:08,2025-11-21 11:03,2025-11-21 10:08,2025-11-21 10:45,37.0,partial overlap,Medium,Office Area 1,Client Reception
CONF_2731,P020,One-on-One,Code Review,2025-11-17 18:30,2025-11-17 18:45,2025-11-17 18:00,2025-11-17 18:45,2025-11-17 18:30,2025-11-17 18:45,15.0,full overlap,Low,Office Area 2,Conference Room C
CONF_2732,P020,Deployment,Project Discussion,2025-11-15 10:30,2025-11-15 11:15,2025-11-15 11:00,2025-11-15 11:30,2025-11-15 11:00,2025-11-15 11:15,15.0,partial overlap,Low,Office Area 2,Test Lab
CONF_2733,P020,Tech Sharing,Project Discussion,2025-11-19 09:00,2025-11-19 09:45,2025-11-19 09:14,2025-11-19 10:07,2025-11-19 09:14,2025-11-19 09:45,31.0,partial overlap,Medium,Conference Room A,Break Room
CONF_2734,P020,Deployment,Deployment,2025-11-20 15:45,2025-11-20 16:30,2025-11-20 15:45,2025-11-20 16:15,2025-11-20 15:45,2025-11-20 16:15,30.0,full overlap,Medium,R&D Center,Client Reception
CONF_2735,P021,Client Visit,Training,2025-11-13 10:15,2025-11-13 11:00,2025-11-13 10:37,2025-11-13 10:54,2025-11-13 10:37,2025-11-13 10:54,17.0,full overlap,Low,Conference Room A,R&D Center
CONF_2736,P021,Testing Acceptance,Deployment,2025-11-20 09:30,2025-11-20 09:45,2025-11-20 09:15,2025-11-20 10:00,2025-11-20 09:30,2025-11-20 09:45,15.0,full overlap,Low,Office Area 2,Client Reception
CONF_2737,P021,Testing Acceptance,Client Visit,2025-11-19 08:30,2025-11-19 09:15,2025-11-19 08:57,2025-11-19 09:42,2025-11-19 08:57,2025-11-19 09:15,18.0,partial overlap,Low,Training Room,Conference Room A
CONF_2738,P021,One-on-One,Meeting,2025-11-15 08:45,2025-11-15 09:15,2025-11-15 08:45,2025-11-15 09:15,2025-11-15 08:45,2025-11-15 09:15,30.0,full overlap,Medium,Product Showcase,Product Showcase
CONF_2739,P021,Team Building,Deployment,2025-11-17 18:45,2025-11-17 19:15,2025-11-17 18:59,2025-11-17 19:26,2025-11-17 18:59,2025-11-17 19:15,16.0,partial overlap,Low,Cafe,Office Area 1
CONF_2740,P021,Training,Team Building,2025-11-22 09:00,2025-11-22 09:30,2025-11-22 09:10,2025-11-22 09:39,2025-11-22 09:10,2025-11-22 09:30,20.0,partial overlap,Low,Demo Hall,Test Lab
CONF_2741,P021,Design Review,Code Review,2025-11-22 13:15,2025-11-22 14:00,2025-11-22 13:25,2025-11-22 14:17,2025-11-22 13:25,2025-11-22 14:00,35.0,partial overlap,Medium,Test Lab,Remote
CONF_2742,P022,Code Review,Design Review,2025-11-12 15:15,2025-11-12 15:45,2025-11-12 15:35,2025-11-12 16:16,2025-11-12 15:35,2025-11-12 15:45,10.0,partial overlap,Low,Online Meeting,Conference Room B
CONF_2743,P022,Meeting,Brainstorming,2025-11-16 11:45,2025-11-16 12:15,2025-11-16 12:11,2025-11-16 13:03,2025-11-16 12:11,2025-11-16 12:15,4.0,partial overlap,Low,Demo Hall,Online Meeting
CONF_2744,P022,Tech Sharing,Code Review,2025-11-18 14:30,2025-11-18 14:45,2025-11-18 14:42,2025-11-18 15:15,2025-11-18 14:42,2025-11-18 14:45,3.0,partial overlap,Low,R&D Center,Conference Room B
CONF_2745,P022,Design Review,Operations Check,2025-11-20 15:45,2025-11-20 16:00,2025-11-20 15:15,2025-11-20 16:00,2025-11-20 15:45,2025-11-20 16:00,15.0,full overlap,Low,Test Lab,Office Area 2
CONF_2746,P022,Design Review,Operations Check,2025-11-20 15:45,2025-11-20 16:00,2025-11-20 15:30,2025-11-20 15:59,2025-11-20 15:45,2025-11-20 15:59,14.0,partial overlap,Low,Test Lab,R&D Center
CONF_2747,P022,Design Review,Design Review,2025-11-20 15:45,2025-11-20 16:00,2025-11-20 15:36,2025-11-20 16:15,2025-11-20 15:45,2025-11-20 16:00,15.0,full overlap,Low,Test Lab,Conference Room C
CONF_2748,P022,Meeting,Design Review,2025-11-15 10:15,2025-11-15 10:45,2025-11-15 10:32,2025-11-15 10:55,2025-11-15 10:32,2025-11-15 10:45,13.0,partial overlap,Low,Conference Room B,Conference Room B
CONF_2749,P022,Project Discussion,Brainstorming,2025-11-16 12:30,2025-11-16 13:15,2025-11-16 12:11,2025-11-16 13:03,2025-11-16 12:30,2025-11-16 13:03,33.0,partial overlap,Medium,Conference Room C,Online Meeting
CONF_2750,P022,Training,Training,2025-11-20 10:30,2025-11-20 11:00,2025-11-20 10:45,2025-11-20 11:30,2025-11-20 10:45,2025-11-20 11:00,15.0,partial overlap,Low,Conference Room A,Client Reception
CONF_2751,P022,Training,Product Demo,2025-11-20 10:30,2025-11-20 11:00,2025-11-20 10:43,2025-11-20 11:21,2025-11-20 10:43,2025-11-20 11:00,17.0,partial overlap,Low,Conference Room A,Client Reception
CONF_2752,P022,Code Review,One-on-One,2025-11-17 10:15,2025-11-17 11:00,2025-11-17 10:30,2025-11-17 10:45,2025-11-17 10:30,2025-11-17 10:45,15.0,full overlap,Low,Conference Room C,Conference Room A
CONF_2753,P022,Project Discussion,Operations Check,2025-11-19 14:00,2025-11-19 14:45,2025-11-19 14:12,2025-11-19 14:37,2025-11-19 14:12,2025-11-19 14:37,25.0,full overlap,Low,Product Showcase,Conference Room A
CONF_2754,P022,Team Building,Client Visit,2025-11-17 13:15,2025-11-17 13:45,2025-11-17 12:32,2025-11-17 13:30,2025-11-17 13:15,2025-11-17 13:30,15.0,partial overlap,Low,Client Reception,Product Showcase
CONF_2755,P022,Code Review,Design Review,2025-11-18 10:45,2025-11-18 11:00,2025-11-18 10:52,2025-11-18 11:43,2025-11-18 10:52,2025-11-18 11:00,8.0,partial overlap,Low,Office Area 1,Conference Room B
CONF_2756,P022,Operations Check,Operations Check,2025-11-20 15:15,2025-11-20 16:00,2025-11-20 15:30,2025-11-20 15:59,2025-11-20 15:30,2025-11-20 15:59,29.0,full overlap,Low,Office Area 2,R&D Center
CONF_2757,P022,Operations Check,Design Review,2025-11-20 15:15,2025-11-20 16:00,2025-11-20 15:36,2025-11-20 16:15,2025-11-20 15:36,2025-11-20 16:00,24.0,partial overlap,Low,Office Area 2,Conference Room C
CONF_2758,P022,Training,Product Demo,2025-11-20 10:45,2025-11-20 11:30,2025-11-20 10:43,2025-11-20 11:21,2025-11-20 10:45,2025-11-20 11:21,36.0,partial overlap,Medium,Client Reception,Client Reception
CONF_2759,P023,Code Review,Requirements Analysis,2025-11-19 18:30,2025-11-19 19:15,2025-11-19 18:45,2025-11-19 19:30,2025-11-19 18:45,2025-11-19 19:15,30.0,partial overlap,Medium,Client Reception,Product Showcase
CONF_2760,P023,Code Review,Requirements Analysis,2025-11-19 18:30,2025-11-19 19:15,2025-11-19 18:45,2025-11-19 19:30,2025-11-19 18:45,2025-11-19 19:15,30.0,partial overlap,Medium,Client Reception,R&D Center
CONF_2761,P023,Brainstorming,Testing Acceptance,2025-11-16 15:00,2025-11-16 15:15,2025-11-16 15:05,2025-11-16 15:41,2025-11-16 15:05,2025-11-16 15:15,10.0,partial overlap,Low,Client Reception,Conference Room A
CONF_2762,P023,Tech Sharing,Brainstorming,2025-11-17 14:45,2025-11-17 15:15,2025-11-17 14:56,2025-11-17 15:19,2025-11-17 14:56,2025-11-17 15:15,19.0,partial overlap,Low,Office Area 1,Conference Room A
CONF_2763,P023,Project Discussion,Testing Acceptance,2025-11-17 18:00,2025-11-17 18:15,2025-11-17 17:45,2025-11-17 18:15,2025-11-17 18:00,2025-11-17 18:15,15.0,full overlap,Low,Remote,Training Room
CONF_2764,P023,One-on-One,Code Review,2025-11-15 13:30,2025-11-15 14:15,2025-11-15 13:44,2025-11-15 14:44,2025-11-15 13:44,2025-11-15 14:15,31.0,partial overlap,Medium,Conference Room B,Demo Hall
CONF_2765,P023,Requirements Analysis,Requirements Analysis,2025-11-19 18:45,2025-11-19 19:30,2025-11-19 18:45,2025-11-19 19:30,2025-11-19 18:45,2025-11-19 19:30,45.0,full overlap,Medium,Product Showcase,R&D Center
CONF_2766,P023,Testing Acceptance,Training,2025-11-24 12:00,2025-11-24 12:45,2025-11-24 12:14,2025-11-24 13:14,2025-11-24 12:14,2025-11-24 12:45,31.0,partial overlap,Medium,Client Reception,Cafe
CONF_2767,P024,Testing Acceptance,Team Building,2025-11-17 14:30,2025-11-17 15:00,2025-11-17 14:15,2025-11-17 14:45,2025-11-17 14:30,2025-11-17 14:45,15.0,partial overlap,Low,Conference Room A,Conference Room C
CONF_2768,P024,Testing Acceptance,Testing Acceptance,2025-11-17 14:30,2025-11-17 15:00,2025-11-17 14:00,2025-11-17 14:45,2025-11-17 14:30,2025-11-17 14:45,15.0,partial overlap,Low,Conference Room A,Office Area 1
CONF_2769,P024,Code Review,Team Building,2025-11-12 18:45,2025-11-12 19:15,2025-11-12 18:52,2025-11-12 19:13,2025-11-12 18:52,2025-11-12 19:13,21.0,full overlap,Low,Break Room,Break Room
CONF_2770,P024,Team Building,Testing Acceptance,2025-11-17 14:15,2025-11-17 14:45,2025-11-17 14:00,2025-11-17 14:45,2025-11-17 14:15,2025-11-17 14:45,30.0,full overlap,Medium,Conference Room C,Office Area 1
CONF_2771,P024,Requirements Analysis,Tech Sharing,2025-11-20 14:15,2025-11-20 14:45,2025-11-20 14:30,2025-11-20 15:15,2025-11-20 14:30,2025-11-20 14:45,15.0,partial overlap,Low,Office Area 1,Product Showcase
CONF_2772,P024,Deployment,Code Review,2025-11-15 15:30,2025-11-15 16:00,2025-11-15 15:30,2025-11-15 15:45,2025-11-15 15:30,2025-11-15 15:45,15.0,full overlap,Low,Online Meeting,Office Area 1
CONF_2773,P024,Client Visit,Training,2025-11-20 08:15,2025-11-20 08:45,2025-11-20 08:15,2025-11-20 08:30,2025-11-20 08:15,2025-11-20 08:30,15.0,full overlap,Low,Client Reception,Demo Hall
CONF_2774,P024,Requirements Analysis,Brainstorming,2025-11-19 15:30,2025-11-19 16:00,2025-11-19 15:59,2025-11-19 16:14,2025-11-19 15:59,2025-11-19 16:00,1.0,partial overlap,Low,Client Reception,Remote
CONF_2775,P024,Training,Project Discussion,2025-11-17 18:15,2025-11-17 18:45,2025-11-17 18:30,2025-11-17 18:45,2025-11-17 18:30,2025-11-17 18:45,15.0,full overlap,Low,Conference Room A,Office Area 2
CONF_2776,P024,Tech Sharing,One-on-One,2025-11-18 09:15,2025-11-18 10:00,2025-11-18 08:45,2025-11-18 09:30,2025-11-18 09:15,2025-11-18 09:30,15.0,partial overlap,Low,R&D Center,Training Room
CONF_2777,P024,Meeting,Requirements Analysis,2025-11-21 09:00,2025-11-21 09:15,2025-11-21 09:13,2025-11-21 10:03,2025-11-21 09:13,2025-11-21 09:15,2.0,partial overlap,Low,Remote,Conference Room C
CONF_2778,P024,Testing Acceptance,Project Discussion,2025-11-23 15:45,2025-11-23 16:15,2025-11-23 15:55,2025-11-23 16:16,2025-11-23 15:55,2025-11-23 16:15,20.0,partial overlap,Low,Demo Hall,Client Reception
CONF_2779,P024,Training,Design Review,2025-11-25 14:15,2025-11-25 14:45,2025-11-25 14:33,2025-11-25 15:26,2025-11-25 14:33,2025-11-25 14:45,12.0,partial overlap,Low,Training Room,Training Room
CONF_2780,P025,Design Review,Operations Check,2025-11-18 08:00,2025-11-18 08:30,2025-11-18 08:15,2025-11-18 09:00,2025-11-18 08:15,2025-11-18 08:30,15.0,partial overlap,Low,Break Room,Remote
CONF_2781,P025,Design Review,One-on-One,2025-11-18 08:00,2025-11-18 08:30,2025-11-18 08:24,2025-11-18 08:52,2025-11-18 08:24,2025-11-18 08:30,6.0,partial overlap,Low,Break Room,Conference Room B
CONF_2782,P025,Testing Acceptance,Meeting,2025-11-14 14:30,2025-11-14 15:00,2025-11-14 14:45,2025-11-14 15:00,2025-11-14 14:45,2025-11-14 15:00,15.0,full overlap,Low,Conference Room B,R&D Center
CONF_2783,P025,Code Review,Project Discussion,2025-11-21 10:15,2025-11-21 11:00,2025-11-21 10:30,2025-11-21 11:00,2025-11-21 10:30,2025-11-21 11:00,30.0,full overlap,Medium,Client Reception,Conference Room A
CONF_2784,P025,Code Review,Product Demo,2025-11-21 10:15,2025-11-21 11:00,2025-11-21 10:00,2025-11-21 10:45,2025-11-21 10:15,2025-11-21 10:45,30.0,partial overlap,Medium,Client Reception,Cafe
CONF_2785,P025,Code Review,Operations Check,2025-11-21 10:15,2025-11-21 11:00,2025-11-21 10:38,2025-11-21 11:12,2025-11-21 10:38,2025-11-21 11:00,22.0,partial overlap,Low,Client Reception,Break Room
CONF_2786,P025,Code Review,Brainstorming,2025-11-21 10:15,2025-11-21 11:00,2025-11-21 10:34,2025-11-21 11:20,2025-11-21 10:34,2025-11-21 11:00,26.0,partial overlap,Low,Client Reception,Online Meeting
CONF_2787,P025,One-on-One,Operations Check,2025-11-18 08:45,2025-11-18 09:00,2025-11-18 08:15,2025-11-18 09:00,2025-11-18 08:45,2025-11-18 09:00,15.0,full overlap,Low,Product Showcase,Remote
CONF_2788,P025,One-on-One,One-on-One,2025-11-18 08:45,2025-11-18 09:00,2025-11-18 08:24,2025-11-18 08:52,2025-11-18 08:45,2025-11-18 08:52,7.0,partial overlap,Low,Product Showcase,Conference Room B
CONF_2789,P025,Brainstorming,Design Review,2025-11-21 12:45,2025-11-21 13:15,2025-11-21 13:02,2025-11-21 13:47,2025-11-21 13:02,2025-11-21 13:15,13.0,partial overlap,Low,Remote,Test Lab
CONF_2790,P025,Project Discussion,Product Demo,2025-11-21 10:30,2025-11-21 11:00,2025-11-21 10:00,2025-11-21 10:45,2025-11-21 10:30,2025-11-21 10:45,15.0,partial overlap,Low,Conference Room A,Cafe
CONF_2791,P025,Project Discussion,Operations Check,2025-11-21 10:30,2025-11-21 11:00,2025-11-21 10:38,2025-11-21 11:12,2025-11-21 10:38,2025-11-21 11:00,22.0,partial overlap,Low,Conference Room A,Break Room
CONF_2792,P025,Project Discussion,Brainstorming,2025-11-21 10:30,2025-11-21 11:00,2025-11-21 10:34,2025-11-21 11:20,2025-11-21 10:34,2025-11-21 11:00,26.0,partial overlap,Low,Conference Room A,Online Meeting
CONF_2793,P025,Tech Sharing,Product Demo,2025-11-21 09:30,2025-11-21 10:15,2025-11-21 10:00,2025-11-21 10:45,2025-11-21 10:00,2025-11-21 10:15,15.0,partial overlap,Low,Office Area 1,Cafe
CONF_2794,P025,Project Discussion,Training,2025-11-22 13:45,2025-11-22 14:30,2025-11-22 14:01,2025-11-22 14:22,2025-11-22 14:01,2025-11-22 14:22,21.0,full overlap,Low,Online Meeting,Office Area 1
CONF_2795,P025,Project Discussion,Client Visit,2025-11-22 13:45,2025-11-22 14:30,2025-11-22 14:26,2025-11-22 14:46,2025-11-22 14:26,2025-11-22 14:30,4.0,partial overlap,Low,Online Meeting,Cafe
CONF_2796,P025,Project Discussion,One-on-One,2025-11-22 13:45,2025-11-22 14:30,2025-11-22 14:24,2025-11-22 15:18,2025-11-22 14:24,2025-11-22 14:30,6.0,partial overlap,Low,Online Meeting,Office Area 1
CONF_2797,P025,Product Demo,Operations Check,2025-11-21 10:00,2025-11-21 10:45,2025-11-21 10:38,2025-11-21 11:12,2025-11-21 10:38,2025-11-21 10:45,7.0,partial overlap,Low,Cafe,Break Room
CONF_2798,P025,Product Demo,Brainstorming,2025-11-21 10:00,2025-11-21 10:45,2025-11-21 10:34,2025-11-21 11:20,2025-11-21 10:34,2025-11-21 10:45,11.0,partial overlap,Low,Cafe,Online Meeting
CONF_2799,P025,Operations Check,One-on-One,2025-11-18 08:15,2025-11-18 09:00,2025-11-18 08:24,2025-11-18 08:52,2025-11-18 08:24,2025-11-18 08:52,28.0,full overlap,Low,Remote,Conference Room B
CONF_2800,P026,Testing Acceptance,Meeting,2025-11-17 13:30,2025-11-17 14:15,2025-11-17 13:00,2025-11-17 13:45,2025-11-17 13:30,2025-11-17 13:45,15.0,partial overlap,Low,Client Reception,Training Room
CONF_2801,P026,Client Visit,Product Demo,2025-11-16 11:45,2025-11-16 12:15,2025-11-16 12:05,2025-11-16 12:43,2025-11-16 12:05,2025-11-16 12:15,10.0,partial overlap,Low,Product Showcase,Client Reception
CONF_2802,P026,Team Building,Tech Sharing,2025-11-16 17:00,2025-11-16 17:45,2025-11-16 17:30,2025-11-16 18:00,2025-11-16 17:30,2025-11-16 17:45,15.0,partial overlap,Low,Online Meeting,Break Room
CONF_2803,P026,Team Building,Tech Sharing,2025-11-16 17:00,2025-11-16 17:45,2025-11-16 16:59,2025-11-16 17:16,2025-11-16 17:00,2025-11-16 17:16,16.0,partial overlap,Low,Online Meeting,Break Room
CONF_2804,P026,Tech Sharing,Tech Sharing,2025-11-16 16:45,2025-11-16 17:00,2025-11-16 16:59,2025-11-16 17:16,2025-11-16 16:59,2025-11-16 17:00,1.0,partial overlap,Low,Client Reception,Break Room
CONF_2805,P026,Code Review,Meeting,2025-11-19 16:00,2025-11-19 16:30,2025-11-19 16:15,2025-11-19 16:30,2025-11-19 16:15,2025-11-19 16:30,15.0,full overlap,Low,Demo Hall,Remote
CONF_2806,P026,Deployment,Requirements Analysis,2025-11-17 15:00,2025-11-17 15:45,2025-11-17 15:08,2025-11-17 15:35,2025-11-17 15:08,2025-11-17 15:35,27.0,full overlap,Low,Demo Hall,Product Showcase
CONF_2807,P027,Training,Meeting,2025-11-16 11:15,2025-11-16 11:45,2025-11-16 11:30,2025-11-16 12:04,2025-11-16 11:30,2025-11-16 11:45,15.0,partial overlap,Low,R&D Center,Product Showcase
CONF_2808,P027,Design Review,Testing Acceptance,2025-11-19 15:45,2025-11-19 16:30,2025-11-19 16:15,2025-11-19 17:00,2025-11-19 16:15,2025-11-19 16:30,15.0,partial overlap,Low,Break Room,Office Area 2
CONF_2809,P027,Design Review,Requirements Analysis,2025-11-15 13:15,2025-11-15 13:30,2025-11-15 13:15,2025-11-15 13:30,2025-11-15 13:15,2025-11-15 13:30,15.0,full overlap,Low,Remote,Product Showcase
CONF_2810,P027,Tech Sharing,Product Demo,2025-11-17 14:30,2025-11-17 14:45,2025-11-17 14:43,2025-11-17 15:03,2025-11-17 14:43,2025-11-17 14:45,2.0,partial overlap,Low,Office Area 1,Conference Room B
CONF_2811,P027,Project Discussion,Operations Check,2025-11-19 11:00,2025-11-19 11:45,2025-11-19 11:15,2025-11-19 12:00,2025-11-19 11:15,2025-11-19 11:45,30.0,partial overlap,Medium,Client Reception,Office Area 2
CONF_2812,P027,Project Discussion,Brainstorming,2025-11-20 13:00,2025-11-20 13:15,2025-11-20 13:08,2025-11-20 13:47,2025-11-20 13:08,2025-11-20 13:15,7.0,partial overlap,Low,Demo Hall,Demo Hall
CONF_2813,P027,Meeting,Meeting,2025-11-19 10:15,2025-11-19 10:30,2025-11-19 10:15,2025-11-19 10:45,2025-11-19 10:15,2025-11-19 10:30,15.0,full overlap,Low,Office Area 2,Conference Room C
CONF_2814,P027,One-on-One,Design Review,2025-11-21 14:45,2025-11-21 15:00,2025-11-21 14:30,2025-11-21 15:15,2025-11-21 14:45,2025-11-21 15:00,15.0,full overlap,Low,Office Area 1,Remote
CONF_2815,P027,One-on-One,One-on-One,2025-11-21 14:45,2025-11-21 15:00,2025-11-21 14:52,2025-11-21 15:31,2025-11-21 14:52,2025-11-21 15:00,8.0,partial overlap,Low,Office Area 1,Office Area 2
CONF_2816,P027,Product Demo,Team Building,2025-11-16 15:15,2025-11-16 16:00,2025-11-16 15:26,2025-11-16 16:09,2025-11-16 15:26,2025-11-16 16:00,34.0,partial overlap,Medium,Conference Room B,Remote
CONF_2817,P027,Design Review,One-on-One,2025-11-21 14:30,2025-11-21 15:15,2025-11-21 14:52,2025-11-21 15:31,2025-11-21 14:52,2025-11-21 15:15,23.0,partial overlap,Low,Remote,Office Area 2
CONF_2818,P027,Code Review,One-on-One,2025-11-22 17:00,2025-11-22 17:15,2025-11-22 17:12,2025-11-22 17:41,2025-11-22 17:12,2025-11-22 17:15,3.0,partial overlap,Low,R&D Center,Break Room
CONF_2819,P028,Brainstorming,Testing Acceptance,2025-11-16 16:45,2025-11-16 17:15,2025-11-16 16:57,2025-11-16 17:23,2025-11-16 16:57,2025-11-16 17:15,18.0,partial overlap,Low,Conference Room A,Client Reception
CONF_2820,P028,Design Review,Deployment,2025-11-16 15:00,2025-11-16 15:15,2025-11-16 14:30,2025-11-16 15:15,2025-11-16 15:00,2025-11-16 15:15,15.0,full overlap,Low,Test Lab,Demo Hall
CONF_2821,P028,Product Demo,Testing Acceptance,2025-11-19 11:30,2025-11-19 12:00,2025-11-19 11:45,2025-11-19 12:00,2025-11-19 11:45,2025-11-19 12:00,15.0,full overlap,Low,Conference Room A,Test Lab
CONF_2822,P028,Design Review,Client Visit,2025-11-18 11:00,2025-11-18 11:45,2025-11-18 11:19,2025-11-18 12:12,2025-11-18 11:19,2025-11-18 11:45,26.0,partial overlap,Low,Conference Room C,Online Meeting
CONF_2823,P028,Deployment,One-on-One,2025-11-21 09:15,2025-11-21 09:45,2025-11-21 09:30,2025-11-21 10:15,2025-11-21 09:30,2025-11-21 09:45,15.0,partial overlap,Low,Product Showcase,Conference Room A
CONF_2824,P028,Tech Sharing,Testing Acceptance,2025-11-17 17:45,2025-11-17 18:15,2025-11-17 18:00,2025-11-17 18:15,2025-11-17 18:00,2025-11-17 18:15,15.0,full overlap,Low,Office Area 2,Product Showcase
CONF_2825,P028,Tech Sharing,Client Visit,2025-11-17 17:45,2025-11-17 18:15,2025-11-17 18:12,2025-11-17 19:11,2025-11-17 18:12,2025-11-17 18:15,3.0,partial overlap,Low,Office Area 2,Office Area 2
CONF_2826,P028,Testing Acceptance,Client Visit,2025-11-17 18:00,2025-11-17 18:15,2025-11-17 18:12,2025-11-17 19:11,2025-11-17 18:12,2025-11-17 18:15,3.0,partial overlap,Low,Product Showcase,Office Area 2
CONF_2827,P028,Requirements Analysis,Product Demo,2025-11-21 12:15,2025-11-21 12:30,2025-11-21 12:15,2025-11-21 12:30,2025-11-21 12:15,2025-11-21 12:30,15.0,full overlap,Low,Training Room,Remote
CONF_2828,P028,Testing Acceptance,Deployment,2025-11-21 18:30,2025-11-21 18:45,2025-11-21 18:35,2025-11-21 19:22,2025-11-21 18:35,2025-11-21 18:45,10.0,partial overlap,Low,Break Room,R&D Center
CONF_2829,P028,Client Visit,Design Review,2025-11-22 17:15,2025-11-22 17:45,2025-11-22 17:30,2025-11-22 17:45,2025-11-22 17:30,2025-11-22 17:45,15.0,full overlap,Low,Conference Room A,Conference Room A
CONF_2830,P028,Code Review,Operations Check,2025-11-20 16:45,2025-11-20 17:15,2025-11-20 17:03,2025-11-20 17:18,2025-11-20 17:03,2025-11-20 17:15,12.0,partial overlap,Low,Cafe,Conference Room A
CONF_2831,P029,Brainstorming,Deployment,2025-11-16 15:00,2025-11-16 15:45,2025-11-16 15:08,2025-11-16 15:30,2025-11-16 15:08,2025-11-16 15:30,22.0,full overlap,Low,Product Showcase,Demo Hall
CONF_2832,P029,Team Building,Project Discussion,2025-11-19 12:00,2025-11-19 12:15,2025-11-19 12:00,2025-11-19 12:30,2025-11-19 12:00,2025-11-19 12:15,15.0,full overlap,Low,Remote,Online Meeting
CONF_2833,P029,Testing Acceptance,Operations Check,2025-11-20 16:30,2025-11-20 17:00,2025-11-20 15:54,2025-11-20 16:36,2025-11-20 16:30,2025-11-20 16:36,6.0,partial overlap,Low,Office Area 1,Cafe
CONF_2834,P029,Operations Check,Training,2025-11-21 18:15,2025-11-21 18:30,2025-11-21 17:25,2025-11-21 18:22,2025-11-21 18:15,2025-11-21 18:22,7.0,partial overlap,Low,Demo Hall,Remote
CONF_2835,P029,Tech Sharing,Brainstorming,2025-11-16 10:30,2025-11-16 11:00,2025-11-16 10:00,2025-11-16 10:45,2025-11-16 10:30,2025-11-16 10:45,15.0,partial overlap,Low,Conference Room A,Online Meeting
CONF_2836,P029,Tech Sharing,Product Demo,2025-11-16 10:30,2025-11-16 11:00,2025-11-16 10:15,2025-11-16 11:00,2025-11-16 10:30,2025-11-16 11:00,30.0,full overlap,Medium,Conference Room A,Break Room
CONF_2837,P029,Tech Sharing,Design Review,2025-11-16 10:30,2025-11-16 11:00,2025-11-16 10:09,2025-11-16 10:59,2025-11-16 10:30,2025-11-16 10:59,29.0,partial overlap,Low,Conference Room A,Test Lab
CONF_2838,P029,Brainstorming,Product Demo,2025-11-16 10:00,2025-11-16 10:45,2025-11-16 10:15,2025-11-16 11:00,2025-11-16 10:15,2025-11-16 10:45,30.0,partial overlap,Medium,Online Meeting,Break Room
CONF_2839,P029,Brainstorming,Design Review,2025-11-16 10:00,2025-11-16 10:45,2025-11-16 10:09,2025-11-16 10:59,2025-11-16 10:09,2025-11-16 10:45,36.0,partial overlap,Medium,Online Meeting,Test Lab
CONF_2840,P029,Code Review,Training,2025-11-21 17:15,2025-11-21 17:45,2025-11-21 17:25,2025-11-21 18:22,2025-11-21 17:25,2025-11-21 17:45,20.0,partial overlap,Low,Client Reception,Remote
CONF_2841,P029,Product Demo,Design Review,2025-11-16 10:15,2025-11-16 11:00,2025-11-16 10:09,2025-11-16 10:59,2025-11-16 10:15,2025-11-16 10:59,44.0,partial overlap,Medium,Break Room,Test Lab
CONF_2842,P029,Tech Sharing,Design Review,2025-11-20 09:00,2025-11-20 09:30,2025-11-20 08:45,2025-11-20 09:30,2025-11-20 09:00,2025-11-20 09:30,30.0,full overlap,Medium,Office Area 1,Office Area 1
CONF_2843,P029,Code Review,Operations Check,2025-11-20 15:45,2025-11-20 16:30,2025-11-20 15:54,2025-11-20 16:36,2025-11-20 15:54,2025-11-20 16:30,36.0,partial overlap,Medium,Product Showcase,Cafe
CONF_2844,P029,Operations Check,One-on-One,2025-11-22 16:00,2025-11-22 16:30,2025-11-22 16:21,2025-11-22 17:07,2025-11-22 16:21,2025-11-22 16:30,9.0,partial overlap,Low,Office Area 2,Conference Room A
CONF_2845,P029,Operations Check,Operations Check,2025-11-22 16:00,2025-11-22 16:30,2025-11-22 16:28,2025-11-22 17:04,2025-11-22 16:28,2025-11-22 16:30,2.0,partial overlap,Low,Office Area 2,Demo Hall
CONF_2846,P030,Code Review,Training,2025-11-17 15:30,2025-11-17 15:45,2025-11-17 15:30,2025-11-17 16:15,2025-11-17 15:30,2025-11-17 15:45,15.0,full overlap,Low,Office Area 1,Training Room
CONF_2847,P030,Deployment,Design Review,2025-11-17 09:30,2025-11-17 09:45,2025-11-17 09:30,2025-11-17 10:00,2025-11-17 09:30,2025-11-17 09:45,15.0,full overlap,Low,Conference Room B,Online Meeting
CONF_2848,P030,Training,One-on-One,2025-11-17 15:30,2025-11-17 16:15,2025-11-17 15:59,2025-11-17 16:33,2025-11-17 15:59,2025-11-17 16:15,16.0,partial overlap,Low,Training Room,Demo Hall
CONF_2849,P030,Tech Sharing,Operations Check,2025-11-20 09:00,2025-11-20 09:30,2025-11-20 09:11,2025-11-20 09:28,2025-11-20 09:11,2025-11-20 09:28,17.0,full overlap,Low,R&D Center,Conference Room B
CONF_2850,P030,Tech Sharing,Product Demo,2025-11-17 18:15,2025-11-17 18:45,2025-11-17 18:15,2025-11-17 18:45,2025-11-17 18:15,2025-11-17 18:45,30.0,full overlap,Medium,Training Room,Product Showcase
CONF_2851,P030,Design Review,Training,2025-11-23 08:45,2025-11-23 09:00,2025-11-23 08:56,2025-11-23 09:41,2025-11-23 08:56,2025-11-23 09:00,4.0,partial overlap,Low,Demo Hall,Office Area 1
CONF_2852,P030,Product Demo,Brainstorming,2025-11-18 18:30,2025-11-18 18:45,2025-11-18 18:30,2025-11-18 19:15,2025-11-18 18:30,2025-11-18 18:45,15.0,full overlap,Low,Conference Room C,Conference Room C
CONF_2853,P030,Code Review,Meeting,2025-11-24 10:00,2025-11-24 10:45,2025-11-24 10:15,2025-11-24 10:45,2025-11-24 10:15,2025-11-24 10:45,30.0,full overlap,Medium,Office Area 1,Remote
CONF_2854,P031,Tech Sharing,Tech Sharing,2025-11-19 10:30,2025-11-19 11:15,2025-11-19 10:45,2025-11-19 11:30,2025-11-19 10:45,2025-11-19 11:15,30.0,partial overlap,Medium,Office Area 1,R&D Center
CONF_2855,P031,Tech Sharing,Requirements Analysis,2025-11-21 09:15,2025-11-21 10:00,2025-11-21 09:00,2025-11-21 09:45,2025-11-21 09:15,2025-11-21 09:45,30.0,partial overlap,Medium,Conference Room A,Demo Hall
CONF_2856,P031,Testing Acceptance,Requirements Analysis,2025-11-20 17:30,2025-11-20 18:15,2025-11-20 17:45,2025-11-20 18:30,2025-11-20 17:45,2025-11-20 18:15,30.0,partial overlap,Medium,Online Meeting,Conference Room A
CONF_2857,P031,Code Review,Tech Sharing,2025-11-24 15:45,2025-11-24 16:30,2025-11-24 15:57,2025-11-24 16:38,2025-11-24 15:57,2025-11-24 16:30,33.0,partial overlap,Medium,Test Lab,Client Reception
CONF_2858,P031,Deployment,Code Review,2025-11-22 09:15,2025-11-22 10:00,2025-11-22 09:37,2025-11-22 10:31,2025-11-22 09:37,2025-11-22 10:00,23.0,partial overlap,Low,Online Meeting,Product Showcase
CONF_2859,P032,Deployment,Meeting,2025-11-19 17:15,2025-11-19 18:00,2025-11-19 17:00,2025-11-19 17:45,2025-11-19 17:15,2025-11-19 17:45,30.0,partial overlap,Medium,Demo Hall,Training Room
CONF_2860,P032,Training,Meeting,2025-11-20 09:15,2025-11-20 10:00,2025-11-20 09:22,2025-11-20 10:00,2025-11-20 09:22,2025-11-20 10:00,38.0,full overlap,Medium,Test Lab,Cafe
CONF_2861,P032,Operations Check,Training,2025-11-15 18:30,2025-11-15 19:00,2025-11-15 18:30,2025-11-15 18:45,2025-11-15 18:30,2025-11-15 18:45,15.0,full overlap,Low,Training Room,Test Lab
CONF_2862,P032,Operations Check,Product Demo,2025-11-15 18:30,2025-11-15 19:00,2025-11-15 18:48,2025-11-15 19:41,2025-11-15 18:48,2025-11-15 19:00,12.0,partial overlap,Low,Training Room,Break Room
CONF_2863,P032,Code Review,Client Visit,2025-11-19 18:00,2025-11-19 18:30,2025-11-19 18:28,2025-11-19 18:45,2025-11-19 18:28,2025-11-19 18:30,2.0,partial overlap,Low,Office Area 2,Online Meeting
CONF_2864,P032,Team Building,Design Review,2025-11-20 18:00,2025-11-20 18:15,2025-11-20 18:14,2025-11-20 18:51,2025-11-20 18:14,2025-11-20 18:15,1.0,partial overlap,Low,R&D Center,Product Showcase
CONF_2865,P032,Product Demo,Team Building,2025-11-22 16:45,2025-11-22 17:00,2025-11-22 16:45,2025-11-22 17:15,2025-11-22 16:45,2025-11-22 17:00,15.0,full overlap,Low,Office Area 2,Office Area 1
CONF_2866,P032,Meeting,Operations Check,2025-11-22 11:00,2025-11-22 11:30,2025-11-22 10:45,2025-11-22 11:30,2025-11-22 11:00,2025-11-22 11:30,30.0,full overlap,Medium,Test Lab,Online Meeting
CONF_2867,P032,Meeting,Testing Acceptance,2025-11-22 11:00,2025-11-22 11:30,2025-11-22 10:52,2025-11-22 11:31,2025-11-22 11:00,2025-11-22 11:30,30.0,full overlap,Medium,Test Lab,Training Room
CONF_2868,P032,Training,Team Building,2025-11-21 17:00,2025-11-21 17:30,2025-11-21 17:05,2025-11-21 18:04,2025-11-21 17:05,2025-11-21 17:30,25.0,partial overlap,Low,Break Room,Demo Hall
CONF_2869,P032,Testing Acceptance,Team Building,2025-11-21 17:30,2025-11-21 18:00,2025-11-21 17:05,2025-11-21 18:04,2025-11-21 17:30,2025-11-21 18:00,30.0,full overlap,Medium,Client Reception,Demo Hall
CONF_2870,P032,Testing Acceptance,Team Building,2025-11-23 14:45,2025-11-23 15:30,2025-11-23 15:08,2025-11-23 15:59,2025-11-23 15:08,2025-11-23 15:30,22.0,partial overlap,Low,Office Area 1,Conference Room A
CONF_2871,P032,Testing Acceptance,Meeting,2025-11-18 18:45,2025-11-18 19:30,2025-11-18 18:54,2025-11-18 19:41,2025-11-18 18:54,2025-11-18 19:30,36.0,partial overlap,Medium,Office Area 1,Demo Hall
CONF_2872,P032,Operations Check,Testing Acceptance,2025-11-22 10:45,2025-11-22 11:30,2025-11-22 10:52,2025-11-22 11:31,2025-11-22 10:52,2025-11-22 11:30,38.0,partial overlap,Medium,Online Meeting,Training Room
CONF_2873,P033,Product Demo,Tech Sharing,2025-11-13 15:30,2025-11-13 16:00,2025-11-13 15:45,2025-11-13 16:30,2025-11-13 15:45,2025-11-13 16:00,15.0,partial overlap,Low,Cafe,Product Showcase
CONF_2874,P033,Requirements Analysis,Client Visit,2025-11-18 11:00,2025-11-18 11:45,2025-11-18 11:30,2025-11-18 12:15,2025-11-18 11:30,2025-11-18 11:45,15.0,partial overlap,Low,Online Meeting,Product Showcase
CONF_2875,P033,Requirements Analysis,Requirements Analysis,2025-11-18 11:00,2025-11-18 11:45,2025-11-18 11:06,2025-11-18 12:00,2025-11-18 11:06,2025-11-18 11:45,39.0,partial overlap,Medium,Online Meeting,Demo Hall
CONF_2876,P033,One-on-One,Training,2025-11-17 17:30,2025-11-17 17:45,2025-11-17 17:42,2025-11-17 18:20,2025-11-17 17:42,2025-11-17 17:45,3.0,partial overlap,Low,Cafe,Remote
CONF_2877,P033,One-on-One,Deployment,2025-11-17 17:30,2025-11-17 17:45,2025-11-17 17:44,2025-11-17 18:32,2025-11-17 17:44,2025-11-17 17:45,1.0,partial overlap,Low,Cafe,Conference Room B
CONF_2878,P033,Deployment,Requirements Analysis,2025-11-20 15:45,2025-11-20 16:30,2025-11-20 15:45,2025-11-20 16:00,2025-11-20 15:45,2025-11-20 16:00,15.0,full overlap,Low,Cafe,Conference Room B
CONF_2879,P033,Code Review,Operations Check,2025-11-20 13:00,2025-11-20 13:30,2025-11-20 12:45,2025-11-20 13:15,2025-11-20 13:00,2025-11-20 13:15,15.0,partial overlap,Low,Conference Room C,Conference Room C
CONF_2880,P033,Testing Acceptance,Team Building,2025-11-15 12:15,2025-11-15 12:45,2025-11-15 12:32,2025-11-15 13:29,2025-11-15 12:32,2025-11-15 12:45,13.0,partial overlap,Low,Office Area 2,Office Area 1
CONF_2881,P033,Brainstorming,Client Visit,2025-11-15 11:30,2025-11-15 12:15,2025-11-15 11:21,2025-11-15 11:53,2025-11-15 11:30,2025-11-15 11:53,23.0,partial overlap,Low,R&D Center,Online Meeting
CONF_2882,P033,Deployment,Client Visit,2025-11-15 17:00,2025-11-15 17:30,2025-11-15 17:24,2025-11-15 18:01,2025-11-15 17:24,2025-11-15 17:30,6.0,partial overlap,Low,Conference Room A,Break Room
CONF_2883,P033,Operations Check,Team Building,2025-11-23 10:45,2025-11-23 11:15,2025-11-23 10:30,2025-11-23 11:00,2025-11-23 10:45,2025-11-23 11:00,15.0,partial overlap,Low,Office Area 2,Remote
CONF_2884,P033,Code Review,Design Review,2025-11-21 11:00,2025-11-21 11:15,2025-11-21 11:06,2025-11-21 11:34,2025-11-21 11:06,2025-11-21 11:15,9.0,partial overlap,Low,R&D Center,Conference Room B
CONF_2885,P033,Client Visit,Requirements Analysis,2025-11-18 11:30,2025-11-18 12:15,2025-11-18 11:06,2025-11-18 12:00,2025-11-18 11:30,2025-11-18 12:00,30.0,partial overlap,Medium,Product Showcase,Demo Hall
CONF_2886,P033,Deployment,Team Building,2025-11-20 11:15,2025-11-20 11:30,2025-11-20 11:24,2025-11-20 12:07,2025-11-20 11:24,2025-11-20 11:30,6.0,partial overlap,Low,Client Reception,Remote
CONF_2887,P033,Training,Client Visit,2025-11-19 11:45,2025-11-19 12:30,2025-11-19 12:15,2025-11-19 12:45,2025-11-19 12:15,2025-11-19 12:30,15.0,partial overlap,Low,Break Room,Demo Hall
CONF_2888,P034,Brainstorming,Product Demo,2025-11-17 17:30,2025-11-17 18:15,2025-11-17 17:45,2025-11-17 18:30,2025-11-17 17:45,2025-11-17 18:15,30.0,partial overlap,Medium,Client Reception,Office Area 2
CONF_2889,P034,Operations Check,Project Discussion,2025-11-21 18:30,2025-11-21 19:15,2025-11-21 18:45,2025-11-21 19:15,2025-11-21 18:45,2025-11-21 19:15,30.0,full overlap,Medium,Training Room,Online Meeting
CONF_2890,P034,Meeting,Client Visit,2025-11-19 09:00,2025-11-19 09:30,2025-11-19 09:25,2025-11-19 09:44,2025-11-19 09:25,2025-11-19 09:30,5.0,partial overlap,Low,Office Area 2,Cafe
CONF_2891,P034,Code Review,Client Visit,2025-11-18 09:00,2025-11-18 09:45,2025-11-18 08:30,2025-11-18 09:15,2025-11-18 09:00,2025-11-18 09:15,15.0,partial overlap,Low,Cafe,Cafe
CONF_2892,P034,Code Review,Deployment,2025-11-18 09:00,2025-11-18 09:45,2025-11-18 09:15,2025-11-18 10:00,2025-11-18 09:15,2025-11-18 09:45,30.0,partial overlap,Medium,Cafe,Client Reception
CONF_2893,P034,Code Review,One-on-One,2025-11-18 09:00,2025-11-18 09:45,2025-11-18 09:23,2025-11-18 09:53,2025-11-18 09:23,2025-11-18 09:45,22.0,partial overlap,Low,Cafe,Client Reception
CONF_2894,P034,Code Review,Requirements Analysis,2025-11-18 09:00,2025-11-18 09:45,2025-11-18 09:14,2025-11-18 09:49,2025-11-18 09:14,2025-11-18 09:45,31.0,partial overlap,Medium,Cafe,Remote
CONF_2895,P034,Client Visit,Requirements Analysis,2025-11-18 08:30,2025-11-18 09:15,2025-11-18 09:14,2025-11-18 09:49,2025-11-18 09:14,2025-11-18 09:15,1.0,partial overlap,Low,Cafe,Remote
CONF_2896,P034,Testing Acceptance,Product Demo,2025-11-23 09:00,2025-11-23 09:15,2025-11-23 09:12,2025-11-23 09:46,2025-11-23 09:12,2025-11-23 09:15,3.0,partial overlap,Low,Break Room,Training Room
CONF_2897,P034,Deployment,One-on-One,2025-11-18 09:15,2025-11-18 10:00,2025-11-18 09:23,2025-11-18 09:53,2025-11-18 09:23,2025-11-18 09:53,30.0,full overlap,Medium,Client Reception,Client Reception
CONF_2898,P034,Deployment,Meeting,2025-11-18 09:15,2025-11-18 10:00,2025-11-18 09:48,2025-11-18 10:35,2025-11-18 09:48,2025-11-18 10:00,12.0,partial overlap,Low,Client Reception,Online Meeting
CONF_2899,P034,Deployment,Requirements Analysis,2025-11-18 09:15,2025-11-18 10:00,2025-11-18 09:14,2025-11-18 09:49,2025-11-18 09:15,2025-11-18 09:49,34.0,partial overlap,Medium,Client Reception,Remote
CONF_2900,P035,Training,Design Review,2025-11-17 14:15,2025-11-17 15:00,2025-11-17 14:00,2025-11-17 14:30,2025-11-17 14:15,2025-11-17 14:30,15.0,partial overlap,Low,Test Lab,Break Room
CONF_2901,P035,Meeting,Operations Check,2025-11-19 13:45,2025-11-19 14:30,2025-11-19 13:45,2025-11-19 14:00,2025-11-19 13:45,2025-11-19 14:00,15.0,full overlap,Low,Online Meeting,Office Area 2
CONF_2902,P035,Brainstorming,Meeting,2025-11-20 17:00,2025-11-20 17:30,2025-11-20 17:15,2025-11-20 17:30,2025-11-20 17:15,2025-11-20 17:30,15.0,full overlap,Low,Client Reception,Demo Hall
CONF_2903,P035,Brainstorming,Operations Check,2025-11-20 17:00,2025-11-20 17:30,2025-11-20 17:15,2025-11-20 18:00,2025-11-20 17:15,2025-11-20 17:30,15.0,partial overlap,Low,Client Reception,Break Room
CONF_2904,P035,Brainstorming,Testing Acceptance,2025-11-20 17:00,2025-11-20 17:30,2025-11-20 16:30,2025-11-20 17:15,2025-11-20 17:00,2025-11-20 17:15,15.0,partial overlap,Low,Client Reception,Office Area 2
CONF_2905,P035,Meeting,Operations Check,2025-11-20 17:15,2025-11-20 17:30,2025-11-20 17:15,2025-11-20 18:00,2025-11-20 17:15,2025-11-20 17:30,15.0,full overlap,Low,Demo Hall,Break Room
CONF_2906,P035,Tech Sharing,Tech Sharing,2025-11-17 10:00,2025-11-17 10:45,2025-11-17 10:27,2025-11-17 11:15,2025-11-17 10:27,2025-11-17 10:45,18.0,partial overlap,Low,Conference Room B,Demo Hall
CONF_2907,P036,Code Review,Operations Check,2025-11-18 18:15,2025-11-18 18:45,2025-11-18 18:28,2025-11-18 19:01,2025-11-18 18:28,2025-11-18 18:45,17.0,partial overlap,Low,R&D Center,Conference Room C
CONF_2908,P036,Project Discussion,Meeting,2025-11-18 08:15,2025-11-18 09:00,2025-11-18 08:00,2025-11-18 08:45,2025-11-18 08:15,2025-11-18 08:45,30.0,partial overlap,Medium,Cafe,R&D Center
CONF_2909,P036,Testing Acceptance,Deployment,2025-11-14 18:45,2025-11-14 19:15,2025-11-14 18:30,2025-11-14 19:00,2025-11-14 18:45,2025-11-14 19:00,15.0,partial overlap,Low,Office Area 1,Training Room
CONF_2910,P036,Team Building,Product Demo,2025-11-16 18:15,2025-11-16 18:30,2025-11-16 18:15,2025-11-16 18:45,2025-11-16 18:15,2025-11-16 18:30,15.0,full overlap,Low,Product Showcase,R&D Center
CONF_2911,P036,One-on-One,One-on-One,2025-11-18 12:15,2025-11-18 12:45,2025-11-18 12:37,2025-11-18 13:28,2025-11-18 12:37,2025-11-18 12:45,8.0,partial overlap,Low,Conference Room A,Conference Room C
CONF_2912,P036,Product Demo,Project Discussion,2025-11-16 18:15,2025-11-16 18:45,2025-11-16 18:40,2025-11-16 19:21,2025-11-16 18:40,2025-11-16 18:45,5.0,partial overlap,Low,R&D Center,Product Showcase
CONF_2913,P036,Tech Sharing,Tech Sharing,2025-11-20 16:30,2025-11-20 16:45,2025-11-20 15:56,2025-11-20 16:55,2025-11-20 16:30,2025-11-20 16:45,15.0,full overlap,Low,Break Room,Test Lab
CONF_2914,P036,Project Discussion,Code Review,2025-11-20 08:45,2025-11-20 09:15,2025-11-20 08:45,2025-11-20 09:15,2025-11-20 08:45,2025-11-20 09:15,30.0,full overlap,Medium,Training Room,Conference Room B
CONF_2915,P036,Meeting,Project Discussion,2025-11-17 18:30,2025-11-17 19:00,2025-11-17 18:36,2025-11-17 19:34,2025-11-17 18:36,2025-11-17 19:00,24.0,partial overlap,Low,Conference Room C,Demo Hall
CONF_2916,P036,Product Demo,Tech Sharing,2025-11-22 08:00,2025-11-22 08:30,2025-11-22 08:20,2025-11-22 08:58,2025-11-22 08:20,2025-11-22 08:30,10.0,partial overlap,Low,Conference Room B,Conference Room B
CONF_2917,P036,Training,Testing Acceptance,2025-11-18 15:15,2025-11-18 15:45,2025-11-18 15:00,2025-11-18 15:30,2025-11-18 15:15,2025-11-18 15:30,15.0,partial overlap,Low,Client Reception,Client Reception
CONF_2918,P036,Tech Sharing,Tech Sharing,2025-11-20 15:30,2025-11-20 16:15,2025-11-20 15:56,2025-11-20 16:55,2025-11-20 15:56,2025-11-20 16:15,19.0,partial overlap,Low,R&D Center,Test Lab
CONF_2919,P037,One-on-One,Project Discussion,2025-11-13 12:15,2025-11-13 12:30,2025-11-13 12:27,2025-11-13 12:55,2025-11-13 12:27,2025-11-13 12:30,3.0,partial overlap,Low,Product Showcase,Office Area 2
CONF_2920,P037,Deployment,Requirements Analysis,2025-11-13 14:45,2025-11-13 15:30,2025-11-13 15:14,2025-11-13 15:56,2025-11-13 15:14,2025-11-13 15:30,16.0,partial overlap,Low,Cafe,Conference Room A
CONF_2921,P037,Training,Testing Acceptance,2025-11-20 13:15,2025-11-20 14:00,2025-11-20 13:45,2025-11-20 14:30,2025-11-20 13:45,2025-11-20 14:00,15.0,partial overlap,Low,Conference Room A,R&D Center
CONF_2922,P037,Client Visit,Meeting,2025-11-19 14:45,2025-11-19 15:30,2025-11-19 15:15,2025-11-19 15:30,2025-11-19 15:15,2025-11-19 15:30,15.0,full overlap,Low,Break Room,Office Area 2
CONF_2923,P037,Team Building,Project Discussion,2025-11-18 10:45,2025-11-18 11:15,2025-11-18 10:15,2025-11-18 11:00,2025-11-18 10:45,2025-11-18 11:00,15.0,partial overlap,Low,Conference Room A,Test Lab
CONF_2924,P037,One-on-One,Tech Sharing,2025-11-22 12:30,2025-11-22 13:15,2025-11-22 12:30,2025-11-22 13:00,2025-11-22 12:30,2025-11-22 13:00,30.0,full overlap,Medium,Online Meeting,Conference Room B
CONF_2925,P037,Testing Acceptance,Design Review,2025-11-20 13:45,2025-11-20 14:30,2025-11-20 14:10,2025-11-20 14:46,2025-11-20 14:10,2025-11-20 14:30,20.0,partial overlap,Low,R&D Center,Cafe
CONF_2926,P038,Design Review,Training,2025-11-13 10:45,2025-11-13 11:15,2025-11-13 10:54,2025-11-13 11:27,2025-11-13 10:54,2025-11-13 11:15,21.0,partial overlap,Low,Client Reception,Client Reception
CONF_2927,P038,Client Visit,Team Building,2025-11-20 12:45,2025-11-20 13:30,2025-11-20 13:00,2025-11-20 13:45,2025-11-20 13:00,2025-11-20 13:30,30.0,partial overlap,Medium,R&D Center,Client Reception
CONF_2928,P038,Code Review,Client Visit,2025-11-18 09:00,2025-11-18 09:15,2025-11-18 09:06,2025-11-18 09:50,2025-11-18 09:06,2025-11-18 09:15,9.0,partial overlap,Low,Online Meeting,Online Meeting
CONF_2929,P038,Code Review,Requirements Analysis,2025-11-22 12:00,2025-11-22 12:30,2025-11-22 12:15,2025-11-22 12:45,2025-11-22 12:15,2025-11-22 12:30,15.0,partial overlap,Low,Office Area 1,Cafe
CONF_2930,P038,Project Discussion,One-on-One,2025-11-25 11:00,2025-11-25 11:15,2025-11-25 11:00,2025-11-25 11:15,2025-11-25 11:00,2025-11-25 11:15,15.0,full overlap,Low,Remote,Client Reception
CONF_2931,P039,Requirements Analysis,Training,2025-11-17 17:00,2025-11-17 17:30,2025-11-17 17:15,2025-11-17 17:45,2025-11-17 17:15,2025-11-17 17:30,15.0,partial overlap,Low,Online Meeting,Training Room
CONF_2932,P039,Deployment,Code Review,2025-11-20 17:30,2025-11-20 18:00,2025-11-20 17:30,2025-11-20 17:45,2025-11-20 17:30,2025-11-20 17:45,15.0,full overlap,Low,Office Area 1,Demo Hall
CONF_2933,P039,Code Review,Tech Sharing,2025-11-15 15:45,2025-11-15 16:15,2025-11-15 15:45,2025-11-15 16:00,2025-11-15 15:45,2025-11-15 16:00,15.0,full overlap,Low,Conference Room A,Product Showcase
CONF_2934,P039,Product Demo,Project Discussion,2025-11-14 08:45,2025-11-14 09:00,2025-11-14 08:57,2025-11-14 09:33,2025-11-14 08:57,2025-11-14 09:00,3.0,partial overlap,Low,Training Room,Office Area 1
CONF_2935,P039,Project Discussion,Operations Check,2025-11-16 09:15,2025-11-16 09:30,2025-11-16 09:00,2025-11-16 09:30,2025-11-16 09:15,2025-11-16 09:30,15.0,full overlap,Low,Online Meeting,Online Meeting
CONF_2936,P039,Training,Training,2025-11-21 11:00,2025-11-21 11:30,2025-11-21 11:12,2025-11-21 11:58,2025-11-21 11:12,2025-11-21 11:30,18.0,partial overlap,Low,Office Area 1,Office Area 2
CONF_2937,P040,Operations Check,Operations Check,2025-11-15 09:45,2025-11-15 10:15,2025-11-15 10:07,2025-11-15 10:31,2025-11-15 10:07,2025-11-15 10:15,8.0,partial overlap,Low,Test Lab,Test Lab
CONF_2938,P040,Requirements Analysis,One-on-One,2025-11-18 08:30,2025-11-18 09:15,2025-11-18 08:15,2025-11-18 09:00,2025-11-18 08:30,2025-11-18 09:00,30.0,partial overlap,Medium,Conference Room B,Test Lab
CONF_2939,P040,Project Discussion,Tech Sharing,2025-11-16 12:30,2025-11-16 13:00,2025-11-16 12:54,2025-11-16 13:45,2025-11-16 12:54,2025-11-16 13:00,6.0,partial overlap,Low,Break Room,Test Lab
CONF_2940,P040,Training,Brainstorming,2025-11-18 12:30,2025-11-18 13:15,2025-11-18 13:00,2025-11-18 13:45,2025-11-18 13:00,2025-11-18 13:15,15.0,partial overlap,Low,Conference Room B,Cafe
CONF_2941,P040,Brainstorming,Code Review,2025-11-17 11:15,2025-11-17 12:00,2025-11-17 11:24,2025-11-17 12:19,2025-11-17 11:24,2025-11-17 12:00,36.0,partial overlap,Medium,Remote,Remote
CONF_2942,P040,Brainstorming,Tech Sharing,2025-11-17 11:15,2025-11-17 12:00,2025-11-17 11:24,2025-11-17 11:46,2025-11-17 11:24,2025-11-17 11:46,22.0,full overlap,Low,Remote,Conference Room B
CONF_2943,P040,Training,Brainstorming,2025-11-20 11:30,2025-11-20 12:15,2025-11-20 11:30,2025-11-20 11:45,2025-11-20 11:30,2025-11-20 11:45,15.0,full overlap,Low,Cafe,Training Room
CONF_2944,P040,Code Review,Project Discussion,2025-11-18 15:15,2025-11-18 15:45,2025-11-18 15:30,2025-11-18 16:00,2025-11-18 15:30,2025-11-18 15:45,15.0,partial overlap,Low,Test Lab,Remote
CONF_2945,P040,Deployment,Project Discussion,2025-11-19 15:15,2025-11-19 15:30,2025-11-19 15:23,2025-11-19 16:03,2025-11-19 15:23,2025-11-19 15:30,7.0,partial overlap,Low,Conference Room C,Office Area 2
CONF_2946,P041,Brainstorming,Deployment,2025-11-16 09:00,2025-11-16 09:15,2025-11-16 09:07,2025-11-16 09:39,2025-11-16 09:07,2025-11-16 09:15,8.0,partial overlap,Low,Conference Room C,Office Area 2
CONF_2947,P041,Meeting,One-on-One,2025-11-19 11:30,2025-11-19 12:00,2025-11-19 11:30,2025-11-19 12:15,2025-11-19 11:30,2025-11-19 12:00,30.0,full overlap,Medium,Online Meeting,Office Area 2
CONF_2948,P041,Design Review,Training,2025-11-19 13:45,2025-11-19 14:15,2025-11-19 13:45,2025-11-19 14:30,2025-11-19 13:45,2025-11-19 14:15,30.0,full overlap,Medium,Remote,Cafe
CONF_2949,P041,Code Review,Brainstorming,2025-11-20 08:15,2025-11-20 09:00,2025-11-20 08:15,2025-11-20 08:45,2025-11-20 08:15,2025-11-20 08:45,30.0,full overlap,Medium,Online Meeting,R&D Center
CONF_2950,P041,Requirements Analysis,Training,2025-11-15 13:00,2025-11-15 13:30,2025-11-15 13:16,2025-11-15 13:37,2025-11-15 13:16,2025-11-15 13:30,14.0,partial overlap,Low,Demo Hall,Demo Hall
CONF_2951,P041,Requirements Analysis,Testing Acceptance,2025-11-16 17:15,2025-11-16 17:30,2025-11-16 17:29,2025-11-16 17:51,2025-11-16 17:29,2025-11-16 17:30,1.0,partial overlap,Low,Office Area 2,Remote
CONF_2952,P041,Requirements Analysis,Code Review,2025-11-14 11:30,2025-11-14 12:15,2025-11-14 11:48,2025-11-14 12:33,2025-11-14 11:48,2025-11-14 12:15,27.0,partial overlap,Low,Break Room,Conference Room C
CONF_2953,P042,Client Visit,Training,2025-11-19 16:45,2025-11-19 17:30,2025-11-19 16:45,2025-11-19 17:15,2025-11-19 16:45,2025-11-19 17:15,30.0,full overlap,Medium,Conference Room B,Cafe
CONF_2954,P042,Client Visit,Deployment,2025-11-19 16:45,2025-11-19 17:30,2025-11-19 17:11,2025-11-19 18:09,2025-11-19 17:11,2025-11-19 17:30,19.0,partial overlap,Low,Conference Room B,Remote
CONF_2955,P042,Training,Design Review,2025-11-19 12:15,2025-11-19 12:45,2025-11-19 12:36,2025-11-19 13:36,2025-11-19 12:36,2025-11-19 12:45,9.0,partial overlap,Low,Conference Room C,Client Reception
CONF_2956,P042,Training,Deployment,2025-11-19 16:45,2025-11-19 17:15,2025-11-19 17:11,2025-11-19 18:09,2025-11-19 17:11,2025-11-19 17:15,4.0,partial overlap,Low,Cafe,Remote
CONF_2957,P042,Requirements Analysis,Client Visit,2025-11-18 13:00,2025-11-18 13:30,2025-11-18 13:15,2025-11-18 13:30,2025-11-18 13:15,2025-11-18 13:30,15.0,full overlap,Low,Cafe,Remote
CONF_2958,P042,Design Review,One-on-One,2025-11-18 15:30,2025-11-18 15:45,2025-11-18 15:15,2025-11-18 15:45,2025-11-18 15:30,2025-11-18 15:45,15.0,full overlap,Low,Client Reception,Product Showcase
CONF_2959,P042,Project Discussion,Requirements Analysis,2025-11-21 18:30,2025-11-21 19:15,2025-11-21 17:53,2025-11-21 18:46,2025-11-21 18:30,2025-11-21 18:46,16.0,partial overlap,Low,Client Reception,Office Area 1
CONF_2960,P042,One-on-One,Operations Check,2025-11-18 15:15,2025-11-18 15:45,2025-11-18 14:38,2025-11-18 15:23,2025-11-18 15:15,2025-11-18 15:23,8.0,partial overlap,Low,Product Showcase,Office Area 1
CONF_2961,P042,Requirements Analysis,Design Review,2025-11-17 18:00,2025-11-17 18:30,2025-11-17 18:00,2025-11-17 18:45,2025-11-17 18:00,2025-11-17 18:30,30.0,full overlap,Medium,Online Meeting,Break Room
CONF_2962,P042,Requirements Analysis,Requirements Analysis,2025-11-17 18:00,2025-11-17 18:30,2025-11-17 18:27,2025-11-17 19:06,2025-11-17 18:27,2025-11-17 18:30,3.0,partial overlap,Low,Online Meeting,Online Meeting
CONF_2963,P042,Deployment,Operations Check,2025-11-18 14:15,2025-11-18 14:45,2025-11-18 14:38,2025-11-18 15:23,2025-11-18 14:38,2025-11-18 14:45,7.0,partial overlap,Low,Break Room,Office Area 1
CONF_2964,P042,Product Demo,One-on-One,2025-11-19 09:45,2025-11-19 10:30,2025-11-19 09:30,2025-11-19 10:00,2025-11-19 09:45,2025-11-19 10:00,15.0,partial overlap,Low,Conference Room B,Product Showcase
CONF_2965,P042,Design Review,Requirements Analysis,2025-11-17 18:00,2025-11-17 18:45,2025-11-17 18:27,2025-11-17 19:06,2025-11-17 18:27,2025-11-17 18:45,18.0,partial overlap,Low,Break Room,Online Meeting
CONF_2966,P042,Training,Team Building,2025-11-18 10:30,2025-11-18 11:00,2025-11-18 10:30,2025-11-18 10:45,2025-11-18 10:30,2025-11-18 10:45,15.0,full overlap,Low,Online Meeting,Demo Hall
CONF_2967,P042,Training,Client Visit,2025-11-18 10:30,2025-11-18 11:00,2025-11-18 10:30,2025-11-18 11:00,2025-11-18 10:30,2025-11-18 11:00,30.0,full overlap,Medium,Online Meeting,Client Reception
CONF_2968,P042,Team Building,Client Visit,2025-11-18 10:30,2025-11-18 10:45,2025-11-18 10:30,2025-11-18 11:00,2025-11-18 10:30,2025-11-18 10:45,15.0,full overlap,Low,Demo Hall,Client Reception
CONF_2969,P043,Requirements Analysis,Client Visit,2025-11-18 17:00,2025-11-18 17:30,2025-11-18 16:30,2025-11-18 17:15,2025-11-18 17:00,2025-11-18 17:15,15.0,partial overlap,Low,Office Area 1,Remote
CONF_2970,P043,Requirements Analysis,Client Visit,2025-11-18 17:00,2025-11-18 17:30,2025-11-18 16:38,2025-11-18 17:21,2025-11-18 17:00,2025-11-18 17:21,21.0,partial overlap,Low,Office Area 1,Conference Room C
CONF_2971,P043,Requirements Analysis,Project Discussion,2025-11-18 17:00,2025-11-18 17:30,2025-11-18 16:50,2025-11-18 17:14,2025-11-18 17:00,2025-11-18 17:14,14.0,partial overlap,Low,Office Area 1,Remote
CONF_2972,P043,Client Visit,Testing Acceptance,2025-11-14 14:30,2025-11-14 15:00,2025-11-14 14:30,2025-11-14 15:00,2025-11-14 14:30,2025-11-14 15:00,30.0,full overlap,Medium,Product Showcase,Remote
CONF_2973,P043,Client Visit,Requirements Analysis,2025-11-14 14:30,2025-11-14 15:00,2025-11-14 14:45,2025-11-14 15:00,2025-11-14 14:45,2025-11-14 15:00,15.0,full overlap,Low,Product Showcase,Conference Room C
CONF_2974,P043,Client Visit,Brainstorming,2025-11-14 14:30,2025-11-14 15:00,2025-11-14 14:37,2025-11-14 15:13,2025-11-14 14:37,2025-11-14 15:00,23.0,partial overlap,Low,Product Showcase,Office Area 1
CONF_2975,P043,Code Review,Client Visit,2025-11-19 10:00,2025-11-19 10:15,2025-11-19 10:00,2025-11-19 10:30,2025-11-19 10:00,2025-11-19 10:15,15.0,full overlap,Low,Test Lab,Training Room
CONF_2976,P043,Testing Acceptance,Requirements Analysis,2025-11-14 14:30,2025-11-14 15:00,2025-11-14 14:45,2025-11-14 15:00,2025-11-14 14:45,2025-11-14 15:00,15.0,full overlap,Low,Remote,Conference Room C
CONF_2977,P043,Testing Acceptance,Brainstorming,2025-11-14 14:30,2025-11-14 15:00,2025-11-14 14:37,2025-11-14 15:13,2025-11-14 14:37,2025-11-14 15:00,23.0,partial overlap,Low,Remote,Office Area 1
CONF_2978,P043,Requirements Analysis,Training,2025-11-17 11:30,2025-11-17 12:00,2025-11-17 11:45,2025-11-17 12:15,2025-11-17 11:45,2025-11-17 12:00,15.0,partial overlap,Low,Conference Room C,Demo Hall
CONF_2979,P043,Requirements Analysis,Brainstorming,2025-11-14 14:45,2025-11-14 15:00,2025-11-14 14:37,2025-11-14 15:13,2025-11-14 14:45,2025-11-14 15:00,15.0,full overlap,Low,Conference Room C,Office Area 1
CONF_2980,P043,Training,Code Review,2025-11-17 11:45,2025-11-17 12:15,2025-11-17 12:10,2025-11-17 12:28,2025-11-17 12:10,2025-11-17 12:15,5.0,partial overlap,Low,Demo Hall,R&D Center
CONF_2981,P043,Training,Client Visit,2025-11-17 11:45,2025-11-17 12:15,2025-11-17 12:01,2025-11-17 12:37,2025-11-17 12:01,2025-11-17 12:15,14.0,partial overlap,Low,Demo Hall,Training Room
CONF_2982,P043,Brainstorming,Product Demo,2025-11-21 08:45,2025-11-21 09:15,2025-11-21 08:30,2025-11-21 09:00,2025-11-21 08:45,2025-11-21 09:00,15.0,partial overlap,Low,Conference Room A,Product Showcase
CONF_2983,P043,Meeting,Testing Acceptance,2025-11-23 08:00,2025-11-23 08:30,2025-11-23 08:07,2025-11-23 09:03,2025-11-23 08:07,2025-11-23 08:30,23.0,partial overlap,Low,R&D Center,R&D Center
CONF_2984,P043,Testing Acceptance,One-on-One,2025-11-23 17:45,2025-11-23 18:30,2025-11-23 18:14,2025-11-23 19:08,2025-11-23 18:14,2025-11-23 18:30,16.0,partial overlap,Low,Remote,Cafe
CONF_2985,P043,Client Visit,Client Visit,2025-11-18 16:30,2025-11-18 17:15,2025-11-18 16:38,2025-11-18 17:21,2025-11-18 16:38,2025-11-18 17:15,37.0,partial overlap,Medium,Remote,Conference Room C
CONF_2986,P043,Client Visit,Project Discussion,2025-11-18 16:30,2025-11-18 17:15,2025-11-18 16:50,2025-11-18 17:14,2025-11-18 16:50,2025-11-18 17:14,24.0,full overlap,Low,Remote,Remote
CONF_2987,P044,Team Building,Operations Check,2025-11-17 17:30,2025-11-17 17:45,2025-11-17 17:43,2025-11-17 18:15,2025-11-17 17:43,2025-11-17 17:45,2.0,partial overlap,Low,Conference Room A,Remote
CONF_2988,P044,One-on-One,Code Review,2025-11-19 10:45,2025-11-19 11:30,2025-11-19 11:15,2025-11-19 11:45,2025-11-19 11:15,2025-11-19 11:30,15.0,partial overlap,Low,Demo Hall,Product Showcase
CONF_2989,P044,Code Review,Training,2025-11-18 15:45,2025-11-18 16:30,2025-11-18 15:45,2025-11-18 16:15,2025-11-18 15:45,2025-11-18 16:15,30.0,full overlap,Medium,Product Showcase,Cafe
CONF_2990,P044,Code Review,Team Building,2025-11-18 15:45,2025-11-18 16:30,2025-11-18 16:01,2025-11-18 16:22,2025-11-18 16:01,2025-11-18 16:22,21.0,full overlap,Low,Product Showcase,Break Room
CONF_2991,P044,Code Review,Project Discussion,2025-11-19 11:15,2025-11-19 11:45,2025-11-19 11:32,2025-11-19 12:05,2025-11-19 11:32,2025-11-19 11:45,13.0,partial overlap,Low,Product Showcase,Break Room
CONF_2992,P044,Design Review,Tech Sharing,2025-11-17 12:00,2025-11-17 12:45,2025-11-17 11:45,2025-11-17 12:15,2025-11-17 12:00,2025-11-17 12:15,15.0,partial overlap,Low,Training Room,Online Meeting
CONF_2993,P044,Testing Acceptance,One-on-One,2025-11-18 11:45,2025-11-18 12:15,2025-11-18 11:03,2025-11-18 11:53,2025-11-18 11:45,2025-11-18 11:53,8.0,partial overlap,Low,Conference Room A,Break Room
CONF_2994,P044,One-on-One,Tech Sharing,2025-11-21 16:45,2025-11-21 17:15,2025-11-21 17:00,2025-11-21 17:45,2025-11-21 17:00,2025-11-21 17:15,15.0,partial overlap,Low,Remote,Demo Hall
CONF_2995,P044,Code Review,Code Review,2025-11-16 18:30,2025-11-16 19:15,2025-11-16 18:15,2025-11-16 18:45,2025-11-16 18:30,2025-11-16 18:45,15.0,partial overlap,Low,Test Lab,Office Area 2
CONF_2996,P044,Requirements Analysis,Requirements Analysis,2025-11-22 16:00,2025-11-22 16:15,2025-11-22 16:00,2025-11-22 16:15,2025-11-22 16:00,2025-11-22 16:15,15.0,full overlap,Low,Office Area 1,Product Showcase
CONF_2997,P044,Deployment,Tech Sharing,2025-11-21 17:30,2025-11-21 17:45,2025-11-21 17:00,2025-11-21 17:45,2025-11-21 17:30,2025-11-21 17:45,15.0,full overlap,Low,Training Room,Demo Hall
CONF_2998,P044,Training,Team Building,2025-11-18 15:45,2025-11-18 16:15,2025-11-18 16:01,2025-11-18 16:22,2025-11-18 16:01,2025-11-18 16:15,14.0,partial overlap,Low,Cafe,Break Room
CONF_2999,P044,Design Review,Tech Sharing,2025-11-22 17:00,2025-11-22 17:15,2025-11-22 16:15,2025-11-22 17:07,2025-11-22 17:00,2025-11-22 17:07,7.0,partial overlap,Low,Test Lab,R&D Center
CONF_3000,P044,Deployment,One-on-One,2025-11-19 09:00,2025-11-19 09:15,2025-11-19 09:07,2025-11-19 09:40,2025-11-19 09:07,2025-11-19 09:15,8.0,partial overlap,Low,Office Area 1,Test Lab
CONF_3001,P045,Tech Sharing,Requirements Analysis,2025-11-15 12:15,2025-11-15 12:45,2025-11-15 12:15,2025-11-15 12:30,2025-11-15 12:15,2025-11-15 12:30,15.0,full overlap,Low,Product Showcase,Conference Room B
CONF_3002,P045,Training,Code Review,2025-11-19 11:30,2025-11-19 11:45,2025-11-19 11:30,2025-11-19 12:15,2025-11-19 11:30,2025-11-19 11:45,15.0,full overlap,Low,Client Reception,Client Reception
CONF_3003,P045,Deployment,Client Visit,2025-11-17 16:15,2025-11-17 16:30,2025-11-17 16:00,2025-11-17 16:45,2025-11-17 16:15,2025-11-17 16:30,15.0,full overlap,Low,Office Area 2,Cafe
CONF_3004,P045,Deployment,Training,2025-11-17 16:15,2025-11-17 16:30,2025-11-17 16:08,2025-11-17 16:45,2025-11-17 16:15,2025-11-17 16:30,15.0,full overlap,Low,Office Area 2,R&D Center
CONF_3005,P045,Brainstorming,Team Building,2025-11-18 17:15,2025-11-18 17:45,2025-11-18 17:31,2025-11-18 17:48,2025-11-18 17:31,2025-11-18 17:45,14.0,partial overlap,Low,Conference Room A,Online Meeting
CONF_3006,P045,Client Visit,Training,2025-11-17 16:00,2025-11-17 16:45,2025-11-17 16:08,2025-11-17 16:45,2025-11-17 16:08,2025-11-17 16:45,37.0,full overlap,Medium,Cafe,R&D Center
CONF_3007,P046,Meeting,Training,2025-11-18 11:15,2025-11-18 12:00,2025-11-18 11:45,2025-11-18 12:15,2025-11-18 11:45,2025-11-18 12:00,15.0,partial overlap,Low,Conference Room C,Office Area 2
CONF_3008,P046,Design Review,Code Review,2025-11-18 08:15,2025-11-18 09:00,2025-11-18 08:45,2025-11-18 09:19,2025-11-18 08:45,2025-11-18 09:00,15.0,partial overlap,Low,Online Meeting,Product Showcase
CONF_3009,P046,Meeting,Brainstorming,2025-11-15 13:30,2025-11-15 14:00,2025-11-15 13:50,2025-11-15 14:08,2025-11-15 13:50,2025-11-15 14:00,10.0,partial overlap,Low,Conference Room A,Client Reception
CONF_3010,P046,Deployment,Deployment,2025-11-15 14:00,2025-11-15 14:15,2025-11-15 14:14,2025-11-15 14:41,2025-11-15 14:14,2025-11-15 14:15,1.0,partial overlap,Low,Cafe,Remote
CONF_3011,P046,Deployment,Brainstorming,2025-11-15 14:00,2025-11-15 14:15,2025-11-15 13:50,2025-11-15 14:08,2025-11-15 14:00,2025-11-15 14:08,8.0,partial overlap,Low,Cafe,Client Reception
CONF_3012,P046,Tech Sharing,Testing Acceptance,2025-11-16 16:15,2025-11-16 16:45,2025-11-16 16:22,2025-11-16 17:11,2025-11-16 16:22,2025-11-16 16:45,23.0,partial overlap,Low,Office Area 2,Client Reception
CONF_3013,P046,Meeting,Tech Sharing,2025-11-18 15:00,2025-11-18 15:30,2025-11-18 15:13,2025-11-18 15:40,2025-11-18 15:13,2025-11-18 15:30,17.0,partial overlap,Low,Conference Room B,Conference Room B
CONF_3014,P046,Project Discussion,Requirements Analysis,2025-11-16 14:45,2025-11-16 15:30,2025-11-16 15:11,2025-11-16 15:35,2025-11-16 15:11,2025-11-16 15:30,19.0,partial overlap,Low,Office Area 1,Break Room
CONF_3015,P046,Client Visit,Testing Acceptance,2025-11-19 17:00,2025-11-19 17:30,2025-11-19 17:15,2025-11-19 17:30,2025-11-19 17:15,2025-11-19 17:30,15.0,full overlap,Low,R&D Center,Remote
CONF_3016,P046,Client Visit,Code Review,2025-11-19 17:00,2025-11-19 17:30,2025-11-19 17:23,2025-11-19 18:18,2025-11-19 17:23,2025-11-19 17:30,7.0,partial overlap,Low,R&D Center,Office Area 1
CONF_3017,P046,Product Demo,Deployment,2025-11-20 08:15,2025-11-20 09:00,2025-11-20 08:45,2025-11-20 09:15,2025-11-20 08:45,2025-11-20 09:00,15.0,partial overlap,Low,Conference Room A,Training Room
CONF_3018,P046,Testing Acceptance,Code Review,2025-11-19 17:15,2025-11-19 17:30,2025-11-19 17:23,2025-11-19 18:18,2025-11-19 17:23,2025-11-19 17:30,7.0,partial overlap,Low,Remote,Office Area 1
CONF_3019,P046,Design Review,Deployment,2025-11-25 11:30,2025-11-25 11:45,2025-11-25 11:43,2025-11-25 12:19,2025-11-25 11:43,2025-11-25 11:45,2.0,partial overlap,Low,Training Room,Cafe
CONF_3020,P047,Brainstorming,Testing Acceptance,2025-11-14 08:45,2025-11-14 09:15,2025-11-14 08:57,2025-11-14 09:14,2025-11-14 08:57,2025-11-14 09:14,17.0,full overlap,Low,Conference Room C,Remote
CONF_3021,P047,Team Building,Team Building,2025-11-18 18:00,2025-11-18 18:30,2025-11-18 18:29,2025-11-18 19:26,2025-11-18 18:29,2025-11-18 18:30,1.0,partial overlap,Low,Remote,Test Lab
CONF_3022,P047,Team Building,Design Review,2025-11-15 11:15,2025-11-15 12:00,2025-11-15 11:00,2025-11-15 11:45,2025-11-15 11:15,2025-11-15 11:45,30.0,partial overlap,Medium,Conference Room B,Client Reception
CONF_3023,P047,Team Building,Tech Sharing,2025-11-15 11:15,2025-11-15 12:00,2025-11-15 11:08,2025-11-15 11:32,2025-11-15 11:15,2025-11-15 11:32,17.0,partial overlap,Low,Conference Room B,Cafe
CONF_3024,P047,Design Review,Tech Sharing,2025-11-15 11:00,2025-11-15 11:45,2025-11-15 11:08,2025-11-15 11:32,2025-11-15 11:08,2025-11-15 11:32,24.0,full overlap,Low,Client Reception,Cafe
CONF_3025,P047,Meeting,Design Review,2025-11-23 09:00,2025-11-23 09:30,2025-11-23 09:15,2025-11-23 09:30,2025-11-23 09:15,2025-11-23 09:30,15.0,full overlap,Low,Client Reception,Product Showcase
CONF_3026,P047,Tech Sharing,Project Discussion,2025-11-22 12:45,2025-11-22 13:30,2025-11-22 13:12,2025-11-22 13:57,2025-11-22 13:12,2025-11-22 13:30,18.0,partial overlap,Low,Remote,Online Meeting
CONF_3027,P047,Project Discussion,Team Building,2025-11-18 18:30,2025-11-18 19:15,2025-11-18 18:29,2025-11-18 19:26,2025-11-18 18:30,2025-11-18 19:15,45.0,full overlap,Medium,Office Area 2,Test Lab
CONF_3028,P048,Training,Code Review,2025-11-16 09:15,2025-11-16 10:00,2025-11-16 09:30,2025-11-16 10:15,2025-11-16 09:30,2025-11-16 10:00,30.0,partial overlap,Medium,Demo Hall,Remote
CONF_3029,P048,Brainstorming,Tech Sharing,2025-11-18 08:30,2025-11-18 09:15,2025-11-18 08:30,2025-11-18 08:45,2025-11-18 08:30,2025-11-18 08:45,15.0,full overlap,Low,Training Room,Client Reception
CONF_3030,P048,Brainstorming,Project Discussion,2025-11-18 08:30,2025-11-18 09:15,2025-11-18 08:30,2025-11-18 09:15,2025-11-18 08:30,2025-11-18 09:15,45.0,full overlap,Medium,Training Room,R&D Center
CONF_3031,P048,Tech Sharing,Code Review,2025-11-20 13:15,2025-11-20 14:00,2025-11-20 13:40,2025-11-20 14:03,2025-11-20 13:40,2025-11-20 14:00,20.0,partial overlap,Low,Break Room,Online Meeting
CONF_3032,P048,Tech Sharing,Design Review,2025-11-20 13:15,2025-11-20 14:00,2025-11-20 13:36,2025-11-20 14:11,2025-11-20 13:36,2025-11-20 14:00,24.0,partial overlap,Low,Break Room,Conference Room A
CONF_3033,P048,Tech Sharing,Brainstorming,2025-11-17 13:15,2025-11-17 13:30,2025-11-17 12:45,2025-11-17 13:30,2025-11-17 13:15,2025-11-17 13:30,15.0,full overlap,Low,Office Area 2,Demo Hall
CONF_3034,P048,Tech Sharing,Code Review,2025-11-17 13:15,2025-11-17 13:30,2025-11-17 13:15,2025-11-17 13:53,2025-11-17 13:15,2025-11-17 13:30,15.0,full overlap,Low,Office Area 2,Product Showcase
CONF_3035,P048,Tech Sharing,Brainstorming,2025-11-17 13:00,2025-11-17 13:15,2025-11-17 12:45,2025-11-17 13:30,2025-11-17 13:00,2025-11-17 13:15,15.0,full overlap,Low,Product Showcase,Demo Hall
CONF_3036,P048,Brainstorming,Code Review,2025-11-17 12:45,2025-11-17 13:30,2025-11-17 13:15,2025-11-17 13:53,2025-11-17 13:15,2025-11-17 13:30,15.0,partial overlap,Low,Demo Hall,Product Showcase
CONF_3037,P048,Team Building,Brainstorming,2025-11-19 09:00,2025-11-19 09:45,2025-11-19 09:15,2025-11-19 09:45,2025-11-19 09:15,2025-11-19 09:45,30.0,full overlap,Medium,Conference Room A,Client Reception
CONF_3038,P048,Team Building,Client Visit,2025-11-19 09:00,2025-11-19 09:45,2025-11-19 09:14,2025-11-19 09:30,2025-11-19 09:14,2025-11-19 09:30,16.0,full overlap,Low,Conference Room A,R&D Center
CONF_3039,P048,Training,Team Building,2025-11-22 16:30,2025-11-22 17:15,2025-11-22 17:00,2025-11-22 17:45,2025-11-22 17:00,2025-11-22 17:15,15.0,partial overlap,Low,Remote,Conference Room B
CONF_3040,P048,Brainstorming,Client Visit,2025-11-19 09:15,2025-11-19 09:45,2025-11-19 09:14,2025-11-19 09:30,2025-11-19 09:15,2025-11-19 09:30,15.0,partial overlap,Low,Client Reception,R&D Center
CONF_3041,P048,Tech Sharing,Project Discussion,2025-11-18 08:30,2025-11-18 08:45,2025-11-18 08:30,2025-11-18 09:15,2025-11-18 08:30,2025-11-18 08:45,15.0,full overlap,Low,Client Reception,R&D Center
CONF_3042,P048,Deployment,Product Demo,2025-11-22 10:00,2025-11-22 10:15,2025-11-22 10:13,2025-11-22 10:32,2025-11-22 10:13,2025-11-22 10:15,2.0,partial overlap,Low,Test Lab,Client Reception
CONF_3043,P049,One-on-One,Product Demo,2025-11-12 18:15,2025-11-12 19:00,2025-11-12 18:32,2025-11-12 19:27,2025-11-12 18:32,2025-11-12 19:00,28.0,partial overlap,Low,Client Reception,Test Lab
CONF_3044,P049,Training,Project Discussion,2025-11-16 10:45,2025-11-16 11:00,2025-11-16 10:45,2025-11-16 11:15,2025-11-16 10:45,2025-11-16 11:00,15.0,full overlap,Low,R&D Center,Office Area 1
CONF_3045,P049,Client Visit,Training,2025-11-13 15:15,2025-11-13 16:00,2025-11-13 15:45,2025-11-13 16:15,2025-11-13 15:45,2025-11-13 16:00,15.0,partial overlap,Low,Conference Room A,Office Area 1
CONF_3046,P049,Meeting,Team Building,2025-11-21 16:15,2025-11-21 16:30,2025-11-21 16:15,2025-11-21 16:45,2025-11-21 16:15,2025-11-21 16:30,15.0,full overlap,Low,Demo Hall,Office Area 1
CONF_3047,P049,Tech Sharing,Testing Acceptance,2025-11-20 08:30,2025-11-20 09:00,2025-11-20 08:55,2025-11-20 09:38,2025-11-20 08:55,2025-11-20 09:00,5.0,partial overlap,Low,Test Lab,Office Area 2
CONF_3048,P049,Product Demo,Team Building,2025-11-20 14:15,2025-11-20 14:45,2025-11-20 14:19,2025-11-20 15:13,2025-11-20 14:19,2025-11-20 14:45,26.0,partial overlap,Low,Remote,Test Lab
CONF_3049,P049,Product Demo,Client Visit,2025-11-20 14:15,2025-11-20 14:45,2025-11-20 14:43,2025-11-20 15:35,2025-11-20 14:43,2025-11-20 14:45,2.0,partial overlap,Low,Remote,Office Area 1
CONF_3050,P049,Project Discussion,Testing Acceptance,2025-11-17 15:15,2025-11-17 15:45,2025-11-17 15:30,2025-11-17 15:45,2025-11-17 15:30,2025-11-17 15:45,15.0,full overlap,Low,Client Reception,Conference Room C
CONF_3051,P049,Meeting,Team Building,2025-11-20 15:00,2025-11-20 15:30,2025-11-20 14:19,2025-11-20 15:13,2025-11-20 15:00,2025-11-20 15:13,13.0,partial overlap,Low,Client Reception,Test Lab
CONF_3052,P049,Meeting,Client Visit,2025-11-20 15:00,2025-11-20 15:30,2025-11-20 14:43,2025-11-20 15:35,2025-11-20 15:00,2025-11-20 15:30,30.0,full overlap,Medium,Client Reception,Office Area 1
CONF_3053,P049,Team Building,Team Building,2025-11-21 16:15,2025-11-21 16:45,2025-11-21 16:42,2025-11-21 17:07,2025-11-21 16:42,2025-11-21 16:45,3.0,partial overlap,Low,Office Area 1,Remote
CONF_3054,P049,Tech Sharing,Testing Acceptance,2025-11-20 09:15,2025-11-20 09:45,2025-11-20 08:55,2025-11-20 09:38,2025-11-20 09:15,2025-11-20 09:38,23.0,partial overlap,Low,Training Room,Office Area 2
CONF_3055,P049,Team Building,Meeting,2025-11-24 08:15,2025-11-24 09:00,2025-11-24 08:30,2025-11-24 09:24,2025-11-24 08:30,2025-11-24 09:00,30.0,partial overlap,Medium,Conference Room C,Break Room
CONF_3056,P050,Testing Acceptance,One-on-One,2025-11-15 14:00,2025-11-15 14:45,2025-11-15 14:00,2025-11-15 14:15,2025-11-15 14:00,2025-11-15 14:15,15.0,full overlap,Low,Test Lab,Remote
CONF_3057,P050,Testing Acceptance,Meeting,2025-11-17 18:30,2025-11-17 19:00,2025-11-17 18:45,2025-11-17 19:26,2025-11-17 18:45,2025-11-17 19:00,15.0,partial overlap,Low,Demo Hall,Demo Hall
CONF_3058,P050,Design Review,Client Visit,2025-11-17 16:15,2025-11-17 16:45,2025-11-17 16:39,2025-11-17 17:00,2025-11-17 16:39,2025-11-17 16:45,6.0,partial overlap,Low,Conference Room A,Break Room
CONF_3059,P050,Code Review,One-on-One,2025-11-16 14:45,2025-11-16 15:30,2025-11-16 14:55,2025-11-16 15:50,2025-11-16 14:55,2025-11-16 15:30,35.0,partial overlap,Medium,Training Room,Office Area 1
CONF_3060,P050,Code Review,Training,2025-11-16 14:45,2025-11-16 15:30,2025-11-16 15:08,2025-11-16 15:27,2025-11-16 15:08,2025-11-16 15:27,19.0,full overlap,Low,Training Room,Remote
CONF_3061,P050,Code Review,Code Review,2025-11-16 14:45,2025-11-16 15:30,2025-11-16 15:26,2025-11-16 16:04,2025-11-16 15:26,2025-11-16 15:30,4.0,partial overlap,Low,Training Room,Client Reception
CONF_3062,P050,Product Demo,Product Demo,2025-11-18 16:15,2025-11-18 16:45,2025-11-18 16:00,2025-11-18 16:30,2025-11-18 16:15,2025-11-18 16:30,15.0,partial overlap,Low,Conference Room C,Product Showcase
CONF_3063,P050,Product Demo,Project Discussion,2025-11-18 16:15,2025-11-18 16:45,2025-11-18 16:27,2025-11-18 17:24,2025-11-18 16:27,2025-11-18 16:45,18.0,partial overlap,Low,Conference Room C,Office Area 2
CONF_3064,P050,Product Demo,Project Discussion,2025-11-18 16:00,2025-11-18 16:30,2025-11-18 16:27,2025-11-18 17:24,2025-11-18 16:27,2025-11-18 16:30,3.0,partial overlap,Low,Product Showcase,Office Area 2
CONF_3065,P050,Training,Tech Sharing,2025-11-17 09:30,2025-11-17 10:15,2025-11-17 09:50,2025-11-17 10:23,2025-11-17 09:50,2025-11-17 10:15,25.0,partial overlap,Low,R&D Center,Office Area 2
CONF_3066,P050,Training,Testing Acceptance,2025-11-17 09:30,2025-11-17 10:15,2025-11-17 10:08,2025-11-17 11:02,2025-11-17 10:08,2025-11-17 10:15,7.0,partial overlap,Low,R&D Center,Remote
CONF_3067,P050,Testing Acceptance,Project Discussion,2025-11-18 17:00,2025-11-18 17:45,2025-11-18 16:27,2025-11-18 17:24,2025-11-18 17:00,2025-11-18 17:24,24.0,partial overlap,Low,R&D Center,Office Area 2
CONF_3068,P050,Meeting,Testing Acceptance,2025-11-17 10:30,2025-11-17 11:00,2025-11-17 10:08,2025-11-17 11:02,2025-11-17 10:30,2025-11-17 11:00,30.0,full overlap,Medium,Conference Room B,Remote
CONF_3069,P051,Operations Check,One-on-One,2025-11-17 17:30,2025-11-17 17:45,2025-11-17 17:30,2025-11-17 18:00,2025-11-17 17:30,2025-11-17 17:45,15.0,full overlap,Low,Office Area 2,Product Showcase
CONF_3070,P051,Operations Check,Deployment,2025-11-17 17:30,2025-11-17 17:45,2025-11-17 17:30,2025-11-17 17:45,2025-11-17 17:30,2025-11-17 17:45,15.0,full overlap,Low,Office Area 2,Break Room
CONF_3071,P051,One-on-One,Deployment,2025-11-17 17:30,2025-11-17 18:00,2025-11-17 17:30,2025-11-17 17:45,2025-11-17 17:30,2025-11-17 17:45,15.0,full overlap,Low,Product Showcase,Break Room
CONF_3072,P051,One-on-One,Product Demo,2025-11-17 17:30,2025-11-17 18:00,2025-11-17 17:55,2025-11-17 18:54,2025-11-17 17:55,2025-11-17 18:00,5.0,partial overlap,Low,Product Showcase,Conference Room B
CONF_3073,P051,Meeting,Meeting,2025-11-15 11:00,2025-11-15 11:45,2025-11-15 11:30,2025-11-15 12:15,2025-11-15 11:30,2025-11-15 11:45,15.0,partial overlap,Low,R&D Center,R&D Center
CONF_3074,P051,Testing Acceptance,One-on-One,2025-11-15 17:30,2025-11-15 18:15,2025-11-15 17:50,2025-11-15 18:25,2025-11-15 17:50,2025-11-15 18:15,25.0,partial overlap,Low,Conference Room A,R&D Center
CONF_3075,P051,Testing Acceptance,Code Review,2025-11-19 10:45,2025-11-19 11:15,2025-11-19 10:45,2025-11-19 11:00,2025-11-19 10:45,2025-11-19 11:00,15.0,full overlap,Low,Client Reception,R&D Center
CONF_3076,P051,Product Demo,Team Building,2025-11-15 12:30,2025-11-15 13:00,2025-11-15 12:46,2025-11-15 13:29,2025-11-15 12:46,2025-11-15 13:00,14.0,partial overlap,Low,Demo Hall,Break Room
CONF_3077,P051,Training,Brainstorming,2025-11-23 08:00,2025-11-23 08:30,2025-11-23 08:23,2025-11-23 08:56,2025-11-23 08:23,2025-11-23 08:30,7.0,partial overlap,Low,Conference Room B,Online Meeting
CONF_3078,P052,Project Discussion,One-on-One,2025-11-16 15:30,2025-11-16 16:00,2025-11-16 15:45,2025-11-16 16:30,2025-11-16 15:45,2025-11-16 16:00,15.0,partial overlap,Low,Office Area 2,Break Room
CONF_3079,P052,Meeting,Team Building,2025-11-16 17:15,2025-11-16 17:30,2025-11-16 17:23,2025-11-16 18:05,2025-11-16 17:23,2025-11-16 17:30,7.0,partial overlap,Low,R&D Center,Client Reception
CONF_3080,P052,Design Review,Requirements Analysis,2025-11-16 12:00,2025-11-16 12:45,2025-11-16 11:45,2025-11-16 12:15,2025-11-16 12:00,2025-11-16 12:15,15.0,partial overlap,Low,Training Room,R&D Center
CONF_3081,P052,Design Review,Product Demo,2025-11-16 12:00,2025-11-16 12:45,2025-11-16 12:07,2025-11-16 13:01,2025-11-16 12:07,2025-11-16 12:45,38.0,partial overlap,Medium,Training Room,Online Meeting
CONF_3082,P052,Deployment,Testing Acceptance,2025-11-19 18:15,2025-11-19 19:00,2025-11-19 18:45,2025-11-19 19:30,2025-11-19 18:45,2025-11-19 19:00,15.0,partial overlap,Low,Conference Room A,Remote
CONF_3083,P052,Training,Project Discussion,2025-11-19 17:00,2025-11-19 17:45,2025-11-19 16:10,2025-11-19 17:10,2025-11-19 17:00,2025-11-19 17:10,10.0,partial overlap,Low,Training Room,Client Reception
CONF_3084,P052,Requirements Analysis,Product Demo,2025-11-16 11:45,2025-11-16 12:15,2025-11-16 12:07,2025-11-16 13:01,2025-11-16 12:07,2025-11-16 12:15,8.0,partial overlap,Low,R&D Center,Online Meeting
CONF_3085,P052,Tech Sharing,Testing Acceptance,2025-11-17 09:30,2025-11-17 10:00,2025-11-17 09:30,2025-11-17 10:00,2025-11-17 09:30,2025-11-17 10:00,30.0,full overlap,Medium,Test Lab,Break Room
CONF_3086,P052,Design Review,Meeting,2025-11-21 15:00,2025-11-21 15:15,2025-11-21 14:30,2025-11-21 15:15,2025-11-21 15:00,2025-11-21 15:15,15.0,full overlap,Low,R&D Center,Break Room
CONF_3087,P052,Design Review,Product Demo,2025-11-21 15:00,2025-11-21 15:15,2025-11-21 15:08,2025-11-21 15:38,2025-11-21 15:08,2025-11-21 15:15,7.0,partial overlap,Low,R&D Center,Demo Hall
CONF_3088,P052,Meeting,Product Demo,2025-11-21 14:30,2025-11-21 15:15,2025-11-21 15:08,2025-11-21 15:38,2025-11-21 15:08,2025-11-21 15:15,7.0,partial overlap,Low,Break Room,Demo Hall
CONF_3089,P052,Testing Acceptance,Requirements Analysis,2025-11-22 17:15,2025-11-22 18:00,2025-11-22 17:43,2025-11-22 18:37,2025-11-22 17:43,2025-11-22 18:00,17.0,partial overlap,Low,Cafe,Cafe
CONF_3090,P052,Testing Acceptance,Operations Check,2025-11-20 17:15,2025-11-20 17:30,2025-11-20 17:26,2025-11-20 17:59,2025-11-20 17:26,2025-11-20 17:30,4.0,partial overlap,Low,Office Area 2,Cafe
CONF_3091,P053,Training,Operations Check,2025-11-21 16:15,2025-11-21 16:45,2025-11-21 16:00,2025-11-21 16:30,2025-11-21 16:15,2025-11-21 16:30,15.0,partial overlap,Low,Cafe,Demo Hall
CONF_3092,P053,Project Discussion,Deployment,2025-11-18 18:45,2025-11-18 19:15,2025-11-18 18:45,2025-11-18 19:00,2025-11-18 18:45,2025-11-18 19:00,15.0,full overlap,Low,R&D Center,Test Lab
CONF_3093,P053,Team Building,Code Review,2025-11-19 17:00,2025-11-19 17:45,2025-11-19 17:00,2025-11-19 17:45,2025-11-19 17:00,2025-11-19 17:45,45.0,full overlap,Medium,Test Lab,Demo Hall
CONF_3094,P053,Product Demo,Tech Sharing,2025-11-18 08:00,2025-11-18 08:45,2025-11-18 08:30,2025-11-18 08:45,2025-11-18 08:30,2025-11-18 08:45,15.0,full overlap,Low,Office Area 2,Demo Hall
CONF_3095,P053,Training,Code Review,2025-11-19 09:45,2025-11-19 10:30,2025-11-19 10:00,2025-11-19 10:30,2025-11-19 10:00,2025-11-19 10:30,30.0,full overlap,Medium,Office Area 2,Conference Room C
CONF_3096,P053,Testing Acceptance,Training,2025-11-20 11:15,2025-11-20 11:45,2025-11-20 11:35,2025-11-20 11:53,2025-11-20 11:35,2025-11-20 11:45,10.0,partial overlap,Low,Office Area 2,Test Lab
CONF_3097,P054,One-on-One,Team Building,2025-11-15 18:00,2025-11-15 18:45,2025-11-15 18:30,2025-11-15 19:00,2025-11-15 18:30,2025-11-15 18:45,15.0,partial overlap,Low,Online Meeting,Office Area 2
CONF_3098,P054,Design Review,Deployment,2025-11-18 12:00,2025-11-18 12:30,2025-11-18 12:00,2025-11-18 12:15,2025-11-18 12:00,2025-11-18 12:15,15.0,full overlap,Low,Office Area 2,Conference Room C
CONF_3099,P054,Deployment,Design Review,2025-11-20 08:45,2025-11-20 09:15,2025-11-20 08:51,2025-11-20 09:11,2025-11-20 08:51,2025-11-20 09:11,20.0,full overlap,Low,Cafe,Remote
CONF_3100,P054,Training,Tech Sharing,2025-11-19 18:15,2025-11-19 19:00,2025-11-19 18:30,2025-11-19 19:00,2025-11-19 18:30,2025-11-19 19:00,30.0,full overlap,Medium,Test Lab,R&D Center
CONF_3101,P054,Code Review,Team Building,2025-11-16 08:30,2025-11-16 09:15,2025-11-16 08:00,2025-11-16 08:45,2025-11-16 08:30,2025-11-16 08:45,15.0,partial overlap,Low,Cafe,Office Area 2
CONF_3102,P054,Code Review,Testing Acceptance,2025-11-16 08:30,2025-11-16 09:15,2025-11-16 08:51,2025-11-16 09:10,2025-11-16 08:51,2025-11-16 09:10,19.0,full overlap,Low,Cafe,Client Reception
CONF_3103,P054,Brainstorming,One-on-One,2025-11-18 09:00,2025-11-18 09:45,2025-11-18 09:28,2025-11-18 10:02,2025-11-18 09:28,2025-11-18 09:45,17.0,partial overlap,Low,Conference Room A,Product Showcase
CONF_3104,P054,Tech Sharing,Training,2025-11-22 11:45,2025-11-22 12:15,2025-11-22 12:14,2025-11-22 13:03,2025-11-22 12:14,2025-11-22 12:15,1.0,partial overlap,Low,Cafe,Demo Hall
CONF_3105,P055,Project Discussion,Team Building,2025-11-19 11:30,2025-11-19 12:15,2025-11-19 11:00,2025-11-19 11:45,2025-11-19 11:30,2025-11-19 11:45,15.0,partial overlap,Low,Client Reception,Training Room
CONF_3106,P055,Training,One-on-One,2025-11-16 10:45,2025-11-16 11:15,2025-11-16 11:00,2025-11-16 11:45,2025-11-16 11:00,2025-11-16 11:15,15.0,partial overlap,Low,Online Meeting,Client Reception
CONF_3107,P055,Code Review,One-on-One,2025-11-17 14:45,2025-11-17 15:30,2025-11-17 14:53,2025-11-17 15:48,2025-11-17 14:53,2025-11-17 15:30,37.0,partial overlap,Medium,Test Lab,Break Room
CONF_3108,P055,One-on-One,Deployment,2025-11-16 11:00,2025-11-16 11:45,2025-11-16 11:21,2025-11-16 11:46,2025-11-16 11:21,2025-11-16 11:45,24.0,partial overlap,Low,Client Reception,Demo Hall
CONF_3109,P055,Client Visit,Meeting,2025-11-21 15:30,2025-11-21 16:00,2025-11-21 15:45,2025-11-21 16:15,2025-11-21 15:45,2025-11-21 16:00,15.0,partial overlap,Low,Conference Room C,Demo Hall
CONF_3110,P056,One-on-One,Project Discussion,2025-11-16 16:15,2025-11-16 17:00,2025-11-16 16:26,2025-11-16 17:14,2025-11-16 16:26,2025-11-16 17:00,34.0,partial overlap,Medium,Break Room,Conference Room C
CONF_3111,P056,Requirements Analysis,Client Visit,2025-11-17 18:00,2025-11-17 18:30,2025-11-17 18:24,2025-11-17 18:53,2025-11-17 18:24,2025-11-17 18:30,6.0,partial overlap,Low,Conference Room A,Online Meeting
CONF_3112,P056,Deployment,Brainstorming,2025-11-14 14:15,2025-11-14 15:00,2025-11-14 14:37,2025-11-14 14:53,2025-11-14 14:37,2025-11-14 14:53,16.0,full overlap,Low,R&D Center,Demo Hall
CONF_3113,P056,Design Review,Deployment,2025-11-19 16:00,2025-11-19 16:30,2025-11-19 16:25,2025-11-19 16:56,2025-11-19 16:25,2025-11-19 16:30,5.0,partial overlap,Low,Client Reception,Product Showcase
CONF_3114,P056,Meeting,Deployment,2025-11-20 15:45,2025-11-20 16:30,2025-11-20 16:14,2025-11-20 16:30,2025-11-20 16:14,2025-11-20 16:30,16.0,full overlap,Low,Remote,Cafe
CONF_3115,P056,Requirements Analysis,Meeting,2025-11-20 09:30,2025-11-20 10:00,2025-11-20 09:45,2025-11-20 10:30,2025-11-20 09:45,2025-11-20 10:00,15.0,partial overlap,Low,Product Showcase,Conference Room B
CONF_3116,P056,One-on-One,Operations Check,2025-11-23 08:45,2025-11-23 09:15,2025-11-23 09:02,2025-11-23 09:50,2025-11-23 09:02,2025-11-23 09:15,13.0,partial overlap,Low,Training Room,Conference Room B
CONF_3117,P056,One-on-One,Testing Acceptance,2025-11-23 08:45,2025-11-23 09:15,2025-11-23 09:07,2025-11-23 09:57,2025-11-23 09:07,2025-11-23 09:15,8.0,partial overlap,Low,Training Room,Client Reception
CONF_3118,P056,Operations Check,Requirements Analysis,2025-11-20 18:30,2025-11-20 18:45,2025-11-20 18:30,2025-11-20 18:45,2025-11-20 18:30,2025-11-20 18:45,15.0,full overlap,Low,Remote,Conference Room B
CONF_3119,P057,Meeting,Operations Check,2025-11-15 10:45,2025-11-15 11:00,2025-11-15 10:30,2025-11-15 11:15,2025-11-15 10:45,2025-11-15 11:00,15.0,full overlap,Low,Cafe,Demo Hall
CONF_3120,P057,Design Review,Deployment,2025-11-14 16:15,2025-11-14 16:30,2025-11-14 16:20,2025-11-14 16:43,2025-11-14 16:20,2025-11-14 16:30,10.0,partial overlap,Low,Product Showcase,Product Showcase
CONF_3121,P057,Meeting,Design Review,2025-11-18 14:30,2025-11-18 15:15,2025-11-18 14:30,2025-11-18 14:45,2025-11-18 14:30,2025-11-18 14:45,15.0,full overlap,Low,Client Reception,Office Area 1
CONF_3122,P057,Meeting,Testing Acceptance,2025-11-18 14:30,2025-11-18 15:15,2025-11-18 14:39,2025-11-18 15:21,2025-11-18 14:39,2025-11-18 15:15,36.0,partial overlap,Medium,Client Reception,Online Meeting
CONF_3123,P057,Meeting,Team Building,2025-11-18 14:30,2025-11-18 15:15,2025-11-18 14:36,2025-11-18 15:34,2025-11-18 14:36,2025-11-18 15:15,39.0,partial overlap,Medium,Client Reception,Training Room
CONF_3124,P057,One-on-One,Training,2025-11-14 11:45,2025-11-14 12:00,2025-11-14 11:09,2025-11-14 12:05,2025-11-14 11:45,2025-11-14 12:00,15.0,full overlap,Low,Office Area 1,Conference Room B
CONF_3125,P057,Deployment,Project Discussion,2025-11-18 11:15,2025-11-18 11:30,2025-11-18 11:15,2025-11-18 11:45,2025-11-18 11:15,2025-11-18 11:30,15.0,full overlap,Low,Training Room,Conference Room C
CONF_3126,P057,Team Building,Training,2025-11-14 11:00,2025-11-14 11:30,2025-11-14 11:09,2025-11-14 12:05,2025-11-14 11:09,2025-11-14 11:30,21.0,partial overlap,Low,Conference Room A,Conference Room B
CONF_3127,P057,Design Review,Testing Acceptance,2025-11-18 14:30,2025-11-18 14:45,2025-11-18 14:39,2025-11-18 15:21,2025-11-18 14:39,2025-11-18 14:45,6.0,partial overlap,Low,Office Area 1,Online Meeting
CONF_3128,P057,Design Review,Team Building,2025-11-18 14:30,2025-11-18 14:45,2025-11-18 14:36,2025-11-18 15:34,2025-11-18 14:36,2025-11-18 14:45,9.0,partial overlap,Low,Office Area 1,Training Room
CONF_3129,P057,Operations Check,Requirements Analysis,2025-11-22 14:00,2025-11-22 14:15,2025-11-22 14:10,2025-11-22 15:00,2025-11-22 14:10,2025-11-22 14:15,5.0,partial overlap,Low,Demo Hall,Online Meeting
CONF_3130,P058,Training,Requirements Analysis,2025-11-13 15:15,2025-11-13 16:00,2025-11-13 15:39,2025-11-13 16:21,2025-11-13 15:39,2025-11-13 16:00,21.0,partial overlap,Low,Conference Room B,R&D Center
CONF_3131,P058,Deployment,Team Building,2025-11-18 14:30,2025-11-18 15:15,2025-11-18 14:00,2025-11-18 14:45,2025-11-18 14:30,2025-11-18 14:45,15.0,partial overlap,Low,Break Room,Product Showcase
CONF_3132,P058,Tech Sharing,Requirements Analysis,2025-11-13 08:45,2025-11-13 09:15,2025-11-13 09:11,2025-11-13 09:34,2025-11-13 09:11,2025-11-13 09:15,4.0,partial overlap,Low,Break Room,Test Lab
CONF_3133,P058,Design Review,Product Demo,2025-11-15 17:45,2025-11-15 18:30,2025-11-15 18:11,2025-11-15 18:28,2025-11-15 18:11,2025-11-15 18:28,17.0,full overlap,Low,Cafe,Training Room
CONF_3134,P058,Brainstorming,Product Demo,2025-11-17 10:00,2025-11-17 10:30,2025-11-17 10:21,2025-11-17 11:11,2025-11-17 10:21,2025-11-17 10:30,9.0,partial overlap,Low,Conference Room B,Remote
CONF_3135,P058,Brainstorming,Requirements Analysis,2025-11-18 12:30,2025-11-18 12:45,2025-11-18 12:15,2025-11-18 13:00,2025-11-18 12:30,2025-11-18 12:45,15.0,full overlap,Low,Office Area 1,Demo Hall
CONF_3136,P058,Requirements Analysis,Code Review,2025-11-21 11:45,2025-11-21 12:15,2025-11-21 11:15,2025-11-21 12:00,2025-11-21 11:45,2025-11-21 12:00,15.0,partial overlap,Low,Test Lab,Product Showcase
CONF_3137,P058,Operations Check,Meeting,2025-11-22 15:45,2025-11-22 16:30,2025-11-22 15:54,2025-11-22 16:15,2025-11-22 15:54,2025-11-22 16:15,21.0,full overlap,Low,Conference Room B,Product Showcase
CONF_3138,P058,Code Review,Meeting,2025-11-21 11:15,2025-11-21 12:00,2025-11-21 11:15,2025-11-21 11:45,2025-11-21 11:15,2025-11-21 11:45,30.0,full overlap,Medium,Product Showcase,Client Reception
CONF_3139,P058,Training,Team Building,2025-11-24 10:30,2025-11-24 11:00,2025-11-24 10:57,2025-11-24 11:21,2025-11-24 10:57,2025-11-24 11:00,3.0,partial overlap,Low,Office Area 1,Conference Room C
CONF_3140,P058,Client Visit,Testing Acceptance,2025-11-19 14:45,2025-11-19 15:00,2025-11-19 14:45,2025-11-19 15:00,2025-11-19 14:45,2025-11-19 15:00,15.0,full overlap,Low,Conference Room B,Break Room
CONF_3141,P058,Tech Sharing,Team Building,2025-11-24 16:45,2025-11-24 17:15,2025-11-24 16:50,2025-11-24 17:07,2025-11-24 16:50,2025-11-24 17:07,17.0,full overlap,Low,Online Meeting,Training Room
CONF_3142,P058,Meeting,Brainstorming,2025-11-19 15:30,2025-11-19 15:45,2025-11-19 15:00,2025-11-19 15:33,2025-11-19 15:30,2025-11-19 15:33,3.0,partial overlap,Low,Cafe,Demo Hall
CONF_3143,P058,Meeting,Team Building,2025-11-23 14:45,2025-11-23 15:30,2025-11-23 15:09,2025-11-23 15:53,2025-11-23 15:09,2025-11-23 15:30,21.0,partial overlap,Low,Cafe,Office Area 2
CONF_3144,P059,Team Building,Tech Sharing,2025-11-15 17:30,2025-11-15 17:45,2025-11-15 17:30,2025-11-15 18:00,2025-11-15 17:30,2025-11-15 17:45,15.0,full overlap,Low,Remote,Online Meeting
CONF_3145,P059,Brainstorming,Design Review,2025-11-15 18:00,2025-11-15 18:30,2025-11-15 17:46,2025-11-15 18:17,2025-11-15 18:00,2025-11-15 18:17,17.0,partial overlap,Low,Conference Room A,Conference Room A
CONF_3146,P059,Brainstorming,Requirements Analysis,2025-11-15 18:00,2025-11-15 18:30,2025-11-15 17:47,2025-11-15 18:21,2025-11-15 18:00,2025-11-15 18:21,21.0,partial overlap,Low,Conference Room A,Client Reception
CONF_3147,P059,Deployment,Project Discussion,2025-11-19 16:45,2025-11-19 17:15,2025-11-19 16:45,2025-11-19 17:30,2025-11-19 16:45,2025-11-19 17:15,30.0,full overlap,Medium,Conference Room C,Demo Hall
CONF_3148,P059,Testing Acceptance,Project Discussion,2025-11-15 08:15,2025-11-15 08:45,2025-11-15 08:30,2025-11-15 09:00,2025-11-15 08:30,2025-11-15 08:45,15.0,partial overlap,Low,Conference Room C,Office Area 2
CONF_3149,P059,Tech Sharing,Design Review,2025-11-15 17:30,2025-11-15 18:00,2025-11-15 17:46,2025-11-15 18:17,2025-11-15 17:46,2025-11-15 18:00,14.0,partial overlap,Low,Online Meeting,Conference Room A
CONF_3150,P059,Tech Sharing,Requirements Analysis,2025-11-15 17:30,2025-11-15 18:00,2025-11-15 17:47,2025-11-15 18:21,2025-11-15 17:47,2025-11-15 18:00,13.0,partial overlap,Low,Online Meeting,Client Reception
CONF_3151,P059,Team Building,Code Review,2025-11-15 09:30,2025-11-15 09:45,2025-11-15 09:35,2025-11-15 10:21,2025-11-15 09:35,2025-11-15 09:45,10.0,partial overlap,Low,Training Room,Conference Room B
CONF_3152,P059,Tech Sharing,Code Review,2025-11-22 13:45,2025-11-22 14:30,2025-11-22 13:30,2025-11-22 14:15,2025-11-22 13:45,2025-11-22 14:15,30.0,partial overlap,Medium,Break Room,Remote
CONF_3153,P059,Tech Sharing,Team Building,2025-11-22 13:45,2025-11-22 14:30,2025-11-22 14:07,2025-11-22 15:07,2025-11-22 14:07,2025-11-22 14:30,23.0,partial overlap,Low,Break Room,Office Area 2
CONF_3154,P059,Tech Sharing,Tech Sharing,2025-11-22 13:45,2025-11-22 14:30,2025-11-22 13:54,2025-11-22 14:38,2025-11-22 13:54,2025-11-22 14:30,36.0,partial overlap,Medium,Break Room,Conference Room A
CONF_3155,P059,Product Demo,Brainstorming,2025-11-21 10:45,2025-11-21 11:00,2025-11-21 10:30,2025-11-21 11:00,2025-11-21 10:45,2025-11-21 11:00,15.0,full overlap,Low,Conference Room A,Online Meeting
CONF_3156,P059,Code Review,Team Building,2025-11-22 13:30,2025-11-22 14:15,2025-11-22 14:07,2025-11-22 15:07,2025-11-22 14:07,2025-11-22 14:15,8.0,partial overlap,Low,Remote,Office Area 2
CONF_3157,P059,Code Review,Tech Sharing,2025-11-22 13:30,2025-11-22 14:15,2025-11-22 13:54,2025-11-22 14:38,2025-11-22 13:54,2025-11-22 14:15,21.0,partial overlap,Low,Remote,Conference Room A
CONF_3158,P060,Code Review,Design Review,2025-11-14 18:45,2025-11-14 19:00,2025-11-14 18:45,2025-11-14 19:30,2025-11-14 18:45,2025-11-14 19:00,15.0,full overlap,Low,Training Room,Training Room
CONF_3159,P060,Code Review,Training,2025-11-14 18:45,2025-11-14 19:00,2025-11-14 18:52,2025-11-14 19:08,2025-11-14 18:52,2025-11-14 19:00,8.0,partial overlap,Low,Training Room,Test Lab
CONF_3160,P060,Design Review,Operations Check,2025-11-14 18:45,2025-11-14 19:30,2025-11-14 19:14,2025-11-14 20:13,2025-11-14 19:14,2025-11-14 19:30,16.0,partial overlap,Low,Training Room,Cafe
CONF_3161,P060,Design Review,Training,2025-11-14 18:45,2025-11-14 19:30,2025-11-14 18:52,2025-11-14 19:08,2025-11-14 18:52,2025-11-14 19:08,16.0,full overlap,Low,Training Room,Test Lab
CONF_3162,P060,Training,Code Review,2025-11-13 08:15,2025-11-13 08:45,2025-11-13 08:22,2025-11-13 09:09,2025-11-13 08:22,2025-11-13 08:45,23.0,partial overlap,Low,Online Meeting,Conference Room B
CONF_3163,P060,Training,Deployment,2025-11-19 14:15,2025-11-19 15:00,2025-11-19 14:30,2025-11-19 15:15,2025-11-19 14:30,2025-11-19 15:00,30.0,partial overlap,Medium,Office Area 2,Product Showcase
CONF_3164,P060,Training,Tech Sharing,2025-11-19 14:15,2025-11-19 15:00,2025-11-19 14:15,2025-11-19 15:00,2025-11-19 14:15,2025-11-19 15:00,45.0,full overlap,Medium,Office Area 2,Break Room
CONF_3165,P060,Deployment,Tech Sharing,2025-11-19 14:30,2025-11-19 15:15,2025-11-19 14:15,2025-11-19 15:00,2025-11-19 14:30,2025-11-19 15:00,30.0,partial overlap,Medium,Product Showcase,Break Room
CONF_3166,P060,Deployment,Deployment,2025-11-20 14:30,2025-11-20 15:15,2025-11-20 14:59,2025-11-20 15:42,2025-11-20 14:59,2025-11-20 15:15,16.0,partial overlap,Low,Conference Room C,Online Meeting
CONF_3167,P061,Brainstorming,Requirements Analysis,2025-11-19 16:45,2025-11-19 17:15,2025-11-19 17:00,2025-11-19 17:45,2025-11-19 17:00,2025-11-19 17:15,15.0,partial overlap,Low,Test Lab,Client Reception
CONF_3168,P061,Brainstorming,Team Building,2025-11-19 16:45,2025-11-19 17:15,2025-11-19 16:54,2025-11-19 17:52,2025-11-19 16:54,2025-11-19 17:15,21.0,partial overlap,Low,Test Lab,Demo Hall
CONF_3169,P061,Tech Sharing,One-on-One,2025-11-19 17:45,2025-11-19 18:00,2025-11-19 17:30,2025-11-19 18:00,2025-11-19 17:45,2025-11-19 18:00,15.0,full overlap,Low,Conference Room A,Conference Room A
CONF_3170,P061,Tech Sharing,Design Review,2025-11-19 17:45,2025-11-19 18:00,2025-11-19 17:30,2025-11-19 18:15,2025-11-19 17:45,2025-11-19 18:00,15.0,full overlap,Low,Conference Room A,Training Room
CONF_3171,P061,Tech Sharing,Team Building,2025-11-19 17:45,2025-11-19 18:00,2025-11-19 16:54,2025-11-19 17:52,2025-11-19 17:45,2025-11-19 17:52,7.0,partial overlap,Low,Conference Room A,Demo Hall
CONF_3172,P061,One-on-One,Design Review,2025-11-19 17:30,2025-11-19 18:00,2025-11-19 17:30,2025-11-19 18:15,2025-11-19 17:30,2025-11-19 18:00,30.0,full overlap,Medium,Conference Room A,Training Room
CONF_3173,P061,One-on-One,Requirements Analysis,2025-11-19 17:30,2025-11-19 18:00,2025-11-19 17:00,2025-11-19 17:45,2025-11-19 17:30,2025-11-19 17:45,15.0,partial overlap,Low,Conference Room A,Client Reception
CONF_3174,P061,One-on-One,Team Building,2025-11-19 17:30,2025-11-19 18:00,2025-11-19 16:54,2025-11-19 17:52,2025-11-19 17:30,2025-11-19 17:52,22.0,partial overlap,Low,Conference Room A,Demo Hall
CONF_3175,P061,Product Demo,Code Review,2025-11-17 13:30,2025-11-17 14:15,2025-11-17 13:00,2025-11-17 13:45,2025-11-17 13:30,2025-11-17 13:45,15.0,partial overlap,Low,Break Room,Conference Room B
CONF_3176,P061,Product Demo,Product Demo,2025-11-17 13:30,2025-11-17 14:15,2025-11-17 13:42,2025-11-17 14:32,2025-11-17 13:42,2025-11-17 14:15,33.0,partial overlap,Medium,Break Room,Conference Room B
CONF_3177,P061,Code Review,One-on-One,2025-11-20 15:45,2025-11-20 16:15,2025-11-20 15:30,2025-11-20 16:15,2025-11-20 15:45,2025-11-20 16:15,30.0,full overlap,Medium,Remote,Break Room
CONF_3178,P061,Code Review,Product Demo,2025-11-17 13:00,2025-11-17 13:45,2025-11-17 13:42,2025-11-17 14:32,2025-11-17 13:42,2025-11-17 13:45,3.0,partial overlap,Low,Conference Room B,Conference Room B
CONF_3179,P061,Product Demo,Training,2025-11-18 16:30,2025-11-18 17:15,2025-11-18 16:45,2025-11-18 17:15,2025-11-18 16:45,2025-11-18 17:15,30.0,full overlap,Medium,Conference Room A,Demo Hall
CONF_3180,P061,Training,Meeting,2025-11-16 14:30,2025-11-16 15:15,2025-11-16 15:00,2025-11-16 15:45,2025-11-16 15:00,2025-11-16 15:15,15.0,partial overlap,Low,Break Room,Office Area 2
CONF_3181,P061,Design Review,Requirements Analysis,2025-11-19 17:30,2025-11-19 18:15,2025-11-19 17:00,2025-11-19 17:45,2025-11-19 17:30,2025-11-19 17:45,15.0,partial overlap,Low,Training Room,Client Reception
CONF_3182,P061,Design Review,Team Building,2025-11-19 17:30,2025-11-19 18:15,2025-11-19 16:54,2025-11-19 17:52,2025-11-19 17:30,2025-11-19 17:52,22.0,partial overlap,Low,Training Room,Demo Hall
CONF_3183,P061,Training,Product Demo,2025-11-17 14:30,2025-11-17 15:00,2025-11-17 13:42,2025-11-17 14:32,2025-11-17 14:30,2025-11-17 14:32,2.0,partial overlap,Low,Office Area 2,Conference Room B
CONF_3184,P061,Requirements Analysis,Code Review,2025-11-20 17:45,2025-11-20 18:15,2025-11-20 17:52,2025-11-20 18:30,2025-11-20 17:52,2025-11-20 18:15,23.0,partial overlap,Low,Office Area 1,Online Meeting
CONF_3185,P061,One-on-One,Design Review,2025-11-22 18:30,2025-11-22 19:00,2025-11-22 18:39,2025-11-22 19:00,2025-11-22 18:39,2025-11-22 19:00,21.0,full overlap,Low,Office Area 2,R&D Center
CONF_3186,P061,Tech Sharing,Operations Check,2025-11-18 11:00,2025-11-18 11:30,2025-11-18 11:11,2025-11-18 12:00,2025-11-18 11:11,2025-11-18 11:30,19.0,partial overlap,Low,Online Meeting,Online Meeting
CONF_3187,P061,Meeting,Training,2025-11-24 14:45,2025-11-24 15:15,2025-11-24 15:13,2025-11-24 15:30,2025-11-24 15:13,2025-11-24 15:15,2.0,partial overlap,Low,Remote,Conference Room B
CONF_3188,P061,Requirements Analysis,Team Building,2025-11-19 17:00,2025-11-19 17:45,2025-11-19 16:54,2025-11-19 17:52,2025-11-19 17:00,2025-11-19 17:45,45.0,full overlap,Medium,Client Reception,Demo Hall
CONF_3189,P061,Project Discussion,Tech Sharing,2025-11-20 12:15,2025-11-20 13:00,2025-11-20 12:26,2025-11-20 12:46,2025-11-20 12:26,2025-11-20 12:46,20.0,full overlap,Low,R&D Center,Training Room
CONF_3190,P062,Product Demo,Testing Acceptance,2025-11-17 15:45,2025-11-17 16:15,2025-11-17 16:00,2025-11-17 16:45,2025-11-17 16:00,2025-11-17 16:15,15.0,partial overlap,Low,Cafe,Remote
CONF_3191,P062,Product Demo,Brainstorming,2025-11-17 15:45,2025-11-17 16:15,2025-11-17 16:00,2025-11-17 16:30,2025-11-17 16:00,2025-11-17 16:15,15.0,partial overlap,Low,Cafe,Break Room
CONF_3192,P062,Operations Check,Training,2025-11-18 12:30,2025-11-18 13:15,2025-11-18 13:00,2025-11-18 13:45,2025-11-18 13:00,2025-11-18 13:15,15.0,partial overlap,Low,Conference Room C,Conference Room A
CONF_3193,P062,Operations Check,One-on-One,2025-11-18 12:30,2025-11-18 13:15,2025-11-18 12:40,2025-11-18 12:58,2025-11-18 12:40,2025-11-18 12:58,18.0,full overlap,Low,Conference Room C,Conference Room B
CONF_3194,P062,Testing Acceptance,Requirements Analysis,2025-11-19 17:45,2025-11-19 18:30,2025-11-19 17:45,2025-11-19 18:30,2025-11-19 17:45,2025-11-19 18:30,45.0,full overlap,Medium,Cafe,R&D Center
CONF_3195,P062,Testing Acceptance,Testing Acceptance,2025-11-19 17:45,2025-11-19 18:30,2025-11-19 17:53,2025-11-19 18:35,2025-11-19 17:53,2025-11-19 18:30,37.0,partial overlap,Medium,Cafe,Conference Room B
CONF_3196,P062,Testing Acceptance,Project Discussion,2025-11-19 17:45,2025-11-19 18:30,2025-11-19 18:05,2025-11-19 18:46,2025-11-19 18:05,2025-11-19 18:30,25.0,partial overlap,Low,Cafe,Cafe
CONF_3197,P062,Operations Check,Code Review,2025-11-14 15:00,2025-11-14 15:45,2025-11-14 15:10,2025-11-14 16:00,2025-11-14 15:10,2025-11-14 15:45,35.0,partial overlap,Medium,Office Area 2,Break Room
CONF_3198,P062,Testing Acceptance,Brainstorming,2025-11-17 16:00,2025-11-17 16:45,2025-11-17 16:00,2025-11-17 16:30,2025-11-17 16:00,2025-11-17 16:30,30.0,full overlap,Medium,Remote,Break Room
CONF_3199,P062,Operations Check,One-on-One,2025-11-22 13:15,2025-11-22 14:00,2025-11-22 13:15,2025-11-22 13:30,2025-11-22 13:15,2025-11-22 13:30,15.0,full overlap,Low,Cafe,Conference Room C
CONF_3200,P062,One-on-One,Requirements Analysis,2025-11-21 13:30,2025-11-21 14:00,2025-11-21 13:45,2025-11-21 14:30,2025-11-21 13:45,2025-11-21 14:00,15.0,partial overlap,Low,Online Meeting,Office Area 2
CONF_3201,P062,Requirements Analysis,Code Review,2025-11-21 13:45,2025-11-21 14:30,2025-11-21 14:00,2025-11-21 14:30,2025-11-21 14:00,2025-11-21 14:30,30.0,full overlap,Medium,Office Area 2,Online Meeting
CONF_3202,P062,Design Review,Deployment,2025-11-24 14:45,2025-11-24 15:30,2025-11-24 15:15,2025-11-24 16:00,2025-11-24 15:15,2025-11-24 15:30,15.0,partial overlap,Low,Demo Hall,Remote
CONF_3203,P062,Design Review,Code Review,2025-11-24 14:45,2025-11-24 15:30,2025-11-24 14:50,2025-11-24 15:28,2025-11-24 14:50,2025-11-24 15:28,38.0,full overlap,Medium,Demo Hall,Office Area 2
CONF_3204,P062,Requirements Analysis,Testing Acceptance,2025-11-19 17:45,2025-11-19 18:30,2025-11-19 17:53,2025-11-19 18:35,2025-11-19 17:53,2025-11-19 18:30,37.0,partial overlap,Medium,R&D Center,Conference Room B
CONF_3205,P062,Requirements Analysis,Project Discussion,2025-11-19 17:45,2025-11-19 18:30,2025-11-19 18:05,2025-11-19 18:46,2025-11-19 18:05,2025-11-19 18:30,25.0,partial overlap,Low,R&D Center,Cafe
CONF_3206,P062,Deployment,Code Review,2025-11-24 15:15,2025-11-24 16:00,2025-11-24 14:50,2025-11-24 15:28,2025-11-24 15:15,2025-11-24 15:28,13.0,partial overlap,Low,Remote,Office Area 2
CONF_3207,P063,Requirements Analysis,Tech Sharing,2025-11-12 14:15,2025-11-12 14:30,2025-11-12 14:24,2025-11-12 15:05,2025-11-12 14:24,2025-11-12 14:30,6.0,partial overlap,Low,R&D Center,Client Reception
CONF_3208,P063,Requirements Analysis,Meeting,2025-11-12 14:15,2025-11-12 14:30,2025-11-12 14:29,2025-11-12 14:45,2025-11-12 14:29,2025-11-12 14:30,1.0,partial overlap,Low,R&D Center,Client Reception
CONF_3209,P063,Requirements Analysis,Tech Sharing,2025-11-21 10:15,2025-11-21 11:00,2025-11-21 10:15,2025-11-21 10:45,2025-11-21 10:15,2025-11-21 10:45,30.0,full overlap,Medium,Remote,R&D Center
CONF_3210,P063,Requirements Analysis,Client Visit,2025-11-21 10:15,2025-11-21 11:00,2025-11-21 10:26,2025-11-21 10:52,2025-11-21 10:26,2025-11-21 10:52,26.0,full overlap,Low,Remote,Training Room
CONF_3211,P063,Client Visit,One-on-One,2025-11-18 10:00,2025-11-18 10:15,2025-11-18 10:00,2025-11-18 10:15,2025-11-18 10:00,2025-11-18 10:15,15.0,full overlap,Low,Remote,Product Showcase
CONF_3212,P063,Tech Sharing,Client Visit,2025-11-21 10:15,2025-11-21 10:45,2025-11-21 10:26,2025-11-21 10:52,2025-11-21 10:26,2025-11-21 10:45,19.0,partial overlap,Low,R&D Center,Training Room
CONF_3213,P063,Product Demo,Testing Acceptance,2025-11-19 18:15,2025-11-19 19:00,2025-11-19 18:28,2025-11-19 19:03,2025-11-19 18:28,2025-11-19 19:00,32.0,partial overlap,Medium,Test Lab,R&D Center
CONF_3214,P063,Project Discussion,Training,2025-11-20 10:15,2025-11-20 10:45,2025-11-20 10:30,2025-11-20 10:45,2025-11-20 10:30,2025-11-20 10:45,15.0,full overlap,Low,Test Lab,Product Showcase
CONF_3215,P063,Project Discussion,Meeting,2025-11-24 12:00,2025-11-24 12:15,2025-11-24 12:14,2025-11-24 12:30,2025-11-24 12:14,2025-11-24 12:15,1.0,partial overlap,Low,Remote,Conference Room B
CONF_3216,P063,Product Demo,Meeting,2025-11-24 18:00,2025-11-24 18:30,2025-11-24 18:22,2025-11-24 19:04,2025-11-24 18:22,2025-11-24 18:30,8.0,partial overlap,Low,Conference Room A,Office Area 1
CONF_3217,P063,Code Review,Team Building,2025-11-24 09:45,2025-11-24 10:30,2025-11-24 09:52,2025-11-24 10:09,2025-11-24 09:52,2025-11-24 10:09,17.0,full overlap,Low,Remote,Cafe
CONF_3218,P064,Requirements Analysis,Deployment,2025-11-13 18:45,2025-11-13 19:15,2025-11-13 18:54,2025-11-13 19:30,2025-11-13 18:54,2025-11-13 19:15,21.0,partial overlap,Low,Cafe,Conference Room C
CONF_3219,P064,Operations Check,Testing Acceptance,2025-11-17 15:45,2025-11-17 16:00,2025-11-17 15:52,2025-11-17 16:08,2025-11-17 15:52,2025-11-17 16:00,8.0,partial overlap,Low,Remote,Demo Hall
CONF_3220,P064,Code Review,Product Demo,2025-11-16 12:15,2025-11-16 13:00,2025-11-16 12:30,2025-11-16 13:15,2025-11-16 12:30,2025-11-16 13:00,30.0,partial overlap,Medium,Office Area 2,Conference Room B
CONF_3221,P064,Meeting,Project Discussion,2025-11-19 09:00,2025-11-19 09:30,2025-11-19 09:15,2025-11-19 09:30,2025-11-19 09:15,2025-11-19 09:30,15.0,full overlap,Low,Remote,Online Meeting
CONF_3222,P064,Project Discussion,Deployment,2025-11-16 08:15,2025-11-16 08:30,2025-11-16 08:21,2025-11-16 09:14,2025-11-16 08:21,2025-11-16 08:30,9.0,partial overlap,Low,R&D Center,Conference Room C
CONF_3223,P064,Training,Requirements Analysis,2025-11-17 17:45,2025-11-17 18:00,2025-11-17 17:30,2025-11-17 18:15,2025-11-17 17:45,2025-11-17 18:00,15.0,full overlap,Low,Break Room,Break Room
CONF_3224,P064,Training,Design Review,2025-11-22 16:30,2025-11-22 17:00,2025-11-22 16:56,2025-11-22 17:17,2025-11-22 16:56,2025-11-22 17:00,4.0,partial overlap,Low,Remote,Online Meeting
CONF_3225,P064,Training,Code Review,2025-11-22 16:30,2025-11-22 17:00,2025-11-22 16:38,2025-11-22 17:00,2025-11-22 16:38,2025-11-22 17:00,22.0,full overlap,Low,Remote,Demo Hall
CONF_3226,P064,Design Review,Product Demo,2025-11-19 18:15,2025-11-19 19:00,2025-11-19 18:22,2025-11-19 19:20,2025-11-19 18:22,2025-11-19 19:00,38.0,partial overlap,Medium,Test Lab,Conference Room B
CONF_3227,P064,Testing Acceptance,Training,2025-11-19 13:15,2025-11-19 13:45,2025-11-19 13:41,2025-11-19 14:22,2025-11-19 13:41,2025-11-19 13:45,4.0,partial overlap,Low,Training Room,R&D Center
CONF_3228,P064,Testing Acceptance,Team Building,2025-11-21 09:00,2025-11-21 09:45,2025-11-21 09:15,2025-11-21 09:45,2025-11-21 09:15,2025-11-21 09:45,30.0,full overlap,Medium,Test Lab,Training Room
CONF_3229,P064,Requirements Analysis,One-on-One,2025-11-17 17:30,2025-11-17 18:15,2025-11-17 17:30,2025-11-17 17:45,2025-11-17 17:30,2025-11-17 17:45,15.0,full overlap,Low,Break Room,Training Room
CONF_3230,P064,Requirements Analysis,Brainstorming,2025-11-24 17:15,2025-11-24 18:00,2025-11-24 17:35,2025-11-24 18:31,2025-11-24 17:35,2025-11-24 18:00,25.0,partial overlap,Low,Product Showcase,Demo Hall
CONF_3231,P065,Training,Tech Sharing,2025-11-18 14:30,2025-11-18 14:45,2025-11-18 14:15,2025-11-18 15:00,2025-11-18 14:30,2025-11-18 14:45,15.0,full overlap,Low,Conference Room A,Break Room
CONF_3232,P065,Training,Design Review,2025-11-18 14:30,2025-11-18 14:45,2025-11-18 14:37,2025-11-18 15:29,2025-11-18 14:37,2025-11-18 14:45,8.0,partial overlap,Low,Conference Room A,Demo Hall
CONF_3233,P065,Code Review,One-on-One,2025-11-19 11:15,2025-11-19 11:45,2025-11-19 11:15,2025-11-19 11:30,2025-11-19 11:15,2025-11-19 11:30,15.0,full overlap,Low,Remote,Conference Room B
CONF_3234,P065,Requirements Analysis,Requirements Analysis,2025-11-17 14:30,2025-11-17 15:00,2025-11-17 14:15,2025-11-17 15:00,2025-11-17 14:30,2025-11-17 15:00,30.0,full overlap,Medium,Break Room,Office Area 1
CONF_3235,P065,Meeting,Project Discussion,2025-11-15 11:45,2025-11-15 12:15,2025-11-15 11:45,2025-11-15 12:00,2025-11-15 11:45,2025-11-15 12:00,15.0,full overlap,Low,Office Area 1,Demo Hall
CONF_3236,P065,Meeting,Meeting,2025-11-20 13:00,2025-11-20 13:30,2025-11-20 12:42,2025-11-20 13:34,2025-11-20 13:00,2025-11-20 13:30,30.0,full overlap,Medium,R&D Center,Conference Room C
CONF_3237,P065,Deployment,Testing Acceptance,2025-11-20 18:00,2025-11-20 18:30,2025-11-20 18:15,2025-11-20 18:45,2025-11-20 18:15,2025-11-20 18:30,15.0,partial overlap,Low,Remote,Office Area 1
CONF_3238,P065,Training,Code Review,2025-11-18 15:45,2025-11-18 16:00,2025-11-18 15:45,2025-11-18 16:00,2025-11-18 15:45,2025-11-18 16:00,15.0,full overlap,Low,Cafe,Conference Room C
CONF_3239,P065,Brainstorming,Meeting,2025-11-20 12:15,2025-11-20 13:00,2025-11-20 12:42,2025-11-20 13:34,2025-11-20 12:42,2025-11-20 13:00,18.0,partial overlap,Low,Client Reception,Conference Room C
CONF_3240,P065,One-on-One,Product Demo,2025-11-17 10:30,2025-11-17 10:45,2025-11-17 10:30,2025-11-17 10:45,2025-11-17 10:30,2025-11-17 10:45,15.0,full overlap,Low,Office Area 1,Break Room
CONF_3241,P065,Requirements Analysis,One-on-One,2025-11-19 12:45,2025-11-19 13:15,2025-11-19 12:00,2025-11-19 12:48,2025-11-19 12:45,2025-11-19 12:48,3.0,partial overlap,Low,Cafe,Remote
CONF_3242,P065,Meeting,Deployment,2025-11-21 09:00,2025-11-21 09:15,2025-11-21 09:12,2025-11-21 09:27,2025-11-21 09:12,2025-11-21 09:15,3.0,partial overlap,Low,Break Room,Demo Hall
CONF_3243,P065,Product Demo,Tech Sharing,2025-11-17 18:00,2025-11-17 18:45,2025-11-17 18:30,2025-11-17 18:45,2025-11-17 18:30,2025-11-17 18:45,15.0,full overlap,Low,Office Area 1,Client Reception
CONF_3244,P065,Tech Sharing,Design Review,2025-11-18 14:15,2025-11-18 15:00,2025-11-18 14:37,2025-11-18 15:29,2025-11-18 14:37,2025-11-18 15:00,23.0,partial overlap,Low,Break Room,Demo Hall
CONF_3245,P065,Client Visit,Project Discussion,2025-11-23 14:00,2025-11-23 14:45,2025-11-23 14:00,2025-11-23 14:15,2025-11-23 14:00,2025-11-23 14:15,15.0,full overlap,Low,Training Room,R&D Center
CONF_3246,P065,Testing Acceptance,Project Discussion,2025-11-20 18:15,2025-11-20 18:45,2025-11-20 18:35,2025-11-20 19:29,2025-11-20 18:35,2025-11-20 18:45,10.0,partial overlap,Low,Office Area 1,Training Room
CONF_3247,P066,Meeting,Design Review,2025-11-16 18:30,2025-11-16 18:45,2025-11-16 18:36,2025-11-16 19:15,2025-11-16 18:36,2025-11-16 18:45,9.0,partial overlap,Low,Break Room,Product Showcase
CONF_3248,P066,Brainstorming,Project Discussion,2025-11-23 11:15,2025-11-23 11:30,2025-11-23 11:23,2025-11-23 11:56,2025-11-23 11:23,2025-11-23 11:30,7.0,partial overlap,Low,Office Area 1,Conference Room A
CONF_3249,P066,Team Building,Training,2025-11-19 17:30,2025-11-19 17:45,2025-11-19 17:39,2025-11-19 18:12,2025-11-19 17:39,2025-11-19 17:45,6.0,partial overlap,Low,Remote,R&D Center
CONF_3250,P066,Code Review,Brainstorming,2025-11-20 09:00,2025-11-20 09:30,2025-11-20 09:06,2025-11-20 09:53,2025-11-20 09:06,2025-11-20 09:30,24.0,partial overlap,Low,R&D Center,Office Area 1
CONF_3251,P067,Meeting,One-on-One,2025-11-18 18:00,2025-11-18 18:45,2025-11-18 18:30,2025-11-18 19:00,2025-11-18 18:30,2025-11-18 18:45,15.0,partial overlap,Low,Conference Room C,Client Reception
CONF_3252,P067,Tech Sharing,Training,2025-11-16 14:15,2025-11-16 15:00,2025-11-16 14:15,2025-11-16 14:30,2025-11-16 14:15,2025-11-16 14:30,15.0,full overlap,Low,Client Reception,R&D Center
CONF_3253,P067,Training,Product Demo,2025-11-17 08:15,2025-11-17 09:00,2025-11-17 08:43,2025-11-17 09:38,2025-11-17 08:43,2025-11-17 09:00,17.0,partial overlap,Low,Product Showcase,Remote
CONF_3254,P068,Training,Testing Acceptance,2025-11-16 11:15,2025-11-16 11:45,2025-11-16 11:40,2025-11-16 12:13,2025-11-16 11:40,2025-11-16 11:45,5.0,partial overlap,Low,Remote,R&D Center
CONF_3255,P068,Client Visit,Product Demo,2025-11-14 08:00,2025-11-14 08:45,2025-11-14 08:17,2025-11-14 09:06,2025-11-14 08:17,2025-11-14 08:45,28.0,partial overlap,Low,Client Reception,R&D Center
CONF_3256,P068,Team Building,Project Discussion,2025-11-20 11:30,2025-11-20 11:45,2025-11-20 11:00,2025-11-20 11:45,2025-11-20 11:30,2025-11-20 11:45,15.0,full overlap,Low,Conference Room C,Product Showcase
CONF_3257,P068,Product Demo,Tech Sharing,2025-11-21 10:45,2025-11-21 11:30,2025-11-21 11:00,2025-11-21 11:45,2025-11-21 11:00,2025-11-21 11:30,30.0,partial overlap,Medium,Cafe,Conference Room A
CONF_3258,P068,Project Discussion,Tech Sharing,2025-11-20 18:15,2025-11-20 19:00,2025-11-20 18:00,2025-11-20 18:45,2025-11-20 18:15,2025-11-20 18:45,30.0,partial overlap,Medium,Conference Room C,Test Lab
CONF_3259,P068,Requirements Analysis,Operations Check,2025-11-14 15:45,2025-11-14 16:15,2025-11-14 16:06,2025-11-14 16:42,2025-11-14 16:06,2025-11-14 16:15,9.0,partial overlap,Low,Conference Room C,Client Reception
CONF_3260,P068,Code Review,Design Review,2025-11-15 15:15,2025-11-15 16:00,2025-11-15 15:32,2025-11-15 16:29,2025-11-15 15:32,2025-11-15 16:00,28.0,partial overlap,Low,Office Area 2,Client Reception
CONF_3261,P068,Code Review,One-on-One,2025-11-15 15:15,2025-11-15 16:00,2025-11-15 15:41,2025-11-15 16:03,2025-11-15 15:41,2025-11-15 16:00,19.0,partial overlap,Low,Office Area 2,R&D Center
CONF_3262,P068,One-on-One,Code Review,2025-11-20 10:00,2025-11-20 10:30,2025-11-20 10:15,2025-11-20 10:37,2025-11-20 10:15,2025-11-20 10:30,15.0,partial overlap,Low,Product Showcase,Demo Hall
CONF_3263,P068,Meeting,Requirements Analysis,2025-11-19 11:45,2025-11-19 12:15,2025-11-19 11:58,2025-11-19 12:46,2025-11-19 11:58,2025-11-19 12:15,17.0,partial overlap,Low,Demo Hall,Break Room
CONF_3264,P068,Design Review,Training,2025-11-17 12:00,2025-11-17 12:15,2025-11-17 12:06,2025-11-17 12:35,2025-11-17 12:06,2025-11-17 12:15,9.0,partial overlap,Low,Training Room,Online Meeting
CONF_3265,P068,Requirements Analysis,Requirements Analysis,2025-11-19 12:45,2025-11-19 13:30,2025-11-19 11:58,2025-11-19 12:46,2025-11-19 12:45,2025-11-19 12:46,1.0,partial overlap,Low,Office Area 2,Break Room
CONF_3266,P068,Requirements Analysis,Client Visit,2025-11-19 12:45,2025-11-19 13:30,2025-11-19 12:24,2025-11-19 12:53,2025-11-19 12:45,2025-11-19 12:53,8.0,partial overlap,Low,Office Area 2,Cafe
CONF_3267,P068,Meeting,Code Review,2025-11-24 12:00,2025-11-24 12:45,2025-11-24 12:30,2025-11-24 12:45,2025-11-24 12:30,2025-11-24 12:45,15.0,full overlap,Low,Conference Room A,Conference Room A
CONF_3268,P068,Brainstorming,Team Building,2025-11-21 15:15,2025-11-21 16:00,2025-11-21 15:41,2025-11-21 15:56,2025-11-21 15:41,2025-11-21 15:56,15.0,full overlap,Low,Client Reception,Remote
CONF_3269,P069,Operations Check,Product Demo,2025-11-14 12:45,2025-11-14 13:30,2025-11-14 13:09,2025-11-14 13:46,2025-11-14 13:09,2025-11-14 13:30,21.0,partial overlap,Low,Remote,Conference Room C
CONF_3270,P069,Project Discussion,Meeting,2025-11-18 09:15,2025-11-18 09:45,2025-11-18 09:30,2025-11-18 09:45,2025-11-18 09:30,2025-11-18 09:45,15.0,full overlap,Low,R&D Center,Demo Hall
CONF_3271,P069,Deployment,One-on-One,2025-11-17 13:45,2025-11-17 14:15,2025-11-17 13:45,2025-11-17 14:15,2025-11-17 13:45,2025-11-17 14:15,30.0,full overlap,Medium,R&D Center,Office Area 2
CONF_3272,P069,One-on-One,Training,2025-11-21 17:00,2025-11-21 17:15,2025-11-21 17:00,2025-11-21 17:45,2025-11-21 17:00,2025-11-21 17:15,15.0,full overlap,Low,Online Meeting,Conference Room A
CONF_3273,P069,Design Review,Code Review,2025-11-17 16:30,2025-11-17 17:15,2025-11-17 16:40,2025-11-17 17:12,2025-11-17 16:40,2025-11-17 17:12,32.0,full overlap,Medium,Cafe,Test Lab
CONF_3274,P069,Operations Check,Training,2025-11-19 16:30,2025-11-19 17:00,2025-11-19 16:59,2025-11-19 17:56,2025-11-19 16:59,2025-11-19 17:00,1.0,partial overlap,Low,Product Showcase,Conference Room A
CONF_3275,P069,Testing Acceptance,Operations Check,2025-11-19 12:00,2025-11-19 12:15,2025-11-19 11:30,2025-11-19 12:15,2025-11-19 12:00,2025-11-19 12:15,15.0,full overlap,Low,Test Lab,Office Area 2
CONF_3276,P069,Operations Check,Requirements Analysis,2025-11-19 11:30,2025-11-19 12:15,2025-11-19 11:40,2025-11-19 11:55,2025-11-19 11:40,2025-11-19 11:55,15.0,full overlap,Low,Office Area 2,Conference Room C
CONF_3277,P069,Client Visit,Design Review,2025-11-19 08:00,2025-11-19 08:15,2025-11-19 08:11,2025-11-19 08:42,2025-11-19 08:11,2025-11-19 08:15,4.0,partial overlap,Low,Conference Room A,Conference Room B
CONF_3278,P070,Brainstorming,Training,2025-11-13 12:15,2025-11-13 12:45,2025-11-13 12:41,2025-11-13 13:02,2025-11-13 12:41,2025-11-13 12:45,4.0,partial overlap,Low,Online Meeting,Test Lab
CONF_3279,P070,Brainstorming,Team Building,2025-11-21 15:15,2025-11-21 16:00,2025-11-21 15:34,2025-11-21 16:17,2025-11-21 15:34,2025-11-21 16:00,26.0,partial overlap,Low,R&D Center,Conference Room B
CONF_3280,P070,Team Building,Training,2025-11-18 17:30,2025-11-18 17:45,2025-11-18 17:43,2025-11-18 18:37,2025-11-18 17:43,2025-11-18 17:45,2.0,partial overlap,Low,Break Room,Office Area 2
CONF_3281,P070,Meeting,Deployment,2025-11-17 11:45,2025-11-17 12:00,2025-11-17 11:20,2025-11-17 12:00,2025-11-17 11:45,2025-11-17 12:00,15.0,full overlap,Low,Training Room,R&D Center
CONF_3282,P070,Training,Testing Acceptance,2025-11-23 15:45,2025-11-23 16:00,2025-11-23 15:45,2025-11-23 16:15,2025-11-23 15:45,2025-11-23 16:00,15.0,full overlap,Low,Conference Room C,Online Meeting
CONF_3283,P070,Tech Sharing,One-on-One,2025-11-23 11:30,2025-11-23 11:45,2025-11-23 11:41,2025-11-23 12:18,2025-11-23 11:41,2025-11-23 11:45,4.0,partial overlap,Low,Office Area 2,Conference Room C
CONF_3284,P070,Tech Sharing,Operations Check,2025-11-23 11:30,2025-11-23 11:45,2025-11-23 11:43,2025-11-23 12:42,2025-11-23 11:43,2025-11-23 11:45,2.0,partial overlap,Low,Office Area 2,Cafe
CONF_3285,P070,Deployment,Testing Acceptance,2025-11-25 18:30,2025-11-25 19:00,2025-11-25 18:47,2025-11-25 19:46,2025-11-25 18:47,2025-11-25 19:00,13.0,partial overlap,Low,Cafe,Conference Room B
CONF_3286,P070,One-on-One,Training,2025-11-18 12:45,2025-11-18 13:30,2025-11-18 12:15,2025-11-18 13:00,2025-11-18 12:45,2025-11-18 13:00,15.0,partial overlap,Low,Conference Room B,Office Area 2
CONF_3287,P070,Training,Project Discussion,2025-11-18 12:15,2025-11-18 13:00,2025-11-18 11:51,2025-11-18 12:38,2025-11-18 12:15,2025-11-18 12:38,23.0,partial overlap,Low,Office Area 2,Remote
CONF_3288,P071,Code Review,Team Building,2025-11-19 09:45,2025-11-19 10:15,2025-11-19 10:00,2025-11-19 10:45,2025-11-19 10:00,2025-11-19 10:15,15.0,partial overlap,Low,Break Room,Client Reception
CONF_3289,P071,Code Review,Requirements Analysis,2025-11-19 09:45,2025-11-19 10:15,2025-11-19 10:08,2025-11-19 10:28,2025-11-19 10:08,2025-11-19 10:15,7.0,partial overlap,Low,Break Room,Client Reception
CONF_3290,P071,Code Review,Testing Acceptance,2025-11-19 09:45,2025-11-19 10:15,2025-11-19 09:55,2025-11-19 10:55,2025-11-19 09:55,2025-11-19 10:15,20.0,partial overlap,Low,Break Room,Client Reception
CONF_3291,P071,Product Demo,Operations Check,2025-11-17 12:00,2025-11-17 12:15,2025-11-17 11:45,2025-11-17 12:15,2025-11-17 12:00,2025-11-17 12:15,15.0,full overlap,Low,Product Showcase,Product Showcase
CONF_3292,P071,Product Demo,Operations Check,2025-11-17 12:00,2025-11-17 12:15,2025-11-17 11:52,2025-11-17 12:31,2025-11-17 12:00,2025-11-17 12:15,15.0,full overlap,Low,Product Showcase,Product Showcase
CONF_3293,P071,Meeting,Code Review,2025-11-17 08:45,2025-11-17 09:30,2025-11-17 09:03,2025-11-17 10:03,2025-11-17 09:03,2025-11-17 09:30,27.0,partial overlap,Low,Demo Hall,Break Room
CONF_3294,P071,Operations Check,Operations Check,2025-11-17 11:45,2025-11-17 12:15,2025-11-17 11:52,2025-11-17 12:31,2025-11-17 11:52,2025-11-17 12:15,23.0,partial overlap,Low,Product Showcase,Product Showcase
CONF_3295,P071,Team Building,Team Building,2025-11-18 13:45,2025-11-18 14:30,2025-11-18 13:45,2025-11-18 14:30,2025-11-18 13:45,2025-11-18 14:30,45.0,full overlap,Medium,Office Area 2,Conference Room A
CONF_3296,P071,Design Review,Testing Acceptance,2025-11-15 08:15,2025-11-15 08:45,2025-11-15 08:15,2025-11-15 08:30,2025-11-15 08:15,2025-11-15 08:30,15.0,full overlap,Low,R&D Center,Break Room
CONF_3297,P071,Testing Acceptance,Code Review,2025-11-17 10:00,2025-11-17 10:30,2025-11-17 09:03,2025-11-17 10:03,2025-11-17 10:00,2025-11-17 10:03,3.0,partial overlap,Low,Product Showcase,Break Room
CONF_3298,P071,Operations Check,Operations Check,2025-11-17 12:30,2025-11-17 12:45,2025-11-17 11:52,2025-11-17 12:31,2025-11-17 12:30,2025-11-17 12:31,1.0,partial overlap,Low,Conference Room A,Product Showcase
CONF_3299,P071,Tech Sharing,Training,2025-11-23 09:15,2025-11-23 09:45,2025-11-23 09:15,2025-11-23 10:00,2025-11-23 09:15,2025-11-23 09:45,30.0,full overlap,Medium,Conference Room C,Conference Room B
CONF_3300,P071,Tech Sharing,Team Building,2025-11-23 09:15,2025-11-23 09:45,2025-11-23 09:25,2025-11-23 10:17,2025-11-23 09:25,2025-11-23 09:45,20.0,partial overlap,Low,Conference Room C,Break Room
CONF_3301,P071,Training,Project Discussion,2025-11-23 09:15,2025-11-23 10:00,2025-11-23 09:45,2025-11-23 10:15,2025-11-23 09:45,2025-11-23 10:00,15.0,partial overlap,Low,Conference Room B,Training Room
CONF_3302,P071,Training,Team Building,2025-11-23 09:15,2025-11-23 10:00,2025-11-23 09:25,2025-11-23 10:17,2025-11-23 09:25,2025-11-23 10:00,35.0,partial overlap,Medium,Conference Room B,Break Room
CONF_3303,P071,Product Demo,Testing Acceptance,2025-11-21 13:30,2025-11-21 14:15,2025-11-21 13:55,2025-11-21 14:34,2025-11-21 13:55,2025-11-21 14:15,20.0,partial overlap,Low,Office Area 1,Remote
CONF_3304,P071,Team Building,Requirements Analysis,2025-11-19 10:00,2025-11-19 10:45,2025-11-19 10:08,2025-11-19 10:28,2025-11-19 10:08,2025-11-19 10:28,20.0,full overlap,Low,Client Reception,Client Reception
CONF_3305,P071,Team Building,Testing Acceptance,2025-11-19 10:00,2025-11-19 10:45,2025-11-19 09:55,2025-11-19 10:55,2025-11-19 10:00,2025-11-19 10:45,45.0,full overlap,Medium,Client Reception,Client Reception
CONF_3306,P071,Project Discussion,Team Building,2025-11-23 09:45,2025-11-23 10:15,2025-11-23 09:25,2025-11-23 10:17,2025-11-23 09:45,2025-11-23 10:15,30.0,full overlap,Medium,Training Room,Break Room
CONF_3307,P072,Training,Brainstorming,2025-11-13 09:30,2025-11-13 10:00,2025-11-13 09:52,2025-11-13 10:30,2025-11-13 09:52,2025-11-13 10:00,8.0,partial overlap,Low,Break Room,R&D Center
CONF_3308,P072,Operations Check,Deployment,2025-11-12 10:30,2025-11-12 11:00,2025-11-12 10:45,2025-11-12 11:30,2025-11-12 10:45,2025-11-12 11:00,15.0,partial overlap,Low,Office Area 2,R&D Center
CONF_3309,P072,Client Visit,Testing Acceptance,2025-11-19 11:30,2025-11-19 12:00,2025-11-19 11:53,2025-11-19 12:42,2025-11-19 11:53,2025-11-19 12:00,7.0,partial overlap,Low,Remote,Client Reception
CONF_3310,P072,Operations Check,Tech Sharing,2025-11-20 17:30,2025-11-20 18:00,2025-11-20 17:53,2025-11-20 18:19,2025-11-20 17:53,2025-11-20 18:00,7.0,partial overlap,Low,Conference Room B,R&D Center
CONF_3311,P072,Meeting,Project Discussion,2025-11-15 11:45,2025-11-15 12:30,2025-11-15 12:00,2025-11-15 12:45,2025-11-15 12:00,2025-11-15 12:30,30.0,partial overlap,Medium,Test Lab,Conference Room C
CONF_3312,P072,Meeting,Product Demo,2025-11-15 11:45,2025-11-15 12:30,2025-11-15 12:26,2025-11-15 12:57,2025-11-15 12:26,2025-11-15 12:30,4.0,partial overlap,Low,Test Lab,Cafe
CONF_3313,P072,Project Discussion,Requirements Analysis,2025-11-18 12:15,2025-11-18 12:30,2025-11-18 12:15,2025-11-18 12:30,2025-11-18 12:15,2025-11-18 12:30,15.0,full overlap,Low,Conference Room C,Conference Room A
CONF_3314,P072,Project Discussion,Product Demo,2025-11-15 12:00,2025-11-15 12:45,2025-11-15 12:26,2025-11-15 12:57,2025-11-15 12:26,2025-11-15 12:45,19.0,partial overlap,Low,Conference Room C,Cafe
CONF_3315,P072,Design Review,Requirements Analysis,2025-11-19 17:00,2025-11-19 17:30,2025-11-19 17:15,2025-11-19 17:44,2025-11-19 17:15,2025-11-19 17:30,15.0,partial overlap,Low,Client Reception,Conference Room A
CONF_3316,P072,Requirements Analysis,Team Building,2025-11-20 10:30,2025-11-20 11:15,2025-11-20 10:45,2025-11-20 11:33,2025-11-20 10:45,2025-11-20 11:15,30.0,partial overlap,Medium,Client Reception,Conference Room A
CONF_3317,P072,Deployment,Meeting,2025-11-21 11:15,2025-11-21 12:00,2025-11-21 11:38,2025-11-21 12:25,2025-11-21 11:38,2025-11-21 12:00,22.0,partial overlap,Low,Remote,Conference Room A
CONF_3318,P072,Meeting,Requirements Analysis,2025-11-21 08:00,2025-11-21 08:30,2025-11-21 08:25,2025-11-21 09:00,2025-11-21 08:25,2025-11-21 08:30,5.0,partial overlap,Low,R&D Center,R&D Center
CONF_3319,P073,Operations Check,Operations Check,2025-11-17 14:00,2025-11-17 14:45,2025-11-17 14:30,2025-11-17 14:45,2025-11-17 14:30,2025-11-17 14:45,15.0,full overlap,Low,Product Showcase,R&D Center
CONF_3320,P073,Operations Check,Testing Acceptance,2025-11-17 14:00,2025-11-17 14:45,2025-11-17 14:30,2025-11-17 15:15,2025-11-17 14:30,2025-11-17 14:45,15.0,partial overlap,Low,Product Showcase,Online Meeting
CONF_3321,P073,Operations Check,Tech Sharing,2025-11-17 14:00,2025-11-17 14:45,2025-11-17 14:15,2025-11-17 14:45,2025-11-17 14:15,2025-11-17 14:45,30.0,full overlap,Medium,Product Showcase,Office Area 1
CONF_3322,P073,Brainstorming,Project Discussion,2025-11-18 15:30,2025-11-18 16:15,2025-11-18 15:45,2025-11-18 16:40,2025-11-18 15:45,2025-11-18 16:15,30.0,partial overlap,Medium,Conference Room B,Office Area 1
CONF_3323,P073,Operations Check,Testing Acceptance,2025-11-17 14:30,2025-11-17 14:45,2025-11-17 14:30,2025-11-17 15:15,2025-11-17 14:30,2025-11-17 14:45,15.0,full overlap,Low,R&D Center,Online Meeting
CONF_3324,P073,Operations Check,Tech Sharing,2025-11-17 14:30,2025-11-17 14:45,2025-11-17 14:15,2025-11-17 14:45,2025-11-17 14:30,2025-11-17 14:45,15.0,full overlap,Low,R&D Center,Office Area 1
CONF_3325,P073,Tech Sharing,Project Discussion,2025-11-18 11:00,2025-11-18 11:30,2025-11-18 11:00,2025-11-18 11:15,2025-11-18 11:00,2025-11-18 11:15,15.0,full overlap,Low,Conference Room C,Conference Room C
CONF_3326,P073,Testing Acceptance,Tech Sharing,2025-11-17 14:30,2025-11-17 15:15,2025-11-17 14:15,2025-11-17 14:45,2025-11-17 14:30,2025-11-17 14:45,15.0,partial overlap,Low,Online Meeting,Office Area 1
CONF_3327,P073,Requirements Analysis,Operations Check,2025-11-24 08:15,2025-11-24 09:00,2025-11-24 08:45,2025-11-24 09:00,2025-11-24 08:45,2025-11-24 09:00,15.0,full overlap,Low,Product Showcase,Remote
CONF_3328,P073,Requirements Analysis,One-on-One,2025-11-24 08:15,2025-11-24 09:00,2025-11-24 08:43,2025-11-24 09:33,2025-11-24 08:43,2025-11-24 09:00,17.0,partial overlap,Low,Product Showcase,Conference Room A
CONF_3329,P073,Operations Check,One-on-One,2025-11-24 08:45,2025-11-24 09:00,2025-11-24 08:43,2025-11-24 09:33,2025-11-24 08:45,2025-11-24 09:00,15.0,full overlap,Low,Remote,Conference Room A
CONF_3330,P074,Deployment,Project Discussion,2025-11-16 12:45,2025-11-16 13:30,2025-11-16 12:45,2025-11-16 13:30,2025-11-16 12:45,2025-11-16 13:30,45.0,full overlap,Medium,Demo Hall,Online Meeting
CONF_3331,P074,Deployment,Operations Check,2025-11-16 12:45,2025-11-16 13:30,2025-11-16 12:54,2025-11-16 13:12,2025-11-16 12:54,2025-11-16 13:12,18.0,full overlap,Low,Demo Hall,Cafe
CONF_3332,P074,Deployment,One-on-One,2025-11-16 12:45,2025-11-16 13:30,2025-11-16 12:55,2025-11-16 13:27,2025-11-16 12:55,2025-11-16 13:27,32.0,full overlap,Medium,Demo Hall,Conference Room B
CONF_3333,P074,Deployment,Requirements Analysis,2025-11-16 12:45,2025-11-16 13:30,2025-11-16 13:09,2025-11-16 13:39,2025-11-16 13:09,2025-11-16 13:30,21.0,partial overlap,Low,Demo Hall,Conference Room C
CONF_3334,P074,Requirements Analysis,Requirements Analysis,2025-11-16 13:30,2025-11-16 14:00,2025-11-16 13:09,2025-11-16 13:39,2025-11-16 13:30,2025-11-16 13:39,9.0,partial overlap,Low,Cafe,Conference Room C
CONF_3335,P074,Tech Sharing,Meeting,2025-11-18 15:00,2025-11-18 15:15,2025-11-18 14:45,2025-11-18 15:30,2025-11-18 15:00,2025-11-18 15:15,15.0,full overlap,Low,Remote,Cafe
CONF_3336,P074,Tech Sharing,Operations Check,2025-11-18 15:00,2025-11-18 15:15,2025-11-18 15:06,2025-11-18 15:54,2025-11-18 15:06,2025-11-18 15:15,9.0,partial overlap,Low,Remote,Online Meeting
CONF_3337,P074,Meeting,Operations Check,2025-11-18 14:45,2025-11-18 15:30,2025-11-18 15:06,2025-11-18 15:54,2025-11-18 15:06,2025-11-18 15:30,24.0,partial overlap,Low,Cafe,Online Meeting
CONF_3338,P074,Tech Sharing,Design Review,2025-11-14 16:30,2025-11-14 16:45,2025-11-14 16:35,2025-11-14 17:26,2025-11-14 16:35,2025-11-14 16:45,10.0,partial overlap,Low,Break Room,Product Showcase
CONF_3339,P074,Project Discussion,Operations Check,2025-11-16 12:45,2025-11-16 13:30,2025-11-16 12:54,2025-11-16 13:12,2025-11-16 12:54,2025-11-16 13:12,18.0,full overlap,Low,Online Meeting,Cafe
CONF_3340,P074,Project Discussion,One-on-One,2025-11-16 12:45,2025-11-16 13:30,2025-11-16 12:55,2025-11-16 13:27,2025-11-16 12:55,2025-11-16 13:27,32.0,full overlap,Medium,Online Meeting,Conference Room B
CONF_3341,P074,Project Discussion,Requirements Analysis,2025-11-16 12:45,2025-11-16 13:30,2025-11-16 13:09,2025-11-16 13:39,2025-11-16 13:09,2025-11-16 13:30,21.0,partial overlap,Low,Online Meeting,Conference Room C
CONF_3342,P074,Team Building,Meeting,2025-11-18 11:45,2025-11-18 12:15,2025-11-18 11:45,2025-11-18 12:00,2025-11-18 11:45,2025-11-18 12:00,15.0,full overlap,Low,Conference Room B,Demo Hall
CONF_3343,P074,Requirements Analysis,Team Building,2025-11-19 18:15,2025-11-19 18:30,2025-11-19 18:15,2025-11-19 19:00,2025-11-19 18:15,2025-11-19 18:30,15.0,full overlap,Low,Conference Room A,Remote
CONF_3344,P074,Project Discussion,Design Review,2025-11-18 10:30,2025-11-18 10:45,2025-11-18 10:15,2025-11-18 10:45,2025-11-18 10:30,2025-11-18 10:45,15.0,full overlap,Low,Test Lab,Test Lab
CONF_3345,P074,Project Discussion,Project Discussion,2025-11-18 10:30,2025-11-18 10:45,2025-11-18 10:22,2025-11-18 10:43,2025-11-18 10:30,2025-11-18 10:43,13.0,partial overlap,Low,Test Lab,Demo Hall
CONF_3346,P074,Team Building,Design Review,2025-11-17 13:30,2025-11-17 14:00,2025-11-17 13:30,2025-11-17 14:15,2025-11-17 13:30,2025-11-17 14:00,30.0,full overlap,Medium,Demo Hall,Client Reception
CONF_3347,P074,Team Building,Operations Check,2025-11-23 09:00,2025-11-23 09:30,2025-11-23 09:10,2025-11-23 09:33,2025-11-23 09:10,2025-11-23 09:30,20.0,partial overlap,Low,Test Lab,Office Area 2
CONF_3348,P074,One-on-One,Product Demo,2025-11-19 15:15,2025-11-19 15:45,2025-11-19 15:44,2025-11-19 16:14,2025-11-19 15:44,2025-11-19 15:45,1.0,partial overlap,Low,Cafe,Training Room
CONF_3349,P074,Client Visit,Meeting,2025-11-18 18:30,2025-11-18 19:00,2025-11-18 18:30,2025-11-18 19:00,2025-11-18 18:30,2025-11-18 19:00,30.0,full overlap,Medium,Remote,Test Lab
CONF_3350,P074,Deployment,Testing Acceptance,2025-11-24 16:45,2025-11-24 17:30,2025-11-24 17:00,2025-11-24 17:30,2025-11-24 17:00,2025-11-24 17:30,30.0,full overlap,Medium,Cafe,R&D Center
CONF_3351,P074,Design Review,Project Discussion,2025-11-18 10:15,2025-11-18 10:45,2025-11-18 10:22,2025-11-18 10:43,2025-11-18 10:22,2025-11-18 10:43,21.0,full overlap,Low,Test Lab,Demo Hall
CONF_3352,P074,Deployment,One-on-One,2025-11-24 17:30,2025-11-24 17:45,2025-11-24 17:30,2025-11-24 18:00,2025-11-24 17:30,2025-11-24 17:45,15.0,full overlap,Low,Office Area 1,Product Showcase
CONF_3353,P075,Requirements Analysis,One-on-One,2025-11-14 11:45,2025-11-14 12:15,2025-11-14 11:56,2025-11-14 12:44,2025-11-14 11:56,2025-11-14 12:15,19.0,partial overlap,Low,Office Area 2,Office Area 2
CONF_3354,P075,Team Building,Training,2025-11-16 15:15,2025-11-16 16:00,2025-11-16 15:37,2025-11-16 16:00,2025-11-16 15:37,2025-11-16 16:00,23.0,full overlap,Low,Office Area 2,Conference Room A
CONF_3355,P075,Tech Sharing,Client Visit,2025-11-21 11:45,2025-11-21 12:15,2025-11-21 12:00,2025-11-21 12:30,2025-11-21 12:00,2025-11-21 12:15,15.0,partial overlap,Low,R&D Center,Cafe
CONF_3356,P075,Requirements Analysis,Tech Sharing,2025-11-17 17:30,2025-11-17 18:15,2025-11-17 17:37,2025-11-17 18:29,2025-11-17 17:37,2025-11-17 18:15,38.0,partial overlap,Medium,Cafe,Remote
CONF_3357,P075,Meeting,Brainstorming,2025-11-20 09:00,2025-11-20 09:30,2025-11-20 08:30,2025-11-20 09:15,2025-11-20 09:00,2025-11-20 09:15,15.0,partial overlap,Low,Break Room,Demo Hall
CONF_3358,P076,Brainstorming,One-on-One,2025-11-16 16:15,2025-11-16 17:00,2025-11-16 16:00,2025-11-16 16:30,2025-11-16 16:15,2025-11-16 16:30,15.0,partial overlap,Low,Office Area 2,Conference Room B
CONF_3359,P076,Brainstorming,Meeting,2025-11-16 16:15,2025-11-16 17:00,2025-11-16 16:45,2025-11-16 17:15,2025-11-16 16:45,2025-11-16 17:00,15.0,partial overlap,Low,Office Area 2,Test Lab
CONF_3360,P076,Brainstorming,Requirements Analysis,2025-11-16 16:15,2025-11-16 17:00,2025-11-16 16:20,2025-11-16 16:50,2025-11-16 16:20,2025-11-16 16:50,30.0,full overlap,Medium,Office Area 2,Office Area 1
CONF_3361,P076,Brainstorming,Requirements Analysis,2025-11-16 16:15,2025-11-16 17:00,2025-11-16 16:27,2025-11-16 16:43,2025-11-16 16:27,2025-11-16 16:43,16.0,full overlap,Low,Office Area 2,Cafe
CONF_3362,P076,Testing Acceptance,Code Review,2025-11-16 11:15,2025-11-16 11:45,2025-11-16 10:36,2025-11-16 11:24,2025-11-16 11:15,2025-11-16 11:24,9.0,partial overlap,Low,Demo Hall,Conference Room A
CONF_3363,P076,Deployment,Code Review,2025-11-16 10:30,2025-11-16 11:00,2025-11-16 10:36,2025-11-16 11:24,2025-11-16 10:36,2025-11-16 11:00,24.0,partial overlap,Low,Conference Room A,Conference Room A
CONF_3364,P076,Design Review,Code Review,2025-11-19 17:45,2025-11-19 18:00,2025-11-19 17:45,2025-11-19 18:00,2025-11-19 17:45,2025-11-19 18:00,15.0,full overlap,Low,Office Area 2,Conference Room A
CONF_3365,P076,One-on-One,Requirements Analysis,2025-11-16 16:00,2025-11-16 16:30,2025-11-16 16:20,2025-11-16 16:50,2025-11-16 16:20,2025-11-16 16:30,10.0,partial overlap,Low,Conference Room B,Office Area 1
CONF_3366,P076,One-on-One,Requirements Analysis,2025-11-16 16:00,2025-11-16 16:30,2025-11-16 16:27,2025-11-16 16:43,2025-11-16 16:27,2025-11-16 16:30,3.0,partial overlap,Low,Conference Room B,Cafe
CONF_3367,P076,Meeting,Requirements Analysis,2025-11-16 16:45,2025-11-16 17:15,2025-11-16 16:20,2025-11-16 16:50,2025-11-16 16:45,2025-11-16 16:50,5.0,partial overlap,Low,Test Lab,Office Area 1
CONF_3368,P076,Client Visit,Training,2025-11-20 10:15,2025-11-20 11:00,2025-11-20 10:30,2025-11-20 11:00,2025-11-20 10:30,2025-11-20 11:00,30.0,full overlap,Medium,Online Meeting,Conference Room C
CONF_3369,P076,Requirements Analysis,Client Visit,2025-11-23 14:00,2025-11-23 14:30,2025-11-23 13:13,2025-11-23 14:06,2025-11-23 14:00,2025-11-23 14:06,6.0,partial overlap,Low,Break Room,Online Meeting
CONF_3370,P076,Team Building,Client Visit,2025-11-23 13:00,2025-11-23 13:45,2025-11-23 13:13,2025-11-23 14:06,2025-11-23 13:13,2025-11-23 13:45,32.0,partial overlap,Medium,Conference Room A,Online Meeting
CONF_3371,P077,Brainstorming,Requirements Analysis,2025-11-16 08:15,2025-11-16 08:30,2025-11-16 08:15,2025-11-16 08:30,2025-11-16 08:15,2025-11-16 08:30,15.0,full overlap,Low,Break Room,Training Room
CONF_3372,P077,Deployment,Brainstorming,2025-11-16 16:15,2025-11-16 17:00,2025-11-16 16:27,2025-11-16 17:04,2025-11-16 16:27,2025-11-16 17:00,33.0,partial overlap,Medium,Demo Hall,Demo Hall
CONF_3373,P077,Product Demo,Team Building,2025-11-14 16:45,2025-11-14 17:30,2025-11-14 16:58,2025-11-14 17:51,2025-11-14 16:58,2025-11-14 17:30,32.0,partial overlap,Medium,Client Reception,Cafe
CONF_3374,P077,Operations Check,Testing Acceptance,2025-11-20 11:00,2025-11-20 11:30,2025-11-20 10:45,2025-11-20 11:15,2025-11-20 11:00,2025-11-20 11:15,15.0,partial overlap,Low,Demo Hall,Break Room
CONF_3375,P077,Operations Check,Requirements Analysis,2025-11-20 11:00,2025-11-20 11:30,2025-11-20 11:23,2025-11-20 12:01,2025-11-20 11:23,2025-11-20 11:30,7.0,partial overlap,Low,Demo Hall,Product Showcase
CONF_3376,P077,Operations Check,Brainstorming,2025-11-20 11:00,2025-11-20 11:30,2025-11-20 11:07,2025-11-20 12:01,2025-11-20 11:07,2025-11-20 11:30,23.0,partial overlap,Low,Demo Hall,Office Area 2
CONF_3377,P077,Product Demo,Product Demo,2025-11-17 15:15,2025-11-17 15:45,2025-11-17 15:21,2025-11-17 15:51,2025-11-17 15:21,2025-11-17 15:45,24.0,partial overlap,Low,Conference Room C,Online Meeting
CONF_3378,P077,One-on-One,Tech Sharing,2025-11-20 08:30,2025-11-20 09:15,2025-11-20 08:53,2025-11-20 09:52,2025-11-20 08:53,2025-11-20 09:15,22.0,partial overlap,Low,R&D Center,Test Lab
CONF_3379,P077,Product Demo,Testing Acceptance,2025-11-16 10:30,2025-11-16 10:45,2025-11-16 10:00,2025-11-16 10:45,2025-11-16 10:30,2025-11-16 10:45,15.0,full overlap,Low,Office Area 1,Cafe
CONF_3380,P077,Tech Sharing,One-on-One,2025-11-24 13:45,2025-11-24 14:30,2025-11-24 13:45,2025-11-24 14:15,2025-11-24 13:45,2025-11-24 14:15,30.0,full overlap,Medium,Remote,Break Room
CONF_3381,P077,Testing Acceptance,Brainstorming,2025-11-20 10:45,2025-11-20 11:15,2025-11-20 11:07,2025-11-20 12:01,2025-11-20 11:07,2025-11-20 11:15,8.0,partial overlap,Low,Break Room,Office Area 2
CONF_3382,P077,Deployment,Team Building,2025-11-21 18:30,2025-11-21 19:00,2025-11-21 18:43,2025-11-21 19:30,2025-11-21 18:43,2025-11-21 19:00,17.0,partial overlap,Low,Product Showcase,Test Lab
CONF_3383,P078,Deployment,Product Demo,2025-11-19 14:30,2025-11-19 15:15,2025-11-19 14:30,2025-11-19 14:45,2025-11-19 14:30,2025-11-19 14:45,15.0,full overlap,Low,Conference Room A,Demo Hall
CONF_3384,P078,Deployment,Requirements Analysis,2025-11-18 15:15,2025-11-18 16:00,2025-11-18 14:45,2025-11-18 15:30,2025-11-18 15:15,2025-11-18 15:30,15.0,partial overlap,Low,Break Room,Break Room
CONF_3385,P078,Deployment,Operations Check,2025-11-18 15:15,2025-11-18 16:00,2025-11-18 14:45,2025-11-18 15:30,2025-11-18 15:15,2025-11-18 15:30,15.0,partial overlap,Low,Break Room,Remote
CONF_3386,P078,Product Demo,Client Visit,2025-11-20 09:15,2025-11-20 09:45,2025-11-20 09:15,2025-11-20 09:45,2025-11-20 09:15,2025-11-20 09:45,30.0,full overlap,Medium,Demo Hall,Product Showcase
CONF_3387,P078,Requirements Analysis,Operations Check,2025-11-18 14:45,2025-11-18 15:30,2025-11-18 14:45,2025-11-18 15:30,2025-11-18 14:45,2025-11-18 15:30,45.0,full overlap,Medium,Break Room,Remote
CONF_3388,P078,One-on-One,Operations Check,2025-11-21 18:00,2025-11-21 18:45,2025-11-21 18:15,2025-11-21 18:30,2025-11-21 18:15,2025-11-21 18:30,15.0,full overlap,Low,Conference Room A,Test Lab
CONF_3389,P078,One-on-One,Training,2025-11-21 18:00,2025-11-21 18:45,2025-11-21 18:29,2025-11-21 19:03,2025-11-21 18:29,2025-11-21 18:45,16.0,partial overlap,Low,Conference Room A,Break Room
CONF_3390,P078,Brainstorming,Project Discussion,2025-11-21 15:15,2025-11-21 16:00,2025-11-21 15:15,2025-11-21 15:30,2025-11-21 15:15,2025-11-21 15:30,15.0,full overlap,Low,R&D Center,Office Area 1
CONF_3391,P078,Brainstorming,Deployment,2025-11-21 15:15,2025-11-21 16:00,2025-11-21 15:00,2025-11-21 15:45,2025-11-21 15:15,2025-11-21 15:45,30.0,partial overlap,Medium,R&D Center,Test Lab
CONF_3392,P078,Operations Check,Training,2025-11-21 18:15,2025-11-21 18:30,2025-11-21 18:29,2025-11-21 19:03,2025-11-21 18:29,2025-11-21 18:30,1.0,partial overlap,Low,Test Lab,Break Room
CONF_3393,P078,Project Discussion,Deployment,2025-11-21 15:15,2025-11-21 15:30,2025-11-21 15:00,2025-11-21 15:45,2025-11-21 15:15,2025-11-21 15:30,15.0,full overlap,Low,Office Area 1,Test Lab
CONF_3394,P078,Brainstorming,Client Visit,2025-11-17 18:45,2025-11-17 19:00,2025-11-17 18:30,2025-11-17 19:15,2025-11-17 18:45,2025-11-17 19:00,15.0,full overlap,Low,Conference Room C,Demo Hall
CONF_3395,P079,Code Review,One-on-One,2025-11-17 09:00,2025-11-17 09:45,2025-11-17 09:00,2025-11-17 09:45,2025-11-17 09:00,2025-11-17 09:45,45.0,full overlap,Medium,Online Meeting,Online Meeting
CONF_3396,P079,One-on-One,Code Review,2025-11-17 11:30,2025-11-17 12:15,2025-11-17 12:00,2025-11-17 12:15,2025-11-17 12:00,2025-11-17 12:15,15.0,full overlap,Low,Conference Room B,Conference Room A
CONF_3397,P079,Deployment,Code Review,2025-11-13 09:00,2025-11-13 09:45,2025-11-13 09:20,2025-11-13 09:47,2025-11-13 09:20,2025-11-13 09:45,25.0,partial overlap,Low,Online Meeting,Training Room
CONF_3398,P079,Meeting,Meeting,2025-11-19 17:15,2025-11-19 17:45,2025-11-19 17:30,2025-11-19 18:15,2025-11-19 17:30,2025-11-19 17:45,15.0,partial overlap,Low,Demo Hall,Cafe
CONF_3399,P079,Training,Training,2025-11-16 14:15,2025-11-16 14:45,2025-11-16 14:30,2025-11-16 14:45,2025-11-16 14:30,2025-11-16 14:45,15.0,full overlap,Low,Office Area 1,Remote
CONF_3400,P079,Brainstorming,Deployment,2025-11-20 16:30,2025-11-20 17:15,2025-11-20 16:54,2025-11-20 17:33,2025-11-20 16:54,2025-11-20 17:15,21.0,partial overlap,Low,Break Room,Conference Room B
CONF_3401,P079,Client Visit,Design Review,2025-11-22 18:00,2025-11-22 18:30,2025-11-22 18:06,2025-11-22 18:32,2025-11-22 18:06,2025-11-22 18:30,24.0,partial overlap,Low,Demo Hall,Training Room
CONF_3402,P079,Training,Client Visit,2025-11-20 13:45,2025-11-20 14:15,2025-11-20 14:00,2025-11-20 14:15,2025-11-20 14:00,2025-11-20 14:15,15.0,full overlap,Low,Break Room,Online Meeting
CONF_3403,P079,Training,Training,2025-11-20 13:45,2025-11-20 14:15,2025-11-20 13:30,2025-11-20 14:15,2025-11-20 13:45,2025-11-20 14:15,30.0,full overlap,Medium,Break Room,Conference Room A
CONF_3404,P079,Operations Check,One-on-One,2025-11-18 15:45,2025-11-18 16:00,2025-11-18 15:45,2025-11-18 16:30,2025-11-18 15:45,2025-11-18 16:00,15.0,full overlap,Low,Training Room,Online Meeting
CONF_3405,P079,Operations Check,Deployment,2025-11-18 15:45,2025-11-18 16:00,2025-11-18 15:51,2025-11-18 16:11,2025-11-18 15:51,2025-11-18 16:00,9.0,partial overlap,Low,Training Room,Demo Hall
CONF_3406,P079,One-on-One,Deployment,2025-11-20 17:30,2025-11-20 18:00,2025-11-20 16:54,2025-11-20 17:33,2025-11-20 17:30,2025-11-20 17:33,3.0,partial overlap,Low,Demo Hall,Conference Room B
CONF_3407,P079,One-on-One,Deployment,2025-11-18 15:45,2025-11-18 16:30,2025-11-18 15:51,2025-11-18 16:11,2025-11-18 15:51,2025-11-18 16:11,20.0,full overlap,Low,Online Meeting,Demo Hall
CONF_3408,P079,One-on-One,Requirements Analysis,2025-11-18 15:45,2025-11-18 16:30,2025-11-18 16:08,2025-11-18 16:43,2025-11-18 16:08,2025-11-18 16:30,22.0,partial overlap,Low,Online Meeting,Online Meeting
CONF_3409,P079,Requirements Analysis,Training,2025-11-22 11:30,2025-11-22 12:00,2025-11-22 11:55,2025-11-22 12:37,2025-11-22 11:55,2025-11-22 12:00,5.0,partial overlap,Low,R&D Center,Break Room
CONF_3410,P079,Client Visit,Training,2025-11-20 14:00,2025-11-20 14:15,2025-11-20 13:30,2025-11-20 14:15,2025-11-20 14:00,2025-11-20 14:15,15.0,full overlap,Low,Online Meeting,Conference Room A
CONF_3411,P080,Meeting,Deployment,2025-11-12 10:30,2025-11-12 10:45,2025-11-12 10:41,2025-11-12 11:33,2025-11-12 10:41,2025-11-12 10:45,4.0,partial overlap,Low,Break Room,Conference Room C
CONF_3412,P080,One-on-One,Operations Check,2025-11-14 11:45,2025-11-14 12:30,2025-11-14 11:30,2025-11-14 12:15,2025-11-14 11:45,2025-11-14 12:15,30.0,partial overlap,Medium,Training Room,Remote
CONF_3413,P080,One-on-One,Project Discussion,2025-11-14 11:45,2025-11-14 12:30,2025-11-14 11:45,2025-11-14 12:04,2025-11-14 11:45,2025-11-14 12:04,19.0,full overlap,Low,Training Room,Cafe
CONF_3414,P080,Product Demo,Project Discussion,2025-11-19 18:30,2025-11-19 18:45,2025-11-19 17:35,2025-11-19 18:31,2025-11-19 18:30,2025-11-19 18:31,1.0,partial overlap,Low,Office Area 1,Test Lab
CONF_3415,P080,Client Visit,Team Building,2025-11-19 09:00,2025-11-19 09:45,2025-11-19 09:30,2025-11-19 09:45,2025-11-19 09:30,2025-11-19 09:45,15.0,full overlap,Low,Training Room,R&D Center
CONF_3416,P080,Product Demo,Testing Acceptance,2025-11-18 13:45,2025-11-18 14:30,2025-11-18 13:45,2025-11-18 14:00,2025-11-18 13:45,2025-11-18 14:00,15.0,full overlap,Low,Client Reception,Online Meeting
CONF_3417,P080,Product Demo,Testing Acceptance,2025-11-18 13:45,2025-11-18 14:30,2025-11-18 14:12,2025-11-18 14:52,2025-11-18 14:12,2025-11-18 14:30,18.0,partial overlap,Low,Client Reception,R&D Center
CONF_3418,P080,Operations Check,Project Discussion,2025-11-14 11:30,2025-11-14 12:15,2025-11-14 11:45,2025-11-14 12:04,2025-11-14 11:45,2025-11-14 12:04,19.0,full overlap,Low,Remote,Cafe
CONF_3419,P080,Meeting,Tech Sharing,2025-11-21 16:00,2025-11-21 16:45,2025-11-21 16:00,2025-11-21 16:15,2025-11-21 16:00,2025-11-21 16:15,15.0,full overlap,Low,Online Meeting,Test Lab
CONF_3420,P080,Project Discussion,Code Review,2025-11-18 08:45,2025-11-18 09:00,2025-11-18 08:15,2025-11-18 09:00,2025-11-18 08:45,2025-11-18 09:00,15.0,full overlap,Low,Demo Hall,Client Reception
CONF_3421,P080,Client Visit,Testing Acceptance,2025-11-21 10:45,2025-11-21 11:15,2025-11-21 11:13,2025-11-21 12:03,2025-11-21 11:13,2025-11-21 11:15,2.0,partial overlap,Low,Cafe,Client Reception
CONF_3422,P081,Deployment,Requirements Analysis,2025-11-18 15:15,2025-11-18 15:45,2025-11-18 14:27,2025-11-18 15:17,2025-11-18 15:15,2025-11-18 15:17,2.0,partial overlap,Low,Conference Room C,Online Meeting
CONF_3423,P081,Meeting,Project Discussion,2025-11-17 17:30,2025-11-17 18:00,2025-11-17 17:45,2025-11-17 18:15,2025-11-17 17:45,2025-11-17 18:00,15.0,partial overlap,Low,Online Meeting,Demo Hall
CONF_3424,P081,Meeting,Client Visit,2025-11-17 17:30,2025-11-17 18:00,2025-11-17 17:53,2025-11-17 18:08,2025-11-17 17:53,2025-11-17 18:00,7.0,partial overlap,Low,Online Meeting,Remote
CONF_3425,P081,Deployment,Requirements Analysis,2025-11-18 14:30,2025-11-18 15:15,2025-11-18 14:27,2025-11-18 15:17,2025-11-18 14:30,2025-11-18 15:15,45.0,full overlap,Medium,Conference Room A,Online Meeting
CONF_3426,P081,Code Review,Testing Acceptance,2025-11-19 17:15,2025-11-19 18:00,2025-11-19 17:45,2025-11-19 18:00,2025-11-19 17:45,2025-11-19 18:00,15.0,full overlap,Low,Test Lab,Training Room
CONF_3427,P081,Training,Meeting,2025-11-21 13:00,2025-11-21 13:45,2025-11-21 13:15,2025-11-21 14:12,2025-11-21 13:15,2025-11-21 13:45,30.0,partial overlap,Medium,Office Area 1,Product Showcase
CONF_3428,P081,Project Discussion,Client Visit,2025-11-17 17:45,2025-11-17 18:15,2025-11-17 17:53,2025-11-17 18:08,2025-11-17 17:53,2025-11-17 18:08,15.0,full overlap,Low,Demo Hall,Remote
CONF_3429,P081,Operations Check,Client Visit,2025-11-25 18:45,2025-11-25 19:15,2025-11-25 19:09,2025-11-25 19:51,2025-11-25 19:09,2025-11-25 19:15,6.0,partial overlap,Low,Remote,Demo Hall
CONF_3430,P081,Project Discussion,Operations Check,2025-11-18 12:15,2025-11-18 12:45,2025-11-18 12:23,2025-11-18 13:14,2025-11-18 12:23,2025-11-18 12:45,22.0,partial overlap,Low,Cafe,Cafe
CONF_3431,P082,Product Demo,Client Visit,2025-11-15 13:15,2025-11-15 14:00,2025-11-15 13:04,2025-11-15 13:56,2025-11-15 13:15,2025-11-15 13:56,41.0,partial overlap,Medium,Conference Room A,Test Lab
CONF_3432,P082,Meeting,Code Review,2025-11-19 14:30,2025-11-19 15:00,2025-11-19 14:57,2025-11-19 15:50,2025-11-19 14:57,2025-11-19 15:00,3.0,partial overlap,Low,Online Meeting,Conference Room B
CONF_3433,P082,Meeting,Training,2025-11-19 14:30,2025-11-19 15:00,2025-11-19 14:35,2025-11-19 14:55,2025-11-19 14:35,2025-11-19 14:55,20.0,full overlap,Low,Online Meeting,Online Meeting
CONF_3434,P082,Requirements Analysis,Client Visit,2025-11-15 12:45,2025-11-15 13:15,2025-11-15 13:04,2025-11-15 13:56,2025-11-15 13:04,2025-11-15 13:15,11.0,partial overlap,Low,Office Area 2,Test Lab
CONF_3435,P082,Requirements Analysis,Requirements Analysis,2025-11-17 17:30,2025-11-17 18:15,2025-11-17 17:30,2025-11-17 17:45,2025-11-17 17:30,2025-11-17 17:45,15.0,full overlap,Low,Office Area 1,Demo Hall
CONF_3436,P082,Requirements Analysis,Deployment,2025-11-19 11:00,2025-11-19 11:45,2025-11-19 10:30,2025-11-19 11:15,2025-11-19 11:00,2025-11-19 11:15,15.0,partial overlap,Low,Demo Hall,Demo Hall
CONF_3437,P082,Operations Check,Deployment,2025-11-19 10:00,2025-11-19 10:45,2025-11-19 10:30,2025-11-19 11:15,2025-11-19 10:30,2025-11-19 10:45,15.0,partial overlap,Low,Product Showcase,Demo Hall
CONF_3438,P082,Client Visit,Training,2025-11-15 18:45,2025-11-15 19:30,2025-11-15 19:12,2025-11-15 19:51,2025-11-15 19:12,2025-11-15 19:30,18.0,partial overlap,Low,Product Showcase,Office Area 2
CONF_3439,P082,Training,Training,2025-11-25 11:00,2025-11-25 11:45,2025-11-25 11:14,2025-11-25 12:01,2025-11-25 11:14,2025-11-25 11:45,31.0,partial overlap,Medium,Demo Hall,Training Room
CONF_3440,P083,Code Review,One-on-One,2025-11-16 09:30,2025-11-16 09:45,2025-11-16 09:15,2025-11-16 10:00,2025-11-16 09:30,2025-11-16 09:45,15.0,full overlap,Low,Online Meeting,Test Lab
CONF_3441,P083,Tech Sharing,Tech Sharing,2025-11-19 14:00,2025-11-19 14:30,2025-11-19 14:00,2025-11-19 14:45,2025-11-19 14:00,2025-11-19 14:30,30.0,full overlap,Medium,Training Room,Online Meeting
CONF_3442,P083,Tech Sharing,Requirements Analysis,2025-11-18 13:30,2025-11-18 14:15,2025-11-18 13:15,2025-11-18 13:45,2025-11-18 13:30,2025-11-18 13:45,15.0,partial overlap,Low,Conference Room C,Client Reception
CONF_3443,P083,Brainstorming,Tech Sharing,2025-11-14 10:15,2025-11-14 11:00,2025-11-14 10:27,2025-11-14 11:13,2025-11-14 10:27,2025-11-14 11:00,33.0,partial overlap,Medium,Office Area 1,R&D Center
CONF_3444,P083,Training,Training,2025-11-17 08:15,2025-11-17 09:00,2025-11-17 08:00,2025-11-17 08:45,2025-11-17 08:15,2025-11-17 08:45,30.0,partial overlap,Medium,Conference Room B,Training Room
CONF_3445,P083,Brainstorming,One-on-One,2025-11-21 16:00,2025-11-21 16:45,2025-11-21 16:15,2025-11-21 16:45,2025-11-21 16:15,2025-11-21 16:45,30.0,full overlap,Medium,R&D Center,R&D Center
CONF_3446,P083,Tech Sharing,Deployment,2025-11-15 14:30,2025-11-15 15:15,2025-11-15 14:58,2025-11-15 15:54,2025-11-15 14:58,2025-11-15 15:15,17.0,partial overlap,Low,Break Room,Demo Hall
CONF_3447,P083,Tech Sharing,Testing Acceptance,2025-11-15 14:30,2025-11-15 15:15,2025-11-15 14:43,2025-11-15 15:06,2025-11-15 14:43,2025-11-15 15:06,23.0,full overlap,Low,Break Room,Break Room
CONF_3448,P083,Brainstorming,One-on-One,2025-11-18 18:45,2025-11-18 19:15,2025-11-18 18:45,2025-11-18 19:15,2025-11-18 18:45,2025-11-18 19:15,30.0,full overlap,Medium,Online Meeting,Break Room
CONF_3449,P083,Brainstorming,Product Demo,2025-11-18 18:45,2025-11-18 19:15,2025-11-18 18:50,2025-11-18 19:48,2025-11-18 18:50,2025-11-18 19:15,25.0,partial overlap,Low,Online Meeting,Break Room
CONF_3450,P083,One-on-One,Product Demo,2025-11-18 18:45,2025-11-18 19:15,2025-11-18 18:50,2025-11-18 19:48,2025-11-18 18:50,2025-11-18 19:15,25.0,partial overlap,Low,Break Room,Break Room
CONF_3451,P083,Meeting,One-on-One,2025-11-20 09:30,2025-11-20 10:15,2025-11-20 09:30,2025-11-20 09:45,2025-11-20 09:30,2025-11-20 09:45,15.0,full overlap,Low,R&D Center,Conference Room B
CONF_3452,P083,Meeting,One-on-One,2025-11-20 09:30,2025-11-20 10:15,2025-11-20 09:43,2025-11-20 10:41,2025-11-20 09:43,2025-11-20 10:15,32.0,partial overlap,Medium,R&D Center,Demo Hall
CONF_3453,P083,Tech Sharing,Tech Sharing,2025-11-20 16:45,2025-11-20 17:30,2025-11-20 17:10,2025-11-20 18:04,2025-11-20 17:10,2025-11-20 17:30,20.0,partial overlap,Low,Break Room,Office Area 2
CONF_3454,P083,One-on-One,One-on-One,2025-11-20 09:30,2025-11-20 09:45,2025-11-20 09:43,2025-11-20 10:41,2025-11-20 09:43,2025-11-20 09:45,2.0,partial overlap,Low,Conference Room B,Demo Hall
CONF_3455,P084,Requirements Analysis,Project Discussion,2025-11-17 12:30,2025-11-17 12:45,2025-11-17 12:30,2025-11-17 13:15,2025-11-17 12:30,2025-11-17 12:45,15.0,full overlap,Low,Demo Hall,Client Reception
CONF_3456,P084,Design Review,Operations Check,2025-11-21 15:00,2025-11-21 15:45,2025-11-21 15:15,2025-11-21 15:30,2025-11-21 15:15,2025-11-21 15:30,15.0,full overlap,Low,Conference Room A,Client Reception
CONF_3457,P084,One-on-One,Client Visit,2025-11-18 18:30,2025-11-18 19:15,2025-11-18 18:15,2025-11-18 18:45,2025-11-18 18:30,2025-11-18 18:45,15.0,partial overlap,Low,Client Reception,Product Showcase
CONF_3458,P084,One-on-One,Brainstorming,2025-11-22 08:45,2025-11-22 09:30,2025-11-22 09:09,2025-11-22 09:48,2025-11-22 09:09,2025-11-22 09:30,21.0,partial overlap,Low,Conference Room C,Conference Room A
CONF_3459,P084,One-on-One,Operations Check,2025-11-22 08:45,2025-11-22 09:30,2025-11-22 09:01,2025-11-22 09:52,2025-11-22 09:01,2025-11-22 09:30,29.0,partial overlap,Low,Conference Room C,Client Reception
CONF_3460,P084,Tech Sharing,Requirements Analysis,2025-11-23 16:00,2025-11-23 16:30,2025-11-23 16:18,2025-11-23 16:48,2025-11-23 16:18,2025-11-23 16:30,12.0,partial overlap,Low,Remote,Test Lab
CONF_3461,P084,One-on-One,Code Review,2025-11-21 09:45,2025-11-21 10:00,2025-11-21 09:45,2025-11-21 10:15,2025-11-21 09:45,2025-11-21 10:00,15.0,full overlap,Low,Training Room,Break Room
CONF_3462,P084,Tech Sharing,Meeting,2025-11-24 11:00,2025-11-24 11:30,2025-11-24 11:03,2025-11-24 11:31,2025-11-24 11:03,2025-11-24 11:30,27.0,partial overlap,Low,Conference Room A,Office Area 1
CONF_3463,P084,Code Review,Meeting,2025-11-21 09:45,2025-11-21 10:15,2025-11-21 10:00,2025-11-21 10:30,2025-11-21 10:00,2025-11-21 10:15,15.0,partial overlap,Low,Break Room,Break Room
CONF_3464,P084,Code Review,Tech Sharing,2025-11-21 09:45,2025-11-21 10:15,2025-11-21 10:08,2025-11-21 10:36,2025-11-21 10:08,2025-11-21 10:15,7.0,partial overlap,Low,Break Room,Product Showcase
CONF_3465,P084,Meeting,Tech Sharing,2025-11-21 10:00,2025-11-21 10:30,2025-11-21 10:08,2025-11-21 10:36,2025-11-21 10:08,2025-11-21 10:30,22.0,partial overlap,Low,Break Room,Product Showcase
CONF_3466,P085,Team Building,Client Visit,2025-11-19 17:30,2025-11-19 18:00,2025-11-19 17:15,2025-11-19 17:45,2025-11-19 17:30,2025-11-19 17:45,15.0,partial overlap,Low,Conference Room A,Demo Hall
CONF_3467,P085,Team Building,Tech Sharing,2025-11-19 17:30,2025-11-19 18:00,2025-11-19 17:30,2025-11-19 18:00,2025-11-19 17:30,2025-11-19 18:00,30.0,full overlap,Medium,Conference Room A,Conference Room A
CONF_3468,P085,Team Building,One-on-One,2025-11-19 17:30,2025-11-19 18:00,2025-11-19 17:56,2025-11-19 18:31,2025-11-19 17:56,2025-11-19 18:00,4.0,partial overlap,Low,Conference Room A,Demo Hall
CONF_3469,P085,Product Demo,Code Review,2025-11-20 11:30,2025-11-20 12:00,2025-11-20 11:30,2025-11-20 11:45,2025-11-20 11:30,2025-11-20 11:45,15.0,full overlap,Low,Training Room,Training Room
CONF_3470,P085,Product Demo,One-on-One,2025-11-20 11:30,2025-11-20 12:00,2025-11-20 11:07,2025-11-20 11:57,2025-11-20 11:30,2025-11-20 11:57,27.0,partial overlap,Low,Training Room,Online Meeting
CONF_3471,P085,Design Review,One-on-One,2025-11-19 18:15,2025-11-19 19:00,2025-11-19 17:56,2025-11-19 18:31,2025-11-19 18:15,2025-11-19 18:31,16.0,partial overlap,Low,R&D Center,Demo Hall
CONF_3472,P085,Requirements Analysis,Design Review,2025-11-14 18:15,2025-11-14 18:45,2025-11-14 18:36,2025-11-14 19:30,2025-11-14 18:36,2025-11-14 18:45,9.0,partial overlap,Low,Online Meeting,Office Area 1
CONF_3473,P085,Meeting,One-on-One,2025-11-20 10:45,2025-11-20 11:30,2025-11-20 11:07,2025-11-20 11:57,2025-11-20 11:07,2025-11-20 11:30,23.0,partial overlap,Low,Office Area 1,Online Meeting
CONF_3474,P085,Design Review,Code Review,2025-11-21 17:15,2025-11-21 17:30,2025-11-21 17:20,2025-11-21 17:45,2025-11-21 17:20,2025-11-21 17:30,10.0,partial overlap,Low,Test Lab,Client Reception
CONF_3475,P085,Code Review,One-on-One,2025-11-20 11:30,2025-11-20 11:45,2025-11-20 11:07,2025-11-20 11:57,2025-11-20 11:30,2025-11-20 11:45,15.0,full overlap,Low,Training Room,Online Meeting
CONF_3476,P085,Team Building,Requirements Analysis,2025-11-22 11:30,2025-11-22 12:00,2025-11-22 11:45,2025-11-22 12:15,2025-11-22 11:45,2025-11-22 12:00,15.0,partial overlap,Low,Office Area 2,Conference Room A
CONF_3477,P085,Client Visit,Tech Sharing,2025-11-19 17:15,2025-11-19 17:45,2025-11-19 17:30,2025-11-19 18:00,2025-11-19 17:30,2025-11-19 17:45,15.0,partial overlap,Low,Demo Hall,Conference Room A
CONF_3478,P085,Deployment,One-on-One,2025-11-20 15:30,2025-11-20 16:15,2025-11-20 15:50,2025-11-20 16:50,2025-11-20 15:50,2025-11-20 16:15,25.0,partial overlap,Low,Break Room,Test Lab
CONF_3479,P085,Client Visit,Code Review,2025-11-25 17:45,2025-11-25 18:30,2025-11-25 17:53,2025-11-25 18:12,2025-11-25 17:53,2025-11-25 18:12,19.0,full overlap,Low,Conference Room A,Conference Room C
CONF_3480,P085,Tech Sharing,One-on-One,2025-11-19 17:30,2025-11-19 18:00,2025-11-19 17:56,2025-11-19 18:31,2025-11-19 17:56,2025-11-19 18:00,4.0,partial overlap,Low,Conference Room A,Demo Hall
CONF_3481,P086,Tech Sharing,Training,2025-11-21 09:30,2025-11-21 10:15,2025-11-21 09:48,2025-11-21 10:38,2025-11-21 09:48,2025-11-21 10:15,27.0,partial overlap,Low,Product Showcase,Cafe
CONF_3482,P086,Deployment,Operations Check,2025-11-16 18:45,2025-11-16 19:30,2025-11-16 18:54,2025-11-16 19:39,2025-11-16 18:54,2025-11-16 19:30,36.0,partial overlap,Medium,Demo Hall,Test Lab
CONF_3483,P086,Client Visit,Training,2025-11-18 09:45,2025-11-18 10:30,2025-11-18 09:30,2025-11-18 10:15,2025-11-18 09:45,2025-11-18 10:15,30.0,partial overlap,Medium,Product Showcase,Conference Room A
CONF_3484,P086,Client Visit,Testing Acceptance,2025-11-18 09:45,2025-11-18 10:30,2025-11-18 10:07,2025-11-18 10:39,2025-11-18 10:07,2025-11-18 10:30,23.0,partial overlap,Low,Product Showcase,Conference Room C
CONF_3485,P086,Requirements Analysis,Code Review,2025-11-21 12:00,2025-11-21 12:30,2025-11-21 12:00,2025-11-21 12:30,2025-11-21 12:00,2025-11-21 12:30,30.0,full overlap,Medium,Remote,Training Room
CONF_3486,P086,Design Review,Team Building,2025-11-23 12:00,2025-11-23 12:45,2025-11-23 11:45,2025-11-23 12:09,2025-11-23 12:00,2025-11-23 12:09,9.0,partial overlap,Low,Online Meeting,Office Area 2
CONF_3487,P086,Product Demo,Deployment,2025-11-20 18:45,2025-11-20 19:30,2025-11-20 18:45,2025-11-20 19:15,2025-11-20 18:45,2025-11-20 19:15,30.0,full overlap,Medium,Conference Room C,Remote
CONF_3488,P086,Team Building,Team Building,2025-11-23 11:45,2025-11-23 12:00,2025-11-23 11:45,2025-11-23 12:09,2025-11-23 11:45,2025-11-23 12:00,15.0,full overlap,Low,Remote,Office Area 2
CONF_3489,P086,Training,Testing Acceptance,2025-11-18 09:30,2025-11-18 10:15,2025-11-18 10:07,2025-11-18 10:39,2025-11-18 10:07,2025-11-18 10:15,8.0,partial overlap,Low,Conference Room A,Conference Room C
CONF_3490,P086,Code Review,Team Building,2025-11-24 15:30,2025-11-24 16:15,2025-11-24 15:41,2025-11-24 16:20,2025-11-24 15:41,2025-11-24 16:15,34.0,partial overlap,Medium,Conference Room C,Online Meeting
CONF_3491,P087,Meeting,One-on-One,2025-11-19 16:30,2025-11-19 17:00,2025-11-19 16:30,2025-11-19 16:45,2025-11-19 16:30,2025-11-19 16:45,15.0,full overlap,Low,Remote,R&D Center
CONF_3492,P087,Operations Check,Product Demo,2025-11-17 13:00,2025-11-17 13:15,2025-11-17 13:00,2025-11-17 13:45,2025-11-17 13:00,2025-11-17 13:15,15.0,full overlap,Low,Conference Room B,Demo Hall
CONF_3493,P087,Team Building,Training,2025-11-17 15:00,2025-11-17 15:45,2025-11-17 15:30,2025-11-17 16:15,2025-11-17 15:30,2025-11-17 15:45,15.0,partial overlap,Low,Online Meeting,Training Room
CONF_3494,P087,Design Review,Client Visit,2025-11-18 15:30,2025-11-18 15:45,2025-11-18 15:30,2025-11-18 16:15,2025-11-18 15:30,2025-11-18 15:45,15.0,full overlap,Low,R&D Center,R&D Center
CONF_3495,P087,Project Discussion,Project Discussion,2025-11-20 09:45,2025-11-20 10:15,2025-11-20 09:45,2025-11-20 10:15,2025-11-20 09:45,2025-11-20 10:15,30.0,full overlap,Medium,R&D Center,R&D Center
CONF_3496,P087,Design Review,Code Review,2025-11-19 15:00,2025-11-19 15:30,2025-11-19 14:30,2025-11-19 15:15,2025-11-19 15:00,2025-11-19 15:15,15.0,partial overlap,Low,Test Lab,Client Reception
CONF_3497,P087,Product Demo,Code Review,2025-11-17 13:00,2025-11-17 13:45,2025-11-17 13:24,2025-11-17 13:50,2025-11-17 13:24,2025-11-17 13:45,21.0,partial overlap,Low,Demo Hall,Conference Room B
CONF_3498,P087,Product Demo,Project Discussion,2025-11-17 13:00,2025-11-17 13:45,2025-11-17 13:37,2025-11-17 14:11,2025-11-17 13:37,2025-11-17 13:45,8.0,partial overlap,Low,Demo Hall,Client Reception
CONF_3499,P087,Deployment,Team Building,2025-11-19 11:00,2025-11-19 11:15,2025-11-19 10:45,2025-11-19 11:30,2025-11-19 11:00,2025-11-19 11:15,15.0,full overlap,Low,Conference Room B,Cafe
CONF_3500,P087,Operations Check,Code Review,2025-11-17 13:45,2025-11-17 14:30,2025-11-17 13:24,2025-11-17 13:50,2025-11-17 13:45,2025-11-17 13:50,5.0,partial overlap,Low,Online Meeting,Conference Room B
CONF_3501,P087,Operations Check,Project Discussion,2025-11-17 13:45,2025-11-17 14:30,2025-11-17 13:37,2025-11-17 14:11,2025-11-17 13:45,2025-11-17 14:11,26.0,partial overlap,Low,Online Meeting,Client Reception
CONF_3502,P088,Product Demo,One-on-One,2025-11-13 14:00,2025-11-13 14:45,2025-11-13 14:23,2025-11-13 14:43,2025-11-13 14:23,2025-11-13 14:43,20.0,full overlap,Low,Office Area 2,Client Reception
CONF_3503,P088,Training,Meeting,2025-11-17 08:00,2025-11-17 08:45,2025-11-17 08:30,2025-11-17 09:15,2025-11-17 08:30,2025-11-17 08:45,15.0,partial overlap,Low,Break Room,Cafe
CONF_3504,P088,Product Demo,One-on-One,2025-11-18 08:45,2025-11-18 09:00,2025-11-18 08:45,2025-11-18 09:15,2025-11-18 08:45,2025-11-18 09:00,15.0,full overlap,Low,Cafe,Product Showcase
CONF_3505,P088,Product Demo,Requirements Analysis,2025-11-18 08:45,2025-11-18 09:00,2025-11-18 08:52,2025-11-18 09:40,2025-11-18 08:52,2025-11-18 09:00,8.0,partial overlap,Low,Cafe,R&D Center
CONF_3506,P088,Operations Check,Deployment,2025-11-17 18:30,2025-11-17 19:15,2025-11-17 18:49,2025-11-17 19:05,2025-11-17 18:49,2025-11-17 19:05,16.0,full overlap,Low,Test Lab,R&D Center
CONF_3507,P088,Testing Acceptance,Brainstorming,2025-11-19 16:45,2025-11-19 17:15,2025-11-19 16:30,2025-11-19 17:00,2025-11-19 16:45,2025-11-19 17:00,15.0,partial overlap,Low,Online Meeting,Test Lab
CONF_3508,P088,Meeting,Project Discussion,2025-11-17 08:30,2025-11-17 09:15,2025-11-17 08:57,2025-11-17 09:23,2025-11-17 08:57,2025-11-17 09:15,18.0,partial overlap,Low,Cafe,Training Room
CONF_3509,P088,Meeting,Client Visit,2025-11-17 08:30,2025-11-17 09:15,2025-11-17 08:58,2025-11-17 09:20,2025-11-17 08:58,2025-11-17 09:15,17.0,partial overlap,Low,Cafe,Conference Room C
CONF_3510,P088,Requirements Analysis,Project Discussion,2025-11-21 16:00,2025-11-21 16:45,2025-11-21 16:11,2025-11-21 16:44,2025-11-21 16:11,2025-11-21 16:44,33.0,full overlap,Medium,Conference Room B,Break Room
CONF_3511,P088,One-on-One,Requirements Analysis,2025-11-18 08:45,2025-11-18 09:15,2025-11-18 08:52,2025-11-18 09:40,2025-11-18 08:52,2025-11-18 09:15,23.0,partial overlap,Low,Product Showcase,R&D Center
CONF_3512,P088,Operations Check,Code Review,2025-11-23 11:45,2025-11-23 12:30,2025-11-23 12:15,2025-11-23 13:00,2025-11-23 12:15,2025-11-23 12:30,15.0,partial overlap,Low,Remote,Online Meeting
CONF_3513,P089,One-on-One,Design Review,2025-11-14 15:15,2025-11-14 15:45,2025-11-14 15:00,2025-11-14 15:30,2025-11-14 15:15,2025-11-14 15:30,15.0,partial overlap,Low,Demo Hall,Demo Hall
CONF_3514,P089,Tech Sharing,Deployment,2025-11-19 12:00,2025-11-19 12:30,2025-11-19 11:45,2025-11-19 12:15,2025-11-19 12:00,2025-11-19 12:15,15.0,partial overlap,Low,Conference Room C,Office Area 2
CONF_3515,P089,One-on-One,Product Demo,2025-11-20 17:15,2025-11-20 18:00,2025-11-20 16:45,2025-11-20 17:30,2025-11-20 17:15,2025-11-20 17:30,15.0,partial overlap,Low,Online Meeting,Office Area 1
CONF_3516,P089,Product Demo,Training,2025-11-15 15:45,2025-11-15 16:15,2025-11-15 16:06,2025-11-15 16:22,2025-11-15 16:06,2025-11-15 16:15,9.0,partial overlap,Low,Conference Room C,Office Area 2
CONF_3517,P089,Tech Sharing,One-on-One,2025-11-18 10:45,2025-11-18 11:30,2025-11-18 11:11,2025-11-18 12:08,2025-11-18 11:11,2025-11-18 11:30,19.0,partial overlap,Low,Product Showcase,Online Meeting
CONF_3518,P089,Meeting,Project Discussion,2025-11-21 12:45,2025-11-21 13:30,2025-11-21 13:00,2025-11-21 13:45,2025-11-21 13:00,2025-11-21 13:30,30.0,partial overlap,Medium,Product Showcase,Cafe
CONF_3519,P089,Meeting,Design Review,2025-11-21 12:45,2025-11-21 13:30,2025-11-21 13:11,2025-11-21 13:38,2025-11-21 13:11,2025-11-21 13:30,19.0,partial overlap,Low,Product Showcase,Remote
CONF_3520,P089,Operations Check,Operations Check,2025-11-18 13:45,2025-11-18 14:15,2025-11-18 13:35,2025-11-18 13:54,2025-11-18 13:45,2025-11-18 13:54,9.0,partial overlap,Low,Office Area 1,Cafe
CONF_3521,P089,Operations Check,Operations Check,2025-11-23 10:45,2025-11-23 11:15,2025-11-23 11:13,2025-11-23 11:32,2025-11-23 11:13,2025-11-23 11:15,2.0,partial overlap,Low,Break Room,Office Area 2
CONF_3522,P089,Operations Check,One-on-One,2025-11-16 13:15,2025-11-16 14:00,2025-11-16 13:29,2025-11-16 13:58,2025-11-16 13:29,2025-11-16 13:58,29.0,full overlap,Low,Office Area 2,Remote
CONF_3523,P089,Requirements Analysis,Project Discussion,2025-11-21 10:30,2025-11-21 11:00,2025-11-21 10:30,2025-11-21 11:00,2025-11-21 10:30,2025-11-21 11:00,30.0,full overlap,Medium,Office Area 1,Product Showcase
CONF_3524,P089,Meeting,One-on-One,2025-11-18 11:45,2025-11-18 12:15,2025-11-18 11:11,2025-11-18 12:08,2025-11-18 11:45,2025-11-18 12:08,23.0,partial overlap,Low,Client Reception,Online Meeting
CONF_3525,P089,Project Discussion,Deployment,2025-11-21 13:00,2025-11-21 13:45,2025-11-21 13:30,2025-11-21 13:45,2025-11-21 13:30,2025-11-21 13:45,15.0,full overlap,Low,Cafe,Product Showcase
CONF_3526,P089,Project Discussion,Design Review,2025-11-21 13:00,2025-11-21 13:45,2025-11-21 13:11,2025-11-21 13:38,2025-11-21 13:11,2025-11-21 13:38,27.0,full overlap,Low,Cafe,Remote
CONF_3527,P089,Brainstorming,Operations Check,2025-11-18 13:30,2025-11-18 13:45,2025-11-18 13:35,2025-11-18 13:54,2025-11-18 13:35,2025-11-18 13:45,10.0,partial overlap,Low,Conference Room A,Cafe
CONF_3528,P089,Deployment,Design Review,2025-11-21 13:30,2025-11-21 13:45,2025-11-21 13:11,2025-11-21 13:38,2025-11-21 13:30,2025-11-21 13:38,8.0,partial overlap,Low,Product Showcase,Remote
CONF_3529,P090,Code Review,Project Discussion,2025-11-15 10:15,2025-11-15 11:00,2025-11-15 10:39,2025-11-15 10:54,2025-11-15 10:39,2025-11-15 10:54,15.0,full overlap,Low,Training Room,Conference Room B
CONF_3530,P090,Training,Client Visit,2025-11-17 15:45,2025-11-17 16:30,2025-11-17 15:36,2025-11-17 16:29,2025-11-17 15:45,2025-11-17 16:29,44.0,partial overlap,Medium,Office Area 2,Office Area 2
CONF_3531,P090,Requirements Analysis,Requirements Analysis,2025-11-12 10:00,2025-11-12 10:45,2025-11-12 10:12,2025-11-12 10:30,2025-11-12 10:12,2025-11-12 10:30,18.0,full overlap,Low,Demo Hall,Test Lab
CONF_3532,P090,Tech Sharing,Team Building,2025-11-20 16:00,2025-11-20 16:45,2025-11-20 16:00,2025-11-20 16:45,2025-11-20 16:00,2025-11-20 16:45,45.0,full overlap,Medium,Office Area 2,R&D Center
CONF_3533,P090,Tech Sharing,Tech Sharing,2025-11-20 16:00,2025-11-20 16:45,2025-11-20 16:28,2025-11-20 16:51,2025-11-20 16:28,2025-11-20 16:45,17.0,partial overlap,Low,Office Area 2,Break Room
CONF_3534,P090,Design Review,Design Review,2025-11-14 16:30,2025-11-14 17:15,2025-11-14 16:30,2025-11-14 17:00,2025-11-14 16:30,2025-11-14 17:00,30.0,full overlap,Medium,Conference Room C,Test Lab
CONF_3535,P090,Design Review,Code Review,2025-11-19 13:15,2025-11-19 13:30,2025-11-19 13:29,2025-11-19 14:02,2025-11-19 13:29,2025-11-19 13:30,1.0,partial overlap,Low,Cafe,Client Reception
CONF_3536,P090,Deployment,Brainstorming,2025-11-20 08:45,2025-11-20 09:15,2025-11-20 08:30,2025-11-20 09:00,2025-11-20 08:45,2025-11-20 09:00,15.0,partial overlap,Low,Online Meeting,Client Reception
CONF_3537,P090,Brainstorming,Design Review,2025-11-21 12:45,2025-11-21 13:15,2025-11-21 13:00,2025-11-21 13:51,2025-11-21 13:00,2025-11-21 13:15,15.0,partial overlap,Low,R&D Center,Remote
CONF_3538,P090,Brainstorming,Operations Check,2025-11-21 12:45,2025-11-21 13:15,2025-11-21 13:14,2025-11-21 13:44,2025-11-21 13:14,2025-11-21 13:15,1.0,partial overlap,Low,R&D Center,R&D Center
CONF_3539,P090,Tech Sharing,One-on-One,2025-11-21 10:30,2025-11-21 11:15,2025-11-21 10:40,2025-11-21 10:57,2025-11-21 10:40,2025-11-21 10:57,17.0,full overlap,Low,Client Reception,Office Area 1
CONF_3540,P090,Training,One-on-One,2025-11-23 08:30,2025-11-23 09:00,2025-11-23 08:45,2025-11-23 09:30,2025-11-23 08:45,2025-11-23 09:00,15.0,partial overlap,Low,Demo Hall,Break Room
CONF_3541,P090,Team Building,Tech Sharing,2025-11-20 16:00,2025-11-20 16:45,2025-11-20 16:28,2025-11-20 16:51,2025-11-20 16:28,2025-11-20 16:45,17.0,partial overlap,Low,R&D Center,Break Room
CONF_3542,P090,Design Review,Training,2025-11-17 15:00,2025-11-17 15:45,2025-11-17 15:30,2025-11-17 15:45,2025-11-17 15:30,2025-11-17 15:45,15.0,full overlap,Low,Cafe,Demo Hall
CONF_3543,P090,Design Review,Client Visit,2025-11-17 15:00,2025-11-17 15:45,2025-11-17 15:36,2025-11-17 16:29,2025-11-17 15:36,2025-11-17 15:45,9.0,partial overlap,Low,Cafe,Office Area 2
CONF_3544,P090,Meeting,Operations Check,2025-11-17 12:30,2025-11-17 13:00,2025-11-17 12:30,2025-11-17 13:00,2025-11-17 12:30,2025-11-17 13:00,30.0,full overlap,Medium,Client Reception,Break Room
CONF_3545,P090,Training,Client Visit,2025-11-17 15:30,2025-11-17 15:45,2025-11-17 15:36,2025-11-17 16:29,2025-11-17 15:36,2025-11-17 15:45,9.0,partial overlap,Low,Demo Hall,Office Area 2
CONF_3546,P090,Training,Deployment,2025-11-20 12:15,2025-11-20 13:00,2025-11-20 12:00,2025-11-20 12:45,2025-11-20 12:15,2025-11-20 12:45,30.0,partial overlap,Medium,Break Room,Online Meeting
CONF_3547,P091,Testing Acceptance,Brainstorming,2025-11-15 13:15,2025-11-15 13:45,2025-11-15 13:41,2025-11-15 14:09,2025-11-15 13:41,2025-11-15 13:45,4.0,partial overlap,Low,Cafe,Conference Room C
CONF_3548,P091,Requirements Analysis,Brainstorming,2025-11-17 18:30,2025-11-17 19:15,2025-11-17 18:50,2025-11-17 19:12,2025-11-17 18:50,2025-11-17 19:12,22.0,full overlap,Low,Client Reception,Client Reception
CONF_3549,P091,Design Review,Team Building,2025-11-14 09:00,2025-11-14 09:30,2025-11-14 09:15,2025-11-14 09:48,2025-11-14 09:15,2025-11-14 09:30,15.0,partial overlap,Low,Break Room,R&D Center
CONF_3550,P091,Product Demo,Code Review,2025-11-17 15:45,2025-11-17 16:15,2025-11-17 16:00,2025-11-17 16:45,2025-11-17 16:00,2025-11-17 16:15,15.0,partial overlap,Low,Office Area 1,R&D Center
CONF_3551,P091,Tech Sharing,Operations Check,2025-11-18 13:30,2025-11-18 14:00,2025-11-18 13:15,2025-11-18 14:00,2025-11-18 13:30,2025-11-18 14:00,30.0,full overlap,Medium,Break Room,Conference Room B
CONF_3552,P091,Project Discussion,Project Discussion,2025-11-19 13:45,2025-11-19 14:00,2025-11-19 13:15,2025-11-19 14:00,2025-11-19 13:45,2025-11-19 14:00,15.0,full overlap,Low,Conference Room B,Demo Hall
CONF_3553,P091,Brainstorming,Team Building,2025-11-18 11:15,2025-11-18 12:00,2025-11-18 11:37,2025-11-18 12:13,2025-11-18 11:37,2025-11-18 12:00,23.0,partial overlap,Low,Conference Room B,Conference Room C
CONF_3554,P091,Testing Acceptance,Meeting,2025-11-16 08:00,2025-11-16 08:30,2025-11-16 08:27,2025-11-16 09:10,2025-11-16 08:27,2025-11-16 08:30,3.0,partial overlap,Low,Product Showcase,Break Room
CONF_3555,P091,Code Review,Meeting,2025-11-15 10:00,2025-11-15 10:30,2025-11-15 10:00,2025-11-15 10:45,2025-11-15 10:00,2025-11-15 10:30,30.0,full overlap,Medium,Training Room,Conference Room A
CONF_3556,P091,Tech Sharing,Requirements Analysis,2025-11-20 12:30,2025-11-20 13:15,2025-11-20 12:43,2025-11-20 13:06,2025-11-20 12:43,2025-11-20 13:06,23.0,full overlap,Low,Cafe,Online Meeting
CONF_3557,P091,Training,Design Review,2025-11-20 14:30,2025-11-20 15:00,2025-11-20 14:30,2025-11-20 14:45,2025-11-20 14:30,2025-11-20 14:45,15.0,full overlap,Low,Conference Room C,Break Room
CONF_3558,P091,Client Visit,Product Demo,2025-11-19 10:45,2025-11-19 11:30,2025-11-19 11:15,2025-11-19 11:30,2025-11-19 11:15,2025-11-19 11:30,15.0,full overlap,Low,Conference Room B,Conference Room B
CONF_3559,P092,Testing Acceptance,Requirements Analysis,2025-11-14 15:30,2025-11-14 16:15,2025-11-14 15:45,2025-11-14 16:30,2025-11-14 15:45,2025-11-14 16:15,30.0,partial overlap,Medium,Training Room,Cafe
CONF_3560,P092,Operations Check,Testing Acceptance,2025-11-20 08:00,2025-11-20 08:45,2025-11-20 08:10,2025-11-20 08:29,2025-11-20 08:10,2025-11-20 08:29,19.0,full overlap,Low,Break Room,Product Showcase
CONF_3561,P092,Client Visit,Project Discussion,2025-11-13 11:30,2025-11-13 12:00,2025-11-13 11:35,2025-11-13 12:12,2025-11-13 11:35,2025-11-13 12:00,25.0,partial overlap,Low,Training Room,Conference Room C
CONF_3562,P092,Client Visit,Project Discussion,2025-11-13 11:30,2025-11-13 12:00,2025-11-13 11:39,2025-11-13 12:14,2025-11-13 11:39,2025-11-13 12:00,21.0,partial overlap,Low,Training Room,Product Showcase
CONF_3563,P092,One-on-One,Tech Sharing,2025-11-18 11:00,2025-11-18 11:30,2025-11-18 11:15,2025-11-18 12:00,2025-11-18 11:15,2025-11-18 11:30,15.0,partial overlap,Low,Conference Room B,Office Area 1
CONF_3564,P092,Training,One-on-One,2025-11-21 17:30,2025-11-21 18:00,2025-11-21 17:56,2025-11-21 18:34,2025-11-21 17:56,2025-11-21 18:00,4.0,partial overlap,Low,Office Area 1,Cafe
CONF_3565,P092,Requirements Analysis,Code Review,2025-11-16 10:45,2025-11-16 11:30,2025-11-16 11:10,2025-11-16 11:52,2025-11-16 11:10,2025-11-16 11:30,20.0,partial overlap,Low,Office Area 1,R&D Center
CONF_3566,P092,Meeting,Operations Check,2025-11-19 16:15,2025-11-19 16:30,2025-11-19 16:15,2025-11-19 16:30,2025-11-19 16:15,2025-11-19 16:30,15.0,full overlap,Low,Break Room,Cafe
CONF_3567,P092,Client Visit,Testing Acceptance,2025-11-17 13:30,2025-11-17 14:15,2025-11-17 14:00,2025-11-17 14:17,2025-11-17 14:00,2025-11-17 14:15,15.0,partial overlap,Low,Conference Room B,Break Room
CONF_3568,P092,Testing Acceptance,One-on-One,2025-11-21 18:30,2025-11-21 19:00,2025-11-21 17:56,2025-11-21 18:34,2025-11-21 18:30,2025-11-21 18:34,4.0,partial overlap,Low,Cafe,Cafe
CONF_3569,P092,Project Discussion,Project Discussion,2025-11-19 13:15,2025-11-19 14:00,2025-11-19 13:15,2025-11-19 13:45,2025-11-19 13:15,2025-11-19 13:45,30.0,full overlap,Medium,Online Meeting,R&D Center
CONF_3570,P092,Client Visit,Team Building,2025-11-25 15:15,2025-11-25 15:45,2025-11-25 15:29,2025-11-25 16:13,2025-11-25 15:29,2025-11-25 15:45,16.0,partial overlap,Low,Remote,Test Lab
CONF_3571,P092,Client Visit,Team Building,2025-11-25 15:45,2025-11-25 16:30,2025-11-25 15:29,2025-11-25 16:13,2025-11-25 15:45,2025-11-25 16:13,28.0,partial overlap,Low,R&D Center,Test Lab
CONF_3572,P093,Project Discussion,Operations Check,2025-11-14 13:30,2025-11-14 14:00,2025-11-14 13:45,2025-11-14 14:30,2025-11-14 13:45,2025-11-14 14:00,15.0,partial overlap,Low,Training Room,Office Area 2
CONF_3573,P093,Client Visit,Deployment,2025-11-19 08:00,2025-11-19 08:15,2025-11-19 08:00,2025-11-19 08:30,2025-11-19 08:00,2025-11-19 08:15,15.0,full overlap,Low,Demo Hall,Online Meeting
CONF_3574,P093,Client Visit,Requirements Analysis,2025-11-18 12:45,2025-11-18 13:30,2025-11-18 12:45,2025-11-18 13:15,2025-11-18 12:45,2025-11-18 13:15,30.0,full overlap,Medium,Remote,Test Lab
CONF_3575,P093,Client Visit,Deployment,2025-11-18 12:45,2025-11-18 13:30,2025-11-18 13:06,2025-11-18 13:22,2025-11-18 13:06,2025-11-18 13:22,16.0,full overlap,Low,Remote,Break Room
CONF_3576,P093,Design Review,Tech Sharing,2025-11-18 11:00,2025-11-18 11:30,2025-11-18 10:45,2025-11-18 11:30,2025-11-18 11:00,2025-11-18 11:30,30.0,full overlap,Medium,Cafe,Online Meeting
CONF_3577,P093,Requirements Analysis,Deployment,2025-11-18 12:45,2025-11-18 13:15,2025-11-18 13:06,2025-11-18 13:22,2025-11-18 13:06,2025-11-18 13:15,9.0,partial overlap,Low,Test Lab,Break Room
CONF_3578,P093,Brainstorming,Client Visit,2025-11-16 12:15,2025-11-16 13:00,2025-11-16 12:32,2025-11-16 12:52,2025-11-16 12:32,2025-11-16 12:52,20.0,full overlap,Low,Break Room,Break Room
CONF_3579,P093,Tech Sharing,Deployment,2025-11-23 11:15,2025-11-23 11:45,2025-11-23 11:35,2025-11-23 12:13,2025-11-23 11:35,2025-11-23 11:45,10.0,partial overlap,Low,Office Area 2,Conference Room A
CONF_3580,P093,Project Discussion,One-on-One,2025-11-23 18:30,2025-11-23 19:15,2025-11-23 18:58,2025-11-23 19:39,2025-11-23 18:58,2025-11-23 19:15,17.0,partial overlap,Low,Office Area 1,Remote
CONF_3581,P094,Brainstorming,Code Review,2025-11-15 08:15,2025-11-15 09:00,2025-11-15 08:30,2025-11-15 08:52,2025-11-15 08:30,2025-11-15 08:52,22.0,full overlap,Low,Remote,Conference Room C
CONF_3582,P094,Design Review,Requirements Analysis,2025-11-14 08:15,2025-11-14 09:00,2025-11-14 08:45,2025-11-14 09:30,2025-11-14 08:45,2025-11-14 09:00,15.0,partial overlap,Low,Demo Hall,Office Area 2
CONF_3583,P094,Code Review,Brainstorming,2025-11-20 10:30,2025-11-20 11:00,2025-11-20 10:45,2025-11-20 11:15,2025-11-20 10:45,2025-11-20 11:00,15.0,partial overlap,Low,Training Room,Office Area 2
CONF_3584,P094,Code Review,One-on-One,2025-11-20 10:30,2025-11-20 11:00,2025-11-20 10:41,2025-11-20 11:04,2025-11-20 10:41,2025-11-20 11:00,19.0,partial overlap,Low,Training Room,Test Lab
CONF_3585,P094,Deployment,Testing Acceptance,2025-11-18 17:30,2025-11-18 18:15,2025-11-18 17:59,2025-11-18 18:17,2025-11-18 17:59,2025-11-18 18:15,16.0,partial overlap,Low,R&D Center,Cafe
CONF_3586,P094,Operations Check,Testing Acceptance,2025-11-18 18:15,2025-11-18 18:30,2025-11-18 17:59,2025-11-18 18:17,2025-11-18 18:15,2025-11-18 18:17,2.0,partial overlap,Low,Demo Hall,Cafe
CONF_3587,P094,Team Building,Brainstorming,2025-11-20 11:00,2025-11-20 11:45,2025-11-20 10:45,2025-11-20 11:15,2025-11-20 11:00,2025-11-20 11:15,15.0,partial overlap,Low,Demo Hall,Office Area 2
CONF_3588,P094,Team Building,Operations Check,2025-11-20 11:00,2025-11-20 11:45,2025-11-20 11:00,2025-11-20 11:45,2025-11-20 11:00,2025-11-20 11:45,45.0,full overlap,Medium,Demo Hall,Training Room
CONF_3589,P094,Team Building,Design Review,2025-11-20 11:00,2025-11-20 11:45,2025-11-20 11:21,2025-11-20 11:46,2025-11-20 11:21,2025-11-20 11:45,24.0,partial overlap,Low,Demo Hall,Demo Hall
CONF_3590,P094,Team Building,One-on-One,2025-11-20 11:00,2025-11-20 11:45,2025-11-20 10:41,2025-11-20 11:04,2025-11-20 11:00,2025-11-20 11:04,4.0,partial overlap,Low,Demo Hall,Test Lab
CONF_3591,P094,Brainstorming,Operations Check,2025-11-20 10:45,2025-11-20 11:15,2025-11-20 11:00,2025-11-20 11:45,2025-11-20 11:00,2025-11-20 11:15,15.0,partial overlap,Low,Office Area 2,Training Room
CONF_3592,P094,Brainstorming,One-on-One,2025-11-20 10:45,2025-11-20 11:15,2025-11-20 10:41,2025-11-20 11:04,2025-11-20 10:45,2025-11-20 11:04,19.0,partial overlap,Low,Office Area 2,Test Lab
CONF_3593,P094,Testing Acceptance,Deployment,2025-11-17 14:45,2025-11-17 15:30,2025-11-17 15:14,2025-11-17 15:44,2025-11-17 15:14,2025-11-17 15:30,16.0,partial overlap,Low,Demo Hall,Remote
CONF_3594,P094,Requirements Analysis,Design Review,2025-11-17 13:15,2025-11-17 13:45,2025-11-17 13:26,2025-11-17 13:46,2025-11-17 13:26,2025-11-17 13:45,19.0,partial overlap,Low,Office Area 2,Client Reception
CONF_3595,P094,Operations Check,Design Review,2025-11-20 11:00,2025-11-20 11:45,2025-11-20 11:21,2025-11-20 11:46,2025-11-20 11:21,2025-11-20 11:45,24.0,partial overlap,Low,Training Room,Demo Hall
CONF_3596,P094,Operations Check,One-on-One,2025-11-20 11:00,2025-11-20 11:45,2025-11-20 10:41,2025-11-20 11:04,2025-11-20 11:00,2025-11-20 11:04,4.0,partial overlap,Low,Training Room,Test Lab
CONF_3597,P095,Training,Client Visit,2025-11-15 10:45,2025-11-15 11:15,2025-11-15 10:15,2025-11-15 11:00,2025-11-15 10:45,2025-11-15 11:00,15.0,partial overlap,Low,Client Reception,Office Area 2
CONF_3598,P095,Client Visit,Brainstorming,2025-11-19 15:45,2025-11-19 16:15,2025-11-19 15:51,2025-11-19 16:22,2025-11-19 15:51,2025-11-19 16:15,24.0,partial overlap,Low,Client Reception,Online Meeting
CONF_3599,P095,Tech Sharing,Project Discussion,2025-11-17 09:30,2025-11-17 10:00,2025-11-17 09:30,2025-11-17 10:15,2025-11-17 09:30,2025-11-17 10:00,30.0,full overlap,Medium,Client Reception,Demo Hall
CONF_3600,P095,Tech Sharing,Testing Acceptance,2025-11-17 09:30,2025-11-17 10:00,2025-11-17 09:45,2025-11-17 10:15,2025-11-17 09:45,2025-11-17 10:00,15.0,partial overlap,Low,Client Reception,Office Area 1
CONF_3601,P095,Tech Sharing,One-on-One,2025-11-17 09:30,2025-11-17 10:00,2025-11-17 09:53,2025-11-17 10:42,2025-11-17 09:53,2025-11-17 10:00,7.0,partial overlap,Low,Client Reception,Conference Room C
CONF_3602,P095,Testing Acceptance,Meeting,2025-11-18 12:00,2025-11-18 12:30,2025-11-18 12:15,2025-11-18 13:00,2025-11-18 12:15,2025-11-18 12:30,15.0,partial overlap,Low,Break Room,R&D Center
CONF_3603,P095,Testing Acceptance,Operations Check,2025-11-18 12:00,2025-11-18 12:30,2025-11-18 12:26,2025-11-18 13:23,2025-11-18 12:26,2025-11-18 12:30,4.0,partial overlap,Low,Break Room,Client Reception
CONF_3604,P095,Testing Acceptance,Design Review,2025-11-17 16:30,2025-11-17 17:00,2025-11-17 16:30,2025-11-17 17:15,2025-11-17 16:30,2025-11-17 17:00,30.0,full overlap,Medium,Office Area 1,Client Reception
CONF_3605,P095,Testing Acceptance,Testing Acceptance,2025-11-17 16:30,2025-11-17 17:00,2025-11-17 16:58,2025-11-17 17:26,2025-11-17 16:58,2025-11-17 17:00,2.0,partial overlap,Low,Office Area 1,Test Lab
CONF_3606,P095,Meeting,Project Discussion,2025-11-18 12:15,2025-11-18 13:00,2025-11-18 12:30,2025-11-18 13:22,2025-11-18 12:30,2025-11-18 13:00,30.0,partial overlap,Medium,R&D Center,Online Meeting
CONF_3607,P095,Meeting,Operations Check,2025-11-18 12:15,2025-11-18 13:00,2025-11-18 12:26,2025-11-18 13:23,2025-11-18 12:26,2025-11-18 13:00,34.0,partial overlap,Medium,R&D Center,Client Reception
CONF_3608,P095,Meeting,One-on-One,2025-11-18 12:15,2025-11-18 13:00,2025-11-18 12:31,2025-11-18 13:24,2025-11-18 12:31,2025-11-18 13:00,29.0,partial overlap,Low,R&D Center,Online Meeting
CONF_3609,P095,One-on-One,Meeting,2025-11-16 12:15,2025-11-16 13:00,2025-11-16 12:36,2025-11-16 12:51,2025-11-16 12:36,2025-11-16 12:51,15.0,full overlap,Low,Conference Room C,Test Lab
CONF_3610,P095,Design Review,Testing Acceptance,2025-11-17 16:30,2025-11-17 17:15,2025-11-17 16:58,2025-11-17 17:26,2025-11-17 16:58,2025-11-17 17:15,17.0,partial overlap,Low,Client Reception,Test Lab
CONF_3611,P095,Training,One-on-One,2025-11-22 17:15,2025-11-22 17:45,2025-11-22 17:00,2025-11-22 17:30,2025-11-22 17:15,2025-11-22 17:30,15.0,partial overlap,Low,Break Room,Office Area 1
CONF_3612,P095,Project Discussion,Testing Acceptance,2025-11-17 09:30,2025-11-17 10:15,2025-11-17 09:45,2025-11-17 10:15,2025-11-17 09:45,2025-11-17 10:15,30.0,full overlap,Medium,Demo Hall,Office Area 1
CONF_3613,P095,Project Discussion,One-on-One,2025-11-17 09:30,2025-11-17 10:15,2025-11-17 09:53,2025-11-17 10:42,2025-11-17 09:53,2025-11-17 10:15,22.0,partial overlap,Low,Demo Hall,Conference Room C
CONF_3614,P095,Product Demo,Tech Sharing,2025-11-22 15:00,2025-11-22 15:45,2025-11-22 15:15,2025-11-22 15:30,2025-11-22 15:15,2025-11-22 15:30,15.0,full overlap,Low,Client Reception,Remote
CONF_3615,P095,Testing Acceptance,One-on-One,2025-11-17 09:45,2025-11-17 10:15,2025-11-17 09:53,2025-11-17 10:42,2025-11-17 09:53,2025-11-17 10:15,22.0,partial overlap,Low,Office Area 1,Conference Room C
CONF_3616,P095,Code Review,Tech Sharing,2025-11-21 11:00,2025-11-21 11:45,2025-11-21 11:15,2025-11-21 11:30,2025-11-21 11:15,2025-11-21 11:30,15.0,full overlap,Low,Office Area 2,Conference Room B
CONF_3617,P095,One-on-One,Meeting,2025-11-23 15:30,2025-11-23 16:00,2025-11-23 15:46,2025-11-23 16:30,2025-11-23 15:46,2025-11-23 16:00,14.0,partial overlap,Low,Conference Room C,Conference Room A
CONF_3618,P096,Deployment,Product Demo,2025-11-16 10:00,2025-11-16 10:45,2025-11-16 10:30,2025-11-16 10:45,2025-11-16 10:30,2025-11-16 10:45,15.0,full overlap,Low,R&D Center,Demo Hall
CONF_3619,P096,Brainstorming,Deployment,2025-11-17 18:15,2025-11-17 18:45,2025-11-17 18:15,2025-11-17 19:00,2025-11-17 18:15,2025-11-17 18:45,30.0,full overlap,Medium,Client Reception,Client Reception
CONF_3620,P096,Brainstorming,Operations Check,2025-11-17 18:15,2025-11-17 18:45,2025-11-17 18:44,2025-11-17 19:32,2025-11-17 18:44,2025-11-17 18:45,1.0,partial overlap,Low,Client Reception,Conference Room B
CONF_3621,P096,Design Review,Requirements Analysis,2025-11-14 09:30,2025-11-14 10:00,2025-11-14 09:27,2025-11-14 09:48,2025-11-14 09:30,2025-11-14 09:48,18.0,partial overlap,Low,Cafe,Office Area 1
CONF_3622,P096,Meeting,Tech Sharing,2025-11-18 10:15,2025-11-18 11:00,2025-11-18 10:45,2025-11-18 11:00,2025-11-18 10:45,2025-11-18 11:00,15.0,full overlap,Low,Office Area 1,Demo Hall
CONF_3623,P096,Meeting,Deployment,2025-11-18 10:15,2025-11-18 11:00,2025-11-18 10:30,2025-11-18 11:15,2025-11-18 10:30,2025-11-18 11:00,30.0,partial overlap,Medium,Office Area 1,Product Showcase
CONF_3624,P096,Meeting,Brainstorming,2025-11-18 10:15,2025-11-18 11:00,2025-11-18 10:40,2025-11-18 11:35,2025-11-18 10:40,2025-11-18 11:00,20.0,partial overlap,Low,Office Area 1,Client Reception
CONF_3625,P096,Meeting,Requirements Analysis,2025-11-14 09:15,2025-11-14 09:30,2025-11-14 09:27,2025-11-14 09:48,2025-11-14 09:27,2025-11-14 09:30,3.0,partial overlap,Low,Conference Room B,Office Area 1
CONF_3626,P096,One-on-One,Training,2025-11-16 12:45,2025-11-16 13:15,2025-11-16 13:05,2025-11-16 13:38,2025-11-16 13:05,2025-11-16 13:15,10.0,partial overlap,Low,Online Meeting,Conference Room C
CONF_3627,P096,Deployment,Operations Check,2025-11-17 18:15,2025-11-17 19:00,2025-11-17 18:44,2025-11-17 19:32,2025-11-17 18:44,2025-11-17 19:00,16.0,partial overlap,Low,Client Reception,Conference Room B
CONF_3628,P096,Project Discussion,One-on-One,2025-11-21 10:45,2025-11-21 11:30,2025-11-21 10:58,2025-11-21 11:38,2025-11-21 10:58,2025-11-21 11:30,32.0,partial overlap,Medium,Remote,Office Area 2
CONF_3629,P096,Operations Check,Testing Acceptance,2025-11-23 09:00,2025-11-23 09:45,2025-11-23 09:30,2025-11-23 10:15,2025-11-23 09:30,2025-11-23 09:45,15.0,partial overlap,Low,Office Area 1,Training Room
CONF_3630,P096,Tech Sharing,Deployment,2025-11-18 10:45,2025-11-18 11:00,2025-11-18 10:30,2025-11-18 11:15,2025-11-18 10:45,2025-11-18 11:00,15.0,full overlap,Low,Demo Hall,Product Showcase
CONF_3631,P096,Tech Sharing,Brainstorming,2025-11-18 10:45,2025-11-18 11:00,2025-11-18 10:40,2025-11-18 11:35,2025-11-18 10:45,2025-11-18 11:00,15.0,full overlap,Low,Demo Hall,Client Reception
CONF_3632,P096,Deployment,Brainstorming,2025-11-18 10:30,2025-11-18 11:15,2025-11-18 10:40,2025-11-18 11:35,2025-11-18 10:40,2025-11-18 11:15,35.0,partial overlap,Medium,Product Showcase,Client Reception
CONF_3633,P096,Team Building,One-on-One,2025-11-22 15:15,2025-11-22 15:30,2025-11-22 15:15,2025-11-22 16:00,2025-11-22 15:15,2025-11-22 15:30,15.0,full overlap,Low,Conference Room A,Demo Hall
CONF_3634,P096,Operations Check,Product Demo,2025-11-21 08:15,2025-11-21 08:45,2025-11-21 08:30,2025-11-21 09:00,2025-11-21 08:30,2025-11-21 08:45,15.0,partial overlap,Low,R&D Center,Product Showcase
CONF_3635,P097,Project Discussion,Testing Acceptance,2025-11-15 17:00,2025-11-15 17:30,2025-11-15 17:15,2025-11-15 17:45,2025-11-15 17:15,2025-11-15 17:30,15.0,partial overlap,Low,Office Area 2,Break Room
CONF_3636,P097,Team Building,One-on-One,2025-11-20 09:45,2025-11-20 10:30,2025-11-20 09:53,2025-11-20 10:45,2025-11-20 09:53,2025-11-20 10:30,37.0,partial overlap,Medium,Product Showcase,Online Meeting
CONF_3637,P097,Project Discussion,Client Visit,2025-11-17 18:15,2025-11-17 18:45,2025-11-17 18:30,2025-11-17 19:15,2025-11-17 18:30,2025-11-17 18:45,15.0,partial overlap,Low,Demo Hall,Product Showcase
CONF_3638,P097,Team Building,Team Building,2025-11-19 18:00,2025-11-19 18:30,2025-11-19 17:55,2025-11-19 18:10,2025-11-19 18:00,2025-11-19 18:10,10.0,partial overlap,Low,Conference Room B,Training Room
CONF_3639,P097,Deployment,Testing Acceptance,2025-11-21 12:15,2025-11-21 13:00,2025-11-21 12:30,2025-11-21 13:15,2025-11-21 12:30,2025-11-21 13:00,30.0,partial overlap,Medium,Conference Room A,Online Meeting
CONF_3640,P097,Deployment,Code Review,2025-11-21 12:15,2025-11-21 13:00,2025-11-21 12:45,2025-11-21 13:30,2025-11-21 12:45,2025-11-21 13:00,15.0,partial overlap,Low,Conference Room A,Demo Hall
CONF_3641,P097,Testing Acceptance,Code Review,2025-11-21 12:30,2025-11-21 13:15,2025-11-21 12:45,2025-11-21 13:30,2025-11-21 12:45,2025-11-21 13:15,30.0,partial overlap,Medium,Online Meeting,Demo Hall
CONF_3642,P097,Meeting,Brainstorming,2025-11-20 12:00,2025-11-20 12:30,2025-11-20 12:17,2025-11-20 13:02,2025-11-20 12:17,2025-11-20 12:30,13.0,partial overlap,Low,Office Area 2,Demo Hall
CONF_3643,P097,Project Discussion,Team Building,2025-11-17 16:45,2025-11-17 17:30,2025-11-17 17:15,2025-11-17 17:30,2025-11-17 17:15,2025-11-17 17:30,15.0,full overlap,Low,Client Reception,Break Room
CONF_3644,P097,Product Demo,Design Review,2025-11-20 15:00,2025-11-20 15:45,2025-11-20 14:45,2025-11-20 15:15,2025-11-20 15:00,2025-11-20 15:15,15.0,partial overlap,Low,Product Showcase,Demo Hall
CONF_3645,P097,Operations Check,Meeting,2025-11-23 08:00,2025-11-23 08:45,2025-11-23 08:00,2025-11-23 08:45,2025-11-23 08:00,2025-11-23 08:45,45.0,full overlap,Medium,Cafe,Conference Room A
CONF_3646,P097,Operations Check,Project Discussion,2025-11-23 08:00,2025-11-23 08:45,2025-11-23 08:24,2025-11-23 09:21,2025-11-23 08:24,2025-11-23 08:45,21.0,partial overlap,Low,Cafe,Conference Room A
CONF_3647,P097,Meeting,Project Discussion,2025-11-23 08:00,2025-11-23 08:45,2025-11-23 08:24,2025-11-23 09:21,2025-11-23 08:24,2025-11-23 08:45,21.0,partial overlap,Low,Conference Room A,Conference Room A
CONF_3648,P098,Product Demo,Design Review,2025-11-13 18:00,2025-11-13 18:45,2025-11-13 18:29,2025-11-13 18:53,2025-11-13 18:29,2025-11-13 18:45,16.0,partial overlap,Low,Training Room,Conference Room C
CONF_3649,P098,Design Review,Requirements Analysis,2025-11-17 14:15,2025-11-17 14:45,2025-11-17 14:30,2025-11-17 15:00,2025-11-17 14:30,2025-11-17 14:45,15.0,partial overlap,Low,Client Reception,Client Reception
CONF_3650,P098,Design Review,Product Demo,2025-11-17 14:15,2025-11-17 14:45,2025-11-17 13:39,2025-11-17 14:36,2025-11-17 14:15,2025-11-17 14:36,21.0,partial overlap,Low,Client Reception,R&D Center
CONF_3651,P098,Requirements Analysis,Product Demo,2025-11-17 14:30,2025-11-17 15:00,2025-11-17 13:39,2025-11-17 14:36,2025-11-17 14:30,2025-11-17 14:36,6.0,partial overlap,Low,Client Reception,R&D Center
CONF_3652,P098,Operations Check,Operations Check,2025-11-20 15:45,2025-11-20 16:30,2025-11-20 15:51,2025-11-20 16:12,2025-11-20 15:51,2025-11-20 16:12,21.0,full overlap,Low,R&D Center,Cafe
CONF_3653,P098,Code Review,Product Demo,2025-11-17 13:30,2025-11-17 13:45,2025-11-17 13:39,2025-11-17 14:36,2025-11-17 13:39,2025-11-17 13:45,6.0,partial overlap,Low,Training Room,R&D Center
CONF_3654,P098,One-on-One,Project Discussion,2025-11-19 11:30,2025-11-19 12:15,2025-11-19 11:40,2025-11-19 12:36,2025-11-19 11:40,2025-11-19 12:15,35.0,partial overlap,Medium,Test Lab,Break Room
CONF_3655,P098,Tech Sharing,Requirements Analysis,2025-11-19 16:00,2025-11-19 16:45,2025-11-19 16:20,2025-11-19 16:35,2025-11-19 16:20,2025-11-19 16:35,15.0,full overlap,Low,Training Room,R&D Center
CONF_3656,P098,Tech Sharing,Product Demo,2025-11-19 16:00,2025-11-19 16:45,2025-11-19 16:16,2025-11-19 16:56,2025-11-19 16:16,2025-11-19 16:45,29.0,partial overlap,Low,Training Room,Office Area 2
CONF_3657,P098,Team Building,Project Discussion,2025-11-19 12:15,2025-11-19 12:45,2025-11-19 11:40,2025-11-19 12:36,2025-11-19 12:15,2025-11-19 12:36,21.0,partial overlap,Low,Conference Room B,Break Room
CONF_3658,P098,Product Demo,Operations Check,2025-11-17 09:45,2025-11-17 10:30,2025-11-17 09:27,2025-11-17 09:49,2025-11-17 09:45,2025-11-17 09:49,4.0,partial overlap,Low,Conference Room C,Conference Room C
CONF_3659,P098,Design Review,Brainstorming,2025-11-18 11:00,2025-11-18 11:45,2025-11-18 11:15,2025-11-18 11:30,2025-11-18 11:15,2025-11-18 11:30,15.0,full overlap,Low,Online Meeting,Office Area 1
CONF_3660,P098,Design Review,Meeting,2025-11-18 11:00,2025-11-18 11:45,2025-11-18 11:26,2025-11-18 11:59,2025-11-18 11:26,2025-11-18 11:45,19.0,partial overlap,Low,Online Meeting,Office Area 2
CONF_3661,P098,Project Discussion,Meeting,2025-11-17 11:45,2025-11-17 12:15,2025-11-17 12:06,2025-11-17 12:42,2025-11-17 12:06,2025-11-17 12:15,9.0,partial overlap,Low,Product Showcase,Demo Hall
CONF_3662,P098,Design Review,Brainstorming,2025-11-16 09:15,2025-11-16 09:45,2025-11-16 09:20,2025-11-16 10:10,2025-11-16 09:20,2025-11-16 09:45,25.0,partial overlap,Low,Break Room,Client Reception
CONF_3663,P098,Product Demo,Team Building,2025-11-19 14:30,2025-11-19 15:15,2025-11-19 14:55,2025-11-19 15:36,2025-11-19 14:55,2025-11-19 15:15,20.0,partial overlap,Low,Break Room,Remote
CONF_3664,P098,Brainstorming,Meeting,2025-11-18 11:15,2025-11-18 11:30,2025-11-18 11:26,2025-11-18 11:59,2025-11-18 11:26,2025-11-18 11:30,4.0,partial overlap,Low,Office Area 1,Office Area 2
CONF_3665,P098,Tech Sharing,Brainstorming,2025-11-20 16:30,2025-11-20 17:15,2025-11-20 16:38,2025-11-20 17:02,2025-11-20 16:38,2025-11-20 17:02,24.0,full overlap,Low,Online Meeting,Conference Room C
CONF_3666,P099,Brainstorming,Operations Check,2025-11-12 10:45,2025-11-12 11:15,2025-11-12 11:03,2025-11-12 11:36,2025-11-12 11:03,2025-11-12 11:15,12.0,partial overlap,Low,Conference Room A,Break Room
CONF_3667,P099,Client Visit,Operations Check,2025-11-20 17:45,2025-11-20 18:00,2025-11-20 17:15,2025-11-20 18:00,2025-11-20 17:45,2025-11-20 18:00,15.0,full overlap,Low,Demo Hall,R&D Center
CONF_3668,P099,Testing Acceptance,Meeting,2025-11-22 14:00,2025-11-22 14:30,2025-11-22 14:25,2025-11-22 14:43,2025-11-22 14:25,2025-11-22 14:30,5.0,partial overlap,Low,Client Reception,Training Room
CONF_3669,P099,Deployment,Team Building,2025-11-16 08:45,2025-11-16 09:30,2025-11-16 08:15,2025-11-16 09:00,2025-11-16 08:45,2025-11-16 09:00,15.0,partial overlap,Low,Break Room,Cafe
CONF_3670,P099,Deployment,Requirements Analysis,2025-11-16 08:45,2025-11-16 09:30,2025-11-16 08:41,2025-11-16 09:13,2025-11-16 08:45,2025-11-16 09:13,28.0,partial overlap,Low,Break Room,Training Room
CONF_3671,P099,Team Building,Requirements Analysis,2025-11-16 08:15,2025-11-16 09:00,2025-11-16 08:41,2025-11-16 09:13,2025-11-16 08:41,2025-11-16 09:00,19.0,partial overlap,Low,Cafe,Training Room
CONF_3672,P099,Training,Brainstorming,2025-11-24 17:45,2025-11-24 18:15,2025-11-24 17:45,2025-11-24 18:15,2025-11-24 17:45,2025-11-24 18:15,30.0,full overlap,Medium,R&D Center,Online Meeting
CONF_3673,P099,Training,Code Review,2025-11-24 17:45,2025-11-24 18:15,2025-11-24 17:50,2025-11-24 18:41,2025-11-24 17:50,2025-11-24 18:15,25.0,partial overlap,Low,R&D Center,Conference Room A
CONF_3674,P099,Brainstorming,Code Review,2025-11-24 17:45,2025-11-24 18:15,2025-11-24 17:50,2025-11-24 18:41,2025-11-24 17:50,2025-11-24 18:15,25.0,partial overlap,Low,Online Meeting,Conference Room A
CONF_3675,P099,Product Demo,Training,2025-11-24 16:00,2025-11-24 16:45,2025-11-24 16:14,2025-11-24 17:14,2025-11-24 16:14,2025-11-24 16:45,31.0,partial overlap,Medium,Conference Room B,Demo Hall
CONF_3676,P100,Requirements Analysis,Design Review,2025-11-21 10:00,2025-11-21 10:15,2025-11-21 09:45,2025-11-21 10:15,2025-11-21 10:00,2025-11-21 10:15,15.0,full overlap,Low,Conference Room C,Online Meeting
CONF_3677,P100,Testing Acceptance,Training,2025-11-20 10:45,2025-11-20 11:30,2025-11-20 11:04,2025-11-20 11:22,2025-11-20 11:04,2025-11-20 11:22,18.0,full overlap,Low,Office Area 1,Remote
CONF_3678,P100,Operations Check,Project Discussion,2025-11-18 15:30,2025-11-18 15:45,2025-11-18 15:15,2025-11-18 15:45,2025-11-18 15:30,2025-11-18 15:45,15.0,full overlap,Low,Conference Room A,Demo Hall
CONF_3679,P100,Training,Operations Check,2025-11-23 13:30,2025-11-23 14:15,2025-11-23 13:45,2025-11-23 14:00,2025-11-23 13:45,2025-11-23 14:00,15.0,full overlap,Low,Conference Room B,Break Room
CONF_3680,P100,Training,Meeting,2025-11-23 12:45,2025-11-23 13:00,2025-11-23 12:45,2025-11-23 13:00,2025-11-23 12:45,2025-11-23 13:00,15.0,full overlap,Low,Online Meeting,Client Reception
CONF_3681,P100,One-on-One,Client Visit,2025-11-24 14:45,2025-11-24 15:30,2025-11-24 15:00,2025-11-24 15:45,2025-11-24 15:00,2025-11-24 15:30,30.0,partial overlap,Medium,Cafe,Product Showcase
CONF_3682,P050,One-on-One,Training,2025-11-16 14:55,2025-11-16 15:50,2025-11-16 15:08,2025-11-16 15:27,2025-11-16 15:08,2025-11-16 15:27,19.0,full overlap,Low,Office Area 1,Remote
CONF_3683,P050,One-on-One,Code Review,2025-11-16 14:55,2025-11-16 15:50,2025-11-16 15:26,2025-11-16 16:04,2025-11-16 15:26,2025-11-16 15:50,24.0,partial overlap,Low,Office Area 1,Client Reception
CONF_3684,P010,Product Demo,Code Review,2025-11-17 14:59,2025-11-17 15:56,2025-11-17 14:42,2025-11-17 15:39,2025-11-17 14:59,2025-11-17 15:39,40.0,partial overlap,Medium,Break Room,Client Reception
CONF_3685,P046,Deployment,Tech Sharing,2025-11-15 14:14,2025-11-15 14:41,2025-11-15 14:19,2025-11-15 14:41,2025-11-15 14:19,2025-11-15 14:41,22.0,full overlap,Low,Remote,Office Area 1
CONF_3686,P029,One-on-One,Operations Check,2025-11-22 16:21,2025-11-22 17:07,2025-11-22 16:28,2025-11-22 17:04,2025-11-22 16:28,2025-11-22 17:04,36.0,full overlap,Medium,Conference Room A,Demo Hall
CONF_3687,P063,Tech Sharing,Meeting,2025-11-12 14:24,2025-11-12 15:05,2025-11-12 14:29,2025-11-12 14:45,2025-11-12 14:29,2025-11-12 14:45,16.0,full overlap,Low,Client Reception,Client Reception
CONF_3688,P013,Operations Check,Brainstorming,2025-11-14 13:20,2025-11-14 13:53,2025-11-14 13:28,2025-11-14 14:08,2025-11-14 13:28,2025-11-14 13:53,25.0,partial overlap,Low,Office Area 1,Office Area 2
CONF_3689,P001,Training,Brainstorming,2025-11-15 09:27,2025-11-15 09:51,2025-11-15 09:05,2025-11-15 09:39,2025-11-15 09:27,2025-11-15 09:39,12.0,partial overlap,Low,Client Reception,Conference Room C
CONF_3690,P001,Training,Requirements Analysis,2025-11-15 09:27,2025-11-15 09:51,2025-11-15 09:39,2025-11-15 10:31,2025-11-15 09:39,2025-11-15 09:51,12.0,partial overlap,Low,Client Reception,Demo Hall
CONF_3691,P001,Training,Team Building,2025-11-15 09:27,2025-11-15 09:51,2025-11-15 09:33,2025-11-15 10:33,2025-11-15 09:33,2025-11-15 09:51,18.0,partial overlap,Low,Client Reception,Break Room
CONF_3692,P070,Testing Acceptance,Brainstorming,2025-11-25 18:47,2025-11-25 19:46,2025-11-25 19:16,2025-11-25 19:38,2025-11-25 19:16,2025-11-25 19:38,22.0,full overlap,Low,Conference Room B,Client Reception
CONF_3693,P083,Deployment,Testing Acceptance,2025-11-15 14:58,2025-11-15 15:54,2025-11-15 14:43,2025-11-15 15:06,2025-11-15 14:58,2025-11-15 15:06,8.0,partial overlap,Low,Demo Hall,Break Room
CONF_3694,P048,Product Demo,Product Demo,2025-11-22 10:18,2025-11-22 10:54,2025-11-22 10:13,2025-11-22 10:32,2025-11-22 10:18,2025-11-22 10:32,14.0,partial overlap,Low,Training Room,Client Reception
CONF_3695,P071,Requirements Analysis,Testing Acceptance,2025-11-19 10:08,2025-11-19 10:28,2025-11-19 09:55,2025-11-19 10:55,2025-11-19 10:08,2025-11-19 10:28,20.0,full overlap,Low,Client Reception,Client Reception
CONF_3696,P001,Brainstorming,Team Building,2025-11-15 09:05,2025-11-15 09:39,2025-11-15 09:33,2025-11-15 10:33,2025-11-15 09:33,2025-11-15 09:39,6.0,partial overlap,Low,Conference Room C,Break Room
CONF_3697,P050,Tech Sharing,Testing Acceptance,2025-11-17 09:50,2025-11-17 10:23,2025-11-17 10:08,2025-11-17 11:02,2025-11-17 10:08,2025-11-17 10:23,15.0,partial overlap,Low,Office Area 2,Remote
CONF_3698,P080,Team Building,Project Discussion,2025-11-19 17:40,2025-11-19 18:30,2025-11-19 17:35,2025-11-19 18:31,2025-11-19 17:40,2025-11-19 18:30,50.0,full overlap,Medium,R&D Center,Test Lab
CONF_3699,P001,Requirements Analysis,Team Building,2025-11-15 09:39,2025-11-15 10:31,2025-11-15 09:33,2025-11-15 10:33,2025-11-15 09:39,2025-11-15 10:31,52.0,full overlap,Medium,Demo Hall,Break Room
CONF_3700,P071,Design Review,Design Review,2025-11-18 11:28,2025-11-18 12:01,2025-11-18 11:36,2025-11-18 11:57,2025-11-18 11:36,2025-11-18 11:57,21.0,full overlap,Low,Cafe,Office Area 2
CONF_3701,P049,Team Building,Client Visit,2025-11-20 14:19,2025-11-20 15:13,2025-11-20 14:43,2025-11-20 15:35,2025-11-20 14:43,2025-11-20 15:13,30.0,partial overlap,Medium,Test Lab,Office Area 1
CONF_3702,P024,Product Demo,Requirements Analysis,2025-11-21 09:21,2025-11-21 10:21,2025-11-21 09:13,2025-11-21 10:03,2025-11-21 09:21,2025-11-21 10:03,42.0,partial overlap,Medium,Cafe,Conference Room C
CONF_3703,P056,Operations Check,Testing Acceptance,2025-11-23 09:02,2025-11-23 09:50,2025-11-23 09:07,2025-11-23 09:57,2025-11-23 09:07,2025-11-23 09:50,43.0,partial overlap,Medium,Conference Room B,Client Reception
CONF_3704,P034,One-on-One,Meeting,2025-11-18 09:23,2025-11-18 09:53,2025-11-18 09:48,2025-11-18 10:35,2025-11-18 09:48,2025-11-18 09:53,5.0,partial overlap,Low,Client Reception,Online Meeting
CONF_3705,P034,One-on-One,Requirements Analysis,2025-11-18 09:23,2025-11-18 09:53,2025-11-18 09:14,2025-11-18 09:49,2025-11-18 09:23,2025-11-18 09:49,26.0,partial overlap,Low,Client Reception,Remote
CONF_3706,P084,Brainstorming,Training,2025-11-20 10:50,2025-11-20 11:40,2025-11-20 10:50,2025-11-20 11:23,2025-11-20 10:50,2025-11-20 11:23,33.0,full overlap,Medium,Break Room,Conference Room B
CONF_3707,P023,Testing Acceptance,Training,2025-11-16 15:05,2025-11-16 15:41,2025-11-16 15:17,2025-11-16 15:54,2025-11-16 15:17,2025-11-16 15:41,24.0,partial overlap,Low,Conference Room A,Test Lab
CONF_3708,P034,Meeting,Requirements Analysis,2025-11-18 09:48,2025-11-18 10:35,2025-11-18 09:14,2025-11-18 09:49,2025-11-18 09:48,2025-11-18 09:49,1.0,partial overlap,Low,Online Meeting,Remote
CONF_3709,P088,Project Discussion,Client Visit,2025-11-17 08:57,2025-11-17 09:23,2025-11-17 08:58,2025-11-17 09:20,2025-11-17 08:58,2025-11-17 09:20,22.0,full overlap,Low,Training Room,Conference Room C
CONF_3710,P008,Team Building,Deployment,2025-11-14 17:13,2025-11-14 18:02,2025-11-14 17:10,2025-11-14 17:38,2025-11-14 17:13,2025-11-14 17:38,25.0,partial overlap,Low,Conference Room C,Product Showcase
CONF_3711,P006,Testing Acceptance,One-on-One,2025-11-20 09:35,2025-11-20 10:30,2025-11-20 09:56,2025-11-20 10:15,2025-11-20 09:56,2025-11-20 10:15,19.0,full overlap,Low,Product Showcase,Office Area 2
CONF_3712,P008,Requirements Analysis,Deployment,2025-11-15 18:54,2025-11-15 19:23,2025-11-15 18:51,2025-11-15 19:31,2025-11-15 18:54,2025-11-15 19:23,29.0,full overlap,Low,Office Area 1,Cafe
CONF_3713,P033,Training,Deployment,2025-11-17 17:42,2025-11-17 18:20,2025-11-17 17:44,2025-11-17 18:32,2025-11-17 17:44,2025-11-17 18:20,36.0,partial overlap,Medium,Remote,Conference Room B
CONF_3714,P074,Operations Check,One-on-One,2025-11-16 12:54,2025-11-16 13:12,2025-11-16 12:55,2025-11-16 13:27,2025-11-16 12:55,2025-11-16 13:12,17.0,partial overlap,Low,Cafe,Conference Room B
CONF_3715,P074,Operations Check,Requirements Analysis,2025-11-16 12:54,2025-11-16 13:12,2025-11-16 13:09,2025-11-16 13:39,2025-11-16 13:09,2025-11-16 13:12,3.0,partial overlap,Low,Cafe,Conference Room C
CONF_3716,P015,Operations Check,Project Discussion,2025-11-20 13:10,2025-11-20 13:44,2025-11-20 13:19,2025-11-20 13:53,2025-11-20 13:19,2025-11-20 13:44,25.0,partial overlap,Low,Conference Room B,Client Reception
CONF_3717,P015,Operations Check,Training,2025-11-20 13:10,2025-11-20 13:44,2025-11-20 13:08,2025-11-20 14:06,2025-11-20 13:10,2025-11-20 13:44,34.0,full overlap,Medium,Conference Room B,Test Lab
CONF_3718,P016,Product Demo,Testing Acceptance,2025-11-23 17:13,2025-11-23 17:42,2025-11-23 17:00,2025-11-23 17:40,2025-11-23 17:13,2025-11-23 17:40,27.0,partial overlap,Low,Product Showcase,Office Area 1
CONF_3719,P074,One-on-One,Requirements Analysis,2025-11-16 12:55,2025-11-16 13:27,2025-11-16 13:09,2025-11-16 13:39,2025-11-16 13:09,2025-11-16 13:27,18.0,partial overlap,Low,Conference Room B,Conference Room C
CONF_3720,P025,Operations Check,Brainstorming,2025-11-21 10:38,2025-11-21 11:12,2025-11-21 10:34,2025-11-21 11:20,2025-11-21 10:38,2025-11-21 11:12,34.0,full overlap,Medium,Break Room,Online Meeting
CONF_3721,P040,Code Review,Tech Sharing,2025-11-17 11:24,2025-11-17 12:19,2025-11-17 11:24,2025-11-17 11:46,2025-11-17 11:24,2025-11-17 11:46,22.0,full overlap,Low,Remote,Conference Room B
CONF_3722,P064,Design Review,Code Review,2025-11-22 16:56,2025-11-22 17:17,2025-11-22 16:38,2025-11-22 17:00,2025-11-22 16:56,2025-11-22 17:00,4.0,partial overlap,Low,Online Meeting,Demo Hall
CONF_3723,P044,Operations Check,One-on-One,2025-11-18 11:01,2025-11-18 11:32,2025-11-18 11:03,2025-11-18 11:53,2025-11-18 11:03,2025-11-18 11:32,29.0,partial overlap,Low,Client Reception,Break Room
CONF_3724,P050,Training,Code Review,2025-11-16 15:08,2025-11-16 15:27,2025-11-16 15:26,2025-11-16 16:04,2025-11-16 15:26,2025-11-16 15:27,1.0,partial overlap,Low,Remote,Client Reception
CONF_3725,P014,Training,Requirements Analysis,2025-11-17 18:31,2025-11-17 19:00,2025-11-17 18:25,2025-11-17 19:07,2025-11-17 18:31,2025-11-17 19:00,29.0,full overlap,Low,Demo Hall,Client Reception
CONF_3726,P079,Deployment,Requirements Analysis,2025-11-18 15:51,2025-11-18 16:11,2025-11-18 16:08,2025-11-18 16:43,2025-11-18 16:08,2025-11-18 16:11,3.0,partial overlap,Low,Demo Hall,Online Meeting
CONF_3727,P059,Code Review,Project Discussion,2025-11-15 09:35,2025-11-15 10:21,2025-11-15 09:56,2025-11-15 10:56,2025-11-15 09:56,2025-11-15 10:21,25.0,partial overlap,Low,Conference Room B,Conference Room B
CONF_3728,P084,Brainstorming,Operations Check,2025-11-22 09:09,2025-11-22 09:48,2025-11-22 09:01,2025-11-22 09:52,2025-11-22 09:09,2025-11-22 09:48,39.0,full overlap,Medium,Conference Room A,Client Reception
CONF_3729,P090,Design Review,Operations Check,2025-11-21 13:00,2025-11-21 13:51,2025-11-21 13:14,2025-11-21 13:44,2025-11-21 13:14,2025-11-21 13:44,30.0,full overlap,Medium,Remote,R&D Center
CONF_3730,P068,Design Review,One-on-One,2025-11-15 15:32,2025-11-15 16:29,2025-11-15 15:41,2025-11-15 16:03,2025-11-15 15:41,2025-11-15 16:03,22.0,full overlap,Low,Client Reception,R&D Center
CONF_3731,P005,Meeting,Training,2025-11-23 08:14,2025-11-23 08:44,2025-11-23 08:28,2025-11-23 09:17,2025-11-23 08:28,2025-11-23 08:44,16.0,partial overlap,Low,Break Room,Conference Room A
CONF_3732,P059,Team Building,Tech Sharing,2025-11-22 14:07,2025-11-22 15:07,2025-11-22 13:54,2025-11-22 14:38,2025-11-22 14:07,2025-11-22 14:38,31.0,partial overlap,Medium,Office Area 2,Conference Room A
CONF_3733,P076,Requirements Analysis,Requirements Analysis,2025-11-16 16:20,2025-11-16 16:50,2025-11-16 16:27,2025-11-16 16:43,2025-11-16 16:27,2025-11-16 16:43,16.0,full overlap,Low,Office Area 1,Cafe
CONF_3734,P048,Code Review,Design Review,2025-11-20 13:40,2025-11-20 14:03,2025-11-20 13:36,2025-11-20 14:11,2025-11-20 13:40,2025-11-20 14:03,23.0,full overlap,Low,Online Meeting,Conference Room A
CONF_3735,P092,Project Discussion,Project Discussion,2025-11-13 11:35,2025-11-13 12:12,2025-11-13 11:39,2025-11-13 12:14,2025-11-13 11:39,2025-11-13 12:12,33.0,partial overlap,Medium,Conference Room C,Product Showcase
CONF_3736,P095,Project Discussion,Operations Check,2025-11-18 12:30,2025-11-18 13:22,2025-11-18 12:26,2025-11-18 13:23,2025-11-18 12:30,2025-11-18 13:22,52.0,full overlap,Medium,Online Meeting,Client Reception
CONF_3737,P095,Project Discussion,One-on-One,2025-11-18 12:30,2025-11-18 13:22,2025-11-18 12:31,2025-11-18 13:24,2025-11-18 12:31,2025-11-18 13:22,51.0,partial overlap,Medium,Online Meeting,Online Meeting
CONF_3738,P057,Testing Acceptance,Team Building,2025-11-18 14:39,2025-11-18 15:21,2025-11-18 14:36,2025-11-18 15:34,2025-11-18 14:39,2025-11-18 15:21,42.0,full overlap,Medium,Online Meeting,Training Room
CONF_3739,P010,Operations Check,One-on-One,2025-11-13 15:46,2025-11-13 16:40,2025-11-13 15:46,2025-11-13 16:07,2025-11-13 15:46,2025-11-13 16:07,21.0,full overlap,Low,Client Reception,Break Room
CONF_3740,P013,Requirements Analysis,Requirements Analysis,2025-11-14 16:06,2025-11-14 16:23,2025-11-14 16:15,2025-11-14 17:11,2025-11-14 16:15,2025-11-14 16:23,8.0,partial overlap,Low,Remote,Online Meeting
CONF_3741,P013,Requirements Analysis,Team Building,2025-11-14 16:06,2025-11-14 16:23,2025-11-14 16:06,2025-11-14 16:24,2025-11-14 16:06,2025-11-14 16:23,17.0,full overlap,Low,Remote,Demo Hall
CONF_3742,P012,Client Visit,Meeting,2025-11-15 11:53,2025-11-15 12:33,2025-11-15 12:12,2025-11-15 13:11,2025-11-15 12:12,2025-11-15 12:33,21.0,partial overlap,Low,Product Showcase,Product Showcase
CONF_3743,P025,Client Visit,One-on-One,2025-11-22 14:26,2025-11-22 14:46,2025-11-22 14:24,2025-11-22 15:18,2025-11-22 14:26,2025-11-22 14:46,20.0,full overlap,Low,Cafe,Office Area 1
CONF_3744,P046,Deployment,Client Visit,2025-11-25 11:43,2025-11-25 12:19,2025-11-25 12:09,2025-11-25 13:09,2025-11-25 12:09,2025-11-25 12:19,10.0,partial overlap,Low,Cafe,Product Showcase
CONF_3745,P081,Client Visit,Code Review,2025-11-25 19:09,2025-11-25 19:51,2025-11-25 19:25,2025-11-25 19:54,2025-11-25 19:25,2025-11-25 19:51,26.0,partial overlap,Low,Demo Hall,Test Lab
CONF_3746,P043,Code Review,Client Visit,2025-11-17 12:10,2025-11-17 12:28,2025-11-17 12:01,2025-11-17 12:37,2025-11-17 12:10,2025-11-17 12:28,18.0,full overlap,Low,R&D Center,Training Room
CONF_3747,P062,Testing Acceptance,Project Discussion,2025-11-19 17:53,2025-11-19 18:35,2025-11-19 18:05,2025-11-19 18:46,2025-11-19 18:05,2025-11-19 18:35,30.0,partial overlap,Medium,Conference Room B,Cafe
CONF_3748,P013,One-on-One,Product Demo,2025-11-24 18:42,2025-11-24 19:13,2025-11-24 19:11,2025-11-24 20:11,2025-11-24 19:11,2025-11-24 19:13,2.0,partial overlap,Low,Test Lab,Office Area 2
CONF_3749,P044,Testing Acceptance,Tech Sharing,2025-11-22 16:19,2025-11-22 16:37,2025-11-22 16:15,2025-11-22 17:07,2025-11-22 16:19,2025-11-22 16:37,18.0,full overlap,Low,Conference Room B,R&D Center
CONF_3750,P022,Operations Check,Design Review,2025-11-20 15:30,2025-11-20 15:59,2025-11-20 15:36,2025-11-20 16:15,2025-11-20 15:36,2025-11-20 15:59,23.0,partial overlap,Low,R&D Center,Conference Room C
CONF_3751,P007,Design Review,Design Review,2025-11-13 16:58,2025-11-13 17:44,2025-11-13 16:36,2025-11-13 17:32,2025-11-13 16:58,2025-11-13 17:32,34.0,partial overlap,Medium,Office Area 2,Office Area 1
CONF_3752,P013,Requirements Analysis,Team Building,2025-11-14 16:15,2025-11-14 17:11,2025-11-14 16:06,2025-11-14 16:24,2025-11-14 16:15,2025-11-14 16:24,9.0,partial overlap,Low,Online Meeting,Demo Hall
CONF_3753,P043,Client Visit,Project Discussion,2025-11-18 16:38,2025-11-18 17:21,2025-11-18 16:50,2025-11-18 17:14,2025-11-18 16:50,2025-11-18 17:14,24.0,full overlap,Low,Conference Room C,Remote
CONF_3754,P005,Testing Acceptance,Client Visit,2025-11-20 10:54,2025-11-20 11:46,2025-11-20 11:10,2025-11-20 11:36,2025-11-20 11:10,2025-11-20 11:36,26.0,full overlap,Low,Break Room,Test Lab
CONF_3755,P028,Client Visit,One-on-One,2025-11-13 17:38,2025-11-13 17:58,2025-11-13 17:39,2025-11-13 17:54,2025-11-13 17:39,2025-11-13 17:54,15.0,full overlap,Low,Break Room,Product Showcase
CONF_3756,P017,Deployment,Product Demo,2025-11-17 14:57,2025-11-17 15:43,2025-11-17 15:08,2025-11-17 15:30,2025-11-17 15:08,2025-11-17 15:30,22.0,full overlap,Low,Cafe,Cafe
CONF_3757,P015,Project Discussion,Training,2025-11-20 13:19,2025-11-20 13:53,2025-11-20 13:08,2025-11-20 14:06,2025-11-20 13:19,2025-11-20 13:53,34.0,full overlap,Medium,Client Reception,Test Lab
CONF_3758,P070,One-on-One,Operations Check,2025-11-23 11:41,2025-11-23 12:18,2025-11-23 11:43,2025-11-23 12:42,2025-11-23 11:43,2025-11-23 12:18,35.0,partial overlap,Medium,Conference Room C,Cafe
CONF_3759,P098,Requirements Analysis,Product Demo,2025-11-19 16:20,2025-11-19 16:35,2025-11-19 16:16,2025-11-19 16:56,2025-11-19 16:20,2025-11-19 16:35,15.0,full overlap,Low,R&D Center,Office Area 2
CONF_3760,P061,Code Review,Code Review,2025-11-20 17:52,2025-11-20 18:30,2025-11-20 18:22,2025-11-20 19:03,2025-11-20 18:22,2025-11-20 18:30,8.0,partial overlap,Low,Online Meeting,Remote
CONF_3761,P095,Operations Check,One-on-One,2025-11-18 12:26,2025-11-18 13:23,2025-11-18 12:31,2025-11-18 13:24,2025-11-18 12:31,2025-11-18 13:23,52.0,partial overlap,Medium,Client Reception,Online Meeting
CONF_3762,P077,Requirements Analysis,Brainstorming,2025-11-20 11:23,2025-11-20 12:01,2025-11-20 11:07,2025-11-20 12:01,2025-11-20 11:23,2025-11-20 12:01,38.0,full overlap,Medium,Product Showcase,Office Area 2
CONF_3763,P068,Requirements Analysis,Client Visit,2025-11-19 11:58,2025-11-19 12:46,2025-11-19 12:24,2025-11-19 12:53,2025-11-19 12:24,2025-11-19 12:46,22.0,partial overlap,Low,Break Room,Cafe
CONF_3764,P059,Design Review,Requirements Analysis,2025-11-15 17:46,2025-11-15 18:17,2025-11-15 17:47,2025-11-15 18:21,2025-11-15 17:47,2025-11-15 18:17,30.0,partial overlap,Medium,Conference Room A,Client Reception
CONF_3765,P028,Deployment,Team Building,2025-11-21 18:35,2025-11-21 19:22,2025-11-21 18:55,2025-11-21 19:24,2025-11-21 18:55,2025-11-21 19:22,27.0,partial overlap,Low,R&D Center,Office Area 1
CONF_3766,P087,Code Review,Project Discussion,2025-11-17 13:24,2025-11-17 13:50,2025-11-17 13:37,2025-11-17 14:11,2025-11-17 13:37,2025-11-17 13:50,13.0,partial overlap,Low,Conference Room B,Client Reception
