Conflict ID,Person ID,Activity 1,Activity 2,Location 1,Location 2,Start Time 1,End Time 1,Start Time 2,End Time 2,Overlap Start,Overlap End,Overlap Duration (minutes),Conflict Type,Severity
1,P001,Deployment,Team Building,Online Meeting,Break Room,2025-09-19 09:30,2025-09-19 11:00,2025-09-19 10:30,2025-09-19 11:00,2025-09-19 10:30,2025-09-19 11:00,30.00,containment,Medium
2,P001,Product Demo,Project Discussion,Conference Room C,Product Showcase,2025-09-20 13:15,2025-09-20 13:45,2025-09-20 13:29,2025-09-20 14:13,2025-09-20 13:29,2025-09-20 13:45,16.00,partial_overlap,Medium
3,P001,Operations Check,Training,Demo Hall,Break Room,2025-09-25 10:45,2025-09-25 11:30,2025-09-25 11:07,2025-09-25 11:35,2025-09-25 11:07,2025-09-25 11:30,23.00,partial_overlap,Medium
4,P001,Product Demo,One-on-One,Office Area 1,Office Area 2,2025-09-25 18:30,2025-09-25 19:15,2025-09-25 18:00,2025-09-25 19:00,2025-09-25 18:30,2025-09-25 19:00,30.00,partial_overlap,Medium
5,P001,One-on-One,Tech Sharing,Client Reception,Demo Hall,2025-09-25 12:00,2025-09-25 12:45,2025-09-25 11:45,2025-09-25 12:30,2025-09-25 12:00,2025-09-25 12:30,30.00,partial_overlap,Medium
6,P001,One-on-One,Product Demo,Client Reception,Client Reception,2025-09-25 12:00,2025-09-25 12:45,2025-09-25 12:00,2025-09-25 12:45,2025-09-25 12:00,2025-09-25 12:45,45.00,containment,Medium
7,P001,Testing Acceptance,Testing Acceptance,Test Lab,Office Area 2,2025-09-23 11:00,2025-09-23 12:00,2025-09-23 11:30,2025-09-23 12:30,2025-09-23 11:30,2025-09-23 12:00,30.00,partial_overlap,Medium
8,P001,Testing Acceptance,Tech Sharing,Test Lab,Break Room,2025-09-23 11:00,2025-09-23 12:00,2025-09-23 11:48,2025-09-23 12:24,2025-09-23 11:48,2025-09-23 12:00,12.00,partial_overlap,Low
9,P001,Operations Check,Code Review,R&D Center,Office Area 2,2025-09-24 14:00,2025-09-24 14:45,2025-09-24 14:15,2025-09-24 15:15,2025-09-24 14:15,2025-09-24 14:45,30.00,partial_overlap,Medium
10,P001,Training,Training,Demo Hall,Product Showcase,2025-09-28 15:45,2025-09-28 16:30,2025-09-28 16:00,2025-09-28 16:30,2025-09-28 16:00,2025-09-28 16:30,30.00,containment,Medium
11,P001,Training,Requirements Analysis,Demo Hall,Conference Room A,2025-09-28 15:45,2025-09-28 16:30,2025-09-28 16:11,2025-09-28 16:40,2025-09-28 16:11,2025-09-28 16:30,19.00,partial_overlap,Medium
12,P001,Code Review,One-on-One,Client Reception,Office Area 2,2025-09-25 17:30,2025-09-25 18:15,2025-09-25 18:00,2025-09-25 19:00,2025-09-25 18:00,2025-09-25 18:15,15.00,partial_overlap,Medium
13,P001,Code Review,Code Review,Client Reception,Client Reception,2025-09-25 17:30,2025-09-25 18:15,2025-09-25 17:43,2025-09-25 18:09,2025-09-25 17:43,2025-09-25 18:09,26.00,containment,Medium
14,P001,Code Review,Design Review,Client Reception,Break Room,2025-09-25 17:30,2025-09-25 18:15,2025-09-25 17:15,2025-09-25 18:00,2025-09-25 17:30,2025-09-25 18:00,30.00,partial_overlap,Medium
15,P001,One-on-One,Code Review,Office Area 2,Client Reception,2025-09-25 18:00,2025-09-25 19:00,2025-09-25 17:43,2025-09-25 18:09,2025-09-25 18:00,2025-09-25 18:09,9.00,partial_overlap,Low
16,P001,Testing Acceptance,Tech Sharing,Office Area 2,Break Room,2025-09-23 11:30,2025-09-23 12:30,2025-09-23 11:48,2025-09-23 12:24,2025-09-23 11:48,2025-09-23 12:24,36.00,containment,Medium
17,P001,Code Review,Design Review,Client Reception,Break Room,2025-09-25 17:43,2025-09-25 18:09,2025-09-25 17:15,2025-09-25 18:00,2025-09-25 17:43,2025-09-25 18:00,17.00,partial_overlap,Medium
18,P001,Tech Sharing,Requirements Analysis,Conference Room A,Product Showcase,2025-09-26 11:00,2025-09-26 11:45,2025-09-26 11:11,2025-09-26 11:48,2025-09-26 11:11,2025-09-26 11:45,34.00,partial_overlap,Medium
19,P001,Tech Sharing,Product Demo,Demo Hall,Client Reception,2025-09-25 11:45,2025-09-25 12:30,2025-09-25 12:00,2025-09-25 12:45,2025-09-25 12:00,2025-09-25 12:30,30.00,partial_overlap,Medium
20,P001,Training,Requirements Analysis,Product Showcase,Conference Room A,2025-09-28 16:00,2025-09-28 16:30,2025-09-28 16:11,2025-09-28 16:40,2025-09-28 16:11,2025-09-28 16:30,19.00,partial_overlap,Medium
21,P001,Tech Sharing,Brainstorming,Cafe,Conference Room C,2025-10-03 13:15,2025-10-03 13:45,2025-10-03 13:15,2025-10-03 14:00,2025-10-03 13:15,2025-10-03 13:45,30.00,containment,Medium
22,P001,Tech Sharing,Training,Cafe,Remote,2025-10-03 13:15,2025-10-03 13:45,2025-10-03 12:45,2025-10-03 13:30,2025-10-03 13:15,2025-10-03 13:30,15.00,partial_overlap,Medium
23,P001,Code Review,Meeting,Product Showcase,Office Area 1,2025-10-02 13:00,2025-10-02 13:45,2025-10-02 13:00,2025-10-02 13:30,2025-10-02 13:00,2025-10-02 13:30,30.00,containment,Medium
24,P001,Requirements Analysis,Deployment,Demo Hall,Test Lab,2025-09-30 14:00,2025-09-30 14:45,2025-09-30 14:15,2025-09-30 15:00,2025-09-30 14:15,2025-09-30 14:45,30.00,partial_overlap,Medium
25,P001,Operations Check,Operations Check,Remote,Remote,2025-10-02 08:30,2025-10-02 09:15,2025-10-02 09:00,2025-10-02 09:45,2025-10-02 09:00,2025-10-02 09:15,15.00,partial_overlap,Medium
26,P001,Operations Check,Team Building,Remote,Training Room,2025-10-02 08:30,2025-10-02 09:15,2025-10-02 08:30,2025-10-02 09:00,2025-10-02 08:30,2025-10-02 09:00,30.00,containment,Medium
27,P001,Testing Acceptance,Client Visit,Training Room,Test Lab,2025-10-01 11:15,2025-10-01 11:30,2025-10-01 10:45,2025-10-01 11:30,2025-10-01 11:15,2025-10-01 11:30,15.00,containment,Medium
28,P001,Testing Acceptance,Deployment,Training Room,Conference Room B,2025-10-01 11:15,2025-10-01 11:30,2025-10-01 11:15,2025-10-01 11:30,2025-10-01 11:15,2025-10-01 11:30,15.00,containment,Medium
29,P001,Project Discussion,Project Discussion,Client Reception,Conference Room C,2025-10-05 14:00,2025-10-05 14:45,2025-10-05 14:00,2025-10-05 15:00,2025-10-05 14:00,2025-10-05 14:45,45.00,containment,Medium
30,P001,Project Discussion,Meeting,Client Reception,Conference Room A,2025-10-05 14:00,2025-10-05 14:45,2025-10-05 14:19,2025-10-05 15:18,2025-10-05 14:19,2025-10-05 14:45,26.00,partial_overlap,Medium
31,P001,Tech Sharing,Design Review,Cafe,Office Area 2,2025-10-02 18:30,2025-10-02 19:15,2025-10-02 18:51,2025-10-02 19:25,2025-10-02 18:51,2025-10-02 19:15,24.00,partial_overlap,Medium
32,P001,Brainstorming,Training,Conference Room C,Remote,2025-10-03 13:15,2025-10-03 14:00,2025-10-03 12:45,2025-10-03 13:30,2025-10-03 13:15,2025-10-03 13:30,15.00,partial_overlap,Medium
33,P001,Client Visit,Deployment,Test Lab,Conference Room B,2025-10-01 10:45,2025-10-01 11:30,2025-10-01 11:15,2025-10-01 11:30,2025-10-01 11:15,2025-10-01 11:30,15.00,containment,Medium
34,P001,Design Review,Operations Check,R&D Center,Test Lab,2025-10-02 09:45,2025-10-02 10:00,2025-10-02 09:45,2025-10-02 10:30,2025-10-02 09:45,2025-10-02 10:00,15.00,containment,Medium
35,P001,Meeting,Training,Product Showcase,Office Area 1,2025-10-08 13:30,2025-10-08 14:00,2025-10-08 13:57,2025-10-08 14:20,2025-10-08 13:57,2025-10-08 14:00,3.00,partial_overlap,Low
36,P001,Client Visit,Deployment,Client Reception,Online Meeting,2025-10-02 15:15,2025-10-02 16:00,2025-10-02 15:40,2025-10-02 16:19,2025-10-02 15:40,2025-10-02 16:00,20.00,partial_overlap,Medium
37,P001,Team Building,Product Demo,Product Showcase,Remote,2025-10-08 11:00,2025-10-08 11:45,2025-10-08 11:00,2025-10-08 12:30,2025-10-08 11:00,2025-10-08 11:45,45.00,containment,Medium
38,P001,Team Building,Testing Acceptance,Product Showcase,Cafe,2025-10-08 11:00,2025-10-08 11:45,2025-10-08 11:25,2025-10-08 11:45,2025-10-08 11:25,2025-10-08 11:45,20.00,containment,Medium
39,P001,Project Discussion,Meeting,Conference Room C,Conference Room A,2025-10-05 14:00,2025-10-05 15:00,2025-10-05 14:19,2025-10-05 15:18,2025-10-05 14:19,2025-10-05 15:00,41.00,partial_overlap,Medium
40,P001,Product Demo,Testing Acceptance,Remote,Cafe,2025-10-08 11:00,2025-10-08 12:30,2025-10-08 11:25,2025-10-08 11:45,2025-10-08 11:25,2025-10-08 11:45,20.00,containment,Medium
41,P001,Team Building,Code Review,Conference Room B,Office Area 1,2025-10-12 15:00,2025-10-12 15:30,2025-10-12 15:00,2025-10-12 15:45,2025-10-12 15:00,2025-10-12 15:30,30.00,containment,Medium
42,P001,Design Review,Operations Check,Product Showcase,Online Meeting,2025-10-15 08:15,2025-10-15 09:15,2025-10-15 09:00,2025-10-15 09:30,2025-10-15 09:00,2025-10-15 09:15,15.00,partial_overlap,Medium
43,P001,Code Review,Brainstorming,Office Area 1,Client Reception,2025-10-16 14:15,2025-10-16 15:15,2025-10-16 14:41,2025-10-16 15:34,2025-10-16 14:41,2025-10-16 15:15,34.00,partial_overlap,Medium
44,P001,Requirements Analysis,Testing Acceptance,Test Lab,Product Showcase,2025-10-18 08:45,2025-10-18 09:45,2025-10-18 09:00,2025-10-18 10:00,2025-10-18 09:00,2025-10-18 09:45,45.00,partial_overlap,Medium
45,P001,Team Building,Meeting,Office Area 2,Conference Room A,2025-10-12 11:30,2025-10-12 12:30,2025-10-12 12:15,2025-10-12 12:45,2025-10-12 12:15,2025-10-12 12:30,15.00,partial_overlap,Medium
46,P001,Product Demo,Client Visit,Cafe,Cafe,2025-10-15 09:30,2025-10-15 10:15,2025-10-15 09:50,2025-10-15 10:14,2025-10-15 09:50,2025-10-15 10:14,24.00,containment,Medium
47,P001,Operations Check,One-on-One,Conference Room C,Conference Room B,2025-10-15 16:30,2025-10-15 17:00,2025-10-15 15:45,2025-10-15 16:45,2025-10-15 16:30,2025-10-15 16:45,15.00,partial_overlap,Medium
48,P001,Operations Check,Operations Check,Conference Room C,Break Room,2025-10-15 16:30,2025-10-15 17:00,2025-10-15 16:43,2025-10-15 17:02,2025-10-15 16:43,2025-10-15 17:00,17.00,partial_overlap,Medium
49,P001,One-on-One,Operations Check,Conference Room B,Break Room,2025-10-15 15:45,2025-10-15 16:45,2025-10-15 16:43,2025-10-15 17:02,2025-10-15 16:43,2025-10-15 16:45,2.00,partial_overlap,Low
50,P001,Design Review,Product Demo,Conference Room B,Online Meeting,2025-10-16 17:30,2025-10-16 18:30,2025-10-16 17:36,2025-10-16 18:10,2025-10-16 17:36,2025-10-16 18:10,34.00,containment,Medium
51,P001,Project Discussion,Design Review,Conference Room A,Conference Room A,2025-10-16 11:30,2025-10-16 12:30,2025-10-16 11:15,2025-10-16 11:45,2025-10-16 11:30,2025-10-16 11:45,15.00,partial_overlap,Medium
52,P001,Code Review,Design Review,Break Room,Conference Room A,2025-10-21 11:15,2025-10-21 11:45,2025-10-21 11:31,2025-10-21 12:17,2025-10-21 11:31,2025-10-21 11:45,14.00,partial_overlap,Low
53,P001,Design Review,Design Review,Demo Hall,Conference Room A,2025-10-21 12:00,2025-10-21 12:30,2025-10-21 11:31,2025-10-21 12:17,2025-10-21 12:00,2025-10-21 12:17,17.00,partial_overlap,Medium
54,P001,Client Visit,Training,Break Room,Conference Room B,2025-10-23 09:00,2025-10-23 09:30,2025-10-23 08:45,2025-10-23 09:30,2025-10-23 09:00,2025-10-23 09:30,30.00,containment,Medium
55,P001,Client Visit,Requirements Analysis,Test Lab,Cafe,2025-10-22 08:15,2025-10-22 09:15,2025-10-22 08:30,2025-10-22 09:15,2025-10-22 08:30,2025-10-22 09:15,45.00,containment,Medium
56,P001,Project Discussion,Client Visit,Remote,Conference Room C,2025-10-23 09:30,2025-10-23 10:30,2025-10-23 09:30,2025-10-23 10:00,2025-10-23 09:30,2025-10-23 10:00,30.00,containment,Medium
57,P001,Tech Sharing,Design Review,Cafe,Break Room,2025-10-23 18:30,2025-10-23 19:15,2025-10-23 18:50,2025-10-23 19:21,2025-10-23 18:50,2025-10-23 19:15,25.00,partial_overlap,Medium
58,P001,Client Visit,Project Discussion,Client Reception,Remote,2025-10-24 10:45,2025-10-24 11:30,2025-10-24 10:45,2025-10-24 11:30,2025-10-24 10:45,2025-10-24 11:30,45.00,containment,Medium
59,P001,Code Review,Design Review,Conference Room A,Conference Room C,2025-10-23 15:45,2025-10-23 16:00,2025-10-23 15:30,2025-10-23 16:00,2025-10-23 15:45,2025-10-23 16:00,15.00,containment,Medium
60,P001,Design Review,Tech Sharing,Conference Room C,Conference Room C,2025-10-23 15:30,2025-10-23 16:00,2025-10-23 15:15,2025-10-23 15:31,2025-10-23 15:30,2025-10-23 15:31,1.00,partial_overlap,Low
61,P001,Code Review,Deployment,Client Reception,Office Area 2,2025-10-24 16:15,2025-10-24 16:45,2025-10-24 16:28,2025-10-24 16:59,2025-10-24 16:28,2025-10-24 16:45,17.00,partial_overlap,Medium
62,P001,Requirements Analysis,Training,Office Area 1,Conference Room C,2025-10-25 13:30,2025-10-25 14:00,2025-10-25 13:45,2025-10-25 14:15,2025-10-25 13:45,2025-10-25 14:00,15.00,partial_overlap,Medium
63,P001,Requirements Analysis,One-on-One,Office Area 2,Break Room,2025-10-24 18:15,2025-10-24 18:30,2025-10-24 18:00,2025-10-24 18:45,2025-10-24 18:15,2025-10-24 18:30,15.00,containment,Medium
64,P001,Product Demo,Tech Sharing,Test Lab,Conference Room C,2025-10-25 15:30,2025-10-25 16:15,2025-10-25 15:28,2025-10-25 15:56,2025-10-25 15:30,2025-10-25 15:56,26.00,partial_overlap,Medium
65,P001,Client Visit,One-on-One,Online Meeting,Client Reception,2025-10-31 18:00,2025-10-31 18:45,2025-10-31 18:14,2025-10-31 19:02,2025-10-31 18:14,2025-10-31 18:45,31.00,partial_overlap,Medium
66,P001,Tech Sharing,Team Building,Office Area 1,R&D Center,2025-10-30 13:17,2025-10-30 14:01,2025-10-30 13:15,2025-10-30 14:45,2025-10-30 13:17,2025-10-30 14:01,44.00,containment,Medium
67,P001,One-on-One,Design Review,Cafe,Office Area 2,2025-11-05 18:45,2025-11-05 19:45,2025-11-05 19:05,2025-11-05 19:57,2025-11-05 19:05,2025-11-05 19:45,40.00,partial_overlap,Medium
68,P001,One-on-One,Training,Cafe,Conference Room B,2025-11-05 18:45,2025-11-05 19:45,2025-11-05 19:17,2025-11-05 19:35,2025-11-05 19:17,2025-11-05 19:35,18.00,containment,Medium
69,P001,Team Building,Requirements Analysis,Online Meeting,Conference Room A,2025-11-02 16:45,2025-11-02 18:15,2025-11-02 17:30,2025-11-02 18:00,2025-11-02 17:30,2025-11-02 18:00,30.00,containment,Medium
70,P001,Team Building,One-on-One,Online Meeting,Conference Room C,2025-11-02 16:45,2025-11-02 18:15,2025-11-02 17:45,2025-11-02 18:45,2025-11-02 17:45,2025-11-02 18:15,30.00,partial_overlap,Medium
71,P001,Requirements Analysis,One-on-One,Conference Room A,Conference Room C,2025-11-02 17:30,2025-11-02 18:00,2025-11-02 17:45,2025-11-02 18:45,2025-11-02 17:45,2025-11-02 18:00,15.00,partial_overlap,Medium
72,P001,Design Review,Training,Office Area 2,Conference Room B,2025-11-05 19:05,2025-11-05 19:57,2025-11-05 19:17,2025-11-05 19:35,2025-11-05 19:17,2025-11-05 19:35,18.00,containment,Medium
73,P001,Training,Design Review,Office Area 1,Break Room,2025-11-11 16:45,2025-11-11 17:45,2025-11-11 16:15,2025-11-11 17:15,2025-11-11 16:45,2025-11-11 17:15,30.00,partial_overlap,Medium
74,P001,One-on-One,Training,Conference Room A,R&D Center,2025-11-08 15:00,2025-11-08 15:45,2025-11-08 14:45,2025-11-08 15:15,2025-11-08 15:00,2025-11-08 15:15,15.00,partial_overlap,Medium
75,P001,Code Review,Operations Check,R&D Center,Demo Hall,2025-11-13 14:15,2025-11-13 14:45,2025-11-13 14:15,2025-11-13 15:00,2025-11-13 14:15,2025-11-13 14:45,30.00,containment,Medium
76,P001,Brainstorming,Design Review,Office Area 2,Break Room,2025-11-12 15:45,2025-11-12 16:15,2025-11-12 16:11,2025-11-12 16:35,2025-11-12 16:11,2025-11-12 16:15,4.00,partial_overlap,Low
77,P001,Requirements Analysis,Design Review,Training Room,Test Lab,2025-11-13 08:00,2025-11-13 08:45,2025-11-13 08:15,2025-11-13 08:30,2025-11-13 08:15,2025-11-13 08:30,15.00,containment,Medium
78,P001,Design Review,Requirements Analysis,R&D Center,Product Showcase,2025-11-14 17:00,2025-11-14 18:00,2025-11-14 17:45,2025-11-14 18:45,2025-11-14 17:45,2025-11-14 18:00,15.00,partial_overlap,Medium
79,P001,Training,Deployment,R&D Center,Client Reception,2025-11-12 10:45,2025-11-12 11:15,2025-11-12 11:00,2025-11-12 11:45,2025-11-12 11:00,2025-11-12 11:15,15.00,partial_overlap,Medium
80,P001,Requirements Analysis,Product Demo,Product Showcase,R&D Center,2025-11-14 17:45,2025-11-14 18:45,2025-11-14 18:30,2025-11-14 19:15,2025-11-14 18:30,2025-11-14 18:45,15.00,partial_overlap,Medium
81,P001,Deployment,Project Discussion,Client Reception,Office Area 1,2025-11-12 11:00,2025-11-12 11:45,2025-11-12 11:17,2025-11-12 12:17,2025-11-12 11:17,2025-11-12 11:45,28.00,partial_overlap,Medium
82,P001,Training,Product Demo,Remote,Office Area 1,2025-11-16 12:00,2025-11-16 12:30,2025-11-16 12:14,2025-11-16 13:02,2025-11-16 12:14,2025-11-16 12:30,16.00,partial_overlap,Medium
83,P001,Client Visit,Training,Test Lab,Client Reception,2025-11-15 09:00,2025-11-15 09:45,2025-11-15 09:27,2025-11-15 09:51,2025-11-15 09:27,2025-11-15 09:45,18.00,partial_overlap,Medium
84,P001,Client Visit,Brainstorming,Test Lab,Conference Room C,2025-11-15 09:00,2025-11-15 09:45,2025-11-15 09:05,2025-11-15 09:39,2025-11-15 09:05,2025-11-15 09:39,34.00,containment,Medium
85,P001,Client Visit,Requirements Analysis,Test Lab,Demo Hall,2025-11-15 09:00,2025-11-15 09:45,2025-11-15 09:39,2025-11-15 10:31,2025-11-15 09:39,2025-11-15 09:45,6.00,partial_overlap,Low
86,P001,Client Visit,Team Building,Test Lab,Break Room,2025-11-15 09:00,2025-11-15 09:45,2025-11-15 09:33,2025-11-15 10:33,2025-11-15 09:33,2025-11-15 09:45,12.00,partial_overlap,Low
87,P001,One-on-One,Training,Online Meeting,Client Reception,2025-11-14 08:45,2025-11-14 09:30,2025-11-14 08:56,2025-11-14 09:53,2025-11-14 08:56,2025-11-14 09:30,34.00,partial_overlap,Medium
88,P001,Client Visit,Deployment,Online Meeting,Cafe,2025-11-19 09:00,2025-11-19 09:45,2025-11-19 09:07,2025-11-19 09:58,2025-11-19 09:07,2025-11-19 09:45,38.00,partial_overlap,Medium
89,P001,Brainstorming,Team Building,Cafe,Break Room,2025-11-20 13:30,2025-11-20 13:45,2025-11-20 13:30,2025-11-20 13:45,2025-11-20 13:30,2025-11-20 13:45,15.00,containment,Medium
90,P001,Training,Brainstorming,Client Reception,Conference Room C,2025-11-15 09:27,2025-11-15 09:51,2025-11-15 09:05,2025-11-15 09:39,2025-11-15 09:27,2025-11-15 09:39,12.00,partial_overlap,Low
91,P001,Training,Requirements Analysis,Client Reception,Demo Hall,2025-11-15 09:27,2025-11-15 09:51,2025-11-15 09:39,2025-11-15 10:31,2025-11-15 09:39,2025-11-15 09:51,12.00,partial_overlap,Low
92,P001,Training,Team Building,Client Reception,Break Room,2025-11-15 09:27,2025-11-15 09:51,2025-11-15 09:33,2025-11-15 10:33,2025-11-15 09:33,2025-11-15 09:51,18.00,partial_overlap,Medium
93,P001,Brainstorming,Team Building,Conference Room C,Break Room,2025-11-15 09:05,2025-11-15 09:39,2025-11-15 09:33,2025-11-15 10:33,2025-11-15 09:33,2025-11-15 09:39,6.00,partial_overlap,Low
94,P001,Requirements Analysis,Team Building,Demo Hall,Break Room,2025-11-15 09:39,2025-11-15 10:31,2025-11-15 09:33,2025-11-15 10:33,2025-11-15 09:39,2025-11-15 10:31,52.00,containment,Medium
95,P002,Training,Operations Check,Office Area 1,Online Meeting,2025-09-13 12:15,2025-09-13 13:15,2025-09-13 12:30,2025-09-13 13:29,2025-09-13 12:30,2025-09-13 13:15,45.00,partial_overlap,Medium
96,P002,Team Building,Requirements Analysis,Remote,Office Area 2,2025-09-14 16:45,2025-09-14 18:15,2025-09-14 16:45,2025-09-14 17:45,2025-09-14 16:45,2025-09-14 17:45,60.00,containment,High
97,P002,Brainstorming,Deployment,Test Lab,Remote,2025-09-21 12:15,2025-09-21 13:45,2025-09-21 12:22,2025-09-21 12:47,2025-09-21 12:22,2025-09-21 12:47,25.00,containment,Medium
98,P002,Design Review,Meeting,Product Showcase,Online Meeting,2025-09-24 16:15,2025-09-24 17:00,2025-09-24 16:35,2025-09-24 16:50,2025-09-24 16:35,2025-09-24 16:50,15.00,containment,Medium
99,P002,Testing Acceptance,Client Visit,Demo Hall,Product Showcase,2025-09-21 10:15,2025-09-21 11:00,2025-09-21 10:00,2025-09-21 10:45,2025-09-21 10:15,2025-09-21 10:45,30.00,partial_overlap,Medium
100,P002,Deployment,Client Visit,Product Showcase,Conference Room A,2025-09-21 08:00,2025-09-21 09:00,2025-09-21 08:16,2025-09-21 09:06,2025-09-21 08:16,2025-09-21 09:00,44.00,partial_overlap,Medium
101,P002,Training,One-on-One,Office Area 2,Online Meeting,2025-09-26 09:15,2025-09-26 10:15,2025-09-26 09:00,2025-09-26 09:45,2025-09-26 09:15,2025-09-26 09:45,30.00,partial_overlap,Medium
102,P002,Training,Testing Acceptance,Office Area 2,Client Reception,2025-09-26 09:15,2025-09-26 10:15,2025-09-26 09:00,2025-09-26 09:45,2025-09-26 09:15,2025-09-26 09:45,30.00,partial_overlap,Medium
103,P002,Training,Code Review,Office Area 2,Test Lab,2025-09-26 09:15,2025-09-26 10:15,2025-09-26 09:12,2025-09-26 09:45,2025-09-26 09:15,2025-09-26 09:45,30.00,partial_overlap,Medium
104,P002,Training,Deployment,Break Room,Test Lab,2025-09-24 12:15,2025-09-24 12:45,2025-09-24 12:40,2025-09-24 13:14,2025-09-24 12:40,2025-09-24 12:45,5.00,partial_overlap,Low
105,P002,Training,Tech Sharing,Break Room,Cafe,2025-09-24 12:15,2025-09-24 12:45,2025-09-24 12:20,2025-09-24 13:01,2025-09-24 12:20,2025-09-24 12:45,25.00,partial_overlap,Medium
106,P002,Tech Sharing,Testing Acceptance,Office Area 1,Product Showcase,2025-09-23 17:15,2025-09-23 18:00,2025-09-23 16:45,2025-09-23 17:45,2025-09-23 17:15,2025-09-23 17:45,30.00,partial_overlap,Medium
107,P002,One-on-One,Testing Acceptance,Online Meeting,Client Reception,2025-09-26 09:00,2025-09-26 09:45,2025-09-26 09:00,2025-09-26 09:45,2025-09-26 09:00,2025-09-26 09:45,45.00,containment,Medium
108,P002,One-on-One,Code Review,Online Meeting,Test Lab,2025-09-26 09:00,2025-09-26 09:45,2025-09-26 09:12,2025-09-26 09:45,2025-09-26 09:12,2025-09-26 09:45,33.00,containment,Medium
109,P002,Design Review,Product Demo,Remote,Office Area 1,2025-09-26 14:45,2025-09-26 15:15,2025-09-26 14:30,2025-09-26 15:15,2025-09-26 14:45,2025-09-26 15:15,30.00,containment,Medium
110,P002,Brainstorming,Team Building,Product Showcase,Training Room,2025-09-25 13:00,2025-09-25 13:45,2025-09-25 13:15,2025-09-25 14:00,2025-09-25 13:15,2025-09-25 13:45,30.00,partial_overlap,Medium
111,P002,Requirements Analysis,Project Discussion,Office Area 1,Training Room,2025-09-25 17:45,2025-09-25 18:15,2025-09-25 17:30,2025-09-25 18:15,2025-09-25 17:45,2025-09-25 18:15,30.00,containment,Medium
112,P002,Code Review,Client Visit,Client Reception,Cafe,2025-09-28 11:15,2025-09-28 12:00,2025-09-28 11:15,2025-09-28 12:00,2025-09-28 11:15,2025-09-28 12:00,45.00,containment,Medium
113,P002,Code Review,Brainstorming,Client Reception,Office Area 2,2025-09-28 11:15,2025-09-28 12:00,2025-09-28 11:15,2025-09-28 11:30,2025-09-28 11:15,2025-09-28 11:30,15.00,containment,Medium
114,P002,Testing Acceptance,Team Building,Remote,Training Room,2025-09-28 15:45,2025-09-28 16:15,2025-09-28 15:59,2025-09-28 16:59,2025-09-28 15:59,2025-09-28 16:15,16.00,partial_overlap,Medium
115,P002,Testing Acceptance,Design Review,Remote,Office Area 1,2025-09-28 15:45,2025-09-28 16:15,2025-09-28 16:00,2025-09-28 17:00,2025-09-28 16:00,2025-09-28 16:15,15.00,partial_overlap,Medium
116,P002,Testing Acceptance,Code Review,Client Reception,Test Lab,2025-09-26 09:00,2025-09-26 09:45,2025-09-26 09:12,2025-09-26 09:45,2025-09-26 09:12,2025-09-26 09:45,33.00,containment,Medium
117,P002,Client Visit,Brainstorming,Cafe,Office Area 2,2025-09-28 11:15,2025-09-28 12:00,2025-09-28 11:15,2025-09-28 11:30,2025-09-28 11:15,2025-09-28 11:30,15.00,containment,Medium
118,P002,Deployment,Tech Sharing,Test Lab,Cafe,2025-09-24 12:40,2025-09-24 13:14,2025-09-24 12:20,2025-09-24 13:01,2025-09-24 12:40,2025-09-24 13:01,21.00,partial_overlap,Medium
119,P002,Brainstorming,Code Review,Remote,Demo Hall,2025-10-01 16:00,2025-10-01 16:15,2025-10-01 15:45,2025-10-01 16:15,2025-10-01 16:00,2025-10-01 16:15,15.00,containment,Medium
120,P002,Brainstorming,Deployment,Remote,Remote,2025-10-01 16:00,2025-10-01 16:15,2025-10-01 15:09,2025-10-01 16:09,2025-10-01 16:00,2025-10-01 16:09,9.00,partial_overlap,Low
121,P002,Product Demo,Requirements Analysis,Product Showcase,Training Room,2025-10-01 17:30,2025-10-01 17:45,2025-10-01 17:12,2025-10-01 18:04,2025-10-01 17:30,2025-10-01 17:45,15.00,containment,Medium
122,P002,Deployment,Operations Check,Product Showcase,Online Meeting,2025-09-29 10:00,2025-09-29 10:30,2025-09-29 09:30,2025-09-29 10:15,2025-09-29 10:00,2025-09-29 10:15,15.00,partial_overlap,Medium
123,P002,Brainstorming,Testing Acceptance,Conference Room A,Office Area 2,2025-09-30 15:00,2025-09-30 15:30,2025-09-30 15:15,2025-09-30 15:45,2025-09-30 15:15,2025-09-30 15:30,15.00,partial_overlap,Medium
124,P002,Training,Requirements Analysis,R&D Center,Training Room,2025-10-01 17:15,2025-10-01 17:30,2025-10-01 17:12,2025-10-01 18:04,2025-10-01 17:15,2025-10-01 17:30,15.00,containment,Medium
125,P002,Product Demo,Requirements Analysis,Conference Room A,Training Room,2025-10-01 16:45,2025-10-01 17:15,2025-10-01 17:12,2025-10-01 18:04,2025-10-01 17:12,2025-10-01 17:15,3.00,partial_overlap,Low
126,P002,Requirements Analysis,Meeting,R&D Center,Office Area 1,2025-10-04 13:00,2025-10-04 13:45,2025-10-04 13:16,2025-10-04 13:37,2025-10-04 13:16,2025-10-04 13:37,21.00,containment,Medium
127,P002,One-on-One,Operations Check,Online Meeting,Remote,2025-10-03 08:45,2025-10-03 09:30,2025-10-03 09:04,2025-10-03 09:48,2025-10-03 09:04,2025-10-03 09:30,26.00,partial_overlap,Medium
128,P002,Code Review,Deployment,Demo Hall,Remote,2025-10-01 15:45,2025-10-01 16:15,2025-10-01 15:09,2025-10-01 16:09,2025-10-01 15:45,2025-10-01 16:09,24.00,partial_overlap,Medium
129,P002,Brainstorming,Design Review,Conference Room A,Demo Hall,2025-10-06 14:45,2025-10-06 15:00,2025-10-06 14:30,2025-10-06 15:00,2025-10-06 14:45,2025-10-06 15:00,15.00,containment,Medium
130,P002,Team Building,Design Review,Training Room,Office Area 1,2025-09-28 15:59,2025-09-28 16:59,2025-09-28 16:00,2025-09-28 17:00,2025-09-28 16:00,2025-09-28 16:59,59.00,partial_overlap,Medium
131,P002,Testing Acceptance,Brainstorming,Demo Hall,Break Room,2025-10-07 18:00,2025-10-07 18:45,2025-10-07 17:30,2025-10-07 19:00,2025-10-07 18:00,2025-10-07 18:45,45.00,containment,Medium
132,P002,Testing Acceptance,Design Review,R&D Center,R&D Center,2025-10-09 15:45,2025-10-09 16:30,2025-10-09 16:15,2025-10-09 17:15,2025-10-09 16:15,2025-10-09 16:30,15.00,partial_overlap,Medium
133,P002,Testing Acceptance,Code Review,Remote,Office Area 1,2025-10-18 11:30,2025-10-18 12:15,2025-10-18 11:47,2025-10-18 12:07,2025-10-18 11:47,2025-10-18 12:07,20.00,containment,Medium
134,P002,Project Discussion,Meeting,Office Area 1,Office Area 1,2025-10-15 13:30,2025-10-15 14:30,2025-10-15 13:30,2025-10-15 14:15,2025-10-15 13:30,2025-10-15 14:15,45.00,containment,Medium
135,P002,Project Discussion,Team Building,Office Area 1,Remote,2025-10-15 13:30,2025-10-15 14:30,2025-10-15 14:00,2025-10-15 15:00,2025-10-15 14:00,2025-10-15 14:30,30.00,partial_overlap,Medium
136,P002,Requirements Analysis,Product Demo,Office Area 1,R&D Center,2025-10-14 08:15,2025-10-14 08:45,2025-10-14 08:15,2025-10-14 08:45,2025-10-14 08:15,2025-10-14 08:45,30.00,containment,Medium
137,P002,Testing Acceptance,Requirements Analysis,Product Showcase,Break Room,2025-10-13 16:15,2025-10-13 17:15,2025-10-13 16:45,2025-10-13 17:15,2025-10-13 16:45,2025-10-13 17:15,30.00,containment,Medium
138,P002,Project Discussion,Requirements Analysis,Client Reception,Break Room,2025-10-18 18:00,2025-10-18 18:30,2025-10-18 18:15,2025-10-18 18:45,2025-10-18 18:15,2025-10-18 18:30,15.00,partial_overlap,Medium
139,P002,Meeting,Team Building,Office Area 1,Remote,2025-10-15 13:30,2025-10-15 14:15,2025-10-15 14:00,2025-10-15 15:00,2025-10-15 14:00,2025-10-15 14:15,15.00,partial_overlap,Medium
140,P002,Brainstorming,Requirements Analysis,Online Meeting,Break Room,2025-10-18 18:30,2025-10-18 19:00,2025-10-18 18:15,2025-10-18 18:45,2025-10-18 18:30,2025-10-18 18:45,15.00,partial_overlap,Medium
141,P002,Client Visit,Operations Check,Break Room,Product Showcase,2025-10-22 14:00,2025-10-22 14:45,2025-10-22 14:00,2025-10-22 14:30,2025-10-22 14:00,2025-10-22 14:30,30.00,containment,Medium
142,P002,Client Visit,Design Review,Break Room,Online Meeting,2025-10-22 14:00,2025-10-22 14:45,2025-10-22 14:15,2025-10-22 14:30,2025-10-22 14:15,2025-10-22 14:30,15.00,containment,Medium
143,P002,Client Visit,Training,Break Room,R&D Center,2025-10-22 14:00,2025-10-22 14:45,2025-10-22 14:24,2025-10-22 15:09,2025-10-22 14:24,2025-10-22 14:45,21.00,partial_overlap,Medium
144,P002,Project Discussion,Tech Sharing,Office Area 1,R&D Center,2025-10-18 12:15,2025-10-18 13:15,2025-10-18 12:30,2025-10-18 13:30,2025-10-18 12:30,2025-10-18 13:15,45.00,partial_overlap,Medium
145,P002,Operations Check,Design Review,Product Showcase,Online Meeting,2025-10-22 14:00,2025-10-22 14:30,2025-10-22 14:15,2025-10-22 14:30,2025-10-22 14:15,2025-10-22 14:30,15.00,containment,Medium
146,P002,Operations Check,Training,Product Showcase,R&D Center,2025-10-22 14:00,2025-10-22 14:30,2025-10-22 14:24,2025-10-22 15:09,2025-10-22 14:24,2025-10-22 14:30,6.00,partial_overlap,Low
147,P002,Team Building,Meeting,Conference Room B,R&D Center,2025-10-25 13:30,2025-10-25 14:00,2025-10-25 13:45,2025-10-25 14:15,2025-10-25 13:45,2025-10-25 14:00,15.00,partial_overlap,Medium
148,P002,Team Building,Training,Conference Room B,Office Area 2,2025-10-25 13:30,2025-10-25 14:00,2025-10-25 13:30,2025-10-25 14:00,2025-10-25 13:30,2025-10-25 14:00,30.00,containment,Medium
149,P002,Design Review,Training,Online Meeting,R&D Center,2025-10-22 14:15,2025-10-22 14:30,2025-10-22 14:24,2025-10-22 15:09,2025-10-22 14:24,2025-10-22 14:30,6.00,partial_overlap,Low
150,P002,Deployment,Operations Check,Product Showcase,Conference Room A,2025-10-22 17:45,2025-10-22 18:30,2025-10-22 18:15,2025-10-22 19:13,2025-10-22 18:15,2025-10-22 18:30,15.00,partial_overlap,Medium
151,P002,Meeting,Training,R&D Center,Office Area 2,2025-10-25 13:45,2025-10-25 14:15,2025-10-25 13:30,2025-10-25 14:00,2025-10-25 13:45,2025-10-25 14:00,15.00,partial_overlap,Medium
152,P002,Operations Check,Team Building,Office Area 1,Break Room,2025-10-25 11:30,2025-10-25 12:00,2025-10-25 11:52,2025-10-25 12:20,2025-10-25 11:52,2025-10-25 12:00,8.00,partial_overlap,Low
153,P002,Product Demo,Team Building,Demo Hall,Break Room,2025-10-25 12:00,2025-10-25 12:45,2025-10-25 11:52,2025-10-25 12:20,2025-10-25 12:00,2025-10-25 12:20,20.00,partial_overlap,Medium
154,P002,Project Discussion,Deployment,Conference Room A,Conference Room A,2025-10-30 11:45,2025-10-30 12:30,2025-10-30 11:59,2025-10-30 12:46,2025-10-30 11:59,2025-10-30 12:30,31.00,partial_overlap,Medium
155,P002,Client Visit,Team Building,Remote,Conference Room C,2025-11-01 14:00,2025-11-01 14:45,2025-11-01 14:15,2025-11-01 15:15,2025-11-01 14:15,2025-11-01 14:45,30.00,partial_overlap,Medium
156,P002,Brainstorming,Training,Product Showcase,Test Lab,2025-10-29 17:30,2025-10-29 18:15,2025-10-29 16:45,2025-10-29 17:45,2025-10-29 17:30,2025-10-29 17:45,15.00,partial_overlap,Medium
157,P002,Brainstorming,Project Discussion,Product Showcase,Online Meeting,2025-10-29 17:30,2025-10-29 18:15,2025-10-29 17:45,2025-10-29 19:15,2025-10-29 17:45,2025-10-29 18:15,30.00,partial_overlap,Medium
158,P002,Brainstorming,Project Discussion,Product Showcase,R&D Center,2025-10-29 17:30,2025-10-29 18:15,2025-10-29 18:14,2025-10-29 18:37,2025-10-29 18:14,2025-10-29 18:15,1.00,partial_overlap,Low
159,P002,Deployment,Tech Sharing,Conference Room A,R&D Center,2025-10-30 11:59,2025-10-30 12:46,2025-10-30 12:45,2025-10-30 13:15,2025-10-30 12:45,2025-10-30 12:46,1.00,partial_overlap,Low
160,P002,Project Discussion,Project Discussion,Online Meeting,R&D Center,2025-10-29 17:45,2025-10-29 19:15,2025-10-29 18:14,2025-10-29 18:37,2025-10-29 18:14,2025-10-29 18:37,23.00,containment,Medium
161,P002,Project Discussion,Code Review,R&D Center,Demo Hall,2025-11-03 15:00,2025-11-03 16:30,2025-11-03 15:24,2025-11-03 16:08,2025-11-03 15:24,2025-11-03 16:08,44.00,containment,Medium
162,P002,Client Visit,Team Building,Conference Room B,Conference Room A,2025-11-07 18:15,2025-11-07 19:15,2025-11-07 18:45,2025-11-07 19:45,2025-11-07 18:45,2025-11-07 19:15,30.00,partial_overlap,Medium
163,P002,Design Review,Team Building,Training Room,Office Area 1,2025-11-01 11:00,2025-11-01 12:30,2025-11-01 11:20,2025-11-01 12:16,2025-11-01 11:20,2025-11-01 12:16,56.00,containment,Medium
164,P002,Design Review,Meeting,Client Reception,R&D Center,2025-11-08 14:30,2025-11-08 15:15,2025-11-08 14:46,2025-11-08 15:11,2025-11-08 14:46,2025-11-08 15:11,25.00,containment,Medium
165,P002,Testing Acceptance,Brainstorming,Remote,Conference Room C,2025-11-09 14:45,2025-11-09 15:15,2025-11-09 14:30,2025-11-09 15:15,2025-11-09 14:45,2025-11-09 15:15,30.00,containment,Medium
166,P002,Design Review,Tech Sharing,Test Lab,Test Lab,2025-11-12 12:30,2025-11-12 13:15,2025-11-12 12:15,2025-11-12 12:45,2025-11-12 12:30,2025-11-12 12:45,15.00,partial_overlap,Medium
167,P002,Team Building,Testing Acceptance,R&D Center,Client Reception,2025-11-10 18:15,2025-11-10 19:15,2025-11-10 18:00,2025-11-10 18:30,2025-11-10 18:15,2025-11-10 18:30,15.00,partial_overlap,Medium
168,P002,Team Building,Brainstorming,R&D Center,Cafe,2025-11-10 18:15,2025-11-10 19:15,2025-11-10 18:44,2025-11-10 19:43,2025-11-10 18:44,2025-11-10 19:15,31.00,partial_overlap,Medium
169,P002,Requirements Analysis,Team Building,Conference Room C,Client Reception,2025-11-14 13:30,2025-11-14 14:30,2025-11-14 14:15,2025-11-14 14:30,2025-11-14 14:15,2025-11-14 14:30,15.00,containment,Medium
170,P002,Requirements Analysis,Training,Conference Room C,Conference Room A,2025-11-14 13:30,2025-11-14 14:30,2025-11-14 14:20,2025-11-14 15:17,2025-11-14 14:20,2025-11-14 14:30,10.00,partial_overlap,Low
171,P002,Brainstorming,Deployment,Conference Room C,Office Area 2,2025-11-14 18:45,2025-11-14 19:30,2025-11-14 18:45,2025-11-14 19:15,2025-11-14 18:45,2025-11-14 19:15,30.00,containment,Medium
172,P002,Training,Testing Acceptance,Test Lab,Conference Room C,2025-11-13 10:30,2025-11-13 11:30,2025-11-13 10:45,2025-11-13 11:30,2025-11-13 10:45,2025-11-13 11:30,45.00,containment,Medium
173,P002,Training,Tech Sharing,Test Lab,Break Room,2025-11-13 10:30,2025-11-13 11:30,2025-11-13 10:52,2025-11-13 11:09,2025-11-13 10:52,2025-11-13 11:09,17.00,containment,Medium
174,P002,Training,Design Review,Test Lab,Online Meeting,2025-11-13 10:30,2025-11-13 11:30,2025-11-13 11:16,2025-11-13 11:39,2025-11-13 11:16,2025-11-13 11:30,14.00,partial_overlap,Low
175,P002,Testing Acceptance,Tech Sharing,Conference Room C,Break Room,2025-11-13 10:45,2025-11-13 11:30,2025-11-13 10:52,2025-11-13 11:09,2025-11-13 10:52,2025-11-13 11:09,17.00,containment,Medium
176,P002,Testing Acceptance,Design Review,Conference Room C,Online Meeting,2025-11-13 10:45,2025-11-13 11:30,2025-11-13 11:16,2025-11-13 11:39,2025-11-13 11:16,2025-11-13 11:30,14.00,partial_overlap,Low
177,P002,Team Building,Training,Client Reception,Conference Room A,2025-11-14 14:15,2025-11-14 14:30,2025-11-14 14:20,2025-11-14 15:17,2025-11-14 14:20,2025-11-14 14:30,10.00,partial_overlap,Low
178,P002,Brainstorming,Testing Acceptance,Demo Hall,Demo Hall,2025-11-21 08:30,2025-11-21 09:15,2025-11-21 08:30,2025-11-21 09:00,2025-11-21 08:30,2025-11-21 09:00,30.00,containment,Medium
179,P002,One-on-One,Team Building,Break Room,Conference Room A,2025-11-18 09:30,2025-11-18 09:45,2025-11-18 09:35,2025-11-18 10:09,2025-11-18 09:35,2025-11-18 09:45,10.00,partial_overlap,Low
180,P002,Training,Team Building,Client Reception,Client Reception,2025-11-20 16:30,2025-11-20 17:15,2025-11-20 16:45,2025-11-20 17:15,2025-11-20 16:45,2025-11-20 17:15,30.00,containment,Medium
181,P002,Training,Deployment,Client Reception,Remote,2025-11-20 16:30,2025-11-20 17:15,2025-11-20 17:00,2025-11-20 17:32,2025-11-20 17:00,2025-11-20 17:15,15.00,partial_overlap,Medium
182,P002,Operations Check,Client Visit,Client Reception,Cafe,2025-11-16 16:00,2025-11-16 16:15,2025-11-16 16:00,2025-11-16 16:45,2025-11-16 16:00,2025-11-16 16:15,15.00,containment,Medium
183,P002,Client Visit,Client Visit,Conference Room B,Cafe,2025-11-16 16:30,2025-11-16 17:15,2025-11-16 16:00,2025-11-16 16:45,2025-11-16 16:30,2025-11-16 16:45,15.00,partial_overlap,Medium
184,P002,Client Visit,Tech Sharing,Conference Room B,Client Reception,2025-11-16 16:30,2025-11-16 17:15,2025-11-16 16:15,2025-11-16 17:00,2025-11-16 16:30,2025-11-16 17:00,30.00,partial_overlap,Medium
185,P002,Client Visit,Requirements Analysis,Conference Room B,Test Lab,2025-11-16 16:30,2025-11-16 17:15,2025-11-16 16:25,2025-11-16 17:25,2025-11-16 16:30,2025-11-16 17:15,45.00,containment,Medium
186,P002,Client Visit,Tech Sharing,Cafe,Client Reception,2025-11-16 16:00,2025-11-16 16:45,2025-11-16 16:15,2025-11-16 17:00,2025-11-16 16:15,2025-11-16 16:45,30.00,partial_overlap,Medium
187,P002,Client Visit,Requirements Analysis,Cafe,Test Lab,2025-11-16 16:00,2025-11-16 16:45,2025-11-16 16:25,2025-11-16 17:25,2025-11-16 16:25,2025-11-16 16:45,20.00,partial_overlap,Medium
188,P002,Tech Sharing,Requirements Analysis,Client Reception,Test Lab,2025-11-16 16:15,2025-11-16 17:00,2025-11-16 16:25,2025-11-16 17:25,2025-11-16 16:25,2025-11-16 17:00,35.00,partial_overlap,Medium
189,P002,Team Building,Deployment,Client Reception,Remote,2025-11-20 16:45,2025-11-20 17:15,2025-11-20 17:00,2025-11-20 17:32,2025-11-20 17:00,2025-11-20 17:15,15.00,partial_overlap,Medium
190,P002,Team Building,Operations Check,Demo Hall,Product Showcase,2025-11-23 13:00,2025-11-23 13:45,2025-11-23 13:10,2025-11-23 13:48,2025-11-23 13:10,2025-11-23 13:45,35.00,partial_overlap,Medium
191,P002,Deployment,Client Visit,Test Lab,Break Room,2025-11-23 08:45,2025-11-23 09:15,2025-11-23 09:00,2025-11-23 09:30,2025-11-23 09:00,2025-11-23 09:15,15.00,partial_overlap,Medium
192,P003,Product Demo,Team Building,Test Lab,Conference Room C,2025-09-14 17:15,2025-09-14 17:45,2025-09-14 17:00,2025-09-14 17:30,2025-09-14 17:15,2025-09-14 17:30,15.00,partial_overlap,Medium
193,P003,Team Building,Testing Acceptance,R&D Center,Conference Room A,2025-09-11 12:45,2025-09-11 13:15,2025-09-11 13:13,2025-09-11 13:58,2025-09-11 13:13,2025-09-11 13:15,2.00,partial_overlap,Low
194,P003,Meeting,Requirements Analysis,Client Reception,Online Meeting,2025-09-23 08:45,2025-09-23 09:45,2025-09-23 09:00,2025-09-23 09:45,2025-09-23 09:00,2025-09-23 09:45,45.00,containment,Medium
195,P003,Meeting,Client Visit,Client Reception,Conference Room C,2025-09-23 08:45,2025-09-23 09:45,2025-09-23 08:59,2025-09-23 09:30,2025-09-23 08:59,2025-09-23 09:30,31.00,containment,Medium
196,P003,Code Review,Requirements Analysis,Training Room,Training Room,2025-09-24 17:30,2025-09-24 18:30,2025-09-24 17:30,2025-09-24 18:00,2025-09-24 17:30,2025-09-24 18:00,30.00,containment,Medium
197,P003,Requirements Analysis,Client Visit,Online Meeting,Conference Room C,2025-09-23 09:00,2025-09-23 09:45,2025-09-23 08:59,2025-09-23 09:30,2025-09-23 09:00,2025-09-23 09:30,30.00,partial_overlap,Medium
198,P003,Brainstorming,Code Review,Office Area 1,Conference Room C,2025-09-20 10:15,2025-09-20 11:15,2025-09-20 10:24,2025-09-20 11:04,2025-09-20 10:24,2025-09-20 11:04,40.00,containment,Medium
199,P003,Client Visit,Brainstorming,Training Room,R&D Center,2025-09-24 16:00,2025-09-24 16:30,2025-09-24 16:15,2025-09-24 17:07,2025-09-24 16:15,2025-09-24 16:30,15.00,partial_overlap,Medium
200,P003,Meeting,Training,Break Room,Conference Room A,2025-09-27 08:30,2025-09-27 09:30,2025-09-27 08:45,2025-09-27 09:30,2025-09-27 08:45,2025-09-27 09:30,45.00,containment,Medium
201,P003,One-on-One,Meeting,Conference Room C,Break Room,2025-09-25 16:45,2025-09-25 17:15,2025-09-25 16:30,2025-09-25 17:30,2025-09-25 16:45,2025-09-25 17:15,30.00,containment,Medium
202,P003,Code Review,Project Discussion,Conference Room B,R&D Center,2025-09-29 09:15,2025-09-29 10:00,2025-09-29 09:45,2025-09-29 10:30,2025-09-29 09:45,2025-09-29 10:00,15.00,partial_overlap,Medium
203,P003,Deployment,Team Building,Conference Room A,Conference Room C,2025-09-24 13:30,2025-09-24 14:00,2025-09-24 13:38,2025-09-24 14:30,2025-09-24 13:38,2025-09-24 14:00,22.00,partial_overlap,Medium
204,P003,Training,Project Discussion,Demo Hall,Conference Room B,2025-09-25 18:00,2025-09-25 18:45,2025-09-25 18:07,2025-09-25 19:00,2025-09-25 18:07,2025-09-25 18:45,38.00,partial_overlap,Medium
205,P003,Brainstorming,Project Discussion,Test Lab,Training Room,2025-09-26 15:00,2025-09-26 15:30,2025-09-26 15:15,2025-09-26 15:30,2025-09-26 15:15,2025-09-26 15:30,15.00,containment,Medium
206,P003,Brainstorming,Meeting,Break Room,Remote,2025-09-29 13:30,2025-09-29 14:15,2025-09-29 13:43,2025-09-29 14:07,2025-09-29 13:43,2025-09-29 14:07,24.00,containment,Medium
207,P003,Team Building,Brainstorming,R&D Center,Office Area 1,2025-10-01 16:30,2025-10-01 17:00,2025-10-01 16:30,2025-10-01 17:00,2025-10-01 16:30,2025-10-01 17:00,30.00,containment,Medium
208,P003,Deployment,Deployment,Test Lab,Conference Room C,2025-10-03 08:45,2025-10-03 09:30,2025-10-03 09:00,2025-10-03 09:15,2025-10-03 09:00,2025-10-03 09:15,15.00,containment,Medium
209,P003,Training,Product Demo,Cafe,Conference Room C,2025-09-30 12:15,2025-09-30 12:45,2025-09-30 12:42,2025-09-30 13:04,2025-09-30 12:42,2025-09-30 12:45,3.00,partial_overlap,Low
210,P003,Training,Tech Sharing,Cafe,Cafe,2025-09-30 12:15,2025-09-30 12:45,2025-09-30 12:34,2025-09-30 13:17,2025-09-30 12:34,2025-09-30 12:45,11.00,partial_overlap,Low
211,P003,Testing Acceptance,Operations Check,Conference Room B,Training Room,2025-10-06 14:00,2025-10-06 14:45,2025-10-06 14:00,2025-10-06 14:45,2025-10-06 14:00,2025-10-06 14:45,45.00,containment,Medium
212,P003,Operations Check,Tech Sharing,Conference Room C,Test Lab,2025-10-05 08:45,2025-10-05 09:15,2025-10-05 09:05,2025-10-05 09:53,2025-10-05 09:05,2025-10-05 09:15,10.00,partial_overlap,Low
213,P003,Meeting,Tech Sharing,Office Area 2,Demo Hall,2025-10-06 17:45,2025-10-06 18:15,2025-10-06 18:08,2025-10-06 18:34,2025-10-06 18:08,2025-10-06 18:15,7.00,partial_overlap,Low
214,P003,Testing Acceptance,Tech Sharing,Conference Room C,Demo Hall,2025-10-06 18:15,2025-10-06 19:00,2025-10-06 18:08,2025-10-06 18:34,2025-10-06 18:15,2025-10-06 18:34,19.00,partial_overlap,Medium
215,P003,Testing Acceptance,Team Building,Conference Room C,Test Lab,2025-10-06 18:15,2025-10-06 19:00,2025-10-06 18:24,2025-10-06 19:16,2025-10-06 18:24,2025-10-06 19:00,36.00,partial_overlap,Medium
216,P003,Product Demo,One-on-One,Conference Room C,Conference Room A,2025-09-30 12:42,2025-09-30 13:04,2025-09-30 12:47,2025-09-30 13:02,2025-09-30 12:47,2025-09-30 13:02,15.00,containment,Medium
217,P003,Product Demo,Tech Sharing,Conference Room C,Cafe,2025-09-30 12:42,2025-09-30 13:04,2025-09-30 12:34,2025-09-30 13:17,2025-09-30 12:42,2025-09-30 13:04,22.00,containment,Medium
218,P003,Tech Sharing,Team Building,Demo Hall,Test Lab,2025-10-06 18:08,2025-10-06 18:34,2025-10-06 18:24,2025-10-06 19:16,2025-10-06 18:24,2025-10-06 18:34,10.00,partial_overlap,Low
219,P003,One-on-One,Tech Sharing,Conference Room A,Cafe,2025-09-30 12:47,2025-09-30 13:02,2025-09-30 12:34,2025-09-30 13:17,2025-09-30 12:47,2025-09-30 13:02,15.00,containment,Medium
220,P003,Code Review,One-on-One,R&D Center,Conference Room C,2025-10-12 08:15,2025-10-12 08:45,2025-10-12 08:21,2025-10-12 08:40,2025-10-12 08:21,2025-10-12 08:40,19.00,containment,Medium
221,P003,Project Discussion,Client Visit,R&D Center,Break Room,2025-10-14 16:00,2025-10-14 16:45,2025-10-14 16:00,2025-10-14 16:45,2025-10-14 16:00,2025-10-14 16:45,45.00,containment,Medium
222,P003,Training,One-on-One,Training Room,Test Lab,2025-10-14 14:30,2025-10-14 15:00,2025-10-14 14:56,2025-10-14 15:25,2025-10-14 14:56,2025-10-14 15:00,4.00,partial_overlap,Low
223,P003,Operations Check,Tech Sharing,Training Room,Demo Hall,2025-10-18 09:00,2025-10-18 10:00,2025-10-18 09:23,2025-10-18 09:53,2025-10-18 09:23,2025-10-18 09:53,30.00,containment,Medium
224,P003,Operations Check,One-on-One,Training Room,Remote,2025-10-18 09:00,2025-10-18 10:00,2025-10-18 09:23,2025-10-18 09:56,2025-10-18 09:23,2025-10-18 09:56,33.00,containment,Medium
225,P003,Testing Acceptance,One-on-One,Conference Room A,Test Lab,2025-10-14 15:15,2025-10-14 16:00,2025-10-14 14:56,2025-10-14 15:25,2025-10-14 15:15,2025-10-14 15:25,10.00,partial_overlap,Low
226,P003,Operations Check,Team Building,Client Reception,Break Room,2025-10-16 09:00,2025-10-16 09:30,2025-10-16 09:09,2025-10-16 09:49,2025-10-16 09:09,2025-10-16 09:30,21.00,partial_overlap,Medium
227,P003,Tech Sharing,Tech Sharing,Conference Room C,Client Reception,2025-10-21 08:30,2025-10-21 09:15,2025-10-21 09:00,2025-10-21 09:15,2025-10-21 09:00,2025-10-21 09:15,15.00,containment,Medium
228,P003,Project Discussion,Operations Check,Demo Hall,Conference Room A,2025-10-19 10:00,2025-10-19 10:45,2025-10-19 10:30,2025-10-19 11:26,2025-10-19 10:30,2025-10-19 10:45,15.00,partial_overlap,Medium
229,P003,Design Review,Operations Check,Conference Room C,Training Room,2025-10-15 18:45,2025-10-15 19:45,2025-10-15 19:03,2025-10-15 19:34,2025-10-15 19:03,2025-10-15 19:34,31.00,containment,Medium
230,P003,Design Review,One-on-One,Conference Room C,Client Reception,2025-10-15 18:45,2025-10-15 19:45,2025-10-15 19:08,2025-10-15 19:32,2025-10-15 19:08,2025-10-15 19:32,24.00,containment,Medium
231,P003,Project Discussion,Operations Check,Conference Room C,Training Room,2025-10-21 09:15,2025-10-21 10:00,2025-10-21 09:15,2025-10-21 09:45,2025-10-21 09:15,2025-10-21 09:45,30.00,containment,Medium
232,P003,Project Discussion,Brainstorming,Conference Room C,Online Meeting,2025-10-21 09:15,2025-10-21 10:00,2025-10-21 09:28,2025-10-21 09:57,2025-10-21 09:28,2025-10-21 09:57,29.00,containment,Medium
233,P003,Operations Check,Brainstorming,Training Room,Online Meeting,2025-10-21 09:15,2025-10-21 09:45,2025-10-21 09:28,2025-10-21 09:57,2025-10-21 09:28,2025-10-21 09:45,17.00,partial_overlap,Medium
234,P003,Tech Sharing,One-on-One,Demo Hall,Remote,2025-10-18 09:23,2025-10-18 09:53,2025-10-18 09:23,2025-10-18 09:56,2025-10-18 09:23,2025-10-18 09:53,30.00,containment,Medium
235,P003,Operations Check,One-on-One,Training Room,Client Reception,2025-10-15 19:03,2025-10-15 19:34,2025-10-15 19:08,2025-10-15 19:32,2025-10-15 19:08,2025-10-15 19:32,24.00,containment,Medium
236,P003,Product Demo,Brainstorming,Conference Room C,Remote,2025-10-26 14:00,2025-10-26 14:30,2025-10-26 14:26,2025-10-26 15:17,2025-10-26 14:26,2025-10-26 14:30,4.00,partial_overlap,Low
237,P003,One-on-One,Operations Check,Office Area 1,Conference Room A,2025-10-24 13:00,2025-10-24 13:45,2025-10-24 12:30,2025-10-24 13:15,2025-10-24 13:00,2025-10-24 13:15,15.00,partial_overlap,Medium
238,P003,Product Demo,Team Building,Demo Hall,Remote,2025-10-23 11:15,2025-10-23 11:30,2025-10-23 11:15,2025-10-23 11:45,2025-10-23 11:15,2025-10-23 11:30,15.00,containment,Medium
239,P003,Deployment,Deployment,Demo Hall,Conference Room C,2025-10-27 09:00,2025-10-27 09:45,2025-10-27 09:24,2025-10-27 10:08,2025-10-27 09:24,2025-10-27 09:45,21.00,partial_overlap,Medium
240,P003,Brainstorming,Brainstorming,Conference Room B,Remote,2025-10-23 18:15,2025-10-23 19:00,2025-10-23 18:20,2025-10-23 18:36,2025-10-23 18:20,2025-10-23 18:36,16.00,containment,Medium
241,P003,Operations Check,Brainstorming,Demo Hall,Remote,2025-10-26 15:15,2025-10-26 15:30,2025-10-26 14:26,2025-10-26 15:17,2025-10-26 15:15,2025-10-26 15:17,2.00,partial_overlap,Low
242,P003,Code Review,Deployment,Cafe,Conference Room C,2025-10-30 16:15,2025-10-30 16:45,2025-10-30 16:15,2025-10-30 16:45,2025-10-30 16:15,2025-10-30 16:45,30.00,containment,Medium
243,P003,Training,Project Discussion,Cafe,Remote,2025-11-02 17:45,2025-11-02 18:30,2025-11-02 18:15,2025-11-02 18:50,2025-11-02 18:15,2025-11-02 18:30,15.00,partial_overlap,Medium
244,P003,Testing Acceptance,Design Review,Client Reception,Office Area 2,2025-11-02 13:45,2025-11-02 14:45,2025-11-02 13:30,2025-11-02 14:15,2025-11-02 13:45,2025-11-02 14:15,30.00,partial_overlap,Medium
245,P003,Meeting,Requirements Analysis,Training Room,Conference Room A,2025-11-05 14:15,2025-11-05 14:45,2025-11-05 14:00,2025-11-05 14:45,2025-11-05 14:15,2025-11-05 14:45,30.00,containment,Medium
246,P003,Meeting,Client Visit,Conference Room B,Online Meeting,2025-11-04 10:15,2025-11-04 11:00,2025-11-04 10:31,2025-11-04 10:46,2025-11-04 10:31,2025-11-04 10:46,15.00,containment,Medium
247,P003,Deployment,Operations Check,Product Showcase,Conference Room B,2025-11-05 14:45,2025-11-05 15:30,2025-11-05 15:00,2025-11-05 15:45,2025-11-05 15:00,2025-11-05 15:30,30.00,partial_overlap,Medium
248,P003,Brainstorming,Deployment,Conference Room C,Break Room,2025-11-07 09:30,2025-11-07 10:30,2025-11-07 08:45,2025-11-07 09:45,2025-11-07 09:30,2025-11-07 09:45,15.00,partial_overlap,Medium
249,P003,Brainstorming,Training,Conference Room B,Online Meeting,2025-11-13 18:00,2025-11-13 19:00,2025-11-13 18:10,2025-11-13 18:51,2025-11-13 18:10,2025-11-13 18:51,41.00,containment,Medium
250,P003,Brainstorming,Training,Conference Room B,Online Meeting,2025-11-13 18:00,2025-11-13 19:00,2025-11-13 18:39,2025-11-13 19:13,2025-11-13 18:39,2025-11-13 19:00,21.00,partial_overlap,Medium
251,P003,Deployment,One-on-One,Test Lab,R&D Center,2025-11-13 17:15,2025-11-13 17:45,2025-11-13 17:00,2025-11-13 17:45,2025-11-13 17:15,2025-11-13 17:45,30.00,containment,Medium
252,P003,Tech Sharing,Design Review,Cafe,Cafe,2025-11-15 16:30,2025-11-15 17:30,2025-11-15 16:00,2025-11-15 16:45,2025-11-15 16:30,2025-11-15 16:45,15.00,partial_overlap,Medium
253,P003,Tech Sharing,Operations Check,Cafe,Product Showcase,2025-11-15 16:30,2025-11-15 17:30,2025-11-15 16:30,2025-11-15 17:00,2025-11-15 16:30,2025-11-15 17:00,30.00,containment,Medium
254,P003,Project Discussion,Brainstorming,Break Room,Training Room,2025-11-15 12:00,2025-11-15 12:45,2025-11-15 12:00,2025-11-15 12:15,2025-11-15 12:00,2025-11-15 12:15,15.00,containment,Medium
255,P003,Training,Training,Online Meeting,Online Meeting,2025-11-13 18:10,2025-11-13 18:51,2025-11-13 18:39,2025-11-13 19:13,2025-11-13 18:39,2025-11-13 18:51,12.00,partial_overlap,Low
256,P003,Code Review,Operations Check,Office Area 2,Demo Hall,2025-11-19 15:45,2025-11-19 16:15,2025-11-19 15:51,2025-11-19 16:35,2025-11-19 15:51,2025-11-19 16:15,24.00,partial_overlap,Medium
257,P003,Client Visit,Training,Conference Room B,Client Reception,2025-11-16 16:45,2025-11-16 17:15,2025-11-16 17:00,2025-11-16 17:49,2025-11-16 17:00,2025-11-16 17:15,15.00,partial_overlap,Medium
258,P003,Operations Check,Code Review,Break Room,Break Room,2025-11-16 09:45,2025-11-16 10:15,2025-11-16 10:00,2025-11-16 10:15,2025-11-16 10:00,2025-11-16 10:15,15.00,containment,Medium
259,P003,Design Review,Operations Check,Cafe,Product Showcase,2025-11-15 16:00,2025-11-15 16:45,2025-11-15 16:30,2025-11-15 17:00,2025-11-15 16:30,2025-11-15 16:45,15.00,partial_overlap,Medium
260,P003,Deployment,Deployment,Client Reception,Office Area 1,2025-11-20 09:45,2025-11-20 10:30,2025-11-20 10:15,2025-11-20 10:45,2025-11-20 10:15,2025-11-20 10:30,15.00,partial_overlap,Medium
261,P003,Training,Training,Office Area 1,Client Reception,2025-11-16 17:30,2025-11-16 18:15,2025-11-16 17:00,2025-11-16 17:49,2025-11-16 17:30,2025-11-16 17:49,19.00,partial_overlap,Medium
262,P003,Testing Acceptance,Training,Remote,Client Reception,2025-11-16 17:15,2025-11-16 17:30,2025-11-16 17:00,2025-11-16 17:49,2025-11-16 17:15,2025-11-16 17:30,15.00,containment,Medium
263,P003,Project Discussion,Tech Sharing,R&D Center,Conference Room B,2025-11-22 15:00,2025-11-22 15:45,2025-11-22 14:45,2025-11-22 15:30,2025-11-22 15:00,2025-11-22 15:30,30.00,partial_overlap,Medium
264,P003,Project Discussion,Deployment,R&D Center,Client Reception,2025-11-22 15:00,2025-11-22 15:45,2025-11-22 15:00,2025-11-22 15:30,2025-11-22 15:00,2025-11-22 15:30,30.00,containment,Medium
265,P003,Brainstorming,Testing Acceptance,Demo Hall,Office Area 1,2025-11-18 11:00,2025-11-18 11:45,2025-11-18 11:16,2025-11-18 11:36,2025-11-18 11:16,2025-11-18 11:36,20.00,containment,Medium
266,P003,Tech Sharing,Deployment,Conference Room B,Client Reception,2025-11-22 14:45,2025-11-22 15:30,2025-11-22 15:00,2025-11-22 15:30,2025-11-22 15:00,2025-11-22 15:30,30.00,containment,Medium
267,P003,Product Demo,Tech Sharing,Test Lab,Demo Hall,2025-11-18 08:30,2025-11-18 09:15,2025-11-18 08:51,2025-11-18 09:31,2025-11-18 08:51,2025-11-18 09:15,24.00,partial_overlap,Medium
268,P004,Training,Operations Check,Office Area 2,Office Area 1,2025-09-12 15:15,2025-09-12 16:45,2025-09-12 15:40,2025-09-12 16:05,2025-09-12 15:40,2025-09-12 16:05,25.00,containment,Medium
269,P004,Requirements Analysis,Design Review,Office Area 2,Break Room,2025-09-17 18:45,2025-09-17 19:15,2025-09-17 19:02,2025-09-17 19:48,2025-09-17 19:02,2025-09-17 19:15,13.00,partial_overlap,Low
270,P004,One-on-One,Project Discussion,Office Area 1,Test Lab,2025-09-18 17:15,2025-09-18 18:00,2025-09-18 17:35,2025-09-18 18:13,2025-09-18 17:35,2025-09-18 18:00,25.00,partial_overlap,Medium
271,P004,Product Demo,Requirements Analysis,Online Meeting,Break Room,2025-09-22 10:45,2025-09-22 11:45,2025-09-22 11:06,2025-09-22 11:27,2025-09-22 11:06,2025-09-22 11:27,21.00,containment,Medium
272,P004,Tech Sharing,Meeting,Remote,Conference Room C,2025-09-20 11:30,2025-09-20 12:15,2025-09-20 11:45,2025-09-20 12:30,2025-09-20 11:45,2025-09-20 12:15,30.00,partial_overlap,Medium
273,P004,Tech Sharing,Training,Remote,R&D Center,2025-09-20 11:30,2025-09-20 12:15,2025-09-20 11:53,2025-09-20 12:48,2025-09-20 11:53,2025-09-20 12:15,22.00,partial_overlap,Medium
274,P004,Tech Sharing,Deployment,Client Reception,Cafe,2025-09-23 10:15,2025-09-23 11:15,2025-09-23 10:45,2025-09-23 11:14,2025-09-23 10:45,2025-09-23 11:14,29.00,containment,Medium
275,P004,Training,Code Review,Break Room,Conference Room C,2025-09-26 17:15,2025-09-26 18:15,2025-09-26 16:30,2025-09-26 17:30,2025-09-26 17:15,2025-09-26 17:30,15.00,partial_overlap,Medium
276,P004,Meeting,Training,Conference Room C,R&D Center,2025-09-20 11:45,2025-09-20 12:30,2025-09-20 11:53,2025-09-20 12:48,2025-09-20 11:53,2025-09-20 12:30,37.00,partial_overlap,Medium
277,P004,Meeting,Design Review,R&D Center,Online Meeting,2025-09-25 13:15,2025-09-25 14:00,2025-09-25 13:00,2025-09-25 13:45,2025-09-25 13:15,2025-09-25 13:45,30.00,partial_overlap,Medium
278,P004,Meeting,Deployment,R&D Center,Remote,2025-09-25 13:15,2025-09-25 14:00,2025-09-25 13:45,2025-09-25 14:15,2025-09-25 13:45,2025-09-25 14:00,15.00,partial_overlap,Medium
279,P004,Project Discussion,Deployment,Break Room,Conference Room C,2025-09-24 15:30,2025-09-24 16:15,2025-09-24 16:00,2025-09-24 16:34,2025-09-24 16:00,2025-09-24 16:15,15.00,partial_overlap,Medium
280,P004,Project Discussion,Brainstorming,Online Meeting,Product Showcase,2025-09-28 17:00,2025-09-28 17:45,2025-09-28 17:15,2025-09-28 18:00,2025-09-28 17:15,2025-09-28 17:45,30.00,partial_overlap,Medium
281,P004,Brainstorming,Team Building,Office Area 2,Demo Hall,2025-09-30 11:15,2025-09-30 12:15,2025-09-30 11:15,2025-09-30 11:45,2025-09-30 11:15,2025-09-30 11:45,30.00,containment,Medium
282,P004,Client Visit,Code Review,Conference Room A,Break Room,2025-09-30 15:30,2025-09-30 16:15,2025-09-30 15:15,2025-09-30 15:45,2025-09-30 15:30,2025-09-30 15:45,15.00,partial_overlap,Medium
283,P004,Client Visit,Tech Sharing,Conference Room A,Conference Room C,2025-09-30 15:30,2025-09-30 16:15,2025-09-30 15:51,2025-09-30 16:28,2025-09-30 15:51,2025-09-30 16:15,24.00,partial_overlap,Medium
284,P004,Testing Acceptance,Tech Sharing,Office Area 2,R&D Center,2025-10-01 16:45,2025-10-01 17:15,2025-10-01 17:00,2025-10-01 17:15,2025-10-01 17:00,2025-10-01 17:15,15.00,containment,Medium
285,P004,Product Demo,Client Visit,Remote,Conference Room B,2025-09-29 09:45,2025-09-29 10:15,2025-09-29 10:10,2025-09-29 10:58,2025-09-29 10:10,2025-09-29 10:15,5.00,partial_overlap,Low
286,P004,Client Visit,One-on-One,Conference Room C,Office Area 2,2025-10-04 11:30,2025-10-04 12:15,2025-10-04 11:30,2025-10-04 12:00,2025-10-04 11:30,2025-10-04 12:00,30.00,containment,Medium
287,P004,Product Demo,Meeting,Remote,Training Room,2025-09-28 13:30,2025-09-28 13:45,2025-09-28 13:44,2025-09-28 14:05,2025-09-28 13:44,2025-09-28 13:45,1.00,partial_overlap,Low
288,P004,Tech Sharing,Project Discussion,R&D Center,Online Meeting,2025-10-04 09:15,2025-10-04 09:45,2025-10-04 09:23,2025-10-04 09:52,2025-10-04 09:23,2025-10-04 09:45,22.00,partial_overlap,Medium
289,P004,Brainstorming,Training,Cafe,Office Area 1,2025-09-29 18:30,2025-09-29 18:45,2025-09-29 18:41,2025-09-29 19:08,2025-09-29 18:41,2025-09-29 18:45,4.00,partial_overlap,Low
290,P004,Operations Check,One-on-One,Cafe,Office Area 1,2025-10-04 13:15,2025-10-04 13:45,2025-10-04 13:30,2025-10-04 13:45,2025-10-04 13:30,2025-10-04 13:45,15.00,containment,Medium
291,P004,Project Discussion,Project Discussion,Training Room,Conference Room C,2025-10-05 08:00,2025-10-05 08:45,2025-10-05 08:15,2025-10-05 09:00,2025-10-05 08:15,2025-10-05 08:45,30.00,partial_overlap,Medium
292,P004,Team Building,Meeting,R&D Center,Remote,2025-10-03 18:45,2025-10-03 19:30,2025-10-03 19:06,2025-10-03 19:30,2025-10-03 19:06,2025-10-03 19:30,24.00,containment,Medium
293,P004,Team Building,One-on-One,R&D Center,Demo Hall,2025-10-03 18:45,2025-10-03 19:30,2025-10-03 19:27,2025-10-03 20:01,2025-10-03 19:27,2025-10-03 19:30,3.00,partial_overlap,Low
294,P004,Meeting,Product Demo,Online Meeting,Office Area 1,2025-10-01 11:30,2025-10-01 11:45,2025-10-01 11:30,2025-10-01 12:15,2025-10-01 11:30,2025-10-01 11:45,15.00,containment,Medium
295,P004,Client Visit,Project Discussion,Cafe,Online Meeting,2025-10-04 09:45,2025-10-04 10:00,2025-10-04 09:23,2025-10-04 09:52,2025-10-04 09:45,2025-10-04 09:52,7.00,partial_overlap,Low
296,P004,Design Review,Product Demo,Training Room,Client Reception,2025-10-03 11:15,2025-10-03 11:45,2025-10-03 11:24,2025-10-03 12:16,2025-10-03 11:24,2025-10-03 11:45,21.00,partial_overlap,Medium
297,P004,Tech Sharing,Product Demo,Remote,Client Reception,2025-10-03 12:15,2025-10-03 12:45,2025-10-03 11:24,2025-10-03 12:16,2025-10-03 12:15,2025-10-03 12:16,1.00,partial_overlap,Low
298,P004,Meeting,One-on-One,Remote,Demo Hall,2025-10-03 19:06,2025-10-03 19:30,2025-10-03 19:27,2025-10-03 20:01,2025-10-03 19:27,2025-10-03 19:30,3.00,partial_overlap,Low
299,P004,Client Visit,Training,R&D Center,Office Area 1,2025-09-29 18:47,2025-09-29 19:27,2025-09-29 18:41,2025-09-29 19:08,2025-09-29 18:47,2025-09-29 19:08,21.00,partial_overlap,Medium
300,P004,Client Visit,Product Demo,R&D Center,Product Showcase,2025-09-29 18:47,2025-09-29 19:27,2025-09-29 18:45,2025-09-29 19:00,2025-09-29 18:47,2025-09-29 19:00,13.00,partial_overlap,Low
301,P004,Training,Product Demo,Office Area 1,Product Showcase,2025-09-29 18:41,2025-09-29 19:08,2025-09-29 18:45,2025-09-29 19:00,2025-09-29 18:45,2025-09-29 19:00,15.00,containment,Medium
302,P004,Testing Acceptance,Product Demo,Client Reception,Conference Room B,2025-10-10 15:15,2025-10-10 16:15,2025-10-10 14:45,2025-10-10 15:45,2025-10-10 15:15,2025-10-10 15:45,30.00,partial_overlap,Medium
303,P004,Design Review,Code Review,R&D Center,R&D Center,2025-10-07 11:30,2025-10-07 12:15,2025-10-07 11:59,2025-10-07 12:38,2025-10-07 11:59,2025-10-07 12:15,16.00,partial_overlap,Medium
304,P004,Code Review,Tech Sharing,Remote,R&D Center,2025-10-06 17:15,2025-10-06 18:00,2025-10-06 17:26,2025-10-06 18:10,2025-10-06 17:26,2025-10-06 18:00,34.00,partial_overlap,Medium
305,P004,Code Review,Meeting,Remote,R&D Center,2025-10-06 17:15,2025-10-06 18:00,2025-10-06 17:55,2025-10-06 18:41,2025-10-06 17:55,2025-10-06 18:00,5.00,partial_overlap,Low
306,P004,Product Demo,Project Discussion,Training Room,Test Lab,2025-10-10 11:45,2025-10-10 12:45,2025-10-10 12:10,2025-10-10 13:09,2025-10-10 12:10,2025-10-10 12:45,35.00,partial_overlap,Medium
307,P004,Tech Sharing,Meeting,R&D Center,R&D Center,2025-10-06 17:26,2025-10-06 18:10,2025-10-06 17:55,2025-10-06 18:41,2025-10-06 17:55,2025-10-06 18:10,15.00,partial_overlap,Medium
308,P004,One-on-One,One-on-One,Online Meeting,Office Area 1,2025-10-16 15:30,2025-10-16 16:00,2025-10-16 15:15,2025-10-16 16:15,2025-10-16 15:30,2025-10-16 16:00,30.00,containment,Medium
309,P004,Product Demo,Project Discussion,Conference Room C,Office Area 1,2025-10-15 09:30,2025-10-15 10:30,2025-10-15 10:00,2025-10-15 10:45,2025-10-15 10:00,2025-10-15 10:30,30.00,partial_overlap,Medium
310,P004,Product Demo,Requirements Analysis,Conference Room C,Test Lab,2025-10-15 09:30,2025-10-15 10:30,2025-10-15 10:10,2025-10-15 10:54,2025-10-15 10:10,2025-10-15 10:30,20.00,partial_overlap,Medium
311,P004,Meeting,Project Discussion,Remote,Test Lab,2025-10-16 14:00,2025-10-16 15:00,2025-10-16 14:08,2025-10-16 14:28,2025-10-16 14:08,2025-10-16 14:28,20.00,containment,Medium
312,P004,Deployment,Operations Check,Conference Room B,Test Lab,2025-10-18 13:45,2025-10-18 14:30,2025-10-18 13:45,2025-10-18 14:30,2025-10-18 13:45,2025-10-18 14:30,45.00,containment,Medium
313,P004,Project Discussion,Requirements Analysis,Office Area 1,Test Lab,2025-10-15 10:00,2025-10-15 10:45,2025-10-15 10:10,2025-10-15 10:54,2025-10-15 10:10,2025-10-15 10:45,35.00,partial_overlap,Medium
314,P004,Team Building,Requirements Analysis,Conference Room A,Online Meeting,2025-10-20 13:45,2025-10-20 14:45,2025-10-20 14:14,2025-10-20 15:06,2025-10-20 14:14,2025-10-20 14:45,31.00,partial_overlap,Medium
315,P004,Project Discussion,Meeting,Training Room,Conference Room A,2025-10-24 14:15,2025-10-24 14:45,2025-10-24 14:30,2025-10-24 14:45,2025-10-24 14:30,2025-10-24 14:45,15.00,containment,Medium
316,P004,One-on-One,Requirements Analysis,Online Meeting,Conference Room B,2025-10-25 09:00,2025-10-25 09:15,2025-10-25 08:45,2025-10-25 09:04,2025-10-25 09:00,2025-10-25 09:04,4.00,partial_overlap,Low
317,P004,Operations Check,Training,R&D Center,Break Room,2025-10-27 11:00,2025-10-27 11:45,2025-10-27 11:15,2025-10-27 11:45,2025-10-27 11:15,2025-10-27 11:45,30.00,containment,Medium
318,P004,Meeting,Tech Sharing,Training Room,Cafe,2025-10-22 15:45,2025-10-22 16:15,2025-10-22 15:30,2025-10-22 16:15,2025-10-22 15:45,2025-10-22 16:15,30.00,containment,Medium
319,P004,Meeting,Project Discussion,Test Lab,Conference Room C,2025-10-26 10:00,2025-10-26 10:15,2025-10-26 09:30,2025-10-26 10:15,2025-10-26 10:00,2025-10-26 10:15,15.00,containment,Medium
320,P004,Testing Acceptance,Training,Demo Hall,Office Area 1,2025-10-25 08:00,2025-10-25 08:45,2025-10-25 08:30,2025-10-25 09:00,2025-10-25 08:30,2025-10-25 08:45,15.00,partial_overlap,Medium
321,P004,Requirements Analysis,Project Discussion,Remote,Remote,2025-10-25 18:45,2025-10-25 19:15,2025-10-25 19:11,2025-10-25 19:58,2025-10-25 19:11,2025-10-25 19:15,4.00,partial_overlap,Low
322,P004,Training,Requirements Analysis,Office Area 1,Conference Room B,2025-10-25 08:30,2025-10-25 09:00,2025-10-25 08:45,2025-10-25 09:04,2025-10-25 08:45,2025-10-25 09:00,15.00,partial_overlap,Medium
323,P004,Code Review,Product Demo,Online Meeting,Remote,2025-10-31 13:45,2025-10-31 14:15,2025-10-31 13:30,2025-10-31 14:30,2025-10-31 13:45,2025-10-31 14:15,30.00,containment,Medium
324,P004,Product Demo,Product Demo,Office Area 2,Remote,2025-10-31 13:30,2025-10-31 13:45,2025-10-31 13:30,2025-10-31 14:30,2025-10-31 13:30,2025-10-31 13:45,15.00,containment,Medium
325,P004,Brainstorming,Requirements Analysis,Remote,Office Area 1,2025-11-03 08:30,2025-11-03 09:15,2025-11-03 08:30,2025-11-03 09:00,2025-11-03 08:30,2025-11-03 09:00,30.00,containment,Medium
326,P004,One-on-One,Brainstorming,Training Room,Office Area 2,2025-11-02 18:15,2025-11-02 19:45,2025-11-02 18:00,2025-11-02 19:00,2025-11-02 18:15,2025-11-02 19:00,45.00,partial_overlap,Medium
327,P004,Design Review,Meeting,R&D Center,Conference Room C,2025-11-06 13:30,2025-11-06 14:15,2025-11-06 13:45,2025-11-06 14:15,2025-11-06 13:45,2025-11-06 14:15,30.00,containment,Medium
328,P004,Design Review,One-on-One,R&D Center,Product Showcase,2025-11-06 13:30,2025-11-06 14:15,2025-11-06 13:47,2025-11-06 14:04,2025-11-06 13:47,2025-11-06 14:04,17.00,containment,Medium
329,P004,Operations Check,Design Review,Conference Room B,Product Showcase,2025-11-12 09:30,2025-11-12 10:30,2025-11-12 09:30,2025-11-12 10:15,2025-11-12 09:30,2025-11-12 10:15,45.00,containment,Medium
330,P004,Team Building,Code Review,R&D Center,Cafe,2025-11-10 16:45,2025-11-10 17:45,2025-11-10 17:15,2025-11-10 18:00,2025-11-10 17:15,2025-11-10 17:45,30.00,partial_overlap,Medium
331,P004,Meeting,One-on-One,Conference Room C,Product Showcase,2025-11-06 13:45,2025-11-06 14:15,2025-11-06 13:47,2025-11-06 14:04,2025-11-06 13:47,2025-11-06 14:04,17.00,containment,Medium
332,P004,Testing Acceptance,Testing Acceptance,Conference Room B,Training Room,2025-11-10 13:15,2025-11-10 13:45,2025-11-10 13:00,2025-11-10 14:00,2025-11-10 13:15,2025-11-10 13:45,30.00,containment,Medium
333,P004,Operations Check,Brainstorming,Cafe,Office Area 1,2025-11-07 13:15,2025-11-07 14:15,2025-11-07 13:30,2025-11-07 13:48,2025-11-07 13:30,2025-11-07 13:48,18.00,containment,Medium
334,P004,Design Review,Brainstorming,Cafe,Office Area 2,2025-11-09 17:30,2025-11-09 18:15,2025-11-09 17:00,2025-11-09 17:45,2025-11-09 17:30,2025-11-09 17:45,15.00,partial_overlap,Medium
335,P004,Design Review,Project Discussion,Cafe,Break Room,2025-11-09 17:30,2025-11-09 18:15,2025-11-09 17:48,2025-11-09 18:04,2025-11-09 17:48,2025-11-09 18:04,16.00,containment,Medium
336,P004,Deployment,Deployment,Office Area 2,Conference Room A,2025-11-09 10:45,2025-11-09 11:30,2025-11-09 11:11,2025-11-09 11:34,2025-11-09 11:11,2025-11-09 11:30,19.00,partial_overlap,Medium
337,P004,Deployment,Product Demo,Office Area 2,Test Lab,2025-11-09 10:45,2025-11-09 11:30,2025-11-09 11:20,2025-11-09 11:51,2025-11-09 11:20,2025-11-09 11:30,10.00,partial_overlap,Low
338,P004,Training,Team Building,Conference Room C,Remote,2025-11-17 12:30,2025-11-17 13:30,2025-11-17 12:41,2025-11-17 13:34,2025-11-17 12:41,2025-11-17 13:30,49.00,partial_overlap,Medium
339,P004,Training,Deployment,Conference Room C,Conference Room C,2025-11-17 12:30,2025-11-17 13:30,2025-11-17 12:30,2025-11-17 13:00,2025-11-17 12:30,2025-11-17 13:00,30.00,containment,Medium
340,P004,Team Building,Deployment,Remote,Conference Room C,2025-11-17 12:41,2025-11-17 13:34,2025-11-17 12:30,2025-11-17 13:00,2025-11-17 12:41,2025-11-17 13:00,19.00,partial_overlap,Medium
341,P004,Deployment,Product Demo,Conference Room A,Test Lab,2025-11-09 11:11,2025-11-09 11:34,2025-11-09 11:20,2025-11-09 11:51,2025-11-09 11:20,2025-11-09 11:34,14.00,partial_overlap,Low
342,P004,Team Building,One-on-One,Product Showcase,Client Reception,2025-11-15 15:30,2025-11-15 15:45,2025-11-15 15:35,2025-11-15 16:08,2025-11-15 15:35,2025-11-15 15:45,10.00,partial_overlap,Low
343,P004,One-on-One,Design Review,Test Lab,Demo Hall,2025-11-22 11:00,2025-11-22 11:30,2025-11-22 10:45,2025-11-22 11:15,2025-11-22 11:00,2025-11-22 11:15,15.00,partial_overlap,Medium
344,P004,Operations Check,Brainstorming,Client Reception,Client Reception,2025-11-22 14:15,2025-11-22 15:00,2025-11-22 14:37,2025-11-22 14:57,2025-11-22 14:37,2025-11-22 14:57,20.00,containment,Medium
345,P004,Requirements Analysis,Meeting,Product Showcase,Training Room,2025-11-20 15:30,2025-11-20 16:00,2025-11-20 15:45,2025-11-20 16:30,2025-11-20 15:45,2025-11-20 16:00,15.00,partial_overlap,Medium
346,P004,Team Building,Requirements Analysis,Conference Room C,Office Area 1,2025-11-17 11:00,2025-11-17 11:30,2025-11-17 11:09,2025-11-17 11:40,2025-11-17 11:09,2025-11-17 11:30,21.00,partial_overlap,Medium
347,P004,Brainstorming,Design Review,Office Area 2,Demo Hall,2025-11-20 10:30,2025-11-20 11:15,2025-11-20 10:52,2025-11-20 11:25,2025-11-20 10:52,2025-11-20 11:15,23.00,partial_overlap,Medium
348,P004,Requirements Analysis,Product Demo,Training Room,Training Room,2025-11-16 13:15,2025-11-16 13:45,2025-11-16 13:44,2025-11-16 14:16,2025-11-16 13:44,2025-11-16 13:45,1.00,partial_overlap,Low
349,P005,Project Discussion,Design Review,Break Room,Office Area 1,2025-09-15 10:15,2025-09-15 11:15,2025-09-15 10:28,2025-09-15 11:25,2025-09-15 10:28,2025-09-15 11:15,47.00,partial_overlap,Medium
350,P005,One-on-One,One-on-One,Online Meeting,Office Area 2,2025-09-16 17:45,2025-09-16 18:15,2025-09-16 18:00,2025-09-16 19:00,2025-09-16 18:00,2025-09-16 18:15,15.00,partial_overlap,Medium
351,P005,One-on-One,Testing Acceptance,Online Meeting,R&D Center,2025-09-16 17:45,2025-09-16 18:15,2025-09-16 17:30,2025-09-16 18:00,2025-09-16 17:45,2025-09-16 18:00,15.00,partial_overlap,Medium
352,P005,One-on-One,Operations Check,Online Meeting,Office Area 2,2025-09-16 17:45,2025-09-16 18:15,2025-09-16 18:11,2025-09-16 18:45,2025-09-16 18:11,2025-09-16 18:15,4.00,partial_overlap,Low
353,P005,Tech Sharing,Product Demo,Product Showcase,Conference Room C,2025-09-19 14:00,2025-09-19 14:45,2025-09-19 14:15,2025-09-19 14:57,2025-09-19 14:15,2025-09-19 14:45,30.00,partial_overlap,Medium
354,P005,One-on-One,Operations Check,Office Area 2,Office Area 2,2025-09-16 18:00,2025-09-16 19:00,2025-09-16 18:11,2025-09-16 18:45,2025-09-16 18:11,2025-09-16 18:45,34.00,containment,Medium
355,P005,Client Visit,Client Visit,Office Area 2,Break Room,2025-09-18 18:45,2025-09-18 19:30,2025-09-18 18:15,2025-09-18 19:00,2025-09-18 18:45,2025-09-18 19:00,15.00,partial_overlap,Medium
356,P005,Product Demo,Design Review,Online Meeting,Test Lab,2025-09-17 08:15,2025-09-17 08:45,2025-09-17 08:22,2025-09-17 09:09,2025-09-17 08:22,2025-09-17 08:45,23.00,partial_overlap,Medium
357,P005,Product Demo,Product Demo,Break Room,Product Showcase,2025-09-22 13:30,2025-09-22 14:15,2025-09-22 13:30,2025-09-22 14:15,2025-09-22 13:30,2025-09-22 14:15,45.00,containment,Medium
358,P005,Product Demo,Code Review,Break Room,Office Area 1,2025-09-22 13:30,2025-09-22 14:15,2025-09-22 13:52,2025-09-22 14:09,2025-09-22 13:52,2025-09-22 14:09,17.00,containment,Medium
359,P005,Operations Check,Team Building,Office Area 1,Conference Room C,2025-09-26 12:00,2025-09-26 12:30,2025-09-26 11:30,2025-09-26 12:15,2025-09-26 12:00,2025-09-26 12:15,15.00,partial_overlap,Medium
360,P005,Code Review,Product Demo,Cafe,Conference Room C,2025-09-20 08:15,2025-09-20 09:00,2025-09-20 08:36,2025-09-20 09:20,2025-09-20 08:36,2025-09-20 09:00,24.00,partial_overlap,Medium
361,P005,Deployment,Operations Check,Remote,Office Area 2,2025-09-26 10:15,2025-09-26 10:45,2025-09-26 10:30,2025-09-26 11:00,2025-09-26 10:30,2025-09-26 10:45,15.00,partial_overlap,Medium
362,P005,Deployment,One-on-One,Remote,Cafe,2025-09-26 10:15,2025-09-26 10:45,2025-09-26 09:45,2025-09-26 10:30,2025-09-26 10:15,2025-09-26 10:30,15.00,partial_overlap,Medium
363,P005,Tech Sharing,Meeting,Demo Hall,Remote,2025-09-27 18:15,2025-09-27 18:45,2025-09-27 18:41,2025-09-27 19:24,2025-09-27 18:41,2025-09-27 18:45,4.00,partial_overlap,Low
364,P005,Product Demo,Code Review,Product Showcase,Office Area 1,2025-09-22 13:30,2025-09-22 14:15,2025-09-22 13:52,2025-09-22 14:09,2025-09-22 13:52,2025-09-22 14:09,17.00,containment,Medium
365,P005,Operations Check,Testing Acceptance,Cafe,Cafe,2025-09-25 18:30,2025-09-25 19:00,2025-09-25 18:35,2025-09-25 19:14,2025-09-25 18:35,2025-09-25 19:00,25.00,partial_overlap,Medium
366,P005,Client Visit,Product Demo,Break Room,Training Room,2025-09-27 12:30,2025-09-27 13:15,2025-09-27 12:45,2025-09-27 13:45,2025-09-27 12:45,2025-09-27 13:15,30.00,partial_overlap,Medium
367,P005,Requirements Analysis,Tech Sharing,Office Area 2,Conference Room A,2025-10-03 14:15,2025-10-03 14:45,2025-10-03 13:45,2025-10-03 14:30,2025-10-03 14:15,2025-10-03 14:30,15.00,partial_overlap,Medium
368,P005,Project Discussion,Requirements Analysis,Demo Hall,Break Room,2025-10-02 18:00,2025-10-02 18:15,2025-10-02 18:00,2025-10-02 18:45,2025-10-02 18:00,2025-10-02 18:15,15.00,containment,Medium
369,P005,Project Discussion,Client Visit,Training Room,R&D Center,2025-10-02 09:00,2025-10-02 09:45,2025-10-02 09:30,2025-10-02 10:15,2025-10-02 09:30,2025-10-02 09:45,15.00,partial_overlap,Medium
370,P005,Requirements Analysis,Meeting,Break Room,Test Lab,2025-10-02 18:00,2025-10-02 18:45,2025-10-02 18:27,2025-10-02 18:43,2025-10-02 18:27,2025-10-02 18:43,16.00,containment,Medium
371,P005,Meeting,Code Review,Conference Room A,Cafe,2025-10-04 10:00,2025-10-04 10:30,2025-10-04 10:00,2025-10-04 10:30,2025-10-04 10:00,2025-10-04 10:30,30.00,containment,Medium
372,P005,Code Review,Meeting,Office Area 2,Demo Hall,2025-10-05 15:00,2025-10-05 15:45,2025-10-05 15:30,2025-10-05 16:00,2025-10-05 15:30,2025-10-05 15:45,15.00,partial_overlap,Medium
373,P005,Meeting,Tech Sharing,Break Room,Demo Hall,2025-10-07 18:15,2025-10-07 18:30,2025-10-07 17:00,2025-10-07 18:30,2025-10-07 18:15,2025-10-07 18:30,15.00,containment,Medium
374,P005,Design Review,Training,Conference Room C,Cafe,2025-10-10 15:15,2025-10-10 16:00,2025-10-10 15:00,2025-10-10 16:30,2025-10-10 15:15,2025-10-10 16:00,45.00,containment,Medium
375,P005,Design Review,Deployment,Conference Room C,Cafe,2025-10-10 15:15,2025-10-10 16:00,2025-10-10 15:15,2025-10-10 16:00,2025-10-10 15:15,2025-10-10 16:00,45.00,containment,Medium
376,P005,Design Review,Operations Check,Conference Room C,Conference Room C,2025-10-10 15:15,2025-10-10 16:00,2025-10-10 15:36,2025-10-10 16:04,2025-10-10 15:36,2025-10-10 16:00,24.00,partial_overlap,Medium
377,P005,Training,Deployment,Cafe,Cafe,2025-10-10 15:00,2025-10-10 16:30,2025-10-10 15:15,2025-10-10 16:00,2025-10-10 15:15,2025-10-10 16:00,45.00,containment,Medium
378,P005,Training,Operations Check,Cafe,Conference Room C,2025-10-10 15:00,2025-10-10 16:30,2025-10-10 15:36,2025-10-10 16:04,2025-10-10 15:36,2025-10-10 16:04,28.00,containment,Medium
379,P005,Deployment,Operations Check,Cafe,Conference Room C,2025-10-10 15:15,2025-10-10 16:00,2025-10-10 15:36,2025-10-10 16:04,2025-10-10 15:36,2025-10-10 16:00,24.00,partial_overlap,Medium
380,P005,Code Review,Training,Demo Hall,Conference Room C,2025-10-13 18:00,2025-10-13 18:30,2025-10-13 18:19,2025-10-13 19:10,2025-10-13 18:19,2025-10-13 18:30,11.00,partial_overlap,Low
381,P005,Product Demo,One-on-One,Online Meeting,Office Area 2,2025-10-18 14:00,2025-10-18 14:30,2025-10-18 13:45,2025-10-18 14:15,2025-10-18 14:00,2025-10-18 14:15,15.00,partial_overlap,Medium
382,P005,Product Demo,Design Review,Online Meeting,Demo Hall,2025-10-18 14:00,2025-10-18 14:30,2025-10-18 14:06,2025-10-18 14:45,2025-10-18 14:06,2025-10-18 14:30,24.00,partial_overlap,Medium
383,P005,Brainstorming,Training,Conference Room C,Client Reception,2025-10-13 16:45,2025-10-13 17:15,2025-10-13 16:54,2025-10-13 17:22,2025-10-13 16:54,2025-10-13 17:15,21.00,partial_overlap,Medium
384,P005,Deployment,One-on-One,Office Area 1,Client Reception,2025-10-11 14:45,2025-10-11 15:30,2025-10-11 15:03,2025-10-11 16:00,2025-10-11 15:03,2025-10-11 15:30,27.00,partial_overlap,Medium
385,P005,One-on-One,Design Review,Office Area 2,Demo Hall,2025-10-18 13:45,2025-10-18 14:15,2025-10-18 14:06,2025-10-18 14:45,2025-10-18 14:06,2025-10-18 14:15,9.00,partial_overlap,Low
386,P005,Testing Acceptance,Product Demo,Cafe,Client Reception,2025-10-19 17:45,2025-10-19 18:15,2025-10-19 17:30,2025-10-19 18:00,2025-10-19 17:45,2025-10-19 18:00,15.00,partial_overlap,Medium
387,P005,Testing Acceptance,Tech Sharing,Cafe,Test Lab,2025-10-19 17:45,2025-10-19 18:15,2025-10-19 17:49,2025-10-19 18:26,2025-10-19 17:49,2025-10-19 18:15,26.00,partial_overlap,Medium
388,P005,Testing Acceptance,Product Demo,Cafe,Test Lab,2025-10-19 17:45,2025-10-19 18:15,2025-10-19 17:52,2025-10-19 18:13,2025-10-19 17:52,2025-10-19 18:13,21.00,containment,Medium
389,P005,Testing Acceptance,Operations Check,Cafe,Office Area 1,2025-10-19 17:45,2025-10-19 18:15,2025-10-19 17:30,2025-10-19 18:15,2025-10-19 17:45,2025-10-19 18:15,30.00,containment,Medium
390,P005,Testing Acceptance,Meeting,Conference Room C,Conference Room B,2025-10-20 11:45,2025-10-20 12:45,2025-10-20 12:00,2025-10-20 12:30,2025-10-20 12:00,2025-10-20 12:30,30.00,containment,Medium
391,P005,One-on-One,Tech Sharing,Training Room,Cafe,2025-10-17 10:30,2025-10-17 11:15,2025-10-17 10:00,2025-10-17 11:00,2025-10-17 10:30,2025-10-17 11:00,30.00,partial_overlap,Medium
392,P005,One-on-One,Team Building,Training Room,R&D Center,2025-10-17 10:30,2025-10-17 11:15,2025-10-17 10:49,2025-10-17 11:45,2025-10-17 10:49,2025-10-17 11:15,26.00,partial_overlap,Medium
393,P005,Client Visit,Testing Acceptance,Client Reception,Office Area 1,2025-10-20 14:30,2025-10-20 15:00,2025-10-20 14:35,2025-10-20 15:25,2025-10-20 14:35,2025-10-20 15:00,25.00,partial_overlap,Medium
394,P005,Requirements Analysis,Meeting,Product Showcase,Office Area 1,2025-10-17 17:30,2025-10-17 18:15,2025-10-17 18:00,2025-10-17 18:45,2025-10-17 18:00,2025-10-17 18:15,15.00,partial_overlap,Medium
395,P005,Training,Design Review,Test Lab,Break Room,2025-10-17 15:45,2025-10-17 16:30,2025-10-17 16:08,2025-10-17 16:46,2025-10-17 16:08,2025-10-17 16:30,22.00,partial_overlap,Medium
396,P005,Tech Sharing,Team Building,Cafe,R&D Center,2025-10-17 10:00,2025-10-17 11:00,2025-10-17 10:49,2025-10-17 11:45,2025-10-17 10:49,2025-10-17 11:00,11.00,partial_overlap,Low
397,P005,Product Demo,Requirements Analysis,Client Reception,Conference Room A,2025-10-19 17:30,2025-10-19 18:00,2025-10-19 17:15,2025-10-19 17:45,2025-10-19 17:30,2025-10-19 17:45,15.00,partial_overlap,Medium
398,P005,Product Demo,Tech Sharing,Client Reception,Test Lab,2025-10-19 17:30,2025-10-19 18:00,2025-10-19 17:49,2025-10-19 18:26,2025-10-19 17:49,2025-10-19 18:00,11.00,partial_overlap,Low
399,P005,Product Demo,Product Demo,Client Reception,Test Lab,2025-10-19 17:30,2025-10-19 18:00,2025-10-19 17:52,2025-10-19 18:13,2025-10-19 17:52,2025-10-19 18:00,8.00,partial_overlap,Low
400,P005,Product Demo,Operations Check,Client Reception,Office Area 1,2025-10-19 17:30,2025-10-19 18:00,2025-10-19 17:30,2025-10-19 18:15,2025-10-19 17:30,2025-10-19 18:00,30.00,containment,Medium
401,P005,Project Discussion,Client Visit,Cafe,Remote,2025-10-21 15:30,2025-10-21 16:00,2025-10-21 15:30,2025-10-21 15:45,2025-10-21 15:30,2025-10-21 15:45,15.00,containment,Medium
402,P005,Requirements Analysis,Operations Check,Conference Room A,Office Area 1,2025-10-19 17:15,2025-10-19 17:45,2025-10-19 17:30,2025-10-19 18:15,2025-10-19 17:30,2025-10-19 17:45,15.00,partial_overlap,Medium
403,P005,Tech Sharing,Product Demo,Test Lab,Test Lab,2025-10-19 17:49,2025-10-19 18:26,2025-10-19 17:52,2025-10-19 18:13,2025-10-19 17:52,2025-10-19 18:13,21.00,containment,Medium
404,P005,Tech Sharing,Operations Check,Test Lab,Office Area 1,2025-10-19 17:49,2025-10-19 18:26,2025-10-19 17:30,2025-10-19 18:15,2025-10-19 17:49,2025-10-19 18:15,26.00,partial_overlap,Medium
405,P005,Product Demo,Operations Check,Test Lab,Office Area 1,2025-10-19 17:52,2025-10-19 18:13,2025-10-19 17:30,2025-10-19 18:15,2025-10-19 17:52,2025-10-19 18:13,21.00,containment,Medium
406,P005,Tech Sharing,Testing Acceptance,Break Room,Online Meeting,2025-10-24 13:45,2025-10-24 14:30,2025-10-24 14:00,2025-10-24 14:45,2025-10-24 14:00,2025-10-24 14:30,30.00,partial_overlap,Medium
407,P005,Testing Acceptance,One-on-One,Cafe,Break Room,2025-10-23 11:00,2025-10-23 11:45,2025-10-23 11:00,2025-10-23 11:45,2025-10-23 11:00,2025-10-23 11:45,45.00,containment,Medium
408,P005,Deployment,Design Review,R&D Center,Office Area 1,2025-10-28 15:45,2025-10-28 16:30,2025-10-28 15:51,2025-10-28 16:17,2025-10-28 15:51,2025-10-28 16:17,26.00,containment,Medium
409,P005,Deployment,Code Review,R&D Center,Office Area 2,2025-10-28 15:45,2025-10-28 16:30,2025-10-28 16:02,2025-10-28 16:57,2025-10-28 16:02,2025-10-28 16:30,28.00,partial_overlap,Medium
410,P005,Deployment,Tech Sharing,R&D Center,Demo Hall,2025-10-28 15:45,2025-10-28 16:30,2025-10-28 16:08,2025-10-28 17:03,2025-10-28 16:08,2025-10-28 16:30,22.00,partial_overlap,Medium
411,P005,Code Review,Code Review,Conference Room B,Break Room,2025-10-23 17:30,2025-10-23 18:15,2025-10-23 17:45,2025-10-23 18:18,2025-10-23 17:45,2025-10-23 18:15,30.00,partial_overlap,Medium
412,P005,Deployment,Tech Sharing,Product Showcase,Product Showcase,2025-10-29 16:00,2025-10-29 16:15,2025-10-29 15:45,2025-10-29 16:45,2025-10-29 16:00,2025-10-29 16:15,15.00,containment,Medium
413,P005,Team Building,Training,Online Meeting,Client Reception,2025-10-27 12:00,2025-10-27 12:30,2025-10-27 12:25,2025-10-27 13:19,2025-10-27 12:25,2025-10-27 12:30,5.00,partial_overlap,Low
414,P005,Design Review,Design Review,Remote,Conference Room A,2025-10-29 10:00,2025-10-29 10:30,2025-10-29 10:28,2025-10-29 11:19,2025-10-29 10:28,2025-10-29 10:30,2.00,partial_overlap,Low
415,P005,Brainstorming,Training,Client Reception,Online Meeting,2025-10-25 18:00,2025-10-25 18:30,2025-10-25 18:00,2025-10-25 18:45,2025-10-25 18:00,2025-10-25 18:30,30.00,containment,Medium
416,P005,Testing Acceptance,Deployment,Cafe,Conference Room B,2025-10-26 16:00,2025-10-26 16:30,2025-10-26 16:25,2025-10-26 17:23,2025-10-26 16:25,2025-10-26 16:30,5.00,partial_overlap,Low
417,P005,Client Visit,One-on-One,Cafe,Test Lab,2025-10-28 17:30,2025-10-28 18:15,2025-10-28 17:15,2025-10-28 18:00,2025-10-28 17:30,2025-10-28 18:00,30.00,partial_overlap,Medium
418,P005,Product Demo,Design Review,Test Lab,Office Area 1,2025-10-29 16:45,2025-10-29 17:30,2025-10-29 17:13,2025-10-29 17:47,2025-10-29 17:13,2025-10-29 17:30,17.00,partial_overlap,Medium
419,P005,Design Review,Code Review,Office Area 1,Office Area 2,2025-10-28 15:51,2025-10-28 16:17,2025-10-28 16:02,2025-10-28 16:57,2025-10-28 16:02,2025-10-28 16:17,15.00,partial_overlap,Medium
420,P005,Design Review,Tech Sharing,Office Area 1,Demo Hall,2025-10-28 15:51,2025-10-28 16:17,2025-10-28 16:08,2025-10-28 17:03,2025-10-28 16:08,2025-10-28 16:17,9.00,partial_overlap,Low
421,P005,Code Review,Tech Sharing,Office Area 2,Demo Hall,2025-10-28 16:02,2025-10-28 16:57,2025-10-28 16:08,2025-10-28 17:03,2025-10-28 16:08,2025-10-28 16:57,49.00,partial_overlap,Medium
422,P005,Product Demo,One-on-One,Conference Room A,R&D Center,2025-11-02 17:00,2025-11-02 17:45,2025-11-02 17:00,2025-11-02 18:30,2025-11-02 17:00,2025-11-02 17:45,45.00,containment,Medium
423,P005,Project Discussion,Project Discussion,Online Meeting,Test Lab,2025-10-30 09:30,2025-10-30 11:00,2025-10-30 09:44,2025-10-30 10:36,2025-10-30 09:44,2025-10-30 10:36,52.00,containment,Medium
424,P005,Product Demo,Product Demo,Cafe,Conference Room C,2025-11-04 09:30,2025-11-04 10:15,2025-11-04 09:00,2025-11-04 10:00,2025-11-04 09:30,2025-11-04 10:00,30.00,partial_overlap,Medium
425,P005,Training,Requirements Analysis,Break Room,Conference Room B,2025-11-05 13:45,2025-11-05 14:45,2025-11-05 14:05,2025-11-05 14:37,2025-11-05 14:05,2025-11-05 14:37,32.00,containment,Medium
426,P005,Tech Sharing,Deployment,Conference Room A,Break Room,2025-11-07 16:45,2025-11-07 17:45,2025-11-07 16:57,2025-11-07 17:22,2025-11-07 16:57,2025-11-07 17:22,25.00,containment,Medium
427,P005,Client Visit,Meeting,Office Area 1,Training Room,2025-11-09 11:15,2025-11-09 12:00,2025-11-09 11:00,2025-11-09 11:30,2025-11-09 11:15,2025-11-09 11:30,15.00,partial_overlap,Medium
428,P005,Brainstorming,Brainstorming,Demo Hall,Conference Room A,2025-11-09 10:00,2025-11-09 11:00,2025-11-09 10:19,2025-11-09 10:47,2025-11-09 10:19,2025-11-09 10:47,28.00,containment,Medium
429,P005,Operations Check,Requirements Analysis,Office Area 2,Remote,2025-11-13 12:45,2025-11-13 13:45,2025-11-13 13:30,2025-11-13 14:30,2025-11-13 13:30,2025-11-13 13:45,15.00,partial_overlap,Medium
430,P005,Deployment,Meeting,Online Meeting,Demo Hall,2025-11-13 16:30,2025-11-13 17:15,2025-11-13 16:45,2025-11-13 17:30,2025-11-13 16:45,2025-11-13 17:15,30.00,partial_overlap,Medium
431,P005,Deployment,Meeting,Online Meeting,Training Room,2025-11-13 16:30,2025-11-13 17:15,2025-11-13 16:53,2025-11-13 17:32,2025-11-13 16:53,2025-11-13 17:15,22.00,partial_overlap,Medium
432,P005,Meeting,Meeting,Demo Hall,Training Room,2025-11-13 16:45,2025-11-13 17:30,2025-11-13 16:53,2025-11-13 17:32,2025-11-13 16:53,2025-11-13 17:30,37.00,partial_overlap,Medium
433,P005,Testing Acceptance,One-on-One,Office Area 1,Remote,2025-11-11 10:45,2025-11-11 11:15,2025-11-11 11:05,2025-11-11 11:29,2025-11-11 11:05,2025-11-11 11:15,10.00,partial_overlap,Low
434,P005,Team Building,Deployment,Product Showcase,Client Reception,2025-11-11 14:30,2025-11-11 15:00,2025-11-11 14:39,2025-11-11 15:37,2025-11-11 14:39,2025-11-11 15:00,21.00,partial_overlap,Medium
435,P005,Code Review,Team Building,Demo Hall,Office Area 1,2025-11-19 10:30,2025-11-19 11:00,2025-11-19 10:47,2025-11-19 11:12,2025-11-19 10:47,2025-11-19 11:00,13.00,partial_overlap,Low
436,P005,Tech Sharing,Brainstorming,Online Meeting,Break Room,2025-11-12 11:30,2025-11-12 11:45,2025-11-12 11:38,2025-11-12 12:14,2025-11-12 11:38,2025-11-12 11:45,7.00,partial_overlap,Low
437,P005,Operations Check,Project Discussion,Demo Hall,Demo Hall,2025-11-16 12:00,2025-11-16 12:45,2025-11-16 12:00,2025-11-16 12:45,2025-11-16 12:00,2025-11-16 12:45,45.00,containment,Medium
438,P005,One-on-One,Team Building,Online Meeting,Office Area 2,2025-11-20 08:45,2025-11-20 09:15,2025-11-20 09:09,2025-11-20 09:36,2025-11-20 09:09,2025-11-20 09:15,6.00,partial_overlap,Low
439,P005,Team Building,Testing Acceptance,Office Area 2,Break Room,2025-11-20 10:45,2025-11-20 11:15,2025-11-20 10:54,2025-11-20 11:46,2025-11-20 10:54,2025-11-20 11:15,21.00,partial_overlap,Medium
440,P005,Team Building,Client Visit,Office Area 2,Test Lab,2025-11-20 10:45,2025-11-20 11:15,2025-11-20 11:10,2025-11-20 11:36,2025-11-20 11:10,2025-11-20 11:15,5.00,partial_overlap,Low
441,P005,Tech Sharing,Code Review,Conference Room A,R&D Center,2025-11-18 08:45,2025-11-18 09:00,2025-11-18 08:45,2025-11-18 09:30,2025-11-18 08:45,2025-11-18 09:00,15.00,containment,Medium
442,P005,Project Discussion,Team Building,Online Meeting,Office Area 2,2025-11-21 14:00,2025-11-21 14:15,2025-11-21 13:45,2025-11-21 14:15,2025-11-21 14:00,2025-11-21 14:15,15.00,containment,Medium
443,P005,Meeting,Meeting,Training Room,Break Room,2025-11-23 08:00,2025-11-23 08:15,2025-11-23 08:14,2025-11-23 08:44,2025-11-23 08:14,2025-11-23 08:15,1.00,partial_overlap,Low
444,P005,Team Building,Client Visit,Online Meeting,Product Showcase,2025-11-22 14:00,2025-11-22 14:30,2025-11-22 14:29,2025-11-22 14:58,2025-11-22 14:29,2025-11-22 14:30,1.00,partial_overlap,Low
445,P005,Meeting,Team Building,Break Room,Office Area 2,2025-11-20 09:30,2025-11-20 10:00,2025-11-20 09:09,2025-11-20 09:36,2025-11-20 09:30,2025-11-20 09:36,6.00,partial_overlap,Low
446,P005,Meeting,Training,Break Room,Conference Room A,2025-11-23 08:14,2025-11-23 08:44,2025-11-23 08:28,2025-11-23 09:17,2025-11-23 08:28,2025-11-23 08:44,16.00,partial_overlap,Medium
447,P005,Testing Acceptance,Client Visit,Break Room,Test Lab,2025-11-20 10:54,2025-11-20 11:46,2025-11-20 11:10,2025-11-20 11:36,2025-11-20 11:10,2025-11-20 11:36,26.00,containment,Medium
448,P006,Team Building,Project Discussion,Conference Room B,Training Room,2025-10-07 11:00,2025-10-07 12:30,2025-10-07 11:45,2025-10-07 13:15,2025-10-07 11:45,2025-10-07 12:30,45.00,partial_overlap,Medium
449,P006,Team Building,Training,Conference Room B,R&D Center,2025-10-07 11:00,2025-10-07 12:30,2025-10-07 11:58,2025-10-07 12:55,2025-10-07 11:58,2025-10-07 12:30,32.00,partial_overlap,Medium
450,P006,Testing Acceptance,Project Discussion,Product Showcase,Training Room,2025-10-07 12:30,2025-10-07 13:30,2025-10-07 11:45,2025-10-07 13:15,2025-10-07 12:30,2025-10-07 13:15,45.00,partial_overlap,Medium
451,P006,Testing Acceptance,Training,Product Showcase,R&D Center,2025-10-07 12:30,2025-10-07 13:30,2025-10-07 11:58,2025-10-07 12:55,2025-10-07 12:30,2025-10-07 12:55,25.00,partial_overlap,Medium
452,P006,Project Discussion,Training,Training Room,R&D Center,2025-10-07 11:45,2025-10-07 13:15,2025-10-07 11:58,2025-10-07 12:55,2025-10-07 11:58,2025-10-07 12:55,57.00,containment,Medium
453,P006,Project Discussion,Testing Acceptance,Break Room,Office Area 1,2025-10-15 09:45,2025-10-15 10:30,2025-10-15 09:15,2025-10-15 10:00,2025-10-15 09:45,2025-10-15 10:00,15.00,partial_overlap,Medium
454,P006,Team Building,Product Demo,R&D Center,Training Room,2025-10-11 14:30,2025-10-11 16:00,2025-10-11 15:45,2025-10-11 16:15,2025-10-11 15:45,2025-10-11 16:00,15.00,partial_overlap,Medium
455,P006,Tech Sharing,Project Discussion,Cafe,Client Reception,2025-10-14 12:15,2025-10-14 13:15,2025-10-14 12:33,2025-10-14 12:54,2025-10-14 12:33,2025-10-14 12:54,21.00,containment,Medium
456,P006,Brainstorming,Product Demo,Training Room,Training Room,2025-10-14 16:45,2025-10-14 17:15,2025-10-14 16:56,2025-10-14 17:37,2025-10-14 16:56,2025-10-14 17:15,19.00,partial_overlap,Medium
457,P006,Design Review,Code Review,Conference Room B,Client Reception,2025-10-19 15:30,2025-10-19 16:30,2025-10-19 15:58,2025-10-19 16:39,2025-10-19 15:58,2025-10-19 16:30,32.00,partial_overlap,Medium
458,P006,Design Review,Code Review,Conference Room B,Conference Room A,2025-10-19 15:30,2025-10-19 16:30,2025-10-19 16:15,2025-10-19 16:30,2025-10-19 16:15,2025-10-19 16:30,15.00,containment,Medium
459,P006,Tech Sharing,Requirements Analysis,Office Area 1,Remote,2025-10-22 11:15,2025-10-22 12:15,2025-10-22 11:45,2025-10-22 12:15,2025-10-22 11:45,2025-10-22 12:15,30.00,containment,Medium
460,P006,Brainstorming,Team Building,Cafe,Test Lab,2025-10-21 18:00,2025-10-21 18:30,2025-10-21 17:45,2025-10-21 18:30,2025-10-21 18:00,2025-10-21 18:30,30.00,containment,Medium
461,P006,Design Review,Requirements Analysis,Test Lab,Product Showcase,2025-10-24 15:30,2025-10-24 16:00,2025-10-24 15:30,2025-10-24 15:45,2025-10-24 15:30,2025-10-24 15:45,15.00,containment,Medium
462,P006,Design Review,Brainstorming,Test Lab,Office Area 2,2025-10-24 15:30,2025-10-24 16:00,2025-10-24 15:15,2025-10-24 15:45,2025-10-24 15:30,2025-10-24 15:45,15.00,partial_overlap,Medium
463,P006,Code Review,Code Review,Client Reception,Conference Room A,2025-10-19 15:58,2025-10-19 16:39,2025-10-19 16:15,2025-10-19 16:30,2025-10-19 16:15,2025-10-19 16:30,15.00,containment,Medium
464,P006,Team Building,Tech Sharing,Test Lab,Remote,2025-10-21 17:45,2025-10-21 18:30,2025-10-21 17:45,2025-10-21 18:00,2025-10-21 17:45,2025-10-21 18:00,15.00,containment,Medium
465,P006,Requirements Analysis,Brainstorming,Product Showcase,Office Area 2,2025-10-24 15:30,2025-10-24 15:45,2025-10-24 15:15,2025-10-24 15:45,2025-10-24 15:30,2025-10-24 15:45,15.00,containment,Medium
466,P006,One-on-One,Requirements Analysis,Conference Room B,Client Reception,2025-10-23 13:45,2025-10-23 14:30,2025-10-23 14:00,2025-10-23 14:15,2025-10-23 14:00,2025-10-23 14:15,15.00,containment,Medium
467,P006,Meeting,Code Review,Product Showcase,Online Meeting,2025-10-26 08:15,2025-10-26 09:00,2025-10-26 08:45,2025-10-26 09:15,2025-10-26 08:45,2025-10-26 09:00,15.00,partial_overlap,Medium
468,P006,One-on-One,Deployment,Client Reception,Test Lab,2025-10-23 16:30,2025-10-23 17:15,2025-10-23 17:00,2025-10-23 17:15,2025-10-23 17:00,2025-10-23 17:15,15.00,containment,Medium
469,P006,One-on-One,Requirements Analysis,Client Reception,R&D Center,2025-10-23 16:30,2025-10-23 17:15,2025-10-23 16:37,2025-10-23 17:04,2025-10-23 16:37,2025-10-23 17:04,27.00,containment,Medium
470,P006,Training,Deployment,Office Area 1,Office Area 1,2025-10-28 17:15,2025-10-28 18:00,2025-10-28 17:41,2025-10-28 18:28,2025-10-28 17:41,2025-10-28 18:00,19.00,partial_overlap,Medium
471,P006,Deployment,Code Review,Client Reception,Online Meeting,2025-10-26 09:00,2025-10-26 09:45,2025-10-26 08:45,2025-10-26 09:15,2025-10-26 09:00,2025-10-26 09:15,15.00,partial_overlap,Medium
472,P006,Product Demo,Requirements Analysis,Cafe,Break Room,2025-10-24 10:15,2025-10-24 11:00,2025-10-24 10:21,2025-10-24 11:02,2025-10-24 10:21,2025-10-24 11:00,39.00,partial_overlap,Medium
473,P006,Deployment,Requirements Analysis,Test Lab,R&D Center,2025-10-23 17:00,2025-10-23 17:15,2025-10-23 16:37,2025-10-23 17:04,2025-10-23 17:00,2025-10-23 17:04,4.00,partial_overlap,Low
474,P006,One-on-One,Code Review,Office Area 1,Break Room,2025-10-24 08:00,2025-10-24 08:30,2025-10-24 08:21,2025-10-24 08:45,2025-10-24 08:21,2025-10-24 08:30,9.00,partial_overlap,Low
475,P006,Code Review,Design Review,Office Area 2,Online Meeting,2025-10-23 09:00,2025-10-23 09:45,2025-10-23 08:48,2025-10-23 09:43,2025-10-23 09:00,2025-10-23 09:43,43.00,partial_overlap,Medium
476,P006,Team Building,Training,Product Showcase,Cafe,2025-10-26 11:45,2025-10-26 12:30,2025-10-26 11:56,2025-10-26 12:43,2025-10-26 11:56,2025-10-26 12:30,34.00,partial_overlap,Medium
477,P006,Deployment,Meeting,R&D Center,Demo Hall,2025-10-31 11:00,2025-10-31 11:15,2025-10-31 11:00,2025-10-31 11:15,2025-10-31 11:00,2025-10-31 11:15,15.00,containment,Medium
478,P006,Requirements Analysis,Training,Online Meeting,Cafe,2025-10-26 12:30,2025-10-26 12:45,2025-10-26 11:56,2025-10-26 12:43,2025-10-26 12:30,2025-10-26 12:43,13.00,partial_overlap,Low
479,P006,Code Review,Deployment,Conference Room C,Test Lab,2025-10-30 14:30,2025-10-30 14:45,2025-10-30 14:39,2025-10-30 15:38,2025-10-30 14:39,2025-10-30 14:45,6.00,partial_overlap,Low
480,P006,Design Review,Product Demo,Test Lab,Office Area 2,2025-10-31 14:45,2025-10-31 15:30,2025-10-31 15:08,2025-10-31 15:33,2025-10-31 15:08,2025-10-31 15:30,22.00,partial_overlap,Medium
481,P006,Project Discussion,Deployment,Office Area 2,Test Lab,2025-10-30 15:30,2025-10-30 16:15,2025-10-30 14:39,2025-10-30 15:38,2025-10-30 15:30,2025-10-30 15:38,8.00,partial_overlap,Low
482,P006,One-on-One,Design Review,R&D Center,Conference Room A,2025-11-06 18:15,2025-11-06 19:45,2025-11-06 18:21,2025-11-06 18:38,2025-11-06 18:21,2025-11-06 18:38,17.00,containment,Medium
483,P006,Deployment,Brainstorming,Product Showcase,Cafe,2025-11-10 11:30,2025-11-10 12:00,2025-11-10 11:56,2025-11-10 12:43,2025-11-10 11:56,2025-11-10 12:00,4.00,partial_overlap,Low
484,P006,Code Review,Meeting,Conference Room A,Office Area 1,2025-11-11 13:45,2025-11-11 14:45,2025-11-11 14:15,2025-11-11 15:15,2025-11-11 14:15,2025-11-11 14:45,30.00,partial_overlap,Medium
485,P006,Tech Sharing,Operations Check,R&D Center,Conference Room A,2025-11-10 17:30,2025-11-10 18:15,2025-11-10 17:15,2025-11-10 18:00,2025-11-10 17:30,2025-11-10 18:00,30.00,partial_overlap,Medium
486,P006,Deployment,Operations Check,Demo Hall,Conference Room A,2025-11-10 16:30,2025-11-10 17:30,2025-11-10 17:15,2025-11-10 18:00,2025-11-10 17:15,2025-11-10 17:30,15.00,partial_overlap,Medium
487,P006,Deployment,Operations Check,Demo Hall,Remote,2025-11-10 16:30,2025-11-10 17:30,2025-11-10 16:55,2025-11-10 17:27,2025-11-10 16:55,2025-11-10 17:27,32.00,containment,Medium
488,P006,Client Visit,Design Review,Office Area 1,Break Room,2025-11-07 10:45,2025-11-07 11:45,2025-11-07 10:45,2025-11-07 11:15,2025-11-07 10:45,2025-11-07 11:15,30.00,containment,Medium
489,P006,Deployment,Meeting,Client Reception,Office Area 1,2025-11-11 15:00,2025-11-11 15:45,2025-11-11 14:15,2025-11-11 15:15,2025-11-11 15:00,2025-11-11 15:15,15.00,partial_overlap,Medium
490,P006,Code Review,Design Review,Product Showcase,Break Room,2025-11-11 17:30,2025-11-11 18:00,2025-11-11 17:15,2025-11-11 17:45,2025-11-11 17:30,2025-11-11 17:45,15.00,partial_overlap,Medium
491,P006,Operations Check,Operations Check,Conference Room A,Remote,2025-11-10 17:15,2025-11-10 18:00,2025-11-10 16:55,2025-11-10 17:27,2025-11-10 17:15,2025-11-10 17:27,12.00,partial_overlap,Low
492,P006,Client Visit,Training,Remote,Conference Room C,2025-11-10 10:15,2025-11-10 11:00,2025-11-10 10:40,2025-11-10 11:28,2025-11-10 10:40,2025-11-10 11:00,20.00,partial_overlap,Medium
493,P006,Client Visit,Project Discussion,Product Showcase,Test Lab,2025-11-16 14:15,2025-11-16 14:45,2025-11-16 14:35,2025-11-16 15:03,2025-11-16 14:35,2025-11-16 14:45,10.00,partial_overlap,Low
494,P006,Deployment,Project Discussion,Break Room,Conference Room C,2025-11-14 10:15,2025-11-14 11:15,2025-11-14 11:00,2025-11-14 11:45,2025-11-14 11:00,2025-11-14 11:15,15.00,partial_overlap,Medium
495,P006,Product Demo,Training,Product Showcase,Conference Room A,2025-11-15 16:15,2025-11-15 17:00,2025-11-15 16:00,2025-11-15 16:30,2025-11-15 16:15,2025-11-15 16:30,15.00,partial_overlap,Medium
496,P006,Project Discussion,Meeting,Test Lab,Training Room,2025-11-16 14:35,2025-11-16 15:03,2025-11-16 14:45,2025-11-16 15:30,2025-11-16 14:45,2025-11-16 15:03,18.00,partial_overlap,Medium
497,P006,Client Visit,Testing Acceptance,Cafe,Remote,2025-11-19 11:00,2025-11-19 11:15,2025-11-19 10:45,2025-11-19 11:30,2025-11-19 11:00,2025-11-19 11:15,15.00,containment,Medium
498,P006,Product Demo,Team Building,Demo Hall,Office Area 2,2025-11-19 08:15,2025-11-19 08:45,2025-11-19 08:39,2025-11-19 09:05,2025-11-19 08:39,2025-11-19 08:45,6.00,partial_overlap,Low
499,P006,Meeting,Operations Check,Product Showcase,Cafe,2025-11-18 16:45,2025-11-18 17:30,2025-11-18 17:03,2025-11-18 17:57,2025-11-18 17:03,2025-11-18 17:30,27.00,partial_overlap,Medium
500,P006,Testing Acceptance,Code Review,Test Lab,Cafe,2025-11-18 12:45,2025-11-18 13:15,2025-11-18 12:30,2025-11-18 13:00,2025-11-18 12:45,2025-11-18 13:00,15.00,partial_overlap,Medium
501,P006,Training,One-on-One,Test Lab,Break Room,2025-11-21 17:30,2025-11-21 17:45,2025-11-21 17:30,2025-11-21 18:00,2025-11-21 17:30,2025-11-21 17:45,15.00,containment,Medium
502,P006,Training,Tech Sharing,Break Room,Conference Room A,2025-11-21 11:45,2025-11-21 12:00,2025-11-21 11:30,2025-11-21 12:00,2025-11-21 11:45,2025-11-21 12:00,15.00,containment,Medium
503,P006,Tech Sharing,One-on-One,Conference Room A,Break Room,2025-11-21 12:15,2025-11-21 12:30,2025-11-21 12:21,2025-11-21 13:09,2025-11-21 12:21,2025-11-21 12:30,9.00,partial_overlap,Low
504,P006,Operations Check,Project Discussion,Office Area 2,Office Area 1,2025-11-21 14:30,2025-11-21 15:15,2025-11-21 14:53,2025-11-21 15:27,2025-11-21 14:53,2025-11-21 15:15,22.00,partial_overlap,Medium
505,P006,Team Building,Requirements Analysis,Demo Hall,Conference Room A,2025-11-18 15:00,2025-11-18 15:45,2025-11-18 15:30,2025-11-18 15:45,2025-11-18 15:30,2025-11-18 15:45,15.00,containment,Medium
506,P006,Testing Acceptance,One-on-One,Product Showcase,Office Area 2,2025-11-20 09:35,2025-11-20 10:30,2025-11-20 09:56,2025-11-20 10:15,2025-11-20 09:56,2025-11-20 10:15,19.00,containment,Medium
507,P007,Code Review,Testing Acceptance,Office Area 2,Remote,2025-10-13 17:00,2025-10-13 18:00,2025-10-13 17:45,2025-10-13 18:30,2025-10-13 17:45,2025-10-13 18:00,15.00,partial_overlap,Medium
508,P007,Meeting,Design Review,Conference Room A,R&D Center,2025-10-14 18:30,2025-10-14 20:00,2025-10-14 18:30,2025-10-14 20:00,2025-10-14 18:30,2025-10-14 20:00,90.00,containment,High
509,P007,Meeting,Brainstorming,Conference Room A,Conference Room A,2025-10-14 18:30,2025-10-14 20:00,2025-10-14 18:53,2025-10-14 19:30,2025-10-14 18:53,2025-10-14 19:30,37.00,containment,Medium
510,P007,Code Review,Project Discussion,Conference Room A,Client Reception,2025-10-14 15:15,2025-10-14 16:45,2025-10-14 16:00,2025-10-14 16:45,2025-10-14 16:00,2025-10-14 16:45,45.00,containment,Medium
511,P007,Design Review,Brainstorming,R&D Center,Conference Room A,2025-10-14 18:30,2025-10-14 20:00,2025-10-14 18:53,2025-10-14 19:30,2025-10-14 18:53,2025-10-14 19:30,37.00,containment,Medium
512,P007,Project Discussion,Training,Training Room,Conference Room B,2025-10-15 14:30,2025-10-15 15:15,2025-10-15 14:47,2025-10-15 15:08,2025-10-15 14:47,2025-10-15 15:08,21.00,containment,Medium
513,P007,Requirements Analysis,Meeting,Conference Room B,Training Room,2025-10-17 10:15,2025-10-17 11:00,2025-10-17 10:20,2025-10-17 10:57,2025-10-17 10:20,2025-10-17 10:57,37.00,containment,Medium
514,P007,Meeting,Operations Check,Office Area 2,Client Reception,2025-10-19 17:30,2025-10-19 18:00,2025-10-19 17:30,2025-10-19 18:30,2025-10-19 17:30,2025-10-19 18:00,30.00,containment,Medium
515,P007,Design Review,Product Demo,R&D Center,Client Reception,2025-10-18 14:45,2025-10-18 15:15,2025-10-18 15:04,2025-10-18 15:52,2025-10-18 15:04,2025-10-18 15:15,11.00,partial_overlap,Low
516,P007,Deployment,Brainstorming,Online Meeting,Cafe,2025-10-21 09:15,2025-10-21 10:00,2025-10-21 09:40,2025-10-21 10:16,2025-10-21 09:40,2025-10-21 10:00,20.00,partial_overlap,Medium
517,P007,Deployment,One-on-One,Online Meeting,R&D Center,2025-10-21 09:15,2025-10-21 10:00,2025-10-21 09:15,2025-10-21 09:45,2025-10-21 09:15,2025-10-21 09:45,30.00,containment,Medium
518,P007,Tech Sharing,Training,Training Room,Test Lab,2025-10-21 12:30,2025-10-21 13:30,2025-10-21 12:30,2025-10-21 13:15,2025-10-21 12:30,2025-10-21 13:15,45.00,containment,Medium
519,P007,Tech Sharing,Design Review,Training Room,Conference Room B,2025-10-21 12:30,2025-10-21 13:30,2025-10-21 12:50,2025-10-21 13:17,2025-10-21 12:50,2025-10-21 13:17,27.00,containment,Medium
520,P007,Tech Sharing,Training,Training Room,R&D Center,2025-10-21 12:30,2025-10-21 13:30,2025-10-21 13:15,2025-10-21 13:30,2025-10-21 13:15,2025-10-21 13:30,15.00,containment,Medium
521,P007,Training,Design Review,Test Lab,Conference Room B,2025-10-21 12:30,2025-10-21 13:15,2025-10-21 12:50,2025-10-21 13:17,2025-10-21 12:50,2025-10-21 13:15,25.00,partial_overlap,Medium
522,P007,Brainstorming,One-on-One,Cafe,R&D Center,2025-10-21 09:40,2025-10-21 10:16,2025-10-21 09:15,2025-10-21 09:45,2025-10-21 09:40,2025-10-21 09:45,5.00,partial_overlap,Low
523,P007,Design Review,Training,Conference Room B,R&D Center,2025-10-21 12:50,2025-10-21 13:17,2025-10-21 13:15,2025-10-21 13:30,2025-10-21 13:15,2025-10-21 13:17,2.00,partial_overlap,Low
524,P007,Team Building,Tech Sharing,Test Lab,Demo Hall,2025-10-26 18:45,2025-10-26 19:00,2025-10-26 18:45,2025-10-26 19:00,2025-10-26 18:45,2025-10-26 19:00,15.00,containment,Medium
525,P007,Training,Requirements Analysis,Conference Room C,R&D Center,2025-10-27 15:15,2025-10-27 15:45,2025-10-27 15:30,2025-10-27 16:29,2025-10-27 15:30,2025-10-27 15:45,15.00,partial_overlap,Medium
526,P007,One-on-One,Product Demo,Online Meeting,Client Reception,2025-10-28 08:15,2025-10-28 09:00,2025-10-28 08:21,2025-10-28 08:51,2025-10-28 08:21,2025-10-28 08:51,30.00,containment,Medium
527,P007,Project Discussion,One-on-One,R&D Center,Conference Room A,2025-10-26 09:45,2025-10-26 10:00,2025-10-26 09:15,2025-10-26 10:00,2025-10-26 09:45,2025-10-26 10:00,15.00,containment,Medium
528,P007,Code Review,Tech Sharing,Office Area 2,Remote,2025-10-29 13:30,2025-10-29 14:00,2025-10-29 13:00,2025-10-29 13:45,2025-10-29 13:30,2025-10-29 13:45,15.00,partial_overlap,Medium
529,P007,One-on-One,Tech Sharing,Break Room,Training Room,2025-10-30 08:30,2025-10-30 09:15,2025-10-30 08:30,2025-10-30 09:15,2025-10-30 08:30,2025-10-30 09:15,45.00,containment,Medium
530,P007,One-on-One,Product Demo,Break Room,Client Reception,2025-10-30 08:30,2025-10-30 09:15,2025-10-30 08:40,2025-10-30 09:26,2025-10-30 08:40,2025-10-30 09:15,35.00,partial_overlap,Medium
531,P007,One-on-One,Code Review,Break Room,Online Meeting,2025-10-30 08:30,2025-10-30 09:15,2025-10-30 08:55,2025-10-30 09:14,2025-10-30 08:55,2025-10-30 09:14,19.00,containment,Medium
532,P007,Operations Check,Product Demo,Remote,R&D Center,2025-10-28 11:00,2025-10-28 11:45,2025-10-28 10:45,2025-10-28 11:15,2025-10-28 11:00,2025-10-28 11:15,15.00,partial_overlap,Medium
533,P007,Tech Sharing,Product Demo,Training Room,Client Reception,2025-10-30 08:30,2025-10-30 09:15,2025-10-30 08:40,2025-10-30 09:26,2025-10-30 08:40,2025-10-30 09:15,35.00,partial_overlap,Medium
534,P007,Tech Sharing,Code Review,Training Room,Online Meeting,2025-10-30 08:30,2025-10-30 09:15,2025-10-30 08:55,2025-10-30 09:14,2025-10-30 08:55,2025-10-30 09:14,19.00,containment,Medium
535,P007,Code Review,Team Building,Conference Room B,Client Reception,2025-11-01 10:30,2025-11-01 10:45,2025-11-01 10:15,2025-11-01 11:45,2025-11-01 10:30,2025-11-01 10:45,15.00,containment,Medium
536,P007,Team Building,Code Review,Product Showcase,Break Room,2025-11-01 11:30,2025-11-01 12:00,2025-11-01 11:55,2025-11-01 12:42,2025-11-01 11:55,2025-11-01 12:00,5.00,partial_overlap,Low
537,P007,Team Building,Team Building,Product Showcase,Client Reception,2025-11-01 11:30,2025-11-01 12:00,2025-11-01 10:15,2025-11-01 11:45,2025-11-01 11:30,2025-11-01 11:45,15.00,partial_overlap,Medium
538,P007,Product Demo,Code Review,Client Reception,Online Meeting,2025-10-30 08:40,2025-10-30 09:26,2025-10-30 08:55,2025-10-30 09:14,2025-10-30 08:55,2025-10-30 09:14,19.00,containment,Medium
539,P007,Tech Sharing,Product Demo,Product Showcase,Conference Room B,2025-11-02 08:15,2025-11-02 09:45,2025-11-02 08:41,2025-11-02 09:15,2025-11-02 08:41,2025-11-02 09:15,34.00,containment,Medium
540,P007,Team Building,Project Discussion,Demo Hall,Conference Room B,2025-11-04 17:30,2025-11-04 18:00,2025-11-04 17:00,2025-11-04 17:45,2025-11-04 17:30,2025-11-04 17:45,15.00,partial_overlap,Medium
541,P007,Team Building,Code Review,Demo Hall,Conference Room B,2025-11-04 17:30,2025-11-04 18:00,2025-11-04 17:00,2025-11-04 17:45,2025-11-04 17:30,2025-11-04 17:45,15.00,partial_overlap,Medium
542,P007,Team Building,Project Discussion,Demo Hall,Break Room,2025-11-04 17:30,2025-11-04 18:00,2025-11-04 17:07,2025-11-04 17:47,2025-11-04 17:30,2025-11-04 17:47,17.00,partial_overlap,Medium
543,P007,Team Building,Client Visit,Demo Hall,R&D Center,2025-11-04 17:30,2025-11-04 18:00,2025-11-04 17:07,2025-11-04 17:36,2025-11-04 17:30,2025-11-04 17:36,6.00,partial_overlap,Low
544,P007,Team Building,Product Demo,Demo Hall,Conference Room B,2025-11-04 17:30,2025-11-04 18:00,2025-11-04 17:29,2025-11-04 17:48,2025-11-04 17:30,2025-11-04 17:48,18.00,partial_overlap,Medium
545,P007,Project Discussion,Code Review,Conference Room B,Conference Room B,2025-11-04 17:00,2025-11-04 17:45,2025-11-04 17:00,2025-11-04 17:45,2025-11-04 17:00,2025-11-04 17:45,45.00,containment,Medium
546,P007,Project Discussion,Project Discussion,Conference Room B,Break Room,2025-11-04 17:00,2025-11-04 17:45,2025-11-04 17:07,2025-11-04 17:47,2025-11-04 17:07,2025-11-04 17:45,38.00,partial_overlap,Medium
547,P007,Project Discussion,Client Visit,Conference Room B,R&D Center,2025-11-04 17:00,2025-11-04 17:45,2025-11-04 17:07,2025-11-04 17:36,2025-11-04 17:07,2025-11-04 17:36,29.00,containment,Medium
548,P007,Project Discussion,Product Demo,Conference Room B,Conference Room B,2025-11-04 17:00,2025-11-04 17:45,2025-11-04 17:29,2025-11-04 17:48,2025-11-04 17:29,2025-11-04 17:45,16.00,partial_overlap,Medium
549,P007,Brainstorming,Project Discussion,Training Room,Test Lab,2025-11-08 10:30,2025-11-08 11:15,2025-11-08 10:45,2025-11-08 11:45,2025-11-08 10:45,2025-11-08 11:15,30.00,partial_overlap,Medium
550,P007,Brainstorming,Requirements Analysis,Office Area 2,Remote,2025-11-08 16:45,2025-11-08 17:30,2025-11-08 16:00,2025-11-08 17:00,2025-11-08 16:45,2025-11-08 17:00,15.00,partial_overlap,Medium
551,P007,Code Review,Project Discussion,Conference Room B,Break Room,2025-11-04 17:00,2025-11-04 17:45,2025-11-04 17:07,2025-11-04 17:47,2025-11-04 17:07,2025-11-04 17:45,38.00,partial_overlap,Medium
552,P007,Code Review,Client Visit,Conference Room B,R&D Center,2025-11-04 17:00,2025-11-04 17:45,2025-11-04 17:07,2025-11-04 17:36,2025-11-04 17:07,2025-11-04 17:36,29.00,containment,Medium
553,P007,Code Review,Product Demo,Conference Room B,Conference Room B,2025-11-04 17:00,2025-11-04 17:45,2025-11-04 17:29,2025-11-04 17:48,2025-11-04 17:29,2025-11-04 17:45,16.00,partial_overlap,Medium
554,P007,Project Discussion,Design Review,Test Lab,R&D Center,2025-11-08 10:45,2025-11-08 11:45,2025-11-08 11:15,2025-11-08 11:33,2025-11-08 11:15,2025-11-08 11:33,18.00,containment,Medium
555,P007,Deployment,Tech Sharing,Demo Hall,Client Reception,2025-11-10 12:00,2025-11-10 12:30,2025-11-10 12:15,2025-11-10 12:45,2025-11-10 12:15,2025-11-10 12:30,15.00,partial_overlap,Medium
556,P007,Requirements Analysis,Training,Conference Room A,Conference Room A,2025-11-14 18:30,2025-11-14 19:00,2025-11-14 18:30,2025-11-14 19:00,2025-11-14 18:30,2025-11-14 19:00,30.00,containment,Medium
557,P007,Tech Sharing,Design Review,Office Area 1,Office Area 2,2025-11-13 08:30,2025-11-13 09:30,2025-11-13 08:15,2025-11-13 09:15,2025-11-13 08:30,2025-11-13 09:15,45.00,partial_overlap,Medium
558,P007,Tech Sharing,Code Review,Online Meeting,Office Area 1,2025-11-10 17:15,2025-11-10 17:45,2025-11-10 17:15,2025-11-10 18:00,2025-11-10 17:15,2025-11-10 17:45,30.00,containment,Medium
559,P007,Product Demo,Team Building,Conference Room C,Online Meeting,2025-11-17 13:30,2025-11-17 14:15,2025-11-17 13:27,2025-11-17 14:26,2025-11-17 13:30,2025-11-17 14:15,45.00,containment,Medium
560,P007,Brainstorming,Meeting,Break Room,Demo Hall,2025-11-17 10:45,2025-11-17 11:45,2025-11-17 10:45,2025-11-17 11:30,2025-11-17 10:45,2025-11-17 11:30,45.00,containment,Medium
561,P007,Brainstorming,Tech Sharing,Break Room,Office Area 2,2025-11-17 10:45,2025-11-17 11:45,2025-11-17 10:45,2025-11-17 11:00,2025-11-17 10:45,2025-11-17 11:00,15.00,containment,Medium
562,P007,Project Discussion,Client Visit,Break Room,R&D Center,2025-11-04 17:07,2025-11-04 17:47,2025-11-04 17:07,2025-11-04 17:36,2025-11-04 17:07,2025-11-04 17:36,29.00,containment,Medium
563,P007,Project Discussion,Product Demo,Break Room,Conference Room B,2025-11-04 17:07,2025-11-04 17:47,2025-11-04 17:29,2025-11-04 17:48,2025-11-04 17:29,2025-11-04 17:47,18.00,partial_overlap,Medium
564,P007,Client Visit,Product Demo,R&D Center,Conference Room B,2025-11-04 17:07,2025-11-04 17:36,2025-11-04 17:29,2025-11-04 17:48,2025-11-04 17:29,2025-11-04 17:36,7.00,partial_overlap,Low
565,P007,Training,Design Review,Office Area 2,Office Area 2,2025-11-13 16:30,2025-11-13 17:15,2025-11-13 16:58,2025-11-13 17:44,2025-11-13 16:58,2025-11-13 17:15,17.00,partial_overlap,Medium
566,P007,Training,Design Review,Office Area 2,Office Area 1,2025-11-13 16:30,2025-11-13 17:15,2025-11-13 16:36,2025-11-13 17:32,2025-11-13 16:36,2025-11-13 17:15,39.00,partial_overlap,Medium
567,P007,Project Discussion,Deployment,Office Area 2,Break Room,2025-11-18 16:30,2025-11-18 17:15,2025-11-18 16:30,2025-11-18 17:15,2025-11-18 16:30,2025-11-18 17:15,45.00,containment,Medium
568,P007,Testing Acceptance,Meeting,Training Room,Conference Room B,2025-11-18 15:45,2025-11-18 16:30,2025-11-18 16:00,2025-11-18 16:30,2025-11-18 16:00,2025-11-18 16:30,30.00,containment,Medium
569,P007,Training,Brainstorming,Office Area 2,R&D Center,2025-11-21 09:15,2025-11-21 09:30,2025-11-21 09:15,2025-11-21 09:30,2025-11-21 09:15,2025-11-21 09:30,15.00,containment,Medium
570,P007,Operations Check,Team Building,Conference Room A,Online Meeting,2025-11-17 13:00,2025-11-17 13:30,2025-11-17 13:27,2025-11-17 14:26,2025-11-17 13:27,2025-11-17 13:30,3.00,partial_overlap,Low
571,P007,One-on-One,Operations Check,Online Meeting,Online Meeting,2025-11-21 17:00,2025-11-21 17:30,2025-11-21 17:08,2025-11-21 17:25,2025-11-21 17:08,2025-11-21 17:25,17.00,containment,Medium
572,P007,Meeting,Tech Sharing,Demo Hall,Office Area 2,2025-11-17 10:45,2025-11-17 11:30,2025-11-17 10:45,2025-11-17 11:00,2025-11-17 10:45,2025-11-17 11:00,15.00,containment,Medium
573,P007,Code Review,Team Building,Conference Room A,Break Room,2025-11-20 09:00,2025-11-20 09:45,2025-11-20 08:30,2025-11-20 09:15,2025-11-20 09:00,2025-11-20 09:15,15.00,partial_overlap,Medium
574,P007,Brainstorming,Project Discussion,Remote,Client Reception,2025-11-16 18:15,2025-11-16 19:00,2025-11-16 18:15,2025-11-16 18:30,2025-11-16 18:15,2025-11-16 18:30,15.00,containment,Medium
575,P007,Brainstorming,Team Building,Remote,Test Lab,2025-11-16 18:15,2025-11-16 19:00,2025-11-16 18:31,2025-11-16 19:21,2025-11-16 18:31,2025-11-16 19:00,29.00,partial_overlap,Medium
576,P007,Brainstorming,Project Discussion,Online Meeting,Demo Hall,2025-11-16 12:00,2025-11-16 12:45,2025-11-16 12:30,2025-11-16 13:15,2025-11-16 12:30,2025-11-16 12:45,15.00,partial_overlap,Medium
577,P007,Product Demo,Deployment,Conference Room B,Break Room,2025-11-23 10:30,2025-11-23 10:45,2025-11-23 10:00,2025-11-23 10:45,2025-11-23 10:30,2025-11-23 10:45,15.00,containment,Medium
578,P007,Product Demo,Client Visit,Conference Room B,Conference Room B,2025-11-23 10:30,2025-11-23 10:45,2025-11-23 10:23,2025-11-23 10:50,2025-11-23 10:30,2025-11-23 10:45,15.00,containment,Medium
579,P007,Deployment,Client Visit,Break Room,Conference Room B,2025-11-23 10:00,2025-11-23 10:45,2025-11-23 10:23,2025-11-23 10:50,2025-11-23 10:23,2025-11-23 10:45,22.00,partial_overlap,Medium
580,P007,Meeting,Training,Online Meeting,Break Room,2025-11-23 11:45,2025-11-23 12:00,2025-11-23 11:30,2025-11-23 12:15,2025-11-23 11:45,2025-11-23 12:00,15.00,containment,Medium
581,P007,Design Review,Design Review,Office Area 2,Office Area 1,2025-11-13 16:58,2025-11-13 17:44,2025-11-13 16:36,2025-11-13 17:32,2025-11-13 16:58,2025-11-13 17:32,34.00,partial_overlap,Medium
582,P008,Operations Check,Code Review,Demo Hall,Conference Room C,2025-10-03 18:45,2025-10-03 19:30,2025-10-03 18:56,2025-10-03 19:14,2025-10-03 18:56,2025-10-03 19:14,18.00,containment,Medium
583,P008,Design Review,Project Discussion,Conference Room B,Client Reception,2025-10-07 10:00,2025-10-07 11:00,2025-10-07 10:28,2025-10-07 11:10,2025-10-07 10:28,2025-10-07 11:00,32.00,partial_overlap,Medium
584,P008,Training,Brainstorming,Product Showcase,Conference Room B,2025-10-13 17:45,2025-10-13 18:30,2025-10-13 17:15,2025-10-13 18:15,2025-10-13 17:45,2025-10-13 18:15,30.00,partial_overlap,Medium
585,P008,Testing Acceptance,Product Demo,Demo Hall,Test Lab,2025-10-09 16:30,2025-10-09 17:15,2025-10-09 16:54,2025-10-09 17:44,2025-10-09 16:54,2025-10-09 17:15,21.00,partial_overlap,Medium
586,P008,Meeting,Requirements Analysis,Client Reception,Conference Room B,2025-10-14 16:15,2025-10-14 17:00,2025-10-14 16:23,2025-10-14 16:43,2025-10-14 16:23,2025-10-14 16:43,20.00,containment,Medium
587,P008,Client Visit,Testing Acceptance,Remote,Online Meeting,2025-10-16 13:30,2025-10-16 14:00,2025-10-16 13:30,2025-10-16 14:15,2025-10-16 13:30,2025-10-16 14:00,30.00,containment,Medium
588,P008,Client Visit,Code Review,Remote,Cafe,2025-10-16 13:30,2025-10-16 14:00,2025-10-16 13:45,2025-10-16 14:30,2025-10-16 13:45,2025-10-16 14:00,15.00,partial_overlap,Medium
589,P008,Deployment,Client Visit,Conference Room B,Conference Room B,2025-10-16 15:45,2025-10-16 16:15,2025-10-16 15:58,2025-10-16 16:38,2025-10-16 15:58,2025-10-16 16:15,17.00,partial_overlap,Medium
590,P008,Product Demo,Product Demo,Demo Hall,Office Area 1,2025-10-20 08:00,2025-10-20 08:45,2025-10-20 08:15,2025-10-20 09:15,2025-10-20 08:15,2025-10-20 08:45,30.00,partial_overlap,Medium
591,P008,Testing Acceptance,Code Review,Online Meeting,Cafe,2025-10-16 13:30,2025-10-16 14:15,2025-10-16 13:45,2025-10-16 14:30,2025-10-16 13:45,2025-10-16 14:15,30.00,partial_overlap,Medium
592,P008,Operations Check,Product Demo,Client Reception,Remote,2025-10-22 16:15,2025-10-22 17:00,2025-10-22 16:45,2025-10-22 17:15,2025-10-22 16:45,2025-10-22 17:00,15.00,partial_overlap,Medium
593,P008,Design Review,Deployment,Conference Room B,Product Showcase,2025-10-23 10:45,2025-10-23 11:30,2025-10-23 11:00,2025-10-23 11:30,2025-10-23 11:00,2025-10-23 11:30,30.00,containment,Medium
594,P008,Design Review,Operations Check,Conference Room B,Cafe,2025-10-23 10:45,2025-10-23 11:30,2025-10-23 11:00,2025-10-23 11:30,2025-10-23 11:00,2025-10-23 11:30,30.00,containment,Medium
595,P008,Design Review,Deployment,Conference Room B,Product Showcase,2025-10-23 10:45,2025-10-23 11:30,2025-10-23 11:22,2025-10-23 11:52,2025-10-23 11:22,2025-10-23 11:30,8.00,partial_overlap,Low
596,P008,Project Discussion,Requirements Analysis,Demo Hall,Cafe,2025-10-25 09:30,2025-10-25 10:15,2025-10-25 09:42,2025-10-25 10:27,2025-10-25 09:42,2025-10-25 10:15,33.00,partial_overlap,Medium
597,P008,Project Discussion,Testing Acceptance,Demo Hall,Conference Room A,2025-10-25 09:30,2025-10-25 10:15,2025-10-25 10:01,2025-10-25 10:43,2025-10-25 10:01,2025-10-25 10:15,14.00,partial_overlap,Low
598,P008,Meeting,Team Building,Break Room,Remote,2025-10-28 15:30,2025-10-28 16:15,2025-10-28 15:44,2025-10-28 16:08,2025-10-28 15:44,2025-10-28 16:08,24.00,containment,Medium
599,P008,Deployment,Operations Check,Product Showcase,Cafe,2025-10-23 11:00,2025-10-23 11:30,2025-10-23 11:00,2025-10-23 11:30,2025-10-23 11:00,2025-10-23 11:30,30.00,containment,Medium
600,P008,Deployment,Deployment,Product Showcase,Product Showcase,2025-10-23 11:00,2025-10-23 11:30,2025-10-23 11:22,2025-10-23 11:52,2025-10-23 11:22,2025-10-23 11:30,8.00,partial_overlap,Low
601,P008,Project Discussion,Brainstorming,Online Meeting,Office Area 1,2025-10-22 14:00,2025-10-22 14:15,2025-10-22 14:10,2025-10-22 14:29,2025-10-22 14:10,2025-10-22 14:15,5.00,partial_overlap,Low
602,P008,Design Review,Meeting,Online Meeting,R&D Center,2025-10-26 10:45,2025-10-26 11:15,2025-10-26 11:00,2025-10-26 11:15,2025-10-26 11:00,2025-10-26 11:15,15.00,containment,Medium
603,P008,Operations Check,Deployment,Cafe,Product Showcase,2025-10-23 11:00,2025-10-23 11:30,2025-10-23 11:22,2025-10-23 11:52,2025-10-23 11:22,2025-10-23 11:30,8.00,partial_overlap,Low
604,P008,Brainstorming,Deployment,Demo Hall,Product Showcase,2025-10-24 12:00,2025-10-24 12:45,2025-10-24 12:14,2025-10-24 12:34,2025-10-24 12:14,2025-10-24 12:34,20.00,containment,Medium
605,P008,Training,Client Visit,Conference Room B,Training Room,2025-10-30 15:30,2025-10-30 16:15,2025-10-30 15:15,2025-10-30 16:15,2025-10-30 15:30,2025-10-30 16:15,45.00,containment,Medium
606,P008,Meeting,Brainstorming,Training Room,Training Room,2025-10-28 16:15,2025-10-28 17:00,2025-10-28 16:32,2025-10-28 17:17,2025-10-28 16:32,2025-10-28 17:00,28.00,partial_overlap,Medium
607,P008,Testing Acceptance,Operations Check,Conference Room A,Remote,2025-11-01 16:45,2025-11-01 17:30,2025-11-01 17:15,2025-11-01 18:00,2025-11-01 17:15,2025-11-01 17:30,15.00,partial_overlap,Medium
608,P008,Meeting,Requirements Analysis,Training Room,Cafe,2025-10-25 10:15,2025-10-25 11:00,2025-10-25 09:42,2025-10-25 10:27,2025-10-25 10:15,2025-10-25 10:27,12.00,partial_overlap,Low
609,P008,Meeting,Testing Acceptance,Training Room,Conference Room A,2025-10-25 10:15,2025-10-25 11:00,2025-10-25 10:01,2025-10-25 10:43,2025-10-25 10:15,2025-10-25 10:43,28.00,partial_overlap,Medium
610,P008,Design Review,Client Visit,Training Room,Office Area 1,2025-10-31 12:45,2025-10-31 13:30,2025-10-31 12:15,2025-10-31 13:00,2025-10-31 12:45,2025-10-31 13:00,15.00,partial_overlap,Medium
611,P008,Team Building,Tech Sharing,Break Room,Conference Room C,2025-10-29 10:30,2025-10-29 11:00,2025-10-29 09:30,2025-10-29 11:00,2025-10-29 10:30,2025-10-29 11:00,30.00,containment,Medium
612,P008,Design Review,Tech Sharing,Test Lab,Remote,2025-10-25 16:15,2025-10-25 17:00,2025-10-25 16:21,2025-10-25 16:56,2025-10-25 16:21,2025-10-25 16:56,35.00,containment,Medium
613,P008,Design Review,Product Demo,Test Lab,Office Area 2,2025-10-25 16:15,2025-10-25 17:00,2025-10-25 16:36,2025-10-25 17:11,2025-10-25 16:36,2025-10-25 17:00,24.00,partial_overlap,Medium
614,P008,Requirements Analysis,Testing Acceptance,Cafe,Conference Room A,2025-10-25 09:42,2025-10-25 10:27,2025-10-25 10:01,2025-10-25 10:43,2025-10-25 10:01,2025-10-25 10:27,26.00,partial_overlap,Medium
615,P008,Tech Sharing,Product Demo,Remote,Office Area 2,2025-10-25 16:21,2025-10-25 16:56,2025-10-25 16:36,2025-10-25 17:11,2025-10-25 16:36,2025-10-25 16:56,20.00,partial_overlap,Medium
616,P008,Operations Check,Client Visit,Test Lab,Break Room,2025-10-30 10:45,2025-10-30 11:15,2025-10-30 10:56,2025-10-30 11:42,2025-10-30 10:56,2025-10-30 11:15,19.00,partial_overlap,Medium
617,P008,Tech Sharing,Client Visit,Office Area 1,Break Room,2025-10-30 11:30,2025-10-30 12:15,2025-10-30 10:56,2025-10-30 11:42,2025-10-30 11:30,2025-10-30 11:42,12.00,partial_overlap,Low
618,P008,Project Discussion,Design Review,Break Room,Office Area 2,2025-10-31 16:00,2025-10-31 17:00,2025-10-31 16:30,2025-10-31 17:09,2025-10-31 16:30,2025-10-31 17:00,30.00,partial_overlap,Medium
619,P008,Design Review,Testing Acceptance,Conference Room C,Remote,2025-11-08 11:15,2025-11-08 12:45,2025-11-08 10:45,2025-11-08 11:30,2025-11-08 11:15,2025-11-08 11:30,15.00,partial_overlap,Medium
620,P008,Operations Check,Brainstorming,Product Showcase,Conference Room B,2025-11-10 16:45,2025-11-10 17:15,2025-11-10 17:01,2025-11-10 17:38,2025-11-10 17:01,2025-11-10 17:15,14.00,partial_overlap,Low
621,P008,Operations Check,Training,Product Showcase,Test Lab,2025-11-10 16:45,2025-11-10 17:15,2025-11-10 16:59,2025-11-10 17:58,2025-11-10 16:59,2025-11-10 17:15,16.00,partial_overlap,Medium
622,P008,Code Review,Team Building,Cafe,R&D Center,2025-11-11 13:30,2025-11-11 14:00,2025-11-11 13:15,2025-11-11 13:45,2025-11-11 13:30,2025-11-11 13:45,15.00,partial_overlap,Medium
623,P008,Team Building,Design Review,Remote,Conference Room C,2025-11-09 10:15,2025-11-09 11:15,2025-11-09 10:15,2025-11-09 11:15,2025-11-09 10:15,2025-11-09 11:15,60.00,containment,High
624,P008,Requirements Analysis,Deployment,Training Room,Training Room,2025-11-08 08:00,2025-11-08 09:00,2025-11-08 08:05,2025-11-08 08:25,2025-11-08 08:05,2025-11-08 08:25,20.00,containment,Medium
625,P008,Meeting,Brainstorming,R&D Center,Office Area 1,2025-11-14 16:30,2025-11-14 17:30,2025-11-14 16:45,2025-11-14 17:15,2025-11-14 16:45,2025-11-14 17:15,30.00,containment,Medium
626,P008,Meeting,Team Building,R&D Center,Conference Room C,2025-11-14 16:30,2025-11-14 17:30,2025-11-14 17:13,2025-11-14 18:02,2025-11-14 17:13,2025-11-14 17:30,17.00,partial_overlap,Medium
627,P008,Meeting,Deployment,R&D Center,Product Showcase,2025-11-14 16:30,2025-11-14 17:30,2025-11-14 17:10,2025-11-14 17:38,2025-11-14 17:10,2025-11-14 17:30,20.00,partial_overlap,Medium
628,P008,Brainstorming,Testing Acceptance,Product Showcase,Remote,2025-11-08 10:15,2025-11-08 11:00,2025-11-08 10:45,2025-11-08 11:30,2025-11-08 10:45,2025-11-08 11:00,15.00,partial_overlap,Medium
629,P008,Client Visit,Brainstorming,Training Room,Conference Room B,2025-11-10 17:15,2025-11-10 18:00,2025-11-10 17:01,2025-11-10 17:38,2025-11-10 17:15,2025-11-10 17:38,23.00,partial_overlap,Medium
630,P008,Client Visit,Training,Training Room,Test Lab,2025-11-10 17:15,2025-11-10 18:00,2025-11-10 16:59,2025-11-10 17:58,2025-11-10 17:15,2025-11-10 17:58,43.00,partial_overlap,Medium
631,P008,Brainstorming,Training,Conference Room B,Test Lab,2025-11-10 17:01,2025-11-10 17:38,2025-11-10 16:59,2025-11-10 17:58,2025-11-10 17:01,2025-11-10 17:38,37.00,containment,Medium
632,P008,Client Visit,Deployment,Conference Room B,Office Area 2,2025-11-19 14:45,2025-11-19 15:15,2025-11-19 14:15,2025-11-19 15:00,2025-11-19 14:45,2025-11-19 15:00,15.00,partial_overlap,Medium
633,P008,Deployment,Requirements Analysis,Product Showcase,Office Area 1,2025-11-15 18:45,2025-11-15 19:30,2025-11-15 18:54,2025-11-15 19:23,2025-11-15 18:54,2025-11-15 19:23,29.00,containment,Medium
634,P008,Deployment,Deployment,Product Showcase,Cafe,2025-11-15 18:45,2025-11-15 19:30,2025-11-15 18:51,2025-11-15 19:31,2025-11-15 18:51,2025-11-15 19:30,39.00,partial_overlap,Medium
635,P008,Brainstorming,Team Building,Office Area 1,Conference Room C,2025-11-14 16:45,2025-11-14 17:15,2025-11-14 17:13,2025-11-14 18:02,2025-11-14 17:13,2025-11-14 17:15,2.00,partial_overlap,Low
636,P008,Brainstorming,Deployment,Office Area 1,Product Showcase,2025-11-14 16:45,2025-11-14 17:15,2025-11-14 17:10,2025-11-14 17:38,2025-11-14 17:10,2025-11-14 17:15,5.00,partial_overlap,Low
637,P008,Deployment,Deployment,Office Area 2,Conference Room A,2025-11-19 14:15,2025-11-19 15:00,2025-11-19 14:15,2025-11-19 14:45,2025-11-19 14:15,2025-11-19 14:45,30.00,containment,Medium
638,P008,Design Review,Product Demo,Product Showcase,R&D Center,2025-11-20 08:00,2025-11-20 08:15,2025-11-20 08:13,2025-11-20 08:34,2025-11-20 08:13,2025-11-20 08:15,2.00,partial_overlap,Low
639,P008,Meeting,Testing Acceptance,Conference Room B,Office Area 1,2025-11-21 14:00,2025-11-21 14:30,2025-11-21 14:19,2025-11-21 14:47,2025-11-21 14:19,2025-11-21 14:30,11.00,partial_overlap,Low
640,P008,Testing Acceptance,Design Review,Training Room,Training Room,2025-11-23 18:30,2025-11-23 19:00,2025-11-23 18:15,2025-11-23 18:45,2025-11-23 18:30,2025-11-23 18:45,15.00,partial_overlap,Medium
641,P008,One-on-One,One-on-One,Product Showcase,Office Area 1,2025-11-22 09:15,2025-11-22 10:00,2025-11-22 09:15,2025-11-22 10:00,2025-11-22 09:15,2025-11-22 10:00,45.00,containment,Medium
642,P008,Brainstorming,Client Visit,Demo Hall,R&D Center,2025-11-19 17:30,2025-11-19 18:00,2025-11-19 17:58,2025-11-19 18:20,2025-11-19 17:58,2025-11-19 18:00,2.00,partial_overlap,Low
643,P008,Team Building,Deployment,Conference Room C,Product Showcase,2025-11-14 17:13,2025-11-14 18:02,2025-11-14 17:10,2025-11-14 17:38,2025-11-14 17:13,2025-11-14 17:38,25.00,partial_overlap,Medium
644,P008,Requirements Analysis,Deployment,Office Area 1,Cafe,2025-11-15 18:54,2025-11-15 19:23,2025-11-15 18:51,2025-11-15 19:31,2025-11-15 18:54,2025-11-15 19:23,29.00,containment,Medium
645,P009,Deployment,Requirements Analysis,Cafe,Break Room,2025-10-11 10:15,2025-10-11 10:45,2025-10-11 10:30,2025-10-11 11:15,2025-10-11 10:30,2025-10-11 10:45,15.00,partial_overlap,Medium
646,P009,Product Demo,Product Demo,Office Area 1,Remote,2025-10-13 13:15,2025-10-13 14:15,2025-10-13 13:30,2025-10-13 14:15,2025-10-13 13:30,2025-10-13 14:15,45.00,containment,Medium
647,P009,Testing Acceptance,Project Discussion,Remote,Product Showcase,2025-10-18 11:45,2025-10-18 12:45,2025-10-18 11:15,2025-10-18 12:00,2025-10-18 11:45,2025-10-18 12:00,15.00,partial_overlap,Medium
648,P009,Training,Brainstorming,Online Meeting,Online Meeting,2025-10-16 18:15,2025-10-16 19:15,2025-10-16 18:45,2025-10-16 19:45,2025-10-16 18:45,2025-10-16 19:15,30.00,partial_overlap,Medium
649,P009,Training,Code Review,Online Meeting,Break Room,2025-10-16 18:15,2025-10-16 19:15,2025-10-16 18:51,2025-10-16 19:23,2025-10-16 18:51,2025-10-16 19:15,24.00,partial_overlap,Medium
650,P009,Product Demo,Brainstorming,Remote,R&D Center,2025-10-21 12:15,2025-10-21 13:15,2025-10-21 12:00,2025-10-21 12:30,2025-10-21 12:15,2025-10-21 12:30,15.00,partial_overlap,Medium
651,P009,Operations Check,Client Visit,Break Room,Conference Room C,2025-10-20 11:45,2025-10-20 12:15,2025-10-20 11:45,2025-10-20 12:30,2025-10-20 11:45,2025-10-20 12:15,30.00,containment,Medium
652,P009,Brainstorming,Code Review,Online Meeting,Break Room,2025-10-16 18:45,2025-10-16 19:45,2025-10-16 18:51,2025-10-16 19:23,2025-10-16 18:51,2025-10-16 19:23,32.00,containment,Medium
653,P009,Brainstorming,Code Review,Online Meeting,Demo Hall,2025-10-16 18:45,2025-10-16 19:45,2025-10-16 19:20,2025-10-16 20:20,2025-10-16 19:20,2025-10-16 19:45,25.00,partial_overlap,Medium
654,P009,Code Review,Code Review,Break Room,Demo Hall,2025-10-16 18:51,2025-10-16 19:23,2025-10-16 19:20,2025-10-16 20:20,2025-10-16 19:20,2025-10-16 19:23,3.00,partial_overlap,Low
655,P009,Team Building,Design Review,Conference Room A,Test Lab,2025-10-22 14:15,2025-10-22 15:00,2025-10-22 14:40,2025-10-22 15:38,2025-10-22 14:40,2025-10-22 15:00,20.00,partial_overlap,Medium
656,P009,Operations Check,Requirements Analysis,Client Reception,Test Lab,2025-10-28 15:15,2025-10-28 15:45,2025-10-28 15:00,2025-10-28 15:45,2025-10-28 15:15,2025-10-28 15:45,30.00,containment,Medium
657,P009,Operations Check,Operations Check,Client Reception,Conference Room A,2025-10-28 15:15,2025-10-28 15:45,2025-10-28 15:35,2025-10-28 16:00,2025-10-28 15:35,2025-10-28 15:45,10.00,partial_overlap,Low
658,P009,Operations Check,Operations Check,Client Reception,Conference Room A,2025-10-29 16:30,2025-10-29 17:15,2025-10-29 16:15,2025-10-29 17:00,2025-10-29 16:30,2025-10-29 17:00,30.00,partial_overlap,Medium
659,P009,Training,Product Demo,Remote,Client Reception,2025-10-27 14:30,2025-10-27 15:15,2025-10-27 13:45,2025-10-27 14:45,2025-10-27 14:30,2025-10-27 14:45,15.00,partial_overlap,Medium
660,P009,Meeting,Team Building,Conference Room C,Cafe,2025-10-30 15:15,2025-10-30 16:00,2025-10-30 15:15,2025-10-30 16:00,2025-10-30 15:15,2025-10-30 16:00,45.00,containment,Medium
661,P009,Meeting,Team Building,Conference Room C,Online Meeting,2025-10-24 12:00,2025-10-24 12:30,2025-10-24 12:24,2025-10-24 13:02,2025-10-24 12:24,2025-10-24 12:30,6.00,partial_overlap,Low
662,P009,One-on-One,Project Discussion,Product Showcase,Conference Room A,2025-10-26 09:15,2025-10-26 09:45,2025-10-26 09:00,2025-10-26 09:30,2025-10-26 09:15,2025-10-26 09:30,15.00,partial_overlap,Medium
663,P009,Product Demo,Meeting,Conference Room B,Office Area 1,2025-10-28 10:00,2025-10-28 10:15,2025-10-28 09:30,2025-10-28 10:16,2025-10-28 10:00,2025-10-28 10:15,15.00,containment,Medium
664,P009,Requirements Analysis,Operations Check,Test Lab,Conference Room A,2025-10-28 15:00,2025-10-28 15:45,2025-10-28 15:35,2025-10-28 16:00,2025-10-28 15:35,2025-10-28 15:45,10.00,partial_overlap,Low
665,P009,Code Review,One-on-One,Conference Room C,R&D Center,2025-11-01 12:15,2025-11-01 12:30,2025-11-01 12:00,2025-11-01 12:45,2025-11-01 12:15,2025-11-01 12:30,15.00,containment,Medium
666,P009,Code Review,Deployment,Conference Room C,Test Lab,2025-11-01 12:15,2025-11-01 12:30,2025-11-01 12:17,2025-11-01 12:40,2025-11-01 12:17,2025-11-01 12:30,13.00,partial_overlap,Low
667,P009,Training,Requirements Analysis,Remote,Conference Room C,2025-11-05 17:15,2025-11-05 18:15,2025-11-05 17:30,2025-11-05 18:15,2025-11-05 17:30,2025-11-05 18:15,45.00,containment,Medium
668,P009,Code Review,Requirements Analysis,Test Lab,Office Area 1,2025-11-05 15:15,2025-11-05 16:45,2025-11-05 16:00,2025-11-05 16:30,2025-11-05 16:00,2025-11-05 16:30,30.00,containment,Medium
669,P009,Code Review,Brainstorming,Test Lab,R&D Center,2025-11-05 15:15,2025-11-05 16:45,2025-11-05 16:28,2025-11-05 17:09,2025-11-05 16:28,2025-11-05 16:45,17.00,partial_overlap,Medium
670,P009,One-on-One,Deployment,R&D Center,Test Lab,2025-11-01 12:00,2025-11-01 12:45,2025-11-01 12:17,2025-11-01 12:40,2025-11-01 12:17,2025-11-01 12:40,23.00,containment,Medium
671,P009,Deployment,Brainstorming,Conference Room C,Demo Hall,2025-11-10 08:15,2025-11-10 08:45,2025-11-10 08:00,2025-11-10 08:30,2025-11-10 08:15,2025-11-10 08:30,15.00,partial_overlap,Medium
672,P009,Requirements Analysis,Brainstorming,Office Area 1,R&D Center,2025-11-05 16:00,2025-11-05 16:30,2025-11-05 16:28,2025-11-05 17:09,2025-11-05 16:28,2025-11-05 16:30,2.00,partial_overlap,Low
673,P009,Training,Client Visit,Demo Hall,Product Showcase,2025-11-12 11:30,2025-11-12 12:15,2025-11-12 10:45,2025-11-12 11:45,2025-11-12 11:30,2025-11-12 11:45,15.00,partial_overlap,Medium
674,P009,Tech Sharing,Deployment,Cafe,Training Room,2025-11-09 17:15,2025-11-09 18:15,2025-11-09 17:28,2025-11-09 18:08,2025-11-09 17:28,2025-11-09 18:08,40.00,containment,Medium
675,P009,Tech Sharing,Team Building,Cafe,Conference Room A,2025-11-09 17:15,2025-11-09 18:15,2025-11-09 17:31,2025-11-09 17:59,2025-11-09 17:31,2025-11-09 17:59,28.00,containment,Medium
676,P009,Deployment,Brainstorming,Demo Hall,Conference Room A,2025-11-10 14:15,2025-11-10 15:15,2025-11-10 14:00,2025-11-10 14:45,2025-11-10 14:15,2025-11-10 14:45,30.00,partial_overlap,Medium
677,P009,Deployment,Brainstorming,Demo Hall,Test Lab,2025-11-10 14:15,2025-11-10 15:15,2025-11-10 14:06,2025-11-10 14:37,2025-11-10 14:15,2025-11-10 14:37,22.00,partial_overlap,Medium
678,P009,Training,Brainstorming,Client Reception,Online Meeting,2025-11-08 10:30,2025-11-08 11:15,2025-11-08 10:48,2025-11-08 11:22,2025-11-08 10:48,2025-11-08 11:15,27.00,partial_overlap,Medium
679,P009,Training,One-on-One,Cafe,R&D Center,2025-11-15 14:15,2025-11-15 15:00,2025-11-15 14:15,2025-11-15 14:45,2025-11-15 14:15,2025-11-15 14:45,30.00,containment,Medium
680,P009,Client Visit,Design Review,Product Showcase,Online Meeting,2025-11-12 10:45,2025-11-12 11:45,2025-11-12 10:30,2025-11-12 11:15,2025-11-12 10:45,2025-11-12 11:15,30.00,partial_overlap,Medium
681,P009,Brainstorming,Brainstorming,Conference Room A,Test Lab,2025-11-10 14:00,2025-11-10 14:45,2025-11-10 14:06,2025-11-10 14:37,2025-11-10 14:06,2025-11-10 14:37,31.00,containment,Medium
682,P009,Meeting,Requirements Analysis,Cafe,Remote,2025-11-17 14:30,2025-11-17 15:00,2025-11-17 14:30,2025-11-17 14:45,2025-11-17 14:30,2025-11-17 14:45,15.00,containment,Medium
683,P009,Deployment,Team Building,Training Room,Conference Room A,2025-11-09 17:28,2025-11-09 18:08,2025-11-09 17:31,2025-11-09 17:59,2025-11-09 17:31,2025-11-09 17:59,28.00,containment,Medium
684,P009,Team Building,Training,Office Area 2,Conference Room C,2025-11-15 18:30,2025-11-15 19:00,2025-11-15 18:55,2025-11-15 19:45,2025-11-15 18:55,2025-11-15 19:00,5.00,partial_overlap,Low
685,P009,Code Review,Client Visit,Office Area 1,Demo Hall,2025-11-17 17:00,2025-11-17 17:45,2025-11-17 17:26,2025-11-17 18:01,2025-11-17 17:26,2025-11-17 17:45,19.00,partial_overlap,Medium
686,P009,Testing Acceptance,Operations Check,Cafe,Break Room,2025-11-17 11:45,2025-11-17 12:15,2025-11-17 12:00,2025-11-17 12:39,2025-11-17 12:00,2025-11-17 12:15,15.00,partial_overlap,Medium
687,P009,Client Visit,Meeting,Conference Room B,Online Meeting,2025-11-21 16:30,2025-11-21 17:15,2025-11-21 16:30,2025-11-21 17:00,2025-11-21 16:30,2025-11-21 17:00,30.00,containment,Medium
688,P009,Client Visit,Operations Check,Conference Room B,Office Area 2,2025-11-21 16:30,2025-11-21 17:15,2025-11-21 16:58,2025-11-21 17:18,2025-11-21 16:58,2025-11-21 17:15,17.00,partial_overlap,Medium
689,P009,Meeting,Team Building,Product Showcase,R&D Center,2025-11-16 12:15,2025-11-16 13:00,2025-11-16 12:41,2025-11-16 13:16,2025-11-16 12:41,2025-11-16 13:00,19.00,partial_overlap,Medium
690,P009,Deployment,Code Review,Product Showcase,Conference Room C,2025-11-18 10:00,2025-11-18 10:30,2025-11-18 09:48,2025-11-18 10:24,2025-11-18 10:00,2025-11-18 10:24,24.00,partial_overlap,Medium
691,P009,Team Building,Operations Check,Client Reception,Test Lab,2025-11-23 11:30,2025-11-23 11:45,2025-11-23 11:44,2025-11-23 12:12,2025-11-23 11:44,2025-11-23 11:45,1.00,partial_overlap,Low
692,P009,Deployment,Testing Acceptance,Training Room,Test Lab,2025-11-17 18:15,2025-11-17 19:00,2025-11-17 18:38,2025-11-17 19:30,2025-11-17 18:38,2025-11-17 19:00,22.00,partial_overlap,Medium
693,P009,Meeting,Operations Check,Online Meeting,Office Area 2,2025-11-21 16:30,2025-11-21 17:00,2025-11-21 16:58,2025-11-21 17:18,2025-11-21 16:58,2025-11-21 17:00,2.00,partial_overlap,Low
694,P009,Meeting,Client Visit,Conference Room A,Training Room,2025-11-19 14:30,2025-11-19 15:00,2025-11-19 14:30,2025-11-19 15:00,2025-11-19 14:30,2025-11-19 15:00,30.00,containment,Medium
695,P009,Meeting,Deployment,Office Area 1,Demo Hall,2025-11-24 17:00,2025-11-24 17:45,2025-11-24 17:19,2025-11-24 17:57,2025-11-24 17:19,2025-11-24 17:45,26.00,partial_overlap,Medium
696,P010,Operations Check,Testing Acceptance,Conference Room A,Online Meeting,2025-10-03 12:15,2025-10-03 13:45,2025-10-03 12:24,2025-10-03 13:18,2025-10-03 12:24,2025-10-03 13:18,54.00,containment,Medium
697,P010,Code Review,Training,Conference Room B,Test Lab,2025-10-06 11:30,2025-10-06 13:00,2025-10-06 12:00,2025-10-06 12:45,2025-10-06 12:00,2025-10-06 12:45,45.00,containment,Medium
698,P010,Brainstorming,Deployment,R&D Center,R&D Center,2025-10-05 10:30,2025-10-05 11:30,2025-10-05 10:43,2025-10-05 11:05,2025-10-05 10:43,2025-10-05 11:05,22.00,containment,Medium
699,P010,Design Review,Project Discussion,Training Room,Remote,2025-10-11 10:45,2025-10-11 11:45,2025-10-11 09:30,2025-10-11 11:00,2025-10-11 10:45,2025-10-11 11:00,15.00,partial_overlap,Medium
700,P010,Operations Check,Deployment,Cafe,Demo Hall,2025-10-17 10:00,2025-10-17 10:30,2025-10-17 10:00,2025-10-17 11:00,2025-10-17 10:00,2025-10-17 10:30,30.00,containment,Medium
701,P010,Team Building,Brainstorming,Product Showcase,Office Area 1,2025-10-15 11:45,2025-10-15 12:30,2025-10-15 11:55,2025-10-15 12:30,2025-10-15 11:55,2025-10-15 12:30,35.00,containment,Medium
702,P010,Team Building,Meeting,Product Showcase,R&D Center,2025-10-15 11:45,2025-10-15 12:30,2025-10-15 12:11,2025-10-15 12:44,2025-10-15 12:11,2025-10-15 12:30,19.00,partial_overlap,Medium
703,P010,Meeting,Training,Demo Hall,Test Lab,2025-10-15 13:30,2025-10-15 14:30,2025-10-15 14:15,2025-10-15 14:45,2025-10-15 14:15,2025-10-15 14:30,15.00,partial_overlap,Medium
704,P010,Meeting,Meeting,Demo Hall,Training Room,2025-10-15 13:30,2025-10-15 14:30,2025-10-15 13:37,2025-10-15 14:01,2025-10-15 13:37,2025-10-15 14:01,24.00,containment,Medium
705,P010,Requirements Analysis,Code Review,Office Area 2,Office Area 2,2025-10-13 09:00,2025-10-13 10:00,2025-10-13 09:21,2025-10-13 09:41,2025-10-13 09:21,2025-10-13 09:41,20.00,containment,Medium
706,P010,Deployment,Brainstorming,Product Showcase,R&D Center,2025-10-13 18:15,2025-10-13 19:15,2025-10-13 18:22,2025-10-13 19:04,2025-10-13 18:22,2025-10-13 19:04,42.00,containment,Medium
707,P010,Deployment,Project Discussion,Demo Hall,R&D Center,2025-10-17 10:00,2025-10-17 11:00,2025-10-17 10:30,2025-10-17 10:51,2025-10-17 10:30,2025-10-17 10:51,21.00,containment,Medium
708,P010,Code Review,Training,Break Room,Conference Room A,2025-10-21 15:45,2025-10-21 16:30,2025-10-21 16:07,2025-10-21 16:51,2025-10-21 16:07,2025-10-21 16:30,23.00,partial_overlap,Medium
709,P010,Product Demo,Testing Acceptance,Break Room,Remote,2025-10-18 18:30,2025-10-18 19:15,2025-10-18 18:57,2025-10-18 19:13,2025-10-18 18:57,2025-10-18 19:13,16.00,containment,Medium
710,P010,Requirements Analysis,Brainstorming,Cafe,R&D Center,2025-10-18 17:00,2025-10-18 17:30,2025-10-18 17:18,2025-10-18 17:37,2025-10-18 17:18,2025-10-18 17:30,12.00,partial_overlap,Low
711,P010,One-on-One,Design Review,Cafe,Office Area 2,2025-10-20 11:45,2025-10-20 12:30,2025-10-20 11:30,2025-10-20 12:30,2025-10-20 11:45,2025-10-20 12:30,45.00,containment,Medium
712,P010,Code Review,Brainstorming,Online Meeting,R&D Center,2025-10-18 17:30,2025-10-18 18:09,2025-10-18 17:18,2025-10-18 17:37,2025-10-18 17:30,2025-10-18 17:37,7.00,partial_overlap,Low
713,P010,Code Review,One-on-One,Online Meeting,Training Room,2025-10-18 17:30,2025-10-18 18:09,2025-10-18 17:42,2025-10-18 18:22,2025-10-18 17:42,2025-10-18 18:09,27.00,partial_overlap,Medium
714,P010,Brainstorming,Meeting,Office Area 1,R&D Center,2025-10-15 11:55,2025-10-15 12:30,2025-10-15 12:11,2025-10-15 12:44,2025-10-15 12:11,2025-10-15 12:30,19.00,partial_overlap,Medium
715,P010,Deployment,Client Visit,Cafe,Office Area 2,2025-10-24 18:00,2025-10-24 18:15,2025-10-24 18:00,2025-10-24 18:15,2025-10-24 18:00,2025-10-24 18:15,15.00,containment,Medium
716,P010,Design Review,Design Review,R&D Center,Demo Hall,2025-10-25 09:00,2025-10-25 09:45,2025-10-25 08:45,2025-10-25 09:15,2025-10-25 09:00,2025-10-25 09:15,15.00,partial_overlap,Medium
717,P010,Meeting,Meeting,Conference Room B,R&D Center,2025-10-26 08:45,2025-10-26 09:30,2025-10-26 09:15,2025-10-26 09:45,2025-10-26 09:15,2025-10-26 09:30,15.00,partial_overlap,Medium
718,P010,Training,Project Discussion,Remote,Remote,2025-10-23 14:30,2025-10-23 15:15,2025-10-23 14:58,2025-10-23 15:44,2025-10-23 14:58,2025-10-23 15:15,17.00,partial_overlap,Medium
719,P010,Project Discussion,Tech Sharing,Office Area 2,Online Meeting,2025-10-26 14:15,2025-10-26 15:00,2025-10-26 14:45,2025-10-26 15:15,2025-10-26 14:45,2025-10-26 15:00,15.00,partial_overlap,Medium
720,P010,Brainstorming,Code Review,Conference Room A,Office Area 1,2025-10-31 12:15,2025-10-31 12:45,2025-10-31 12:27,2025-10-31 13:06,2025-10-31 12:27,2025-10-31 12:45,18.00,partial_overlap,Medium
721,P010,Project Discussion,Meeting,Client Reception,Office Area 2,2025-11-04 08:00,2025-11-04 09:30,2025-11-04 08:00,2025-11-04 08:45,2025-11-04 08:00,2025-11-04 08:45,45.00,containment,Medium
722,P010,Project Discussion,Meeting,Test Lab,Product Showcase,2025-10-31 08:45,2025-10-31 09:30,2025-10-31 09:15,2025-10-31 10:13,2025-10-31 09:15,2025-10-31 09:30,15.00,partial_overlap,Medium
723,P010,One-on-One,Team Building,Conference Room A,Demo Hall,2025-10-31 18:15,2025-10-31 19:00,2025-10-31 18:41,2025-10-31 19:09,2025-10-31 18:41,2025-10-31 19:00,19.00,partial_overlap,Medium
724,P010,Brainstorming,Brainstorming,Client Reception,Office Area 1,2025-11-07 14:30,2025-11-07 15:15,2025-11-07 14:35,2025-11-07 14:52,2025-11-07 14:35,2025-11-07 14:52,17.00,containment,Medium
725,P010,Requirements Analysis,Tech Sharing,Break Room,Conference Room A,2025-11-10 15:15,2025-11-10 16:15,2025-11-10 15:15,2025-11-10 15:45,2025-11-10 15:15,2025-11-10 15:45,30.00,containment,Medium
726,P010,Project Discussion,Deployment,Training Room,Conference Room B,2025-11-11 10:30,2025-11-11 11:15,2025-11-11 10:45,2025-11-11 11:15,2025-11-11 10:45,2025-11-11 11:15,30.00,containment,Medium
727,P010,Project Discussion,Deployment,Training Room,Conference Room A,2025-11-11 10:30,2025-11-11 11:15,2025-11-11 10:30,2025-11-11 11:00,2025-11-11 10:30,2025-11-11 11:00,30.00,containment,Medium
728,P010,Project Discussion,Operations Check,Training Room,Conference Room A,2025-11-11 10:30,2025-11-11 11:15,2025-11-11 11:01,2025-11-11 11:27,2025-11-11 11:01,2025-11-11 11:15,14.00,partial_overlap,Low
729,P010,Design Review,Testing Acceptance,Training Room,Client Reception,2025-11-10 08:45,2025-11-10 09:45,2025-11-10 09:15,2025-11-10 10:15,2025-11-10 09:15,2025-11-10 09:45,30.00,partial_overlap,Medium
730,P010,Design Review,Team Building,Training Room,Remote,2025-11-10 08:45,2025-11-10 09:45,2025-11-10 09:31,2025-11-10 10:30,2025-11-10 09:31,2025-11-10 09:45,14.00,partial_overlap,Low
731,P010,Team Building,Testing Acceptance,Cafe,Remote,2025-11-09 13:00,2025-11-09 14:00,2025-11-09 12:45,2025-11-09 13:15,2025-11-09 13:00,2025-11-09 13:15,15.00,partial_overlap,Medium
732,P010,Deployment,Deployment,Conference Room B,Conference Room A,2025-11-11 10:45,2025-11-11 11:15,2025-11-11 10:30,2025-11-11 11:00,2025-11-11 10:45,2025-11-11 11:00,15.00,partial_overlap,Medium
733,P010,Deployment,Operations Check,Conference Room B,Conference Room A,2025-11-11 10:45,2025-11-11 11:15,2025-11-11 11:01,2025-11-11 11:27,2025-11-11 11:01,2025-11-11 11:15,14.00,partial_overlap,Low
734,P010,Testing Acceptance,Team Building,Client Reception,Remote,2025-11-10 09:15,2025-11-10 10:15,2025-11-10 09:31,2025-11-10 10:30,2025-11-10 09:31,2025-11-10 10:15,44.00,partial_overlap,Medium
735,P010,One-on-One,Operations Check,Break Room,Conference Room C,2025-11-13 12:15,2025-11-13 13:00,2025-11-13 12:36,2025-11-13 13:33,2025-11-13 12:36,2025-11-13 13:00,24.00,partial_overlap,Medium
736,P010,One-on-One,Testing Acceptance,Break Room,Test Lab,2025-11-13 12:15,2025-11-13 13:00,2025-11-13 11:29,2025-11-13 12:25,2025-11-13 12:15,2025-11-13 12:25,10.00,partial_overlap,Low
737,P010,Testing Acceptance,One-on-One,Test Lab,Cafe,2025-11-16 13:00,2025-11-16 13:45,2025-11-16 12:30,2025-11-16 13:15,2025-11-16 13:00,2025-11-16 13:15,15.00,partial_overlap,Medium
738,P010,Code Review,Design Review,Client Reception,Cafe,2025-11-16 10:00,2025-11-16 11:00,2025-11-16 10:00,2025-11-16 10:30,2025-11-16 10:00,2025-11-16 10:30,30.00,containment,Medium
739,P010,Code Review,Operations Check,Client Reception,Online Meeting,2025-11-16 10:00,2025-11-16 11:00,2025-11-16 10:45,2025-11-16 11:00,2025-11-16 10:45,2025-11-16 11:00,15.00,containment,Medium
740,P010,Product Demo,Operations Check,Test Lab,Client Reception,2025-11-13 15:30,2025-11-13 16:15,2025-11-13 15:46,2025-11-13 16:40,2025-11-13 15:46,2025-11-13 16:15,29.00,partial_overlap,Medium
741,P010,Product Demo,One-on-One,Test Lab,Break Room,2025-11-13 15:30,2025-11-13 16:15,2025-11-13 15:46,2025-11-13 16:07,2025-11-13 15:46,2025-11-13 16:07,21.00,containment,Medium
742,P010,Training,Code Review,Break Room,Conference Room A,2025-11-19 08:15,2025-11-19 08:45,2025-11-19 08:15,2025-11-19 08:45,2025-11-19 08:15,2025-11-19 08:45,30.00,containment,Medium
743,P010,Team Building,Client Visit,Office Area 2,Break Room,2025-11-17 10:45,2025-11-17 11:30,2025-11-17 10:52,2025-11-17 11:35,2025-11-17 10:52,2025-11-17 11:30,38.00,partial_overlap,Medium
744,P010,Team Building,Product Demo,Online Meeting,Break Room,2025-11-17 14:30,2025-11-17 15:15,2025-11-17 14:59,2025-11-17 15:56,2025-11-17 14:59,2025-11-17 15:15,16.00,partial_overlap,Medium
745,P010,Team Building,Code Review,Online Meeting,Client Reception,2025-11-17 14:30,2025-11-17 15:15,2025-11-17 14:42,2025-11-17 15:39,2025-11-17 14:42,2025-11-17 15:15,33.00,partial_overlap,Medium
746,P010,Product Demo,Brainstorming,Office Area 1,Conference Room A,2025-11-21 12:30,2025-11-21 13:15,2025-11-21 12:49,2025-11-21 13:34,2025-11-21 12:49,2025-11-21 13:15,26.00,partial_overlap,Medium
747,P010,One-on-One,Requirements Analysis,Client Reception,Product Showcase,2025-11-20 18:00,2025-11-20 18:30,2025-11-20 18:16,2025-11-20 18:42,2025-11-20 18:16,2025-11-20 18:30,14.00,partial_overlap,Low
748,P010,Product Demo,Code Review,Break Room,Client Reception,2025-11-17 14:59,2025-11-17 15:56,2025-11-17 14:42,2025-11-17 15:39,2025-11-17 14:59,2025-11-17 15:39,40.00,partial_overlap,Medium
749,P010,Operations Check,One-on-One,Client Reception,Break Room,2025-11-13 15:46,2025-11-13 16:40,2025-11-13 15:46,2025-11-13 16:07,2025-11-13 15:46,2025-11-13 16:07,21.00,containment,Medium
750,P011,Testing Acceptance,Meeting,Product Showcase,Office Area 1,2025-10-05 15:30,2025-10-05 17:00,2025-10-05 15:49,2025-10-05 16:18,2025-10-05 15:49,2025-10-05 16:18,29.00,containment,Medium
751,P011,Requirements Analysis,Project Discussion,Remote,Conference Room A,2025-10-13 09:00,2025-10-13 09:30,2025-10-13 09:06,2025-10-13 09:57,2025-10-13 09:06,2025-10-13 09:30,24.00,partial_overlap,Medium
752,P011,Team Building,Product Demo,Conference Room B,Conference Room C,2025-10-15 16:15,2025-10-15 16:45,2025-10-15 16:25,2025-10-15 16:59,2025-10-15 16:25,2025-10-15 16:45,20.00,partial_overlap,Medium
753,P011,Brainstorming,One-on-One,Demo Hall,Online Meeting,2025-10-10 14:30,2025-10-10 15:00,2025-10-10 14:59,2025-10-10 15:36,2025-10-10 14:59,2025-10-10 15:00,1.00,partial_overlap,Low
754,P011,Product Demo,One-on-One,Demo Hall,R&D Center,2025-10-17 17:15,2025-10-17 17:45,2025-10-17 16:30,2025-10-17 17:30,2025-10-17 17:15,2025-10-17 17:30,15.00,partial_overlap,Medium
755,P011,Client Visit,Meeting,Demo Hall,Client Reception,2025-10-15 18:00,2025-10-15 19:00,2025-10-15 17:30,2025-10-15 18:15,2025-10-15 18:00,2025-10-15 18:15,15.00,partial_overlap,Medium
756,P011,Project Discussion,Testing Acceptance,Training Room,Client Reception,2025-10-18 13:30,2025-10-18 14:15,2025-10-18 13:30,2025-10-18 14:15,2025-10-18 13:30,2025-10-18 14:15,45.00,containment,Medium
757,P011,Training,Client Visit,Demo Hall,Remote,2025-10-18 15:15,2025-10-18 16:00,2025-10-18 15:15,2025-10-18 15:45,2025-10-18 15:15,2025-10-18 15:45,30.00,containment,Medium
758,P011,Training,Brainstorming,Demo Hall,Product Showcase,2025-10-18 15:15,2025-10-18 16:00,2025-10-18 14:45,2025-10-18 15:30,2025-10-18 15:15,2025-10-18 15:30,15.00,partial_overlap,Medium
759,P011,Team Building,Brainstorming,Online Meeting,Product Showcase,2025-10-16 10:00,2025-10-16 10:30,2025-10-16 10:17,2025-10-16 11:10,2025-10-16 10:17,2025-10-16 10:30,13.00,partial_overlap,Low
760,P011,Team Building,Client Visit,R&D Center,Break Room,2025-10-19 14:45,2025-10-19 15:15,2025-10-19 15:00,2025-10-19 15:30,2025-10-19 15:00,2025-10-19 15:15,15.00,partial_overlap,Medium
761,P011,Project Discussion,Training,R&D Center,Office Area 2,2025-10-22 11:45,2025-10-22 12:15,2025-10-22 12:01,2025-10-22 13:00,2025-10-22 12:01,2025-10-22 12:15,14.00,partial_overlap,Low
762,P011,Operations Check,Training,Office Area 1,Office Area 2,2025-10-20 09:00,2025-10-20 09:45,2025-10-20 09:00,2025-10-20 09:30,2025-10-20 09:00,2025-10-20 09:30,30.00,containment,Medium
763,P011,Client Visit,Brainstorming,Remote,Product Showcase,2025-10-18 15:15,2025-10-18 15:45,2025-10-18 14:45,2025-10-18 15:30,2025-10-18 15:15,2025-10-18 15:30,15.00,partial_overlap,Medium
764,P011,Deployment,Design Review,Office Area 1,Product Showcase,2025-10-24 15:30,2025-10-24 16:15,2025-10-24 15:45,2025-10-24 16:00,2025-10-24 15:45,2025-10-24 16:00,15.00,containment,Medium
765,P011,Deployment,Deployment,Office Area 1,Conference Room A,2025-10-24 15:30,2025-10-24 16:15,2025-10-24 15:00,2025-10-24 15:45,2025-10-24 15:30,2025-10-24 15:45,15.00,partial_overlap,Medium
766,P011,Client Visit,Client Visit,R&D Center,Break Room,2025-10-19 15:15,2025-10-19 16:15,2025-10-19 15:00,2025-10-19 15:30,2025-10-19 15:15,2025-10-19 15:30,15.00,partial_overlap,Medium
767,P011,Tech Sharing,One-on-One,Office Area 2,Demo Hall,2025-10-23 10:15,2025-10-23 11:00,2025-10-23 10:45,2025-10-23 11:12,2025-10-23 10:45,2025-10-23 11:00,15.00,partial_overlap,Medium
768,P011,Operations Check,Brainstorming,Conference Room A,Training Room,2025-10-24 13:45,2025-10-24 14:00,2025-10-24 13:15,2025-10-24 14:00,2025-10-24 13:45,2025-10-24 14:00,15.00,containment,Medium
769,P011,Deployment,Code Review,Conference Room A,Remote,2025-10-26 14:30,2025-10-26 15:15,2025-10-26 14:15,2025-10-26 14:45,2025-10-26 14:30,2025-10-26 14:45,15.00,partial_overlap,Medium
770,P011,Testing Acceptance,Deployment,Demo Hall,Conference Room A,2025-10-24 15:15,2025-10-24 15:30,2025-10-24 15:00,2025-10-24 15:45,2025-10-24 15:15,2025-10-24 15:30,15.00,containment,Medium
771,P011,Team Building,Tech Sharing,Online Meeting,Training Room,2025-10-26 08:30,2025-10-26 09:00,2025-10-26 08:50,2025-10-26 09:33,2025-10-26 08:50,2025-10-26 09:00,10.00,partial_overlap,Low
772,P011,Code Review,Brainstorming,Office Area 2,Test Lab,2025-10-31 15:30,2025-10-31 16:00,2025-10-31 15:30,2025-10-31 16:15,2025-10-31 15:30,2025-10-31 16:00,30.00,containment,Medium
773,P011,Brainstorming,Deployment,Client Reception,Break Room,2025-10-28 09:30,2025-10-28 10:00,2025-10-28 09:15,2025-10-28 09:45,2025-10-28 09:30,2025-10-28 09:45,15.00,partial_overlap,Medium
774,P011,Brainstorming,Training,Client Reception,Conference Room A,2025-10-28 09:30,2025-10-28 10:00,2025-10-28 09:53,2025-10-28 10:13,2025-10-28 09:53,2025-10-28 10:00,7.00,partial_overlap,Low
775,P011,Client Visit,One-on-One,Test Lab,Demo Hall,2025-10-29 11:00,2025-10-29 11:45,2025-10-29 11:10,2025-10-29 11:53,2025-10-29 11:10,2025-10-29 11:45,35.00,partial_overlap,Medium
776,P011,Tech Sharing,Testing Acceptance,Office Area 2,Test Lab,2025-11-03 16:15,2025-11-03 16:45,2025-11-03 16:38,2025-11-03 16:53,2025-11-03 16:38,2025-11-03 16:45,7.00,partial_overlap,Low
777,P011,Code Review,Project Discussion,Conference Room C,Conference Room A,2025-11-07 09:30,2025-11-07 10:15,2025-11-07 09:45,2025-11-07 10:41,2025-11-07 09:45,2025-11-07 10:15,30.00,partial_overlap,Medium
778,P011,One-on-One,Operations Check,Product Showcase,Conference Room C,2025-11-01 09:15,2025-11-01 10:15,2025-11-01 09:43,2025-11-01 10:32,2025-11-01 09:43,2025-11-01 10:15,32.00,partial_overlap,Medium
779,P011,One-on-One,Project Discussion,Product Showcase,Client Reception,2025-11-01 09:15,2025-11-01 10:15,2025-11-01 10:01,2025-11-01 11:00,2025-11-01 10:01,2025-11-01 10:15,14.00,partial_overlap,Low
780,P011,One-on-One,Operations Check,Product Showcase,Office Area 1,2025-11-01 09:15,2025-11-01 10:15,2025-11-01 10:12,2025-11-01 10:39,2025-11-01 10:12,2025-11-01 10:15,3.00,partial_overlap,Low
781,P011,Operations Check,Project Discussion,Conference Room C,Client Reception,2025-11-01 09:43,2025-11-01 10:32,2025-11-01 10:01,2025-11-01 11:00,2025-11-01 10:01,2025-11-01 10:32,31.00,partial_overlap,Medium
782,P011,Operations Check,Operations Check,Conference Room C,Office Area 1,2025-11-01 09:43,2025-11-01 10:32,2025-11-01 10:12,2025-11-01 10:39,2025-11-01 10:12,2025-11-01 10:32,20.00,partial_overlap,Medium
783,P011,Project Discussion,Operations Check,Client Reception,Office Area 1,2025-11-01 10:01,2025-11-01 11:00,2025-11-01 10:12,2025-11-01 10:39,2025-11-01 10:12,2025-11-01 10:39,27.00,containment,Medium
784,P011,Deployment,Requirements Analysis,Cafe,R&D Center,2025-11-11 13:15,2025-11-11 14:00,2025-11-11 13:00,2025-11-11 14:00,2025-11-11 13:15,2025-11-11 14:00,45.00,containment,Medium
785,P011,Deployment,Design Review,Cafe,R&D Center,2025-11-11 13:15,2025-11-11 14:00,2025-11-11 13:23,2025-11-11 14:10,2025-11-11 13:23,2025-11-11 14:00,37.00,partial_overlap,Medium
786,P011,Code Review,Product Demo,Conference Room C,Client Reception,2025-11-08 09:45,2025-11-08 10:45,2025-11-08 10:30,2025-11-08 11:30,2025-11-08 10:30,2025-11-08 10:45,15.00,partial_overlap,Medium
787,P011,Code Review,Training,Conference Room C,Online Meeting,2025-11-08 09:45,2025-11-08 10:45,2025-11-08 09:55,2025-11-08 10:45,2025-11-08 09:55,2025-11-08 10:45,50.00,containment,Medium
788,P011,Client Visit,Product Demo,Conference Room A,Client Reception,2025-11-08 11:00,2025-11-08 11:30,2025-11-08 10:30,2025-11-08 11:30,2025-11-08 11:00,2025-11-08 11:30,30.00,containment,Medium
789,P011,Client Visit,Tech Sharing,Office Area 1,Online Meeting,2025-11-09 09:15,2025-11-09 10:15,2025-11-09 10:00,2025-11-09 10:45,2025-11-09 10:00,2025-11-09 10:15,15.00,partial_overlap,Medium
790,P011,Operations Check,Brainstorming,Product Showcase,Training Room,2025-11-10 08:00,2025-11-10 09:00,2025-11-10 08:15,2025-11-10 09:15,2025-11-10 08:15,2025-11-10 09:00,45.00,partial_overlap,Medium
791,P011,Operations Check,Deployment,Product Showcase,Conference Room C,2025-11-10 08:00,2025-11-10 09:00,2025-11-10 08:30,2025-11-10 09:00,2025-11-10 08:30,2025-11-10 09:00,30.00,containment,Medium
792,P011,Operations Check,Training,Product Showcase,Conference Room B,2025-11-10 08:00,2025-11-10 09:00,2025-11-10 08:43,2025-11-10 09:32,2025-11-10 08:43,2025-11-10 09:00,17.00,partial_overlap,Medium
793,P011,Operations Check,Operations Check,Product Showcase,Remote,2025-11-10 08:00,2025-11-10 09:00,2025-11-10 08:23,2025-11-10 09:08,2025-11-10 08:23,2025-11-10 09:00,37.00,partial_overlap,Medium
794,P011,Tech Sharing,Brainstorming,Break Room,Client Reception,2025-11-13 13:15,2025-11-13 13:45,2025-11-13 13:41,2025-11-13 14:15,2025-11-13 13:41,2025-11-13 13:45,4.00,partial_overlap,Low
795,P011,One-on-One,Requirements Analysis,Online Meeting,Training Room,2025-11-11 16:15,2025-11-11 17:00,2025-11-11 16:42,2025-11-11 17:09,2025-11-11 16:42,2025-11-11 17:00,18.00,partial_overlap,Medium
796,P011,Brainstorming,Deployment,Training Room,Conference Room C,2025-11-10 08:15,2025-11-10 09:15,2025-11-10 08:30,2025-11-10 09:00,2025-11-10 08:30,2025-11-10 09:00,30.00,containment,Medium
797,P011,Brainstorming,Training,Training Room,Conference Room B,2025-11-10 08:15,2025-11-10 09:15,2025-11-10 08:43,2025-11-10 09:32,2025-11-10 08:43,2025-11-10 09:15,32.00,partial_overlap,Medium
798,P011,Brainstorming,Operations Check,Training Room,Remote,2025-11-10 08:15,2025-11-10 09:15,2025-11-10 08:23,2025-11-10 09:08,2025-11-10 08:23,2025-11-10 09:08,45.00,containment,Medium
799,P011,Product Demo,Training,Client Reception,Online Meeting,2025-11-08 10:30,2025-11-08 11:30,2025-11-08 09:55,2025-11-08 10:45,2025-11-08 10:30,2025-11-08 10:45,15.00,partial_overlap,Medium
800,P011,Deployment,Training,Conference Room C,Conference Room B,2025-11-10 08:30,2025-11-10 09:00,2025-11-10 08:43,2025-11-10 09:32,2025-11-10 08:43,2025-11-10 09:00,17.00,partial_overlap,Medium
801,P011,Deployment,Operations Check,Conference Room C,Remote,2025-11-10 08:30,2025-11-10 09:00,2025-11-10 08:23,2025-11-10 09:08,2025-11-10 08:30,2025-11-10 09:00,30.00,containment,Medium
802,P011,Requirements Analysis,Design Review,R&D Center,R&D Center,2025-11-11 13:00,2025-11-11 14:00,2025-11-11 13:23,2025-11-11 14:10,2025-11-11 13:23,2025-11-11 14:00,37.00,partial_overlap,Medium
803,P011,Training,Operations Check,Conference Room B,Remote,2025-11-10 08:43,2025-11-10 09:32,2025-11-10 08:23,2025-11-10 09:08,2025-11-10 08:43,2025-11-10 09:08,25.00,partial_overlap,Medium
804,P011,Meeting,One-on-One,Product Showcase,Client Reception,2025-11-13 11:15,2025-11-13 12:00,2025-11-13 11:35,2025-11-13 11:56,2025-11-13 11:35,2025-11-13 11:56,21.00,containment,Medium
805,P011,Meeting,One-on-One,Break Room,R&D Center,2025-11-17 17:45,2025-11-17 18:00,2025-11-17 17:45,2025-11-17 18:00,2025-11-17 17:45,2025-11-17 18:00,15.00,containment,Medium
806,P011,Team Building,Operations Check,Conference Room A,Office Area 2,2025-11-19 10:45,2025-11-19 11:15,2025-11-19 10:15,2025-11-19 11:00,2025-11-19 10:45,2025-11-19 11:00,15.00,partial_overlap,Medium
807,P011,Code Review,Operations Check,Online Meeting,Client Reception,2025-11-18 18:30,2025-11-18 19:15,2025-11-18 18:45,2025-11-18 19:30,2025-11-18 18:45,2025-11-18 19:15,30.00,partial_overlap,Medium
808,P011,Training,Operations Check,Conference Room B,Office Area 2,2025-11-19 10:00,2025-11-19 10:45,2025-11-19 10:15,2025-11-19 11:00,2025-11-19 10:15,2025-11-19 10:45,30.00,partial_overlap,Medium
809,P011,Operations Check,Deployment,Break Room,Online Meeting,2025-11-21 11:15,2025-11-21 12:00,2025-11-21 11:24,2025-11-21 11:47,2025-11-21 11:24,2025-11-21 11:47,23.00,containment,Medium
810,P011,One-on-One,Brainstorming,Break Room,Client Reception,2025-11-24 17:45,2025-11-24 18:00,2025-11-24 17:52,2025-11-24 18:52,2025-11-24 17:52,2025-11-24 18:00,8.00,partial_overlap,Low
811,P011,Deployment,Tech Sharing,Office Area 2,Conference Room B,2025-11-19 08:15,2025-11-19 09:00,2025-11-19 08:40,2025-11-19 09:26,2025-11-19 08:40,2025-11-19 09:00,20.00,partial_overlap,Medium
812,P011,Client Visit,Tech Sharing,Demo Hall,Conference Room B,2025-11-19 09:15,2025-11-19 09:45,2025-11-19 08:40,2025-11-19 09:26,2025-11-19 09:15,2025-11-19 09:26,11.00,partial_overlap,Low
813,P011,Deployment,Client Visit,Cafe,Remote,2025-11-20 12:45,2025-11-20 13:15,2025-11-20 12:45,2025-11-20 13:30,2025-11-20 12:45,2025-11-20 13:15,30.00,containment,Medium
814,P012,Client Visit,Client Visit,Break Room,Demo Hall,2025-10-06 12:15,2025-10-06 13:00,2025-10-06 12:27,2025-10-06 12:57,2025-10-06 12:27,2025-10-06 12:57,30.00,containment,Medium
815,P012,Client Visit,Project Discussion,Conference Room A,Demo Hall,2025-10-09 18:00,2025-10-09 18:30,2025-10-09 18:11,2025-10-09 18:44,2025-10-09 18:11,2025-10-09 18:30,19.00,partial_overlap,Medium
816,P012,Operations Check,Team Building,Office Area 1,Demo Hall,2025-10-13 18:45,2025-10-13 19:15,2025-10-13 18:15,2025-10-13 19:00,2025-10-13 18:45,2025-10-13 19:00,15.00,partial_overlap,Medium
817,P012,Product Demo,Design Review,Conference Room B,Conference Room A,2025-10-14 12:00,2025-10-14 13:00,2025-10-14 12:18,2025-10-14 12:54,2025-10-14 12:18,2025-10-14 12:54,36.00,containment,Medium
818,P012,Product Demo,Client Visit,Conference Room B,Office Area 1,2025-10-14 12:00,2025-10-14 13:00,2025-10-14 12:23,2025-10-14 13:15,2025-10-14 12:23,2025-10-14 13:00,37.00,partial_overlap,Medium
819,P012,Design Review,Code Review,Test Lab,Test Lab,2025-10-12 12:45,2025-10-12 13:30,2025-10-12 13:03,2025-10-12 13:55,2025-10-12 13:03,2025-10-12 13:30,27.00,partial_overlap,Medium
820,P012,Deployment,Meeting,Test Lab,Conference Room A,2025-10-15 17:00,2025-10-15 17:30,2025-10-15 16:05,2025-10-15 17:03,2025-10-15 17:00,2025-10-15 17:03,3.00,partial_overlap,Low
821,P012,Requirements Analysis,Code Review,Cafe,Test Lab,2025-10-20 15:00,2025-10-20 15:45,2025-10-20 14:30,2025-10-20 15:30,2025-10-20 15:00,2025-10-20 15:30,30.00,partial_overlap,Medium
822,P012,Requirements Analysis,One-on-One,Cafe,Client Reception,2025-10-20 15:00,2025-10-20 15:45,2025-10-20 15:09,2025-10-20 15:54,2025-10-20 15:09,2025-10-20 15:45,36.00,partial_overlap,Medium
823,P012,Operations Check,Deployment,Break Room,Office Area 2,2025-10-20 16:30,2025-10-20 17:00,2025-10-20 16:39,2025-10-20 17:21,2025-10-20 16:39,2025-10-20 17:00,21.00,partial_overlap,Medium
824,P012,Tech Sharing,Meeting,Training Room,Conference Room A,2025-10-15 15:45,2025-10-15 16:15,2025-10-15 16:05,2025-10-15 17:03,2025-10-15 16:05,2025-10-15 16:15,10.00,partial_overlap,Low
825,P012,Project Discussion,One-on-One,Client Reception,Client Reception,2025-10-20 15:45,2025-10-20 16:15,2025-10-20 15:09,2025-10-20 15:54,2025-10-20 15:45,2025-10-20 15:54,9.00,partial_overlap,Low
826,P012,Code Review,Brainstorming,Conference Room A,Conference Room B,2025-10-15 08:30,2025-10-15 09:00,2025-10-15 08:38,2025-10-15 09:21,2025-10-15 08:38,2025-10-15 09:00,22.00,partial_overlap,Medium
827,P012,Code Review,Testing Acceptance,Training Room,Conference Room B,2025-10-22 16:15,2025-10-22 16:45,2025-10-22 16:24,2025-10-22 17:16,2025-10-22 16:24,2025-10-22 16:45,21.00,partial_overlap,Medium
828,P012,Code Review,One-on-One,Test Lab,Client Reception,2025-10-20 14:30,2025-10-20 15:30,2025-10-20 15:09,2025-10-20 15:54,2025-10-20 15:09,2025-10-20 15:30,21.00,partial_overlap,Medium
829,P012,Code Review,Client Visit,Product Showcase,Break Room,2025-10-21 11:30,2025-10-21 12:15,2025-10-21 12:00,2025-10-21 12:45,2025-10-21 12:00,2025-10-21 12:15,15.00,partial_overlap,Medium
830,P012,Design Review,Client Visit,Conference Room A,Office Area 1,2025-10-14 12:18,2025-10-14 12:54,2025-10-14 12:23,2025-10-14 13:15,2025-10-14 12:23,2025-10-14 12:54,31.00,partial_overlap,Medium
831,P012,Project Discussion,Tech Sharing,Break Room,Demo Hall,2025-10-25 08:45,2025-10-25 09:30,2025-10-25 08:50,2025-10-25 09:33,2025-10-25 08:50,2025-10-25 09:30,40.00,partial_overlap,Medium
832,P012,Requirements Analysis,Product Demo,Cafe,Online Meeting,2025-10-23 12:00,2025-10-23 12:45,2025-10-23 12:30,2025-10-23 13:15,2025-10-23 12:30,2025-10-23 12:45,15.00,partial_overlap,Medium
833,P012,Requirements Analysis,Design Review,Cafe,Online Meeting,2025-10-23 12:00,2025-10-23 12:45,2025-10-23 12:30,2025-10-23 13:00,2025-10-23 12:30,2025-10-23 12:45,15.00,partial_overlap,Medium
834,P012,Requirements Analysis,Client Visit,Cafe,Break Room,2025-10-23 12:00,2025-10-23 12:45,2025-10-23 12:36,2025-10-23 13:01,2025-10-23 12:36,2025-10-23 12:45,9.00,partial_overlap,Low
835,P012,Client Visit,Requirements Analysis,Office Area 1,Break Room,2025-10-27 09:00,2025-10-27 09:15,2025-10-27 08:30,2025-10-27 09:15,2025-10-27 09:00,2025-10-27 09:15,15.00,containment,Medium
836,P012,Training,Meeting,Office Area 2,Online Meeting,2025-10-23 15:45,2025-10-23 16:30,2025-10-23 16:15,2025-10-23 16:30,2025-10-23 16:15,2025-10-23 16:30,15.00,containment,Medium
837,P012,Operations Check,Product Demo,Conference Room C,Online Meeting,2025-10-23 13:00,2025-10-23 13:30,2025-10-23 12:30,2025-10-23 13:15,2025-10-23 13:00,2025-10-23 13:15,15.00,partial_overlap,Medium
838,P012,Operations Check,Client Visit,Conference Room C,Break Room,2025-10-23 13:00,2025-10-23 13:30,2025-10-23 12:36,2025-10-23 13:01,2025-10-23 13:00,2025-10-23 13:01,1.00,partial_overlap,Low
839,P012,Operations Check,Meeting,Conference Room C,Test Lab,2025-10-23 13:00,2025-10-23 13:30,2025-10-23 12:47,2025-10-23 13:22,2025-10-23 13:00,2025-10-23 13:22,22.00,partial_overlap,Medium
840,P012,Code Review,Deployment,Conference Room B,Break Room,2025-10-23 18:30,2025-10-23 19:00,2025-10-23 18:58,2025-10-23 19:30,2025-10-23 18:58,2025-10-23 19:00,2.00,partial_overlap,Low
841,P012,Tech Sharing,Requirements Analysis,Product Showcase,Training Room,2025-10-26 11:15,2025-10-26 12:00,2025-10-26 10:45,2025-10-26 11:30,2025-10-26 11:15,2025-10-26 11:30,15.00,partial_overlap,Medium
842,P012,Product Demo,Design Review,Online Meeting,Online Meeting,2025-10-23 12:30,2025-10-23 13:15,2025-10-23 12:30,2025-10-23 13:00,2025-10-23 12:30,2025-10-23 13:00,30.00,containment,Medium
843,P012,Product Demo,Client Visit,Online Meeting,Break Room,2025-10-23 12:30,2025-10-23 13:15,2025-10-23 12:36,2025-10-23 13:01,2025-10-23 12:36,2025-10-23 13:01,25.00,containment,Medium
844,P012,Product Demo,Meeting,Online Meeting,Test Lab,2025-10-23 12:30,2025-10-23 13:15,2025-10-23 12:47,2025-10-23 13:22,2025-10-23 12:47,2025-10-23 13:15,28.00,partial_overlap,Medium
845,P012,Design Review,Client Visit,Online Meeting,Break Room,2025-10-23 12:30,2025-10-23 13:00,2025-10-23 12:36,2025-10-23 13:01,2025-10-23 12:36,2025-10-23 13:00,24.00,partial_overlap,Medium
846,P012,Design Review,Meeting,Online Meeting,Test Lab,2025-10-23 12:30,2025-10-23 13:00,2025-10-23 12:47,2025-10-23 13:22,2025-10-23 12:47,2025-10-23 13:00,13.00,partial_overlap,Low
847,P012,Tech Sharing,Requirements Analysis,Conference Room B,Remote,2025-10-30 09:45,2025-10-30 10:30,2025-10-30 09:52,2025-10-30 10:38,2025-10-30 09:52,2025-10-30 10:30,38.00,partial_overlap,Medium
848,P012,Project Discussion,Client Visit,Client Reception,Online Meeting,2025-10-28 13:45,2025-10-28 14:30,2025-10-28 14:06,2025-10-28 15:01,2025-10-28 14:06,2025-10-28 14:30,24.00,partial_overlap,Medium
849,P012,Deployment,Deployment,Remote,Break Room,2025-10-26 12:15,2025-10-26 12:30,2025-10-26 12:27,2025-10-26 12:56,2025-10-26 12:27,2025-10-26 12:30,3.00,partial_overlap,Low
850,P012,Client Visit,Meeting,Break Room,Test Lab,2025-10-23 12:36,2025-10-23 13:01,2025-10-23 12:47,2025-10-23 13:22,2025-10-23 12:47,2025-10-23 13:01,14.00,partial_overlap,Low
851,P012,Project Discussion,One-on-One,Conference Room A,Office Area 2,2025-11-03 10:30,2025-11-03 11:00,2025-11-03 10:57,2025-11-03 11:40,2025-11-03 10:57,2025-11-03 11:00,3.00,partial_overlap,Low
852,P012,Product Demo,Tech Sharing,Online Meeting,Remote,2025-11-05 17:45,2025-11-05 18:30,2025-11-05 17:45,2025-11-05 18:30,2025-11-05 17:45,2025-11-05 18:30,45.00,containment,Medium
853,P012,Code Review,Training,Office Area 2,Demo Hall,2025-11-09 13:00,2025-11-09 13:30,2025-11-09 12:30,2025-11-09 13:15,2025-11-09 13:00,2025-11-09 13:15,15.00,partial_overlap,Medium
854,P012,Operations Check,Design Review,Office Area 2,Client Reception,2025-11-10 12:00,2025-11-10 12:45,2025-11-10 12:08,2025-11-10 13:01,2025-11-10 12:08,2025-11-10 12:45,37.00,partial_overlap,Medium
855,P012,Operations Check,Project Discussion,Office Area 2,Office Area 2,2025-11-10 12:00,2025-11-10 12:45,2025-11-10 12:28,2025-11-10 12:52,2025-11-10 12:28,2025-11-10 12:45,17.00,partial_overlap,Medium
856,P012,One-on-One,Operations Check,R&D Center,Conference Room A,2025-11-11 13:30,2025-11-11 14:30,2025-11-11 13:44,2025-11-11 14:05,2025-11-11 13:44,2025-11-11 14:05,21.00,containment,Medium
857,P012,Project Discussion,Operations Check,Training Room,Break Room,2025-11-13 13:30,2025-11-13 14:30,2025-11-13 13:45,2025-11-13 14:45,2025-11-13 13:45,2025-11-13 14:30,45.00,partial_overlap,Medium
858,P012,Deployment,Meeting,Conference Room C,Demo Hall,2025-11-13 11:00,2025-11-13 11:45,2025-11-13 11:30,2025-11-13 12:15,2025-11-13 11:30,2025-11-13 11:45,15.00,partial_overlap,Medium
859,P012,Deployment,Operations Check,Conference Room C,Product Showcase,2025-11-13 11:00,2025-11-13 11:45,2025-11-13 11:30,2025-11-13 12:15,2025-11-13 11:30,2025-11-13 11:45,15.00,partial_overlap,Medium
860,P012,Product Demo,Meeting,Remote,Client Reception,2025-11-15 16:15,2025-11-15 17:00,2025-11-15 15:45,2025-11-15 16:30,2025-11-15 16:15,2025-11-15 16:30,15.00,partial_overlap,Medium
861,P012,Code Review,Operations Check,Office Area 2,Online Meeting,2025-11-14 09:45,2025-11-14 10:15,2025-11-14 10:00,2025-11-14 11:00,2025-11-14 10:00,2025-11-14 10:15,15.00,partial_overlap,Medium
862,P012,Meeting,Operations Check,Demo Hall,Product Showcase,2025-11-13 11:30,2025-11-13 12:15,2025-11-13 11:30,2025-11-13 12:15,2025-11-13 11:30,2025-11-13 12:15,45.00,containment,Medium
863,P012,Client Visit,Code Review,Break Room,Remote,2025-11-12 12:45,2025-11-12 13:30,2025-11-12 13:15,2025-11-12 13:45,2025-11-12 13:15,2025-11-12 13:30,15.00,partial_overlap,Medium
864,P012,Client Visit,Client Visit,Break Room,Office Area 2,2025-11-12 12:45,2025-11-12 13:30,2025-11-12 13:00,2025-11-12 13:45,2025-11-12 13:00,2025-11-12 13:30,30.00,partial_overlap,Medium
865,P012,Project Discussion,Product Demo,Client Reception,Office Area 1,2025-11-12 13:30,2025-11-12 14:00,2025-11-12 13:48,2025-11-12 14:39,2025-11-12 13:48,2025-11-12 14:00,12.00,partial_overlap,Low
866,P012,Project Discussion,Code Review,Client Reception,Remote,2025-11-12 13:30,2025-11-12 14:00,2025-11-12 13:15,2025-11-12 13:45,2025-11-12 13:30,2025-11-12 13:45,15.00,partial_overlap,Medium
867,P012,Project Discussion,Client Visit,Client Reception,Office Area 2,2025-11-12 13:30,2025-11-12 14:00,2025-11-12 13:00,2025-11-12 13:45,2025-11-12 13:30,2025-11-12 13:45,15.00,partial_overlap,Medium
868,P012,Design Review,Project Discussion,Client Reception,Office Area 2,2025-11-10 12:08,2025-11-10 13:01,2025-11-10 12:28,2025-11-10 12:52,2025-11-10 12:28,2025-11-10 12:52,24.00,containment,Medium
869,P012,Code Review,Client Visit,Remote,Office Area 2,2025-11-12 13:15,2025-11-12 13:45,2025-11-12 13:00,2025-11-12 13:45,2025-11-12 13:15,2025-11-12 13:45,30.00,containment,Medium
870,P012,Brainstorming,Design Review,Office Area 1,Cafe,2025-11-19 13:15,2025-11-19 13:45,2025-11-19 13:15,2025-11-19 13:45,2025-11-19 13:15,2025-11-19 13:45,30.00,containment,Medium
871,P012,Brainstorming,Brainstorming,Office Area 1,R&D Center,2025-11-19 13:15,2025-11-19 13:45,2025-11-19 13:37,2025-11-19 14:04,2025-11-19 13:37,2025-11-19 13:45,8.00,partial_overlap,Low
872,P012,Training,Brainstorming,Office Area 2,Client Reception,2025-11-18 18:45,2025-11-18 19:15,2025-11-18 18:58,2025-11-18 19:16,2025-11-18 18:58,2025-11-18 19:15,17.00,partial_overlap,Medium
873,P012,Client Visit,Requirements Analysis,Client Reception,Online Meeting,2025-11-17 17:15,2025-11-17 17:45,2025-11-17 17:26,2025-11-17 18:04,2025-11-17 17:26,2025-11-17 17:45,19.00,partial_overlap,Medium
874,P012,Deployment,Testing Acceptance,Conference Room A,Test Lab,2025-11-22 15:30,2025-11-22 16:00,2025-11-22 15:30,2025-11-22 15:45,2025-11-22 15:30,2025-11-22 15:45,15.00,containment,Medium
875,P012,Deployment,Product Demo,Conference Room A,Client Reception,2025-11-22 15:30,2025-11-22 16:00,2025-11-22 15:50,2025-11-22 16:14,2025-11-22 15:50,2025-11-22 16:00,10.00,partial_overlap,Low
876,P012,Design Review,Brainstorming,Cafe,R&D Center,2025-11-19 13:15,2025-11-19 13:45,2025-11-19 13:37,2025-11-19 14:04,2025-11-19 13:37,2025-11-19 13:45,8.00,partial_overlap,Low
877,P012,One-on-One,Requirements Analysis,Conference Room C,Online Meeting,2025-11-17 18:00,2025-11-17 18:15,2025-11-17 17:26,2025-11-17 18:04,2025-11-17 18:00,2025-11-17 18:04,4.00,partial_overlap,Low
878,P012,Client Visit,Meeting,Product Showcase,Product Showcase,2025-11-15 11:53,2025-11-15 12:33,2025-11-15 12:12,2025-11-15 13:11,2025-11-15 12:12,2025-11-15 12:33,21.00,partial_overlap,Medium
879,P013,Project Discussion,Tech Sharing,Conference Room C,Cafe,2025-10-10 13:15,2025-10-10 14:45,2025-10-10 13:30,2025-10-10 14:30,2025-10-10 13:30,2025-10-10 14:30,60.00,containment,High
880,P013,One-on-One,Testing Acceptance,Cafe,Break Room,2025-10-10 10:30,2025-10-10 11:15,2025-10-10 10:37,2025-10-10 11:27,2025-10-10 10:37,2025-10-10 11:15,38.00,partial_overlap,Medium
881,P013,Meeting,Tech Sharing,R&D Center,Client Reception,2025-10-16 14:15,2025-10-16 15:15,2025-10-16 14:45,2025-10-16 15:30,2025-10-16 14:45,2025-10-16 15:15,30.00,partial_overlap,Medium
882,P013,Client Visit,One-on-One,Office Area 2,Online Meeting,2025-10-13 15:15,2025-10-13 16:00,2025-10-13 15:00,2025-10-13 16:00,2025-10-13 15:15,2025-10-13 16:00,45.00,containment,Medium
883,P013,Client Visit,Design Review,Office Area 2,Product Showcase,2025-10-13 15:15,2025-10-13 16:00,2025-10-13 15:12,2025-10-13 15:31,2025-10-13 15:15,2025-10-13 15:31,16.00,partial_overlap,Medium
884,P013,One-on-One,Design Review,Online Meeting,Product Showcase,2025-10-13 15:00,2025-10-13 16:00,2025-10-13 15:12,2025-10-13 15:31,2025-10-13 15:12,2025-10-13 15:31,19.00,containment,Medium
885,P013,Code Review,Tech Sharing,Office Area 2,R&D Center,2025-10-19 16:30,2025-10-19 17:30,2025-10-19 16:00,2025-10-19 16:45,2025-10-19 16:30,2025-10-19 16:45,15.00,partial_overlap,Medium
886,P013,Tech Sharing,Design Review,Office Area 2,Cafe,2025-10-18 11:15,2025-10-18 12:00,2025-10-18 11:30,2025-10-18 12:00,2025-10-18 11:30,2025-10-18 12:00,30.00,containment,Medium
887,P013,Tech Sharing,Design Review,Office Area 2,Cafe,2025-10-18 11:15,2025-10-18 12:00,2025-10-18 11:41,2025-10-18 12:33,2025-10-18 11:41,2025-10-18 12:00,19.00,partial_overlap,Medium
888,P013,Design Review,Product Demo,Demo Hall,Client Reception,2025-10-20 17:15,2025-10-20 18:00,2025-10-20 17:40,2025-10-20 17:55,2025-10-20 17:40,2025-10-20 17:55,15.00,containment,Medium
889,P013,Design Review,Training,Test Lab,Conference Room A,2025-10-23 10:00,2025-10-23 10:45,2025-10-23 09:45,2025-10-23 10:30,2025-10-23 10:00,2025-10-23 10:30,30.00,partial_overlap,Medium
890,P013,Design Review,Design Review,Cafe,Cafe,2025-10-18 11:30,2025-10-18 12:00,2025-10-18 11:41,2025-10-18 12:33,2025-10-18 11:41,2025-10-18 12:00,19.00,partial_overlap,Medium
891,P013,Product Demo,One-on-One,Online Meeting,Client Reception,2025-10-24 18:45,2025-10-24 19:15,2025-10-24 18:15,2025-10-24 19:00,2025-10-24 18:45,2025-10-24 19:00,15.00,partial_overlap,Medium
892,P013,Operations Check,Team Building,Demo Hall,Test Lab,2025-10-24 10:00,2025-10-24 10:15,2025-10-24 09:45,2025-10-24 10:15,2025-10-24 10:00,2025-10-24 10:15,15.00,containment,Medium
893,P013,Testing Acceptance,Tech Sharing,Training Room,Training Room,2025-10-22 13:30,2025-10-22 14:15,2025-10-22 13:43,2025-10-22 14:39,2025-10-22 13:43,2025-10-22 14:15,32.00,partial_overlap,Medium
894,P013,Training,Tech Sharing,Test Lab,Conference Room B,2025-10-26 09:00,2025-10-26 09:30,2025-10-26 09:23,2025-10-26 10:18,2025-10-26 09:23,2025-10-26 09:30,7.00,partial_overlap,Low
895,P013,One-on-One,Meeting,Remote,Demo Hall,2025-10-27 10:45,2025-10-27 11:30,2025-10-27 11:15,2025-10-27 12:00,2025-10-27 11:15,2025-10-27 11:30,15.00,partial_overlap,Medium
896,P013,Design Review,Product Demo,Conference Room B,Conference Room B,2025-10-27 16:15,2025-10-27 16:30,2025-10-27 16:00,2025-10-27 16:45,2025-10-27 16:15,2025-10-27 16:30,15.00,containment,Medium
897,P013,Design Review,Tech Sharing,Conference Room B,Training Room,2025-10-27 16:15,2025-10-27 16:30,2025-10-27 16:09,2025-10-27 17:03,2025-10-27 16:15,2025-10-27 16:30,15.00,containment,Medium
898,P013,Requirements Analysis,Meeting,R&D Center,Demo Hall,2025-10-27 11:30,2025-10-27 11:45,2025-10-27 11:15,2025-10-27 12:00,2025-10-27 11:30,2025-10-27 11:45,15.00,containment,Medium
899,P013,Training,Team Building,Office Area 2,Conference Room C,2025-10-28 13:30,2025-10-28 14:15,2025-10-28 13:55,2025-10-28 14:48,2025-10-28 13:55,2025-10-28 14:15,20.00,partial_overlap,Medium
900,P013,Product Demo,Tech Sharing,Conference Room B,Training Room,2025-10-27 16:00,2025-10-27 16:45,2025-10-27 16:09,2025-10-27 17:03,2025-10-27 16:09,2025-10-27 16:45,36.00,partial_overlap,Medium
901,P013,Tech Sharing,Product Demo,Office Area 1,Conference Room B,2025-10-30 09:15,2025-10-30 09:45,2025-10-30 09:30,2025-10-30 10:15,2025-10-30 09:30,2025-10-30 09:45,15.00,partial_overlap,Medium
902,P013,Code Review,Product Demo,Demo Hall,Client Reception,2025-10-29 17:45,2025-10-29 18:30,2025-10-29 18:11,2025-10-29 18:36,2025-10-29 18:11,2025-10-29 18:30,19.00,partial_overlap,Medium
903,P013,Brainstorming,Project Discussion,Office Area 1,R&D Center,2025-10-29 13:15,2025-10-29 14:00,2025-10-29 13:28,2025-10-29 14:01,2025-10-29 13:28,2025-10-29 14:00,32.00,partial_overlap,Medium
904,P013,Brainstorming,Project Discussion,Conference Room C,Client Reception,2025-10-29 08:45,2025-10-29 09:00,2025-10-29 08:50,2025-10-29 09:08,2025-10-29 08:50,2025-10-29 09:00,10.00,partial_overlap,Low
905,P013,Project Discussion,Deployment,Client Reception,Demo Hall,2025-10-29 08:50,2025-10-29 09:08,2025-10-29 09:02,2025-10-29 10:02,2025-10-29 09:02,2025-10-29 09:08,6.00,partial_overlap,Low
906,P013,Deployment,Deployment,Demo Hall,Online Meeting,2025-10-29 09:02,2025-10-29 10:02,2025-10-29 09:13,2025-10-29 10:02,2025-10-29 09:13,2025-10-29 10:02,49.00,containment,Medium
907,P013,Meeting,Brainstorming,Demo Hall,Conference Room B,2025-10-23 08:47,2025-10-23 09:32,2025-10-23 09:15,2025-10-23 09:32,2025-10-23 09:15,2025-10-23 09:32,17.00,containment,Medium
908,P013,Meeting,Client Visit,R&D Center,Test Lab,2025-11-01 09:30,2025-11-01 10:30,2025-11-01 09:52,2025-11-01 10:48,2025-11-01 09:52,2025-11-01 10:30,38.00,partial_overlap,Medium
909,P013,Brainstorming,Brainstorming,Office Area 2,Training Room,2025-11-09 13:15,2025-11-09 14:00,2025-11-09 13:45,2025-11-09 14:15,2025-11-09 13:45,2025-11-09 14:00,15.00,partial_overlap,Medium
910,P013,Brainstorming,Requirements Analysis,Office Area 2,Conference Room A,2025-11-09 13:15,2025-11-09 14:00,2025-11-09 13:26,2025-11-09 13:56,2025-11-09 13:26,2025-11-09 13:56,30.00,containment,Medium
911,P013,Testing Acceptance,Tech Sharing,Test Lab,Online Meeting,2025-11-07 13:00,2025-11-07 13:45,2025-11-07 13:14,2025-11-07 13:58,2025-11-07 13:14,2025-11-07 13:45,31.00,partial_overlap,Medium
912,P013,Training,Team Building,R&D Center,Online Meeting,2025-11-07 18:15,2025-11-07 19:00,2025-11-07 18:40,2025-11-07 19:09,2025-11-07 18:40,2025-11-07 19:00,20.00,partial_overlap,Medium
913,P013,Brainstorming,Requirements Analysis,Training Room,Conference Room A,2025-11-09 13:45,2025-11-09 14:15,2025-11-09 13:26,2025-11-09 13:56,2025-11-09 13:45,2025-11-09 13:56,11.00,partial_overlap,Low
914,P013,Design Review,Operations Check,Cafe,Online Meeting,2025-11-13 14:30,2025-11-13 15:15,2025-11-13 14:45,2025-11-13 15:30,2025-11-13 14:45,2025-11-13 15:15,30.00,partial_overlap,Medium
915,P013,Design Review,Design Review,Cafe,Conference Room B,2025-11-13 14:30,2025-11-13 15:15,2025-11-13 15:11,2025-11-13 15:39,2025-11-13 15:11,2025-11-13 15:15,4.00,partial_overlap,Low
916,P013,Design Review,Team Building,Training Room,Training Room,2025-11-13 16:15,2025-11-13 17:15,2025-11-13 16:30,2025-11-13 16:45,2025-11-13 16:30,2025-11-13 16:45,15.00,containment,Medium
917,P013,Meeting,Requirements Analysis,Training Room,Remote,2025-11-14 16:00,2025-11-14 16:30,2025-11-14 16:06,2025-11-14 16:23,2025-11-14 16:06,2025-11-14 16:23,17.00,containment,Medium
918,P013,Meeting,Requirements Analysis,Training Room,Online Meeting,2025-11-14 16:00,2025-11-14 16:30,2025-11-14 16:15,2025-11-14 17:11,2025-11-14 16:15,2025-11-14 16:30,15.00,partial_overlap,Medium
919,P013,Meeting,Team Building,Training Room,Demo Hall,2025-11-14 16:00,2025-11-14 16:30,2025-11-14 16:06,2025-11-14 16:24,2025-11-14 16:06,2025-11-14 16:24,18.00,containment,Medium
920,P013,Testing Acceptance,Testing Acceptance,Demo Hall,Office Area 1,2025-11-16 17:45,2025-11-16 18:15,2025-11-16 18:00,2025-11-16 18:50,2025-11-16 18:00,2025-11-16 18:15,15.00,partial_overlap,Medium
921,P013,Requirements Analysis,Testing Acceptance,Training Room,Conference Room B,2025-11-14 13:15,2025-11-14 13:45,2025-11-14 13:30,2025-11-14 13:45,2025-11-14 13:30,2025-11-14 13:45,15.00,containment,Medium
922,P013,Requirements Analysis,Operations Check,Training Room,Office Area 1,2025-11-14 13:15,2025-11-14 13:45,2025-11-14 13:20,2025-11-14 13:53,2025-11-14 13:20,2025-11-14 13:45,25.00,partial_overlap,Medium
923,P013,Requirements Analysis,Brainstorming,Training Room,Office Area 2,2025-11-14 13:15,2025-11-14 13:45,2025-11-14 13:28,2025-11-14 14:08,2025-11-14 13:28,2025-11-14 13:45,17.00,partial_overlap,Medium
924,P013,Operations Check,Design Review,Online Meeting,Conference Room B,2025-11-13 14:45,2025-11-13 15:30,2025-11-13 15:11,2025-11-13 15:39,2025-11-13 15:11,2025-11-13 15:30,19.00,partial_overlap,Medium
925,P013,Client Visit,Testing Acceptance,Online Meeting,Office Area 1,2025-11-16 18:45,2025-11-16 19:30,2025-11-16 18:00,2025-11-16 18:50,2025-11-16 18:45,2025-11-16 18:50,5.00,partial_overlap,Low
926,P013,Testing Acceptance,Operations Check,Conference Room B,Office Area 1,2025-11-14 13:30,2025-11-14 13:45,2025-11-14 13:20,2025-11-14 13:53,2025-11-14 13:30,2025-11-14 13:45,15.00,containment,Medium
927,P013,Testing Acceptance,Brainstorming,Conference Room B,Office Area 2,2025-11-14 13:30,2025-11-14 13:45,2025-11-14 13:28,2025-11-14 14:08,2025-11-14 13:30,2025-11-14 13:45,15.00,containment,Medium
928,P013,Deployment,Design Review,Break Room,Test Lab,2025-11-19 17:45,2025-11-19 18:00,2025-11-19 17:45,2025-11-19 18:30,2025-11-19 17:45,2025-11-19 18:00,15.00,containment,Medium
929,P013,Design Review,Tech Sharing,Test Lab,Office Area 2,2025-11-19 17:45,2025-11-19 18:30,2025-11-19 18:15,2025-11-19 18:45,2025-11-19 18:15,2025-11-19 18:30,15.00,partial_overlap,Medium
930,P013,Product Demo,Operations Check,Remote,Test Lab,2025-11-14 17:45,2025-11-14 18:15,2025-11-14 17:52,2025-11-14 18:39,2025-11-14 17:52,2025-11-14 18:15,23.00,partial_overlap,Medium
931,P013,Requirements Analysis,Brainstorming,Break Room,Break Room,2025-11-20 13:00,2025-11-20 13:15,2025-11-20 13:00,2025-11-20 13:15,2025-11-20 13:00,2025-11-20 13:15,15.00,containment,Medium
932,P013,Requirements Analysis,Team Building,Break Room,Training Room,2025-11-20 13:00,2025-11-20 13:15,2025-11-20 13:05,2025-11-20 13:38,2025-11-20 13:05,2025-11-20 13:15,10.00,partial_overlap,Low
933,P013,Product Demo,Design Review,Office Area 2,Cafe,2025-11-21 11:30,2025-11-21 12:00,2025-11-21 11:45,2025-11-21 12:30,2025-11-21 11:45,2025-11-21 12:00,15.00,partial_overlap,Medium
934,P013,Code Review,Brainstorming,Conference Room C,Training Room,2025-11-23 13:30,2025-11-23 13:45,2025-11-23 13:41,2025-11-23 14:21,2025-11-23 13:41,2025-11-23 13:45,4.00,partial_overlap,Low
935,P013,Client Visit,One-on-One,Conference Room A,Test Lab,2025-11-24 18:30,2025-11-24 19:15,2025-11-24 18:42,2025-11-24 19:13,2025-11-24 18:42,2025-11-24 19:13,31.00,containment,Medium
936,P013,Client Visit,Product Demo,Conference Room A,Office Area 2,2025-11-24 18:30,2025-11-24 19:15,2025-11-24 19:11,2025-11-24 20:11,2025-11-24 19:11,2025-11-24 19:15,4.00,partial_overlap,Low
937,P013,Brainstorming,Team Building,Break Room,Training Room,2025-11-20 13:00,2025-11-20 13:15,2025-11-20 13:05,2025-11-20 13:38,2025-11-20 13:05,2025-11-20 13:15,10.00,partial_overlap,Low
938,P013,Operations Check,Brainstorming,Office Area 1,Office Area 2,2025-11-14 13:20,2025-11-14 13:53,2025-11-14 13:28,2025-11-14 14:08,2025-11-14 13:28,2025-11-14 13:53,25.00,partial_overlap,Medium
939,P013,Requirements Analysis,Requirements Analysis,Remote,Online Meeting,2025-11-14 16:06,2025-11-14 16:23,2025-11-14 16:15,2025-11-14 17:11,2025-11-14 16:15,2025-11-14 16:23,8.00,partial_overlap,Low
940,P013,Requirements Analysis,Team Building,Remote,Demo Hall,2025-11-14 16:06,2025-11-14 16:23,2025-11-14 16:06,2025-11-14 16:24,2025-11-14 16:06,2025-11-14 16:23,17.00,containment,Medium
941,P013,One-on-One,Product Demo,Test Lab,Office Area 2,2025-11-24 18:42,2025-11-24 19:13,2025-11-24 19:11,2025-11-24 20:11,2025-11-24 19:11,2025-11-24 19:13,2.00,partial_overlap,Low
942,P013,Requirements Analysis,Team Building,Online Meeting,Demo Hall,2025-11-14 16:15,2025-11-14 17:11,2025-11-14 16:06,2025-11-14 16:24,2025-11-14 16:15,2025-11-14 16:24,9.00,partial_overlap,Low
943,P014,Meeting,Client Visit,Conference Room A,Client Reception,2025-10-09 10:15,2025-10-09 11:15,2025-10-09 10:00,2025-10-09 10:30,2025-10-09 10:15,2025-10-09 10:30,15.00,partial_overlap,Medium
944,P014,Meeting,Meeting,Conference Room A,Test Lab,2025-10-09 10:15,2025-10-09 11:15,2025-10-09 10:00,2025-10-09 10:34,2025-10-09 10:15,2025-10-09 10:34,19.00,partial_overlap,Medium
945,P014,Requirements Analysis,Product Demo,Office Area 2,Cafe,2025-10-09 11:15,2025-10-09 12:15,2025-10-09 12:00,2025-10-09 13:00,2025-10-09 12:00,2025-10-09 12:15,15.00,partial_overlap,Medium
946,P014,Requirements Analysis,Tech Sharing,Office Area 2,Product Showcase,2025-10-09 11:15,2025-10-09 12:15,2025-10-09 12:05,2025-10-09 12:50,2025-10-09 12:05,2025-10-09 12:15,10.00,partial_overlap,Low
947,P014,Client Visit,Training,Conference Room C,Client Reception,2025-10-05 12:30,2025-10-05 13:00,2025-10-05 12:35,2025-10-05 13:08,2025-10-05 12:35,2025-10-05 13:00,25.00,partial_overlap,Medium
948,P014,Client Visit,Team Building,Client Reception,Break Room,2025-10-09 10:00,2025-10-09 10:30,2025-10-09 09:30,2025-10-09 10:15,2025-10-09 10:00,2025-10-09 10:15,15.00,partial_overlap,Medium
949,P014,Client Visit,Meeting,Client Reception,Test Lab,2025-10-09 10:00,2025-10-09 10:30,2025-10-09 10:00,2025-10-09 10:34,2025-10-09 10:00,2025-10-09 10:30,30.00,containment,Medium
950,P014,Product Demo,Tech Sharing,Cafe,Product Showcase,2025-10-09 12:00,2025-10-09 13:00,2025-10-09 12:05,2025-10-09 12:50,2025-10-09 12:05,2025-10-09 12:50,45.00,containment,Medium
951,P014,Product Demo,Product Demo,Cafe,Test Lab,2025-10-09 12:00,2025-10-09 13:00,2025-10-09 12:17,2025-10-09 12:45,2025-10-09 12:17,2025-10-09 12:45,28.00,containment,Medium
952,P014,Team Building,Meeting,Break Room,Test Lab,2025-10-09 09:30,2025-10-09 10:15,2025-10-09 10:00,2025-10-09 10:34,2025-10-09 10:00,2025-10-09 10:15,15.00,partial_overlap,Medium
953,P014,Team Building,Project Discussion,Remote,Office Area 2,2025-10-11 17:45,2025-10-11 18:45,2025-10-11 17:30,2025-10-11 18:30,2025-10-11 17:45,2025-10-11 18:30,45.00,partial_overlap,Medium
954,P014,Project Discussion,Code Review,Product Showcase,Conference Room A,2025-10-15 15:15,2025-10-15 16:45,2025-10-15 16:15,2025-10-15 17:15,2025-10-15 16:15,2025-10-15 16:45,30.00,partial_overlap,Medium
955,P014,Tech Sharing,Product Demo,Product Showcase,Test Lab,2025-10-09 12:05,2025-10-09 12:50,2025-10-09 12:17,2025-10-09 12:45,2025-10-09 12:17,2025-10-09 12:45,28.00,containment,Medium
956,P014,Project Discussion,Product Demo,Office Area 1,Online Meeting,2025-10-18 08:15,2025-10-18 09:15,2025-10-18 09:00,2025-10-18 09:30,2025-10-18 09:00,2025-10-18 09:15,15.00,partial_overlap,Medium
957,P014,Code Review,Training,Remote,Product Showcase,2025-10-21 12:00,2025-10-21 12:45,2025-10-21 12:00,2025-10-21 12:30,2025-10-21 12:00,2025-10-21 12:30,30.00,containment,Medium
958,P014,Testing Acceptance,Testing Acceptance,Cafe,Demo Hall,2025-10-21 16:00,2025-10-21 17:00,2025-10-21 16:30,2025-10-21 17:30,2025-10-21 16:30,2025-10-21 17:00,30.00,partial_overlap,Medium
959,P014,Client Visit,Brainstorming,Conference Room A,Conference Room C,2025-10-23 09:00,2025-10-23 09:45,2025-10-23 09:00,2025-10-23 09:15,2025-10-23 09:00,2025-10-23 09:15,15.00,containment,Medium
960,P014,Operations Check,Meeting,Conference Room B,Break Room,2025-10-18 11:45,2025-10-18 12:15,2025-10-18 12:00,2025-10-18 12:30,2025-10-18 12:00,2025-10-18 12:15,15.00,partial_overlap,Medium
961,P014,Testing Acceptance,Testing Acceptance,Demo Hall,Training Room,2025-10-20 08:30,2025-10-20 09:15,2025-10-20 08:00,2025-10-20 08:45,2025-10-20 08:30,2025-10-20 08:45,15.00,partial_overlap,Medium
962,P014,Testing Acceptance,Deployment,Product Showcase,Break Room,2025-10-18 15:00,2025-10-18 15:45,2025-10-18 15:28,2025-10-18 16:26,2025-10-18 15:28,2025-10-18 15:45,17.00,partial_overlap,Medium
963,P014,One-on-One,Operations Check,Cafe,Conference Room C,2025-10-26 10:45,2025-10-26 11:15,2025-10-26 11:00,2025-10-26 11:45,2025-10-26 11:00,2025-10-26 11:15,15.00,partial_overlap,Medium
964,P014,Testing Acceptance,Design Review,Office Area 1,Break Room,2025-10-20 15:00,2025-10-20 15:30,2025-10-20 15:00,2025-10-20 15:45,2025-10-20 15:00,2025-10-20 15:30,30.00,containment,Medium
965,P014,Testing Acceptance,Client Visit,Office Area 1,Conference Room C,2025-10-20 15:00,2025-10-20 15:30,2025-10-20 15:23,2025-10-20 15:42,2025-10-20 15:23,2025-10-20 15:30,7.00,partial_overlap,Low
966,P014,Design Review,Client Visit,Break Room,Conference Room C,2025-10-20 15:00,2025-10-20 15:45,2025-10-20 15:23,2025-10-20 15:42,2025-10-20 15:23,2025-10-20 15:42,19.00,containment,Medium
967,P014,One-on-One,Client Visit,Online Meeting,Demo Hall,2025-10-20 11:00,2025-10-20 11:45,2025-10-20 11:19,2025-10-20 11:44,2025-10-20 11:19,2025-10-20 11:44,25.00,containment,Medium
968,P014,Tech Sharing,Brainstorming,Break Room,Office Area 1,2025-10-27 18:15,2025-10-27 19:00,2025-10-27 18:38,2025-10-27 19:32,2025-10-27 18:38,2025-10-27 19:00,22.00,partial_overlap,Medium
969,P014,Meeting,Requirements Analysis,Conference Room C,Demo Hall,2025-10-25 12:00,2025-10-25 12:45,2025-10-25 12:15,2025-10-25 12:30,2025-10-25 12:15,2025-10-25 12:30,15.00,containment,Medium
970,P014,Brainstorming,Requirements Analysis,Conference Room B,Training Room,2025-10-27 08:30,2025-10-27 08:45,2025-10-27 08:30,2025-10-27 09:00,2025-10-27 08:30,2025-10-27 08:45,15.00,containment,Medium
971,P014,Project Discussion,One-on-One,Remote,Cafe,2025-10-25 16:15,2025-10-25 17:00,2025-10-25 16:08,2025-10-25 16:36,2025-10-25 16:15,2025-10-25 16:36,21.00,partial_overlap,Medium
972,P014,Design Review,One-on-One,Office Area 1,Cafe,2025-10-25 15:45,2025-10-25 16:15,2025-10-25 16:08,2025-10-25 16:36,2025-10-25 16:08,2025-10-25 16:15,7.00,partial_overlap,Low
973,P014,Product Demo,One-on-One,Conference Room A,Online Meeting,2025-10-30 16:45,2025-10-30 17:30,2025-10-30 16:30,2025-10-30 17:15,2025-10-30 16:45,2025-10-30 17:15,30.00,partial_overlap,Medium
974,P014,Product Demo,Code Review,Conference Room A,Office Area 1,2025-10-30 16:45,2025-10-30 17:30,2025-10-30 16:21,2025-10-30 17:12,2025-10-30 16:45,2025-10-30 17:12,27.00,partial_overlap,Medium
975,P014,Product Demo,Training,Conference Room A,Conference Room C,2025-10-30 16:45,2025-10-30 17:30,2025-10-30 16:57,2025-10-30 17:50,2025-10-30 16:57,2025-10-30 17:30,33.00,partial_overlap,Medium
976,P014,One-on-One,Project Discussion,Online Meeting,R&D Center,2025-10-30 16:30,2025-10-30 17:15,2025-10-30 16:15,2025-10-30 16:45,2025-10-30 16:30,2025-10-30 16:45,15.00,partial_overlap,Medium
977,P014,One-on-One,Code Review,Online Meeting,Office Area 1,2025-10-30 16:30,2025-10-30 17:15,2025-10-30 16:21,2025-10-30 17:12,2025-10-30 16:30,2025-10-30 17:12,42.00,partial_overlap,Medium
978,P014,One-on-One,Training,Online Meeting,Conference Room C,2025-10-30 16:30,2025-10-30 17:15,2025-10-30 16:57,2025-10-30 17:50,2025-10-30 16:57,2025-10-30 17:15,18.00,partial_overlap,Medium
979,P014,Project Discussion,Code Review,R&D Center,Office Area 1,2025-10-30 16:15,2025-10-30 16:45,2025-10-30 16:21,2025-10-30 17:12,2025-10-30 16:21,2025-10-30 16:45,24.00,partial_overlap,Medium
980,P014,Requirements Analysis,Client Visit,Product Showcase,Test Lab,2025-10-26 12:30,2025-10-26 13:15,2025-10-26 12:47,2025-10-26 13:22,2025-10-26 12:47,2025-10-26 13:15,28.00,partial_overlap,Medium
981,P014,Code Review,Training,Office Area 1,Conference Room C,2025-10-30 16:21,2025-10-30 17:12,2025-10-30 16:57,2025-10-30 17:50,2025-10-30 16:57,2025-10-30 17:12,15.00,partial_overlap,Medium
982,P014,Brainstorming,Client Visit,Office Area 1,Break Room,2025-11-02 13:45,2025-11-02 15:15,2025-11-02 13:45,2025-11-02 14:45,2025-11-02 13:45,2025-11-02 14:45,60.00,containment,High
983,P014,Client Visit,Training,Product Showcase,Cafe,2025-11-08 15:15,2025-11-08 16:00,2025-11-08 15:30,2025-11-08 16:00,2025-11-08 15:30,2025-11-08 16:00,30.00,containment,Medium
984,P014,Operations Check,Project Discussion,Test Lab,Conference Room B,2025-11-04 13:00,2025-11-04 13:45,2025-11-04 13:30,2025-11-04 14:15,2025-11-04 13:30,2025-11-04 13:45,15.00,partial_overlap,Medium
985,P014,Code Review,Deployment,Client Reception,Client Reception,2025-11-06 14:30,2025-11-06 15:00,2025-11-06 14:15,2025-11-06 15:00,2025-11-06 14:30,2025-11-06 15:00,30.00,containment,Medium
986,P014,Operations Check,Project Discussion,Office Area 1,Training Room,2025-11-07 18:45,2025-11-07 19:30,2025-11-07 18:57,2025-11-07 19:25,2025-11-07 18:57,2025-11-07 19:25,28.00,containment,Medium
987,P014,Client Visit,Brainstorming,Client Reception,Cafe,2025-11-06 09:00,2025-11-06 09:30,2025-11-06 09:09,2025-11-06 09:42,2025-11-06 09:09,2025-11-06 09:30,21.00,partial_overlap,Medium
988,P014,Brainstorming,Deployment,Test Lab,Office Area 1,2025-11-11 15:30,2025-11-11 16:30,2025-11-11 15:35,2025-11-11 16:29,2025-11-11 15:35,2025-11-11 16:29,54.00,containment,Medium
989,P014,Design Review,Operations Check,Demo Hall,Conference Room A,2025-11-14 16:00,2025-11-14 16:45,2025-11-14 16:30,2025-11-14 16:45,2025-11-14 16:30,2025-11-14 16:45,15.00,containment,Medium
990,P014,Design Review,Requirements Analysis,Demo Hall,Training Room,2025-11-14 16:00,2025-11-14 16:45,2025-11-14 16:00,2025-11-14 16:45,2025-11-14 16:00,2025-11-14 16:45,45.00,containment,Medium
991,P014,Client Visit,Team Building,Product Showcase,Client Reception,2025-11-15 09:15,2025-11-15 10:15,2025-11-15 09:30,2025-11-15 10:15,2025-11-15 09:30,2025-11-15 10:15,45.00,containment,Medium
992,P014,Code Review,Product Demo,Demo Hall,Conference Room B,2025-11-14 10:00,2025-11-14 10:45,2025-11-14 10:00,2025-11-14 10:30,2025-11-14 10:00,2025-11-14 10:30,30.00,containment,Medium
993,P014,Meeting,One-on-One,Online Meeting,Office Area 1,2025-11-14 17:45,2025-11-14 18:45,2025-11-14 18:30,2025-11-14 18:45,2025-11-14 18:30,2025-11-14 18:45,15.00,containment,Medium
994,P014,Deployment,Training,Demo Hall,Office Area 2,2025-11-15 12:15,2025-11-15 12:45,2025-11-15 12:30,2025-11-15 13:00,2025-11-15 12:30,2025-11-15 12:45,15.00,partial_overlap,Medium
995,P014,Deployment,Brainstorming,Demo Hall,Conference Room A,2025-11-15 12:15,2025-11-15 12:45,2025-11-15 11:45,2025-11-15 12:30,2025-11-15 12:15,2025-11-15 12:30,15.00,partial_overlap,Medium
996,P014,Operations Check,Requirements Analysis,Conference Room A,Training Room,2025-11-14 16:30,2025-11-14 16:45,2025-11-14 16:00,2025-11-14 16:45,2025-11-14 16:30,2025-11-14 16:45,15.00,containment,Medium
997,P014,Operations Check,Training,Online Meeting,Training Room,2025-11-19 18:15,2025-11-19 19:00,2025-11-19 18:40,2025-11-19 19:31,2025-11-19 18:40,2025-11-19 19:00,20.00,partial_overlap,Medium
998,P014,Tech Sharing,One-on-One,Conference Room C,Conference Room A,2025-11-20 11:00,2025-11-20 11:45,2025-11-20 11:30,2025-11-20 11:45,2025-11-20 11:30,2025-11-20 11:45,15.00,containment,Medium
999,P014,Tech Sharing,Code Review,Conference Room C,Test Lab,2025-11-20 11:00,2025-11-20 11:45,2025-11-20 11:29,2025-11-20 12:28,2025-11-20 11:29,2025-11-20 11:45,16.00,partial_overlap,Medium
1000,P014,Design Review,Tech Sharing,Client Reception,Conference Room A,2025-11-16 16:15,2025-11-16 16:30,2025-11-16 16:15,2025-11-16 16:30,2025-11-16 16:15,2025-11-16 16:30,15.00,containment,Medium
1001,P014,Design Review,Brainstorming,Client Reception,R&D Center,2025-11-16 16:15,2025-11-16 16:30,2025-11-16 15:45,2025-11-16 16:30,2025-11-16 16:15,2025-11-16 16:30,15.00,containment,Medium
1002,P014,Tech Sharing,Brainstorming,Conference Room A,R&D Center,2025-11-16 16:15,2025-11-16 16:30,2025-11-16 15:45,2025-11-16 16:30,2025-11-16 16:15,2025-11-16 16:30,15.00,containment,Medium
1003,P014,Deployment,Training,Training Room,Demo Hall,2025-11-17 18:15,2025-11-17 18:45,2025-11-17 18:31,2025-11-17 19:00,2025-11-17 18:31,2025-11-17 18:45,14.00,partial_overlap,Low
1004,P014,Deployment,Requirements Analysis,Training Room,Client Reception,2025-11-17 18:15,2025-11-17 18:45,2025-11-17 18:25,2025-11-17 19:07,2025-11-17 18:25,2025-11-17 18:45,20.00,partial_overlap,Medium
1005,P014,One-on-One,Code Review,Conference Room A,Test Lab,2025-11-20 11:30,2025-11-20 11:45,2025-11-20 11:29,2025-11-20 12:28,2025-11-20 11:30,2025-11-20 11:45,15.00,containment,Medium
1006,P014,Deployment,Team Building,Remote,Conference Room A,2025-11-20 12:00,2025-11-20 12:30,2025-11-20 12:00,2025-11-20 12:15,2025-11-20 12:00,2025-11-20 12:15,15.00,containment,Medium
1007,P014,Deployment,Code Review,Remote,Test Lab,2025-11-20 12:00,2025-11-20 12:30,2025-11-20 11:29,2025-11-20 12:28,2025-11-20 12:00,2025-11-20 12:28,28.00,partial_overlap,Medium
1008,P014,Team Building,Code Review,Conference Room A,Test Lab,2025-11-20 12:00,2025-11-20 12:15,2025-11-20 11:29,2025-11-20 12:28,2025-11-20 12:00,2025-11-20 12:15,15.00,containment,Medium
1009,P014,Project Discussion,Testing Acceptance,Online Meeting,Conference Room B,2025-11-24 17:00,2025-11-24 17:15,2025-11-24 17:05,2025-11-24 18:05,2025-11-24 17:05,2025-11-24 17:15,10.00,partial_overlap,Low
1010,P014,Testing Acceptance,Brainstorming,R&D Center,Product Showcase,2025-11-19 12:15,2025-11-19 13:00,2025-11-19 11:35,2025-11-19 12:20,2025-11-19 12:15,2025-11-19 12:20,5.00,partial_overlap,Low
1011,P014,Training,Requirements Analysis,Demo Hall,Client Reception,2025-11-17 18:31,2025-11-17 19:00,2025-11-17 18:25,2025-11-17 19:07,2025-11-17 18:31,2025-11-17 19:00,29.00,containment,Medium
1012,P015,Tech Sharing,Team Building,Demo Hall,Cafe,2025-10-19 17:00,2025-10-19 18:00,2025-10-19 17:45,2025-10-19 18:45,2025-10-19 17:45,2025-10-19 18:00,15.00,partial_overlap,Medium
1013,P015,Testing Acceptance,Product Demo,Training Room,Demo Hall,2025-10-22 10:45,2025-10-22 11:45,2025-10-22 11:15,2025-10-22 11:45,2025-10-22 11:15,2025-10-22 11:45,30.00,containment,Medium
1014,P015,Code Review,Team Building,Training Room,Remote,2025-10-25 18:00,2025-10-25 18:30,2025-10-25 18:15,2025-10-25 18:45,2025-10-25 18:15,2025-10-25 18:30,15.00,partial_overlap,Medium
1015,P015,Code Review,Testing Acceptance,Training Room,Test Lab,2025-10-25 18:00,2025-10-25 18:30,2025-10-25 18:14,2025-10-25 18:57,2025-10-25 18:14,2025-10-25 18:30,16.00,partial_overlap,Medium
1016,P015,Product Demo,Operations Check,Remote,Product Showcase,2025-10-25 08:15,2025-10-25 09:00,2025-10-25 08:30,2025-10-25 09:00,2025-10-25 08:30,2025-10-25 09:00,30.00,containment,Medium
1017,P015,Product Demo,Product Demo,Remote,Training Room,2025-10-25 08:15,2025-10-25 09:00,2025-10-25 08:30,2025-10-25 09:15,2025-10-25 08:30,2025-10-25 09:00,30.00,partial_overlap,Medium
1018,P015,Product Demo,Operations Check,Remote,Conference Room B,2025-10-25 08:15,2025-10-25 09:00,2025-10-25 08:52,2025-10-25 09:21,2025-10-25 08:52,2025-10-25 09:00,8.00,partial_overlap,Low
1019,P015,Operations Check,Product Demo,Product Showcase,Training Room,2025-10-25 08:30,2025-10-25 09:00,2025-10-25 08:30,2025-10-25 09:15,2025-10-25 08:30,2025-10-25 09:00,30.00,containment,Medium
1020,P015,Operations Check,Operations Check,Product Showcase,Conference Room B,2025-10-25 08:30,2025-10-25 09:00,2025-10-25 08:52,2025-10-25 09:21,2025-10-25 08:52,2025-10-25 09:00,8.00,partial_overlap,Low
1021,P015,Meeting,Requirements Analysis,Conference Room B,Demo Hall,2025-10-24 09:00,2025-10-24 09:45,2025-10-24 09:15,2025-10-24 09:45,2025-10-24 09:15,2025-10-24 09:45,30.00,containment,Medium
1022,P015,Meeting,Brainstorming,Conference Room B,Demo Hall,2025-10-24 09:00,2025-10-24 09:45,2025-10-24 09:05,2025-10-24 09:41,2025-10-24 09:05,2025-10-24 09:41,36.00,containment,Medium
1023,P015,Code Review,Testing Acceptance,Office Area 2,Test Lab,2025-10-28 13:00,2025-10-28 13:30,2025-10-28 13:15,2025-10-28 13:45,2025-10-28 13:15,2025-10-28 13:30,15.00,partial_overlap,Medium
1024,P015,Team Building,Testing Acceptance,Remote,Test Lab,2025-10-25 18:15,2025-10-25 18:45,2025-10-25 18:14,2025-10-25 18:57,2025-10-25 18:15,2025-10-25 18:45,30.00,containment,Medium
1025,P015,Requirements Analysis,Brainstorming,Demo Hall,Demo Hall,2025-10-24 09:15,2025-10-24 09:45,2025-10-24 09:05,2025-10-24 09:41,2025-10-24 09:15,2025-10-24 09:41,26.00,partial_overlap,Medium
1026,P015,Training,Brainstorming,R&D Center,Online Meeting,2025-10-25 18:45,2025-10-25 19:15,2025-10-25 18:57,2025-10-25 19:14,2025-10-25 18:57,2025-10-25 19:14,17.00,containment,Medium
1027,P015,Training,Testing Acceptance,R&D Center,Test Lab,2025-10-25 18:45,2025-10-25 19:15,2025-10-25 18:14,2025-10-25 18:57,2025-10-25 18:45,2025-10-25 18:57,12.00,partial_overlap,Low
1028,P015,Team Building,One-on-One,R&D Center,Demo Hall,2025-10-24 10:45,2025-10-24 11:30,2025-10-24 10:57,2025-10-24 11:30,2025-10-24 10:57,2025-10-24 11:30,33.00,containment,Medium
1029,P015,Training,Brainstorming,Office Area 2,R&D Center,2025-10-31 09:15,2025-10-31 09:30,2025-10-31 09:15,2025-10-31 09:30,2025-10-31 09:15,2025-10-31 09:30,15.00,containment,Medium
1030,P015,Product Demo,Operations Check,Training Room,Conference Room B,2025-10-25 08:30,2025-10-25 09:15,2025-10-25 08:52,2025-10-25 09:21,2025-10-25 08:52,2025-10-25 09:15,23.00,partial_overlap,Medium
1031,P015,Meeting,Design Review,Office Area 2,Office Area 1,2025-11-01 17:15,2025-11-01 17:30,2025-11-01 17:00,2025-11-01 18:00,2025-11-01 17:15,2025-11-01 17:30,15.00,containment,Medium
1032,P015,Meeting,One-on-One,Office Area 2,Product Showcase,2025-11-01 17:15,2025-11-01 17:30,2025-11-01 17:17,2025-11-01 18:01,2025-11-01 17:17,2025-11-01 17:30,13.00,partial_overlap,Low
1033,P015,Meeting,Testing Acceptance,Office Area 2,Conference Room A,2025-11-01 17:15,2025-11-01 17:30,2025-11-01 17:21,2025-11-01 17:45,2025-11-01 17:21,2025-11-01 17:30,9.00,partial_overlap,Low
1034,P015,Requirements Analysis,Design Review,Conference Room B,Office Area 1,2025-11-01 17:45,2025-11-01 18:15,2025-11-01 17:00,2025-11-01 18:00,2025-11-01 17:45,2025-11-01 18:00,15.00,partial_overlap,Medium
1035,P015,Requirements Analysis,One-on-One,Conference Room B,Product Showcase,2025-11-01 17:45,2025-11-01 18:15,2025-11-01 17:17,2025-11-01 18:01,2025-11-01 17:45,2025-11-01 18:01,16.00,partial_overlap,Medium
1036,P015,Requirements Analysis,Brainstorming,Conference Room B,Training Room,2025-11-01 17:45,2025-11-01 18:15,2025-11-01 17:33,2025-11-01 18:17,2025-11-01 17:45,2025-11-01 18:15,30.00,containment,Medium
1037,P015,Requirements Analysis,Requirements Analysis,Conference Room B,Training Room,2025-11-01 17:45,2025-11-01 18:15,2025-11-01 17:46,2025-11-01 18:46,2025-11-01 17:46,2025-11-01 18:15,29.00,partial_overlap,Medium
1038,P015,Training,Tech Sharing,Cafe,Demo Hall,2025-11-03 14:30,2025-11-03 15:15,2025-11-03 14:15,2025-11-03 14:45,2025-11-03 14:30,2025-11-03 14:45,15.00,partial_overlap,Medium
1039,P015,Design Review,One-on-One,Office Area 1,Product Showcase,2025-11-01 17:00,2025-11-01 18:00,2025-11-01 17:17,2025-11-01 18:01,2025-11-01 17:17,2025-11-01 18:00,43.00,partial_overlap,Medium
1040,P015,Design Review,Brainstorming,Office Area 1,Training Room,2025-11-01 17:00,2025-11-01 18:00,2025-11-01 17:33,2025-11-01 18:17,2025-11-01 17:33,2025-11-01 18:00,27.00,partial_overlap,Medium
1041,P015,Design Review,Requirements Analysis,Office Area 1,Training Room,2025-11-01 17:00,2025-11-01 18:00,2025-11-01 17:46,2025-11-01 18:46,2025-11-01 17:46,2025-11-01 18:00,14.00,partial_overlap,Low
1042,P015,Design Review,Testing Acceptance,Office Area 1,Conference Room A,2025-11-01 17:00,2025-11-01 18:00,2025-11-01 17:21,2025-11-01 17:45,2025-11-01 17:21,2025-11-01 17:45,24.00,containment,Medium
1043,P015,Client Visit,Requirements Analysis,Conference Room A,Training Room,2025-11-01 18:30,2025-11-01 19:15,2025-11-01 17:46,2025-11-01 18:46,2025-11-01 18:30,2025-11-01 18:46,16.00,partial_overlap,Medium
1044,P015,Project Discussion,Team Building,Client Reception,Office Area 2,2025-11-03 13:15,2025-11-03 13:45,2025-11-03 13:23,2025-11-03 13:55,2025-11-03 13:23,2025-11-03 13:45,22.00,partial_overlap,Medium
1045,P015,One-on-One,Brainstorming,Product Showcase,Training Room,2025-11-01 17:17,2025-11-01 18:01,2025-11-01 17:33,2025-11-01 18:17,2025-11-01 17:33,2025-11-01 18:01,28.00,partial_overlap,Medium
1046,P015,One-on-One,Requirements Analysis,Product Showcase,Training Room,2025-11-01 17:17,2025-11-01 18:01,2025-11-01 17:46,2025-11-01 18:46,2025-11-01 17:46,2025-11-01 18:01,15.00,partial_overlap,Medium
1047,P015,One-on-One,Testing Acceptance,Product Showcase,Conference Room A,2025-11-01 17:17,2025-11-01 18:01,2025-11-01 17:21,2025-11-01 17:45,2025-11-01 17:21,2025-11-01 17:45,24.00,containment,Medium
1048,P015,Brainstorming,Requirements Analysis,Training Room,Training Room,2025-11-01 17:33,2025-11-01 18:17,2025-11-01 17:46,2025-11-01 18:46,2025-11-01 17:46,2025-11-01 18:17,31.00,partial_overlap,Medium
1049,P015,Brainstorming,Testing Acceptance,Training Room,Conference Room A,2025-11-01 17:33,2025-11-01 18:17,2025-11-01 17:21,2025-11-01 17:45,2025-11-01 17:33,2025-11-01 17:45,12.00,partial_overlap,Low
1050,P015,Testing Acceptance,Brainstorming,Demo Hall,Cafe,2025-11-09 11:00,2025-11-09 11:30,2025-11-09 10:35,2025-11-09 11:15,2025-11-09 11:00,2025-11-09 11:15,15.00,partial_overlap,Medium
1051,P015,Testing Acceptance,Operations Check,Demo Hall,Remote,2025-11-09 11:00,2025-11-09 11:30,2025-11-09 10:45,2025-11-09 11:37,2025-11-09 11:00,2025-11-09 11:30,30.00,containment,Medium
1052,P015,Meeting,Testing Acceptance,Cafe,Product Showcase,2025-11-10 15:15,2025-11-10 16:00,2025-11-10 15:15,2025-11-10 16:00,2025-11-10 15:15,2025-11-10 16:00,45.00,containment,Medium
1053,P015,One-on-One,Brainstorming,Cafe,Cafe,2025-11-09 10:15,2025-11-09 11:00,2025-11-09 10:35,2025-11-09 11:15,2025-11-09 10:35,2025-11-09 11:00,25.00,partial_overlap,Medium
1054,P015,One-on-One,Operations Check,Cafe,Remote,2025-11-09 10:15,2025-11-09 11:00,2025-11-09 10:45,2025-11-09 11:37,2025-11-09 10:45,2025-11-09 11:00,15.00,partial_overlap,Medium
1055,P015,Design Review,Training,Cafe,Conference Room C,2025-11-13 18:30,2025-11-13 19:30,2025-11-13 18:44,2025-11-13 19:38,2025-11-13 18:44,2025-11-13 19:30,46.00,partial_overlap,Medium
1056,P015,Operations Check,Deployment,Demo Hall,Test Lab,2025-11-09 15:45,2025-11-09 16:30,2025-11-09 16:13,2025-11-09 16:28,2025-11-09 16:13,2025-11-09 16:28,15.00,containment,Medium
1057,P015,Client Visit,Team Building,Conference Room A,Office Area 1,2025-11-16 13:15,2025-11-16 13:45,2025-11-16 13:32,2025-11-16 13:57,2025-11-16 13:32,2025-11-16 13:45,13.00,partial_overlap,Low
1058,P015,Operations Check,Operations Check,Conference Room B,Training Room,2025-11-12 18:15,2025-11-12 19:15,2025-11-12 17:30,2025-11-12 18:30,2025-11-12 18:15,2025-11-12 18:30,15.00,partial_overlap,Medium
1059,P015,Design Review,Meeting,Office Area 1,Office Area 2,2025-11-17 10:30,2025-11-17 11:15,2025-11-17 11:00,2025-11-17 11:15,2025-11-17 11:00,2025-11-17 11:15,15.00,containment,Medium
1060,P015,Project Discussion,Deployment,Break Room,Training Room,2025-11-13 15:45,2025-11-13 16:45,2025-11-13 15:45,2025-11-13 16:30,2025-11-13 15:45,2025-11-13 16:30,45.00,containment,Medium
1061,P015,Brainstorming,Operations Check,Cafe,Remote,2025-11-09 10:35,2025-11-09 11:15,2025-11-09 10:45,2025-11-09 11:37,2025-11-09 10:45,2025-11-09 11:15,30.00,partial_overlap,Medium
1062,P015,Brainstorming,Product Demo,Conference Room C,Training Room,2025-11-18 16:15,2025-11-18 16:45,2025-11-18 16:00,2025-11-18 16:30,2025-11-18 16:15,2025-11-18 16:30,15.00,partial_overlap,Medium
1063,P015,Brainstorming,Product Demo,Conference Room C,Office Area 1,2025-11-18 16:15,2025-11-18 16:45,2025-11-18 16:08,2025-11-18 16:48,2025-11-18 16:15,2025-11-18 16:45,30.00,containment,Medium
1064,P015,Training,Deployment,Conference Room B,Test Lab,2025-11-14 15:45,2025-11-14 16:30,2025-11-14 16:00,2025-11-14 16:30,2025-11-14 16:00,2025-11-14 16:30,30.00,containment,Medium
1065,P015,Product Demo,Product Demo,Training Room,Office Area 1,2025-11-18 16:00,2025-11-18 16:30,2025-11-18 16:08,2025-11-18 16:48,2025-11-18 16:08,2025-11-18 16:30,22.00,partial_overlap,Medium
1066,P015,Design Review,Operations Check,Office Area 1,Training Room,2025-11-13 11:30,2025-11-13 12:15,2025-11-13 11:50,2025-11-13 12:14,2025-11-13 11:50,2025-11-13 12:14,24.00,containment,Medium
1067,P015,Tech Sharing,Deployment,Conference Room C,Cafe,2025-11-20 12:30,2025-11-20 13:00,2025-11-20 12:45,2025-11-20 13:00,2025-11-20 12:45,2025-11-20 13:00,15.00,containment,Medium
1068,P015,Training,Training,Office Area 2,Product Showcase,2025-11-20 14:00,2025-11-20 14:30,2025-11-20 14:00,2025-11-20 14:45,2025-11-20 14:00,2025-11-20 14:30,30.00,containment,Medium
1069,P015,Training,Training,Office Area 2,Test Lab,2025-11-20 14:00,2025-11-20 14:30,2025-11-20 13:08,2025-11-20 14:06,2025-11-20 14:00,2025-11-20 14:06,6.00,partial_overlap,Low
1070,P015,Brainstorming,Requirements Analysis,Conference Room C,Online Meeting,2025-11-20 17:00,2025-11-20 17:15,2025-11-20 17:00,2025-11-20 17:45,2025-11-20 17:00,2025-11-20 17:15,15.00,containment,Medium
1071,P015,Training,Training,Product Showcase,Test Lab,2025-11-20 14:00,2025-11-20 14:45,2025-11-20 13:08,2025-11-20 14:06,2025-11-20 14:00,2025-11-20 14:06,6.00,partial_overlap,Low
1072,P015,Operations Check,Project Discussion,Conference Room B,Client Reception,2025-11-20 13:10,2025-11-20 13:44,2025-11-20 13:19,2025-11-20 13:53,2025-11-20 13:19,2025-11-20 13:44,25.00,partial_overlap,Medium
1073,P015,Operations Check,Training,Conference Room B,Test Lab,2025-11-20 13:10,2025-11-20 13:44,2025-11-20 13:08,2025-11-20 14:06,2025-11-20 13:10,2025-11-20 13:44,34.00,containment,Medium
1074,P015,Project Discussion,Training,Client Reception,Test Lab,2025-11-20 13:19,2025-11-20 13:53,2025-11-20 13:08,2025-11-20 14:06,2025-11-20 13:19,2025-11-20 13:53,34.00,containment,Medium
1075,P016,Design Review,Product Demo,Client Reception,Test Lab,2025-10-09 18:30,2025-10-09 20:00,2025-10-09 18:45,2025-10-09 20:15,2025-10-09 18:45,2025-10-09 20:00,75.00,partial_overlap,High
1076,P016,Product Demo,Product Demo,Remote,Online Meeting,2025-10-11 12:15,2025-10-11 13:15,2025-10-11 12:32,2025-10-11 13:05,2025-10-11 12:32,2025-10-11 13:05,33.00,containment,Medium
1077,P016,Requirements Analysis,Team Building,Conference Room A,Remote,2025-10-18 15:00,2025-10-18 15:30,2025-10-18 15:07,2025-10-18 15:41,2025-10-18 15:07,2025-10-18 15:30,23.00,partial_overlap,Medium
1078,P016,Client Visit,Project Discussion,Office Area 2,Training Room,2025-10-13 17:30,2025-10-13 18:30,2025-10-13 17:00,2025-10-13 18:00,2025-10-13 17:30,2025-10-13 18:00,30.00,partial_overlap,Medium
1079,P016,Meeting,Deployment,Online Meeting,Conference Room B,2025-10-21 16:15,2025-10-21 16:45,2025-10-21 16:00,2025-10-21 16:45,2025-10-21 16:15,2025-10-21 16:45,30.00,containment,Medium
1080,P016,Meeting,Meeting,Online Meeting,Remote,2025-10-21 16:15,2025-10-21 16:45,2025-10-21 15:58,2025-10-21 16:55,2025-10-21 16:15,2025-10-21 16:45,30.00,containment,Medium
1081,P016,Testing Acceptance,Code Review,Office Area 1,Conference Room A,2025-10-21 14:30,2025-10-21 15:15,2025-10-21 15:00,2025-10-21 15:15,2025-10-21 15:00,2025-10-21 15:15,15.00,containment,Medium
1082,P016,Training,One-on-One,Office Area 1,Conference Room B,2025-10-22 09:15,2025-10-22 10:00,2025-10-22 09:32,2025-10-22 10:01,2025-10-22 09:32,2025-10-22 10:00,28.00,partial_overlap,Medium
1083,P016,Training,Requirements Analysis,Office Area 1,Conference Room A,2025-10-22 09:15,2025-10-22 10:00,2025-10-22 09:30,2025-10-22 09:45,2025-10-22 09:30,2025-10-22 09:45,15.00,containment,Medium
1084,P016,Training,Brainstorming,Office Area 1,Product Showcase,2025-10-22 09:15,2025-10-22 10:00,2025-10-22 09:15,2025-10-22 09:45,2025-10-22 09:15,2025-10-22 09:45,30.00,containment,Medium
1085,P016,Training,Deployment,Office Area 1,Cafe,2025-10-22 09:15,2025-10-22 10:00,2025-10-22 09:41,2025-10-22 10:20,2025-10-22 09:41,2025-10-22 10:00,19.00,partial_overlap,Medium
1086,P016,One-on-One,Requirements Analysis,Conference Room B,Conference Room A,2025-10-22 09:32,2025-10-22 10:01,2025-10-22 09:30,2025-10-22 09:45,2025-10-22 09:32,2025-10-22 09:45,13.00,partial_overlap,Low
1087,P016,One-on-One,Brainstorming,Conference Room B,Product Showcase,2025-10-22 09:32,2025-10-22 10:01,2025-10-22 09:15,2025-10-22 09:45,2025-10-22 09:32,2025-10-22 09:45,13.00,partial_overlap,Low
1088,P016,One-on-One,Deployment,Conference Room B,Cafe,2025-10-22 09:32,2025-10-22 10:01,2025-10-22 09:41,2025-10-22 10:20,2025-10-22 09:41,2025-10-22 10:01,20.00,partial_overlap,Medium
1089,P016,Client Visit,One-on-One,Office Area 1,Conference Room B,2025-10-23 14:45,2025-10-23 15:30,2025-10-23 15:15,2025-10-23 15:30,2025-10-23 15:15,2025-10-23 15:30,15.00,containment,Medium
1090,P016,Deployment,Product Demo,Break Room,Conference Room C,2025-10-25 10:30,2025-10-25 11:15,2025-10-25 10:45,2025-10-25 11:30,2025-10-25 10:45,2025-10-25 11:15,30.00,partial_overlap,Medium
1091,P016,Requirements Analysis,Product Demo,Cafe,Test Lab,2025-10-25 09:15,2025-10-25 09:30,2025-10-25 09:00,2025-10-25 09:45,2025-10-25 09:15,2025-10-25 09:30,15.00,containment,Medium
1092,P016,Operations Check,Client Visit,Test Lab,Conference Room B,2025-10-26 09:30,2025-10-26 10:00,2025-10-26 09:35,2025-10-26 09:54,2025-10-26 09:35,2025-10-26 09:54,19.00,containment,Medium
1093,P016,Design Review,Design Review,Conference Room A,Conference Room B,2025-10-25 16:00,2025-10-25 16:30,2025-10-25 16:00,2025-10-25 16:30,2025-10-25 16:00,2025-10-25 16:30,30.00,containment,Medium
1094,P016,Deployment,Meeting,Conference Room B,Remote,2025-10-21 16:00,2025-10-21 16:45,2025-10-21 15:58,2025-10-21 16:55,2025-10-21 16:00,2025-10-21 16:45,45.00,containment,Medium
1095,P016,Training,Testing Acceptance,Training Room,Conference Room A,2025-10-24 11:45,2025-10-24 12:30,2025-10-24 12:15,2025-10-24 12:30,2025-10-24 12:15,2025-10-24 12:30,15.00,containment,Medium
1096,P016,Deployment,Requirements Analysis,Demo Hall,Break Room,2025-10-22 08:00,2025-10-22 08:30,2025-10-22 08:06,2025-10-22 09:05,2025-10-22 08:06,2025-10-22 08:30,24.00,partial_overlap,Medium
1097,P016,Deployment,Testing Acceptance,Demo Hall,Demo Hall,2025-10-22 08:00,2025-10-22 08:30,2025-10-22 08:29,2025-10-22 09:02,2025-10-22 08:29,2025-10-22 08:30,1.00,partial_overlap,Low
1098,P016,Testing Acceptance,Meeting,Conference Room C,Remote,2025-10-21 15:45,2025-10-21 16:00,2025-10-21 15:58,2025-10-21 16:55,2025-10-21 15:58,2025-10-21 16:00,2.00,partial_overlap,Low
1099,P016,Requirements Analysis,Brainstorming,Conference Room A,Product Showcase,2025-10-22 09:30,2025-10-22 09:45,2025-10-22 09:15,2025-10-22 09:45,2025-10-22 09:30,2025-10-22 09:45,15.00,containment,Medium
1100,P016,Requirements Analysis,Deployment,Conference Room A,Cafe,2025-10-22 09:30,2025-10-22 09:45,2025-10-22 09:41,2025-10-22 10:20,2025-10-22 09:41,2025-10-22 09:45,4.00,partial_overlap,Low
1101,P016,Testing Acceptance,Design Review,Cafe,Client Reception,2025-10-27 13:00,2025-10-27 13:45,2025-10-27 12:30,2025-10-27 13:15,2025-10-27 13:00,2025-10-27 13:15,15.00,partial_overlap,Medium
1102,P016,Tech Sharing,Project Discussion,Demo Hall,Online Meeting,2025-10-26 14:00,2025-10-26 14:15,2025-10-26 14:10,2025-10-26 14:48,2025-10-26 14:10,2025-10-26 14:15,5.00,partial_overlap,Low
1103,P016,Brainstorming,Deployment,Product Showcase,Cafe,2025-10-22 09:15,2025-10-22 09:45,2025-10-22 09:41,2025-10-22 10:20,2025-10-22 09:41,2025-10-22 09:45,4.00,partial_overlap,Low
1104,P016,Requirements Analysis,Project Discussion,Break Room,Online Meeting,2025-10-26 14:45,2025-10-26 15:00,2025-10-26 14:10,2025-10-26 14:48,2025-10-26 14:45,2025-10-26 14:48,3.00,partial_overlap,Low
1105,P016,Team Building,Design Review,Break Room,Product Showcase,2025-10-25 15:30,2025-10-25 15:45,2025-10-25 15:37,2025-10-25 15:58,2025-10-25 15:37,2025-10-25 15:45,8.00,partial_overlap,Low
1106,P016,Team Building,One-on-One,R&D Center,Product Showcase,2025-10-27 13:45,2025-10-27 14:30,2025-10-27 13:45,2025-10-27 14:30,2025-10-27 13:45,2025-10-27 14:30,45.00,containment,Medium
1107,P016,Requirements Analysis,Testing Acceptance,Break Room,Demo Hall,2025-10-22 08:06,2025-10-22 09:05,2025-10-22 08:29,2025-10-22 09:02,2025-10-22 08:29,2025-10-22 09:02,33.00,containment,Medium
1108,P016,Meeting,Meeting,Office Area 1,Conference Room A,2025-11-01 12:30,2025-11-01 13:15,2025-11-01 11:45,2025-11-01 12:45,2025-11-01 12:30,2025-11-01 12:45,15.00,partial_overlap,Medium
1109,P016,Brainstorming,Training,Conference Room C,Conference Room A,2025-11-03 16:15,2025-11-03 17:15,2025-11-03 16:45,2025-11-03 18:15,2025-11-03 16:45,2025-11-03 17:15,30.00,partial_overlap,Medium
1110,P016,Brainstorming,Design Review,Conference Room C,Remote,2025-11-03 16:15,2025-11-03 17:15,2025-11-03 16:30,2025-11-03 18:00,2025-11-03 16:30,2025-11-03 17:15,45.00,partial_overlap,Medium
1111,P016,Training,Design Review,Conference Room A,Remote,2025-11-03 16:45,2025-11-03 18:15,2025-11-03 16:30,2025-11-03 18:00,2025-11-03 16:45,2025-11-03 18:00,75.00,partial_overlap,High
1112,P016,One-on-One,Client Visit,Demo Hall,Test Lab,2025-11-06 10:30,2025-11-06 12:00,2025-11-06 10:30,2025-11-06 12:00,2025-11-06 10:30,2025-11-06 12:00,90.00,containment,High
1113,P016,Requirements Analysis,Brainstorming,Demo Hall,Online Meeting,2025-11-08 09:30,2025-11-08 10:00,2025-11-08 09:23,2025-11-08 10:12,2025-11-08 09:30,2025-11-08 10:00,30.00,containment,Medium
1114,P016,Code Review,Meeting,Cafe,Demo Hall,2025-11-05 10:00,2025-11-05 10:45,2025-11-05 10:15,2025-11-05 10:45,2025-11-05 10:15,2025-11-05 10:45,30.00,containment,Medium
1115,P016,Code Review,Requirements Analysis,Cafe,Product Showcase,2025-11-05 10:00,2025-11-05 10:45,2025-11-05 10:41,2025-11-05 11:02,2025-11-05 10:41,2025-11-05 10:45,4.00,partial_overlap,Low
1116,P016,Testing Acceptance,Code Review,Break Room,Product Showcase,2025-11-10 13:00,2025-11-10 13:30,2025-11-10 13:21,2025-11-10 13:48,2025-11-10 13:21,2025-11-10 13:30,9.00,partial_overlap,Low
1117,P016,One-on-One,Brainstorming,Client Reception,Online Meeting,2025-11-08 09:00,2025-11-08 09:30,2025-11-08 09:23,2025-11-08 10:12,2025-11-08 09:23,2025-11-08 09:30,7.00,partial_overlap,Low
1118,P016,Design Review,Project Discussion,Conference Room A,Conference Room B,2025-11-06 15:15,2025-11-06 15:45,2025-11-06 15:22,2025-11-06 16:04,2025-11-06 15:22,2025-11-06 15:45,23.00,partial_overlap,Medium
1119,P016,Meeting,Requirements Analysis,Demo Hall,Product Showcase,2025-11-05 10:15,2025-11-05 10:45,2025-11-05 10:41,2025-11-05 11:02,2025-11-05 10:41,2025-11-05 10:45,4.00,partial_overlap,Low
1120,P016,Team Building,Deployment,Remote,Online Meeting,2025-11-05 13:30,2025-11-05 14:00,2025-11-05 13:41,2025-11-05 14:34,2025-11-05 13:41,2025-11-05 14:00,19.00,partial_overlap,Medium
1121,P016,Operations Check,One-on-One,Demo Hall,Training Room,2025-11-10 15:00,2025-11-10 15:30,2025-11-10 15:15,2025-11-10 16:00,2025-11-10 15:15,2025-11-10 15:30,15.00,partial_overlap,Medium
1122,P016,Team Building,Design Review,Test Lab,Office Area 2,2025-11-06 14:15,2025-11-06 15:00,2025-11-06 14:29,2025-11-06 14:50,2025-11-06 14:29,2025-11-06 14:50,21.00,containment,Medium
1123,P016,Code Review,Deployment,Test Lab,Training Room,2025-11-09 13:15,2025-11-09 14:00,2025-11-09 13:34,2025-11-09 14:01,2025-11-09 13:34,2025-11-09 14:00,26.00,partial_overlap,Medium
1124,P016,One-on-One,Client Visit,Demo Hall,Remote,2025-11-08 15:30,2025-11-08 16:00,2025-11-08 15:49,2025-11-08 16:17,2025-11-08 15:49,2025-11-08 16:00,11.00,partial_overlap,Low
1125,P016,One-on-One,Design Review,Demo Hall,Conference Room A,2025-11-08 15:30,2025-11-08 16:00,2025-11-08 15:37,2025-11-08 16:07,2025-11-08 15:37,2025-11-08 16:00,23.00,partial_overlap,Medium
1126,P016,Code Review,Product Demo,Cafe,Conference Room B,2025-11-07 12:15,2025-11-07 12:45,2025-11-07 12:15,2025-11-07 13:15,2025-11-07 12:15,2025-11-07 12:45,30.00,containment,Medium
1127,P016,One-on-One,Design Review,Training Room,Demo Hall,2025-11-14 08:45,2025-11-14 09:45,2025-11-14 08:45,2025-11-14 09:30,2025-11-14 08:45,2025-11-14 09:30,45.00,containment,Medium
1128,P016,One-on-One,Design Review,Training Room,Test Lab,2025-11-14 08:45,2025-11-14 09:45,2025-11-14 09:30,2025-11-14 10:30,2025-11-14 09:30,2025-11-14 09:45,15.00,partial_overlap,Medium
1129,P016,Brainstorming,One-on-One,Office Area 2,Client Reception,2025-11-09 09:45,2025-11-09 10:30,2025-11-09 09:30,2025-11-09 10:30,2025-11-09 09:45,2025-11-09 10:30,45.00,containment,Medium
1130,P016,Brainstorming,Project Discussion,Office Area 2,Office Area 1,2025-11-09 09:45,2025-11-09 10:30,2025-11-09 09:52,2025-11-09 10:51,2025-11-09 09:52,2025-11-09 10:30,38.00,partial_overlap,Medium
1131,P016,One-on-One,Project Discussion,Client Reception,Office Area 1,2025-11-09 09:30,2025-11-09 10:30,2025-11-09 09:52,2025-11-09 10:51,2025-11-09 09:52,2025-11-09 10:30,38.00,partial_overlap,Medium
1132,P016,Client Visit,Design Review,Remote,Conference Room A,2025-11-08 15:49,2025-11-08 16:17,2025-11-08 15:37,2025-11-08 16:07,2025-11-08 15:49,2025-11-08 16:07,18.00,partial_overlap,Medium
1133,P016,Client Visit,Brainstorming,Remote,Product Showcase,2025-11-08 15:49,2025-11-08 16:17,2025-11-08 16:02,2025-11-08 16:37,2025-11-08 16:02,2025-11-08 16:17,15.00,partial_overlap,Medium
1134,P016,Design Review,Brainstorming,Conference Room A,Product Showcase,2025-11-08 15:37,2025-11-08 16:07,2025-11-08 16:02,2025-11-08 16:37,2025-11-08 16:02,2025-11-08 16:07,5.00,partial_overlap,Low
1135,P016,Deployment,Requirements Analysis,Product Showcase,Product Showcase,2025-11-14 16:00,2025-11-14 16:15,2025-11-14 16:00,2025-11-14 16:30,2025-11-14 16:00,2025-11-14 16:15,15.00,containment,Medium
1136,P016,Code Review,Project Discussion,Test Lab,Conference Room A,2025-11-18 10:00,2025-11-18 10:45,2025-11-18 10:15,2025-11-18 10:30,2025-11-18 10:15,2025-11-18 10:30,15.00,containment,Medium
1137,P016,Training,Deployment,R&D Center,R&D Center,2025-11-17 18:15,2025-11-17 18:30,2025-11-17 18:00,2025-11-17 18:34,2025-11-17 18:15,2025-11-17 18:30,15.00,containment,Medium
1138,P016,One-on-One,Brainstorming,Test Lab,Training Room,2025-11-20 13:15,2025-11-20 13:45,2025-11-20 13:39,2025-11-20 14:21,2025-11-20 13:39,2025-11-20 13:45,6.00,partial_overlap,Low
1139,P016,Client Visit,Requirements Analysis,Client Reception,Online Meeting,2025-11-16 12:15,2025-11-16 13:00,2025-11-16 12:00,2025-11-16 12:45,2025-11-16 12:15,2025-11-16 12:45,30.00,partial_overlap,Medium
1140,P016,Requirements Analysis,Testing Acceptance,Remote,Office Area 2,2025-11-19 09:00,2025-11-19 09:15,2025-11-19 09:00,2025-11-19 09:15,2025-11-19 09:00,2025-11-19 09:15,15.00,containment,Medium
1141,P016,Brainstorming,Training,Test Lab,Office Area 2,2025-11-18 12:15,2025-11-18 12:45,2025-11-18 12:30,2025-11-18 12:45,2025-11-18 12:30,2025-11-18 12:45,15.00,containment,Medium
1142,P016,Product Demo,Testing Acceptance,Product Showcase,Office Area 1,2025-11-23 17:13,2025-11-23 17:42,2025-11-23 17:00,2025-11-23 17:40,2025-11-23 17:13,2025-11-23 17:40,27.00,partial_overlap,Medium
1143,P017,Brainstorming,Client Visit,Conference Room B,Break Room,2025-10-05 08:15,2025-10-05 09:00,2025-10-05 08:35,2025-10-05 08:50,2025-10-05 08:35,2025-10-05 08:50,15.00,containment,Medium
1144,P017,Team Building,Deployment,Conference Room A,Cafe,2025-10-14 11:45,2025-10-14 13:15,2025-10-14 12:45,2025-10-14 13:15,2025-10-14 12:45,2025-10-14 13:15,30.00,containment,Medium
1145,P017,Requirements Analysis,Meeting,Product Showcase,Client Reception,2025-10-14 08:15,2025-10-14 09:00,2025-10-14 08:39,2025-10-14 09:23,2025-10-14 08:39,2025-10-14 09:00,21.00,partial_overlap,Medium
1146,P017,Meeting,Client Visit,Office Area 2,Remote,2025-10-11 13:45,2025-10-11 14:30,2025-10-11 14:11,2025-10-11 14:58,2025-10-11 14:11,2025-10-11 14:30,19.00,partial_overlap,Medium
1147,P017,One-on-One,Client Visit,Cafe,Client Reception,2025-10-12 17:45,2025-10-12 18:15,2025-10-12 18:02,2025-10-12 18:59,2025-10-12 18:02,2025-10-12 18:15,13.00,partial_overlap,Low
1148,P017,One-on-One,Design Review,Cafe,Conference Room B,2025-10-12 17:45,2025-10-12 18:15,2025-10-12 17:58,2025-10-12 18:36,2025-10-12 17:58,2025-10-12 18:15,17.00,partial_overlap,Medium
1149,P017,Product Demo,Brainstorming,Product Showcase,Test Lab,2025-10-18 10:15,2025-10-18 11:15,2025-10-18 10:30,2025-10-18 11:15,2025-10-18 10:30,2025-10-18 11:15,45.00,containment,Medium
1150,P017,Product Demo,Brainstorming,Product Showcase,Remote,2025-10-18 10:15,2025-10-18 11:15,2025-10-18 10:41,2025-10-18 11:39,2025-10-18 10:41,2025-10-18 11:15,34.00,partial_overlap,Medium
1151,P017,Client Visit,Operations Check,Remote,Conference Room C,2025-10-14 16:30,2025-10-14 17:30,2025-10-14 16:00,2025-10-14 17:00,2025-10-14 16:30,2025-10-14 17:00,30.00,partial_overlap,Medium
1152,P017,Brainstorming,Brainstorming,Test Lab,Remote,2025-10-18 10:30,2025-10-18 11:15,2025-10-18 10:41,2025-10-18 11:39,2025-10-18 10:41,2025-10-18 11:15,34.00,partial_overlap,Medium
1153,P017,Code Review,Operations Check,R&D Center,Demo Hall,2025-10-20 15:15,2025-10-20 15:45,2025-10-20 15:30,2025-10-20 16:00,2025-10-20 15:30,2025-10-20 15:45,15.00,partial_overlap,Medium
1154,P017,Deployment,Operations Check,Conference Room A,Training Room,2025-10-20 18:15,2025-10-20 19:00,2025-10-20 18:25,2025-10-20 19:13,2025-10-20 18:25,2025-10-20 19:00,35.00,partial_overlap,Medium
1155,P017,Product Demo,Design Review,Test Lab,R&D Center,2025-10-20 16:30,2025-10-20 17:30,2025-10-20 16:51,2025-10-20 17:42,2025-10-20 16:51,2025-10-20 17:30,39.00,partial_overlap,Medium
1156,P017,One-on-One,Team Building,Online Meeting,Remote,2025-10-22 08:30,2025-10-22 09:15,2025-10-22 09:00,2025-10-22 09:15,2025-10-22 09:00,2025-10-22 09:15,15.00,containment,Medium
1157,P017,One-on-One,Brainstorming,Online Meeting,Remote,2025-10-21 10:15,2025-10-21 11:00,2025-10-21 10:31,2025-10-21 11:24,2025-10-21 10:31,2025-10-21 11:00,29.00,partial_overlap,Medium
1158,P017,Testing Acceptance,Testing Acceptance,Online Meeting,Demo Hall,2025-10-20 09:45,2025-10-20 10:15,2025-10-20 09:30,2025-10-20 10:00,2025-10-20 09:45,2025-10-20 10:00,15.00,partial_overlap,Medium
1159,P017,Client Visit,Design Review,Client Reception,Conference Room B,2025-10-12 18:02,2025-10-12 18:59,2025-10-12 17:58,2025-10-12 18:36,2025-10-12 18:02,2025-10-12 18:36,34.00,partial_overlap,Medium
1160,P017,Project Discussion,Meeting,Client Reception,Conference Room C,2025-10-27 08:30,2025-10-27 09:00,2025-10-27 08:45,2025-10-27 09:15,2025-10-27 08:45,2025-10-27 09:00,15.00,partial_overlap,Medium
1161,P017,Project Discussion,Code Review,Client Reception,Break Room,2025-10-27 08:30,2025-10-27 09:00,2025-10-27 08:45,2025-10-27 09:30,2025-10-27 08:45,2025-10-27 09:00,15.00,partial_overlap,Medium
1162,P017,Meeting,Code Review,Conference Room C,Break Room,2025-10-27 08:45,2025-10-27 09:15,2025-10-27 08:45,2025-10-27 09:30,2025-10-27 08:45,2025-10-27 09:15,30.00,containment,Medium
1163,P017,One-on-One,Client Visit,R&D Center,Conference Room C,2025-10-28 09:45,2025-10-28 10:15,2025-10-28 09:53,2025-10-28 10:16,2025-10-28 09:53,2025-10-28 10:15,22.00,partial_overlap,Medium
1164,P017,Meeting,Product Demo,Remote,Cafe,2025-10-29 18:45,2025-10-29 19:30,2025-10-29 18:30,2025-10-29 19:15,2025-10-29 18:45,2025-10-29 19:15,30.00,partial_overlap,Medium
1165,P017,Deployment,Tech Sharing,Break Room,Office Area 1,2025-10-28 11:15,2025-10-28 11:30,2025-10-28 10:45,2025-10-28 11:30,2025-10-28 11:15,2025-10-28 11:30,15.00,containment,Medium
1166,P017,Tech Sharing,One-on-One,Demo Hall,Product Showcase,2025-10-26 17:00,2025-10-26 17:15,2025-10-26 16:45,2025-10-26 17:30,2025-10-26 17:00,2025-10-26 17:15,15.00,containment,Medium
1167,P017,Client Visit,Tech Sharing,Test Lab,Product Showcase,2025-10-23 10:15,2025-10-23 11:00,2025-10-23 10:33,2025-10-23 10:56,2025-10-23 10:33,2025-10-23 10:56,23.00,containment,Medium
1168,P017,One-on-One,Tech Sharing,Office Area 1,Demo Hall,2025-10-24 17:15,2025-10-24 18:00,2025-10-24 17:32,2025-10-24 18:29,2025-10-24 17:32,2025-10-24 18:00,28.00,partial_overlap,Medium
1169,P017,Training,Deployment,Conference Room B,Office Area 1,2025-10-30 13:00,2025-10-30 13:30,2025-10-30 13:19,2025-10-30 13:52,2025-10-30 13:19,2025-10-30 13:30,11.00,partial_overlap,Low
1170,P017,Meeting,Code Review,Office Area 2,Client Reception,2025-10-25 11:15,2025-10-25 12:00,2025-10-25 11:45,2025-10-25 12:30,2025-10-25 11:45,2025-10-25 12:00,15.00,partial_overlap,Medium
1171,P017,Team Building,Client Visit,Office Area 1,Conference Room C,2025-10-28 10:15,2025-10-28 10:30,2025-10-28 09:53,2025-10-28 10:16,2025-10-28 10:15,2025-10-28 10:16,1.00,partial_overlap,Low
1172,P017,Testing Acceptance,Client Visit,Client Reception,Conference Room A,2025-10-31 16:45,2025-10-31 17:30,2025-10-31 16:57,2025-10-31 17:32,2025-10-31 16:57,2025-10-31 17:30,33.00,partial_overlap,Medium
1173,P017,Brainstorming,Tech Sharing,Test Lab,Online Meeting,2025-10-29 09:45,2025-10-29 10:45,2025-10-29 09:56,2025-10-29 10:53,2025-10-29 09:56,2025-10-29 10:45,49.00,partial_overlap,Medium
1174,P017,Testing Acceptance,Operations Check,Training Room,Remote,2025-11-02 18:15,2025-11-02 19:15,2025-11-02 18:30,2025-11-02 19:27,2025-11-02 18:30,2025-11-02 19:15,45.00,partial_overlap,Medium
1175,P017,Deployment,Project Discussion,Break Room,Training Room,2025-10-29 15:00,2025-10-29 15:30,2025-10-29 15:10,2025-10-29 15:44,2025-10-29 15:10,2025-10-29 15:30,20.00,partial_overlap,Medium
1176,P017,Client Visit,Meeting,Online Meeting,Online Meeting,2025-11-05 17:45,2025-11-05 18:30,2025-11-05 18:15,2025-11-05 19:45,2025-11-05 18:15,2025-11-05 18:30,15.00,partial_overlap,Medium
1177,P017,Design Review,Operations Check,Break Room,Test Lab,2025-11-03 14:45,2025-11-03 16:15,2025-11-03 15:45,2025-11-03 16:15,2025-11-03 15:45,2025-11-03 16:15,30.00,containment,Medium
1178,P017,Testing Acceptance,Testing Acceptance,Product Showcase,Test Lab,2025-11-10 15:15,2025-11-10 16:00,2025-11-10 14:46,2025-11-10 15:20,2025-11-10 15:15,2025-11-10 15:20,5.00,partial_overlap,Low
1179,P017,Training,Requirements Analysis,Product Showcase,Conference Room B,2025-11-11 14:00,2025-11-11 14:45,2025-11-11 13:30,2025-11-11 14:15,2025-11-11 14:00,2025-11-11 14:15,15.00,partial_overlap,Medium
1180,P017,Training,Meeting,Product Showcase,Conference Room C,2025-11-11 14:00,2025-11-11 14:45,2025-11-11 13:15,2025-11-11 14:15,2025-11-11 14:00,2025-11-11 14:15,15.00,partial_overlap,Medium
1181,P017,Project Discussion,Deployment,R&D Center,Office Area 1,2025-11-06 11:15,2025-11-06 12:15,2025-11-06 11:45,2025-11-06 12:15,2025-11-06 11:45,2025-11-06 12:15,30.00,containment,Medium
1182,P017,Product Demo,Product Demo,Demo Hall,R&D Center,2025-11-08 11:15,2025-11-08 12:15,2025-11-08 11:30,2025-11-08 12:00,2025-11-08 11:30,2025-11-08 12:00,30.00,containment,Medium
1183,P017,Product Demo,Requirements Analysis,R&D Center,Break Room,2025-11-10 17:15,2025-11-10 18:00,2025-11-10 17:35,2025-11-10 18:09,2025-11-10 17:35,2025-11-10 18:00,25.00,partial_overlap,Medium
1184,P017,Code Review,Tech Sharing,Cafe,Cafe,2025-11-13 10:00,2025-11-13 10:30,2025-11-13 10:05,2025-11-13 10:59,2025-11-13 10:05,2025-11-13 10:30,25.00,partial_overlap,Medium
1185,P017,Code Review,Operations Check,Cafe,Conference Room C,2025-11-13 10:00,2025-11-13 10:30,2025-11-13 10:16,2025-11-13 11:09,2025-11-13 10:16,2025-11-13 10:30,14.00,partial_overlap,Low
1186,P017,Code Review,Meeting,Cafe,Office Area 1,2025-11-13 10:00,2025-11-13 10:30,2025-11-13 09:13,2025-11-13 10:12,2025-11-13 10:00,2025-11-13 10:12,12.00,partial_overlap,Low
1187,P017,Requirements Analysis,Meeting,Conference Room B,Conference Room C,2025-11-11 13:30,2025-11-11 14:15,2025-11-11 13:15,2025-11-11 14:15,2025-11-11 13:30,2025-11-11 14:15,45.00,containment,Medium
1188,P017,Product Demo,Code Review,Test Lab,Test Lab,2025-11-09 15:00,2025-11-09 16:00,2025-11-09 15:16,2025-11-09 15:40,2025-11-09 15:16,2025-11-09 15:40,24.00,containment,Medium
1189,P017,Product Demo,Tech Sharing,Test Lab,R&D Center,2025-11-09 15:00,2025-11-09 16:00,2025-11-09 15:35,2025-11-09 15:55,2025-11-09 15:35,2025-11-09 15:55,20.00,containment,Medium
1190,P017,Testing Acceptance,Tech Sharing,Conference Room A,Remote,2025-11-14 12:15,2025-11-14 13:15,2025-11-14 12:33,2025-11-14 12:58,2025-11-14 12:33,2025-11-14 12:58,25.00,containment,Medium
1191,P017,Testing Acceptance,Product Demo,Conference Room A,Office Area 1,2025-11-14 12:15,2025-11-14 13:15,2025-11-14 12:15,2025-11-14 12:45,2025-11-14 12:15,2025-11-14 12:45,30.00,containment,Medium
1192,P017,Design Review,Training,Demo Hall,Product Showcase,2025-11-16 15:45,2025-11-16 16:30,2025-11-16 16:04,2025-11-16 16:23,2025-11-16 16:04,2025-11-16 16:23,19.00,containment,Medium
1193,P017,Testing Acceptance,One-on-One,Demo Hall,Office Area 2,2025-11-10 14:30,2025-11-10 15:00,2025-11-10 14:40,2025-11-10 15:11,2025-11-10 14:40,2025-11-10 15:00,20.00,partial_overlap,Medium
1194,P017,Testing Acceptance,Testing Acceptance,Demo Hall,Test Lab,2025-11-10 14:30,2025-11-10 15:00,2025-11-10 14:46,2025-11-10 15:20,2025-11-10 14:46,2025-11-10 15:00,14.00,partial_overlap,Low
1195,P017,Tech Sharing,Brainstorming,Test Lab,Online Meeting,2025-11-15 09:00,2025-11-15 10:00,2025-11-15 09:24,2025-11-15 09:49,2025-11-15 09:24,2025-11-15 09:49,25.00,containment,Medium
1196,P017,Tech Sharing,Training,Test Lab,Test Lab,2025-11-15 09:00,2025-11-15 10:00,2025-11-15 09:30,2025-11-15 10:15,2025-11-15 09:30,2025-11-15 10:00,30.00,partial_overlap,Medium
1197,P017,Tech Sharing,Tech Sharing,Conference Room C,Cafe,2025-11-13 10:45,2025-11-13 11:15,2025-11-13 10:05,2025-11-13 10:59,2025-11-13 10:45,2025-11-13 10:59,14.00,partial_overlap,Low
1198,P017,Tech Sharing,Operations Check,Conference Room C,Conference Room C,2025-11-13 10:45,2025-11-13 11:15,2025-11-13 10:16,2025-11-13 11:09,2025-11-13 10:45,2025-11-13 11:09,24.00,partial_overlap,Medium
1199,P017,Tech Sharing,Testing Acceptance,Conference Room C,Demo Hall,2025-11-13 10:45,2025-11-13 11:15,2025-11-13 11:04,2025-11-13 11:29,2025-11-13 11:04,2025-11-13 11:15,11.00,partial_overlap,Low
1200,P017,Meeting,Meeting,Client Reception,Office Area 1,2025-11-13 09:00,2025-11-13 09:30,2025-11-13 09:13,2025-11-13 10:12,2025-11-13 09:13,2025-11-13 09:30,17.00,partial_overlap,Medium
1201,P017,Code Review,Tech Sharing,Test Lab,R&D Center,2025-11-09 15:16,2025-11-09 15:40,2025-11-09 15:35,2025-11-09 15:55,2025-11-09 15:35,2025-11-09 15:40,5.00,partial_overlap,Low
1202,P017,One-on-One,Testing Acceptance,Office Area 2,Test Lab,2025-11-10 14:40,2025-11-10 15:11,2025-11-10 14:46,2025-11-10 15:20,2025-11-10 14:46,2025-11-10 15:11,25.00,partial_overlap,Medium
1203,P017,Tech Sharing,Product Demo,Remote,Office Area 1,2025-11-14 12:33,2025-11-14 12:58,2025-11-14 12:15,2025-11-14 12:45,2025-11-14 12:33,2025-11-14 12:45,12.00,partial_overlap,Low
1204,P017,Tech Sharing,Operations Check,Cafe,Conference Room C,2025-11-13 10:05,2025-11-13 10:59,2025-11-13 10:16,2025-11-13 11:09,2025-11-13 10:16,2025-11-13 10:59,43.00,partial_overlap,Medium
1205,P017,Tech Sharing,Meeting,Cafe,Office Area 1,2025-11-13 10:05,2025-11-13 10:59,2025-11-13 09:13,2025-11-13 10:12,2025-11-13 10:05,2025-11-13 10:12,7.00,partial_overlap,Low
1206,P017,Operations Check,Testing Acceptance,Conference Room C,Demo Hall,2025-11-13 10:16,2025-11-13 11:09,2025-11-13 11:04,2025-11-13 11:29,2025-11-13 11:04,2025-11-13 11:09,5.00,partial_overlap,Low
1207,P017,Brainstorming,Training,Online Meeting,Test Lab,2025-11-15 09:24,2025-11-15 09:49,2025-11-15 09:30,2025-11-15 10:15,2025-11-15 09:30,2025-11-15 09:49,19.00,partial_overlap,Medium
1208,P017,Brainstorming,Client Visit,Test Lab,Remote,2025-11-18 15:30,2025-11-18 16:15,2025-11-18 15:47,2025-11-18 16:18,2025-11-18 15:47,2025-11-18 16:15,28.00,partial_overlap,Medium
1209,P017,Project Discussion,Brainstorming,Conference Room A,Test Lab,2025-11-18 09:30,2025-11-18 10:15,2025-11-18 09:00,2025-11-18 09:45,2025-11-18 09:30,2025-11-18 09:45,15.00,partial_overlap,Medium
1210,P017,Tech Sharing,One-on-One,Conference Room A,Conference Room C,2025-11-18 12:00,2025-11-18 12:30,2025-11-18 12:25,2025-11-18 13:08,2025-11-18 12:25,2025-11-18 12:30,5.00,partial_overlap,Low
1211,P017,Operations Check,Design Review,Conference Room A,Cafe,2025-11-20 11:45,2025-11-20 12:15,2025-11-20 12:00,2025-11-20 12:30,2025-11-20 12:00,2025-11-20 12:15,15.00,partial_overlap,Medium
1212,P017,Operations Check,Requirements Analysis,Conference Room A,Training Room,2025-11-20 11:45,2025-11-20 12:15,2025-11-20 11:30,2025-11-20 12:15,2025-11-20 11:45,2025-11-20 12:15,30.00,containment,Medium
1213,P017,Design Review,Requirements Analysis,Cafe,Training Room,2025-11-20 12:00,2025-11-20 12:30,2025-11-20 11:30,2025-11-20 12:15,2025-11-20 12:00,2025-11-20 12:15,15.00,partial_overlap,Medium
1214,P017,Deployment,One-on-One,Training Room,Online Meeting,2025-11-20 16:30,2025-11-20 17:15,2025-11-20 16:45,2025-11-20 17:00,2025-11-20 16:45,2025-11-20 17:00,15.00,containment,Medium
1215,P017,Deployment,Product Demo,Training Room,Product Showcase,2025-11-20 16:30,2025-11-20 17:15,2025-11-20 16:56,2025-11-20 17:45,2025-11-20 16:56,2025-11-20 17:15,19.00,partial_overlap,Medium
1216,P017,Code Review,Requirements Analysis,Demo Hall,Cafe,2025-11-17 14:30,2025-11-17 15:00,2025-11-17 14:45,2025-11-17 15:00,2025-11-17 14:45,2025-11-17 15:00,15.00,containment,Medium
1217,P017,Code Review,Deployment,Demo Hall,Cafe,2025-11-17 14:30,2025-11-17 15:00,2025-11-17 14:57,2025-11-17 15:43,2025-11-17 14:57,2025-11-17 15:00,3.00,partial_overlap,Low
1218,P017,Tech Sharing,Deployment,Office Area 2,Remote,2025-11-21 08:15,2025-11-21 08:45,2025-11-21 08:40,2025-11-21 09:18,2025-11-21 08:40,2025-11-21 08:45,5.00,partial_overlap,Low
1219,P017,Testing Acceptance,Deployment,Online Meeting,Cafe,2025-11-17 15:15,2025-11-17 15:30,2025-11-17 14:57,2025-11-17 15:43,2025-11-17 15:15,2025-11-17 15:30,15.00,containment,Medium
1220,P017,Testing Acceptance,Product Demo,Online Meeting,Cafe,2025-11-17 15:15,2025-11-17 15:30,2025-11-17 15:08,2025-11-17 15:30,2025-11-17 15:15,2025-11-17 15:30,15.00,containment,Medium
1221,P017,Training,Product Demo,Product Showcase,Demo Hall,2025-11-20 15:15,2025-11-20 16:00,2025-11-20 15:45,2025-11-20 16:30,2025-11-20 15:45,2025-11-20 16:00,15.00,partial_overlap,Medium
1222,P017,Requirements Analysis,Deployment,Cafe,Cafe,2025-11-17 14:45,2025-11-17 15:00,2025-11-17 14:57,2025-11-17 15:43,2025-11-17 14:57,2025-11-17 15:00,3.00,partial_overlap,Low
1223,P017,One-on-One,Product Demo,Online Meeting,Product Showcase,2025-11-20 16:45,2025-11-20 17:00,2025-11-20 16:56,2025-11-20 17:45,2025-11-20 16:56,2025-11-20 17:00,4.00,partial_overlap,Low
1224,P017,Deployment,Product Demo,Cafe,Cafe,2025-11-17 14:57,2025-11-17 15:43,2025-11-17 15:08,2025-11-17 15:30,2025-11-17 15:08,2025-11-17 15:30,22.00,containment,Medium
1225,P018,Testing Acceptance,Deployment,Conference Room C,Test Lab,2025-10-11 11:45,2025-10-11 12:45,2025-10-11 12:08,2025-10-11 12:49,2025-10-11 12:08,2025-10-11 12:45,37.00,partial_overlap,Medium
1226,P018,Deployment,Testing Acceptance,Online Meeting,Conference Room B,2025-10-09 13:30,2025-10-09 14:30,2025-10-09 13:55,2025-10-09 14:22,2025-10-09 13:55,2025-10-09 14:22,27.00,containment,Medium
1227,P018,Deployment,Deployment,Online Meeting,R&D Center,2025-10-09 13:30,2025-10-09 14:30,2025-10-09 13:46,2025-10-09 14:15,2025-10-09 13:46,2025-10-09 14:15,29.00,containment,Medium
1228,P018,Client Visit,Tech Sharing,Remote,Office Area 2,2025-10-11 08:00,2025-10-11 09:00,2025-10-11 08:29,2025-10-11 09:11,2025-10-11 08:29,2025-10-11 09:00,31.00,partial_overlap,Medium
1229,P018,Product Demo,Code Review,Conference Room B,Demo Hall,2025-10-12 17:15,2025-10-12 18:45,2025-10-12 17:15,2025-10-12 17:45,2025-10-12 17:15,2025-10-12 17:45,30.00,containment,Medium
1230,P018,Testing Acceptance,Deployment,Conference Room B,R&D Center,2025-10-09 13:55,2025-10-09 14:22,2025-10-09 13:46,2025-10-09 14:15,2025-10-09 13:55,2025-10-09 14:15,20.00,partial_overlap,Medium
1231,P018,Code Review,Team Building,Office Area 2,Demo Hall,2025-10-14 13:45,2025-10-14 14:30,2025-10-14 13:30,2025-10-14 14:00,2025-10-14 13:45,2025-10-14 14:00,15.00,partial_overlap,Medium
1232,P018,Design Review,Meeting,Office Area 1,R&D Center,2025-10-19 13:00,2025-10-19 14:00,2025-10-19 13:19,2025-10-19 14:07,2025-10-19 13:19,2025-10-19 14:00,41.00,partial_overlap,Medium
1233,P018,Design Review,Deployment,Office Area 1,Conference Room B,2025-10-19 13:00,2025-10-19 14:00,2025-10-19 13:43,2025-10-19 14:42,2025-10-19 13:43,2025-10-19 14:00,17.00,partial_overlap,Medium
1234,P018,Product Demo,Design Review,Break Room,R&D Center,2025-10-21 11:30,2025-10-21 12:00,2025-10-21 11:45,2025-10-21 12:15,2025-10-21 11:45,2025-10-21 12:00,15.00,partial_overlap,Medium
1235,P018,Testing Acceptance,Training,Demo Hall,Conference Room C,2025-10-17 13:00,2025-10-17 13:30,2025-10-17 13:08,2025-10-17 13:38,2025-10-17 13:08,2025-10-17 13:30,22.00,partial_overlap,Medium
1236,P018,One-on-One,Training,Product Showcase,Remote,2025-10-23 12:30,2025-10-23 13:30,2025-10-23 13:00,2025-10-23 13:45,2025-10-23 13:00,2025-10-23 13:30,30.00,partial_overlap,Medium
1237,P018,One-on-One,Client Visit,Product Showcase,Office Area 2,2025-10-23 12:30,2025-10-23 13:30,2025-10-23 13:15,2025-10-23 13:45,2025-10-23 13:15,2025-10-23 13:30,15.00,partial_overlap,Medium
1238,P018,One-on-One,Client Visit,Product Showcase,Client Reception,2025-10-23 12:30,2025-10-23 13:30,2025-10-23 13:15,2025-10-23 13:30,2025-10-23 13:15,2025-10-23 13:30,15.00,containment,Medium
1239,P018,Design Review,Operations Check,Conference Room A,Conference Room B,2025-10-21 10:15,2025-10-21 11:15,2025-10-21 10:00,2025-10-21 10:30,2025-10-21 10:15,2025-10-21 10:30,15.00,partial_overlap,Medium
1240,P018,Operations Check,Deployment,Conference Room B,R&D Center,2025-10-18 13:30,2025-10-18 14:30,2025-10-18 14:00,2025-10-18 15:00,2025-10-18 14:00,2025-10-18 14:30,30.00,partial_overlap,Medium
1241,P018,Deployment,Code Review,Demo Hall,Demo Hall,2025-10-22 08:30,2025-10-22 09:00,2025-10-22 08:30,2025-10-22 09:00,2025-10-22 08:30,2025-10-22 09:00,30.00,containment,Medium
1242,P018,Meeting,Deployment,R&D Center,Conference Room B,2025-10-19 13:19,2025-10-19 14:07,2025-10-19 13:43,2025-10-19 14:42,2025-10-19 13:43,2025-10-19 14:07,24.00,partial_overlap,Medium
1243,P018,Training,Client Visit,Remote,Office Area 2,2025-10-23 13:00,2025-10-23 13:45,2025-10-23 13:15,2025-10-23 13:45,2025-10-23 13:15,2025-10-23 13:45,30.00,containment,Medium
1244,P018,Training,Client Visit,Remote,Client Reception,2025-10-23 13:00,2025-10-23 13:45,2025-10-23 13:15,2025-10-23 13:30,2025-10-23 13:15,2025-10-23 13:30,15.00,containment,Medium
1245,P018,One-on-One,Testing Acceptance,Office Area 2,Product Showcase,2025-10-24 08:00,2025-10-24 08:45,2025-10-24 08:00,2025-10-24 08:15,2025-10-24 08:00,2025-10-24 08:15,15.00,containment,Medium
1246,P018,Client Visit,Project Discussion,Test Lab,Conference Room A,2025-10-26 11:45,2025-10-26 12:15,2025-10-26 12:00,2025-10-26 12:30,2025-10-26 12:00,2025-10-26 12:15,15.00,partial_overlap,Medium
1247,P018,Client Visit,Operations Check,Test Lab,Conference Room C,2025-10-26 11:45,2025-10-26 12:15,2025-10-26 11:30,2025-10-26 12:15,2025-10-26 11:45,2025-10-26 12:15,30.00,containment,Medium
1248,P018,Client Visit,Project Discussion,Test Lab,Online Meeting,2025-10-26 11:45,2025-10-26 12:15,2025-10-26 11:37,2025-10-26 12:21,2025-10-26 11:45,2025-10-26 12:15,30.00,containment,Medium
1249,P018,Client Visit,Client Visit,Office Area 2,Client Reception,2025-10-23 13:15,2025-10-23 13:45,2025-10-23 13:15,2025-10-23 13:30,2025-10-23 13:15,2025-10-23 13:30,15.00,containment,Medium
1250,P018,Deployment,Meeting,Conference Room C,Product Showcase,2025-10-24 13:15,2025-10-24 14:00,2025-10-24 12:36,2025-10-24 13:36,2025-10-24 13:15,2025-10-24 13:36,21.00,partial_overlap,Medium
1251,P018,Code Review,Meeting,Demo Hall,Product Showcase,2025-10-24 12:30,2025-10-24 12:45,2025-10-24 12:36,2025-10-24 13:36,2025-10-24 12:36,2025-10-24 12:45,9.00,partial_overlap,Low
1252,P018,Project Discussion,Brainstorming,Cafe,Office Area 2,2025-10-28 12:15,2025-10-28 12:30,2025-10-28 12:15,2025-10-28 12:30,2025-10-28 12:15,2025-10-28 12:30,15.00,containment,Medium
1253,P018,Tech Sharing,Meeting,Training Room,Conference Room A,2025-10-23 13:45,2025-10-23 14:15,2025-10-23 14:03,2025-10-23 14:21,2025-10-23 14:03,2025-10-23 14:15,12.00,partial_overlap,Low
1254,P018,Tech Sharing,Brainstorming,Training Room,Client Reception,2025-10-23 13:45,2025-10-23 14:15,2025-10-23 13:57,2025-10-23 14:45,2025-10-23 13:57,2025-10-23 14:15,18.00,partial_overlap,Medium
1255,P018,Requirements Analysis,Meeting,Cafe,Product Showcase,2025-10-24 12:45,2025-10-24 13:15,2025-10-24 12:36,2025-10-24 13:36,2025-10-24 12:45,2025-10-24 13:15,30.00,containment,Medium
1256,P018,Project Discussion,Operations Check,Conference Room A,Conference Room C,2025-10-26 12:00,2025-10-26 12:30,2025-10-26 11:30,2025-10-26 12:15,2025-10-26 12:00,2025-10-26 12:15,15.00,partial_overlap,Medium
1257,P018,Project Discussion,Project Discussion,Conference Room A,Online Meeting,2025-10-26 12:00,2025-10-26 12:30,2025-10-26 11:37,2025-10-26 12:21,2025-10-26 12:00,2025-10-26 12:21,21.00,partial_overlap,Medium
1258,P018,Code Review,Operations Check,Demo Hall,Test Lab,2025-10-28 16:30,2025-10-28 17:00,2025-10-28 16:50,2025-10-28 17:14,2025-10-28 16:50,2025-10-28 17:00,10.00,partial_overlap,Low
1259,P018,Operations Check,Project Discussion,Conference Room C,Online Meeting,2025-10-26 11:30,2025-10-26 12:15,2025-10-26 11:37,2025-10-26 12:21,2025-10-26 11:37,2025-10-26 12:15,38.00,partial_overlap,Medium
1260,P018,Meeting,Product Demo,Remote,Test Lab,2025-10-27 13:45,2025-10-27 14:30,2025-10-27 13:54,2025-10-27 14:21,2025-10-27 13:54,2025-10-27 14:21,27.00,containment,Medium
1261,P018,Meeting,Brainstorming,Conference Room A,Client Reception,2025-10-23 14:03,2025-10-23 14:21,2025-10-23 13:57,2025-10-23 14:45,2025-10-23 14:03,2025-10-23 14:21,18.00,containment,Medium
1262,P018,Project Discussion,Deployment,Conference Room C,Conference Room B,2025-11-02 10:30,2025-11-02 11:30,2025-11-02 11:00,2025-11-02 11:15,2025-11-02 11:00,2025-11-02 11:15,15.00,containment,Medium
1263,P018,Meeting,Project Discussion,Online Meeting,Test Lab,2025-11-05 15:30,2025-11-05 16:30,2025-11-05 15:53,2025-11-05 16:46,2025-11-05 15:53,2025-11-05 16:30,37.00,partial_overlap,Medium
1264,P018,Meeting,Training,Training Room,Client Reception,2025-11-11 16:15,2025-11-11 17:00,2025-11-11 16:00,2025-11-11 16:45,2025-11-11 16:15,2025-11-11 16:45,30.00,partial_overlap,Medium
1265,P018,Tech Sharing,Meeting,Office Area 2,Product Showcase,2025-11-15 16:45,2025-11-15 17:30,2025-11-15 17:00,2025-11-15 17:15,2025-11-15 17:00,2025-11-15 17:15,15.00,containment,Medium
1266,P018,Requirements Analysis,Code Review,Online Meeting,Conference Room B,2025-11-16 17:45,2025-11-16 18:45,2025-11-16 18:00,2025-11-16 18:30,2025-11-16 18:00,2025-11-16 18:30,30.00,containment,Medium
1267,P018,Design Review,Project Discussion,R&D Center,Cafe,2025-11-17 13:30,2025-11-17 14:15,2025-11-17 13:15,2025-11-17 14:00,2025-11-17 13:30,2025-11-17 14:00,30.00,partial_overlap,Medium
1268,P018,Design Review,Deployment,R&D Center,Product Showcase,2025-11-17 13:30,2025-11-17 14:15,2025-11-17 13:25,2025-11-17 13:58,2025-11-17 13:30,2025-11-17 13:58,28.00,partial_overlap,Medium
1269,P018,Testing Acceptance,One-on-One,Test Lab,Client Reception,2025-11-16 14:30,2025-11-16 15:15,2025-11-16 14:54,2025-11-16 15:25,2025-11-16 14:54,2025-11-16 15:15,21.00,partial_overlap,Medium
1270,P018,Testing Acceptance,Client Visit,Test Lab,Training Room,2025-11-16 14:30,2025-11-16 15:15,2025-11-16 14:30,2025-11-16 15:15,2025-11-16 14:30,2025-11-16 15:15,45.00,containment,Medium
1271,P018,Testing Acceptance,Meeting,Test Lab,Product Showcase,2025-11-16 14:30,2025-11-16 15:15,2025-11-16 14:45,2025-11-16 15:30,2025-11-16 14:45,2025-11-16 15:15,30.00,partial_overlap,Medium
1272,P018,Testing Acceptance,Tech Sharing,Test Lab,Conference Room C,2025-11-16 14:30,2025-11-16 15:15,2025-11-16 14:58,2025-11-16 15:35,2025-11-16 14:58,2025-11-16 15:15,17.00,partial_overlap,Medium
1273,P018,One-on-One,Client Visit,Client Reception,Training Room,2025-11-16 14:54,2025-11-16 15:25,2025-11-16 14:30,2025-11-16 15:15,2025-11-16 14:54,2025-11-16 15:15,21.00,partial_overlap,Medium
1274,P018,One-on-One,Meeting,Client Reception,Product Showcase,2025-11-16 14:54,2025-11-16 15:25,2025-11-16 14:45,2025-11-16 15:30,2025-11-16 14:54,2025-11-16 15:25,31.00,containment,Medium
1275,P018,One-on-One,Tech Sharing,Client Reception,Conference Room C,2025-11-16 14:54,2025-11-16 15:25,2025-11-16 14:58,2025-11-16 15:35,2025-11-16 14:58,2025-11-16 15:25,27.00,partial_overlap,Medium
1276,P018,Client Visit,Meeting,Training Room,Product Showcase,2025-11-16 14:30,2025-11-16 15:15,2025-11-16 14:45,2025-11-16 15:30,2025-11-16 14:45,2025-11-16 15:15,30.00,partial_overlap,Medium
1277,P018,Client Visit,Tech Sharing,Training Room,Conference Room C,2025-11-16 14:30,2025-11-16 15:15,2025-11-16 14:58,2025-11-16 15:35,2025-11-16 14:58,2025-11-16 15:15,17.00,partial_overlap,Medium
1278,P018,Project Discussion,Deployment,Cafe,Product Showcase,2025-11-17 13:15,2025-11-17 14:00,2025-11-17 13:25,2025-11-17 13:58,2025-11-17 13:25,2025-11-17 13:58,33.00,containment,Medium
1279,P018,Product Demo,Brainstorming,Break Room,Conference Room A,2025-11-18 15:15,2025-11-18 16:00,2025-11-18 14:45,2025-11-18 15:30,2025-11-18 15:15,2025-11-18 15:30,15.00,partial_overlap,Medium
1280,P018,Brainstorming,Code Review,Conference Room A,Online Meeting,2025-11-18 14:45,2025-11-18 15:30,2025-11-18 14:45,2025-11-18 15:15,2025-11-18 14:45,2025-11-18 15:15,30.00,containment,Medium
1281,P018,Meeting,Tech Sharing,Product Showcase,Conference Room C,2025-11-16 14:45,2025-11-16 15:30,2025-11-16 14:58,2025-11-16 15:35,2025-11-16 14:58,2025-11-16 15:30,32.00,partial_overlap,Medium
1282,P018,Team Building,Training,Conference Room C,Online Meeting,2025-11-22 12:00,2025-11-22 12:15,2025-11-22 11:45,2025-11-22 12:15,2025-11-22 12:00,2025-11-22 12:15,15.00,containment,Medium
1283,P018,Team Building,Project Discussion,Conference Room C,Break Room,2025-11-22 12:00,2025-11-22 12:15,2025-11-22 12:09,2025-11-22 13:03,2025-11-22 12:09,2025-11-22 12:15,6.00,partial_overlap,Low
1284,P018,Product Demo,Tech Sharing,Test Lab,Demo Hall,2025-11-18 14:00,2025-11-18 14:30,2025-11-18 14:08,2025-11-18 14:27,2025-11-18 14:08,2025-11-18 14:27,19.00,containment,Medium
1285,P018,Tech Sharing,Requirements Analysis,Office Area 2,Office Area 1,2025-11-19 18:00,2025-11-19 18:45,2025-11-19 18:22,2025-11-19 19:15,2025-11-19 18:22,2025-11-19 18:45,23.00,partial_overlap,Medium
1286,P018,Training,Project Discussion,Online Meeting,Break Room,2025-11-22 11:45,2025-11-22 12:15,2025-11-22 12:09,2025-11-22 13:03,2025-11-22 12:09,2025-11-22 12:15,6.00,partial_overlap,Low
1287,P018,Tech Sharing,Brainstorming,Conference Room B,R&D Center,2025-11-17 18:45,2025-11-17 19:15,2025-11-17 19:11,2025-11-17 19:34,2025-11-17 19:11,2025-11-17 19:15,4.00,partial_overlap,Low
1288,P018,Client Visit,Testing Acceptance,Conference Room C,Conference Room A,2025-11-20 18:45,2025-11-20 19:15,2025-11-20 18:45,2025-11-20 19:30,2025-11-20 18:45,2025-11-20 19:15,30.00,containment,Medium
1289,P018,Product Demo,Design Review,Conference Room A,Conference Room B,2025-11-19 11:15,2025-11-19 11:45,2025-11-19 11:30,2025-11-19 12:00,2025-11-19 11:30,2025-11-19 11:45,15.00,partial_overlap,Medium
1290,P018,Product Demo,Tech Sharing,Conference Room A,Conference Room C,2025-11-19 11:15,2025-11-19 11:45,2025-11-19 11:36,2025-11-19 12:07,2025-11-19 11:36,2025-11-19 11:45,9.00,partial_overlap,Low
1291,P018,Brainstorming,Project Discussion,Demo Hall,Office Area 1,2025-11-24 12:15,2025-11-24 12:45,2025-11-24 12:20,2025-11-24 13:05,2025-11-24 12:20,2025-11-24 12:45,25.00,partial_overlap,Medium
1292,P018,Design Review,Brainstorming,Conference Room B,Product Showcase,2025-11-19 11:30,2025-11-19 12:00,2025-11-19 11:45,2025-11-19 12:30,2025-11-19 11:45,2025-11-19 12:00,15.00,partial_overlap,Medium
1293,P018,Design Review,Tech Sharing,Conference Room B,Conference Room C,2025-11-19 11:30,2025-11-19 12:00,2025-11-19 11:36,2025-11-19 12:07,2025-11-19 11:36,2025-11-19 12:00,24.00,partial_overlap,Medium
1294,P018,Brainstorming,Tech Sharing,Product Showcase,Conference Room C,2025-11-19 11:45,2025-11-19 12:30,2025-11-19 11:36,2025-11-19 12:07,2025-11-19 11:45,2025-11-19 12:07,22.00,partial_overlap,Medium
1295,P019,Training,Design Review,Test Lab,Client Reception,2025-10-10 15:30,2025-10-10 16:00,2025-10-10 15:48,2025-10-10 16:33,2025-10-10 15:48,2025-10-10 16:00,12.00,partial_overlap,Low
1296,P019,Deployment,Design Review,Cafe,Client Reception,2025-10-10 16:00,2025-10-10 17:30,2025-10-10 15:48,2025-10-10 16:33,2025-10-10 16:00,2025-10-10 16:33,33.00,partial_overlap,Medium
1297,P019,Deployment,Requirements Analysis,Cafe,Conference Room C,2025-10-10 16:00,2025-10-10 17:30,2025-10-10 16:05,2025-10-10 16:44,2025-10-10 16:05,2025-10-10 16:44,39.00,containment,Medium
1298,P019,Deployment,Requirements Analysis,Cafe,Cafe,2025-10-10 16:00,2025-10-10 17:30,2025-10-10 16:30,2025-10-10 17:27,2025-10-10 16:30,2025-10-10 17:27,57.00,containment,Medium
1299,P019,Deployment,Product Demo,Cafe,Conference Room A,2025-10-10 16:00,2025-10-10 17:30,2025-10-10 16:34,2025-10-10 17:00,2025-10-10 16:34,2025-10-10 17:00,26.00,containment,Medium
1300,P019,One-on-One,Design Review,Online Meeting,Client Reception,2025-10-12 12:00,2025-10-12 13:30,2025-10-12 12:15,2025-10-12 13:15,2025-10-12 12:15,2025-10-12 13:15,60.00,containment,High
1301,P019,Testing Acceptance,Client Visit,Office Area 1,Office Area 1,2025-10-16 12:15,2025-10-16 13:45,2025-10-16 13:00,2025-10-16 13:45,2025-10-16 13:00,2025-10-16 13:45,45.00,containment,Medium
1302,P019,Design Review,Requirements Analysis,Client Reception,Conference Room C,2025-10-10 15:48,2025-10-10 16:33,2025-10-10 16:05,2025-10-10 16:44,2025-10-10 16:05,2025-10-10 16:33,28.00,partial_overlap,Medium
1303,P019,Design Review,Requirements Analysis,Client Reception,Cafe,2025-10-10 15:48,2025-10-10 16:33,2025-10-10 16:30,2025-10-10 17:27,2025-10-10 16:30,2025-10-10 16:33,3.00,partial_overlap,Low
1304,P019,Requirements Analysis,Requirements Analysis,Conference Room C,Cafe,2025-10-10 16:05,2025-10-10 16:44,2025-10-10 16:30,2025-10-10 17:27,2025-10-10 16:30,2025-10-10 16:44,14.00,partial_overlap,Low
1305,P019,Requirements Analysis,Product Demo,Conference Room C,Conference Room A,2025-10-10 16:05,2025-10-10 16:44,2025-10-10 16:34,2025-10-10 17:00,2025-10-10 16:34,2025-10-10 16:44,10.00,partial_overlap,Low
1306,P019,Requirements Analysis,Product Demo,Cafe,Conference Room A,2025-10-10 16:30,2025-10-10 17:27,2025-10-10 16:34,2025-10-10 17:00,2025-10-10 16:34,2025-10-10 17:00,26.00,containment,Medium
1307,P019,Tech Sharing,Tech Sharing,Office Area 2,Break Room,2025-10-17 08:15,2025-10-17 08:45,2025-10-17 08:37,2025-10-17 09:29,2025-10-17 08:37,2025-10-17 08:45,8.00,partial_overlap,Low
1308,P019,Client Visit,Training,Office Area 2,R&D Center,2025-10-17 18:30,2025-10-17 19:30,2025-10-17 18:55,2025-10-17 19:50,2025-10-17 18:55,2025-10-17 19:30,35.00,partial_overlap,Medium
1309,P019,Deployment,Deployment,Break Room,Demo Hall,2025-10-20 11:15,2025-10-20 12:00,2025-10-20 10:45,2025-10-20 11:30,2025-10-20 11:15,2025-10-20 11:30,15.00,partial_overlap,Medium
1310,P019,Deployment,Design Review,Break Room,Break Room,2025-10-20 11:15,2025-10-20 12:00,2025-10-20 11:45,2025-10-20 12:31,2025-10-20 11:45,2025-10-20 12:00,15.00,partial_overlap,Medium
1311,P019,Deployment,Design Review,Break Room,Product Showcase,2025-10-20 11:15,2025-10-20 12:00,2025-10-20 11:45,2025-10-20 12:15,2025-10-20 11:45,2025-10-20 12:00,15.00,partial_overlap,Medium
1312,P019,Design Review,Project Discussion,Conference Room B,Conference Room A,2025-10-17 14:30,2025-10-17 15:15,2025-10-17 14:15,2025-10-17 15:00,2025-10-17 14:30,2025-10-17 15:00,30.00,partial_overlap,Medium
1313,P019,One-on-One,Training,Product Showcase,Conference Room B,2025-10-20 16:45,2025-10-20 17:45,2025-10-20 17:30,2025-10-20 18:15,2025-10-20 17:30,2025-10-20 17:45,15.00,partial_overlap,Medium
1314,P019,Requirements Analysis,One-on-One,Training Room,Online Meeting,2025-10-18 18:15,2025-10-18 18:45,2025-10-18 18:15,2025-10-18 19:00,2025-10-18 18:15,2025-10-18 18:45,30.00,containment,Medium
1315,P019,Testing Acceptance,Tech Sharing,Online Meeting,Remote,2025-10-17 09:45,2025-10-17 10:30,2025-10-17 09:55,2025-10-17 10:10,2025-10-17 09:55,2025-10-17 10:10,15.00,containment,Medium
1316,P019,Product Demo,Design Review,Break Room,Conference Room C,2025-10-23 17:45,2025-10-23 18:30,2025-10-23 18:03,2025-10-23 18:41,2025-10-23 18:03,2025-10-23 18:30,27.00,partial_overlap,Medium
1317,P019,Product Demo,Code Review,Break Room,Cafe,2025-10-23 17:45,2025-10-23 18:30,2025-10-23 17:30,2025-10-23 18:15,2025-10-23 17:45,2025-10-23 18:15,30.00,partial_overlap,Medium
1318,P019,Product Demo,One-on-One,Break Room,Conference Room C,2025-10-23 17:45,2025-10-23 18:30,2025-10-23 17:30,2025-10-23 18:00,2025-10-23 17:45,2025-10-23 18:00,15.00,partial_overlap,Medium
1319,P019,Design Review,Design Review,Break Room,Product Showcase,2025-10-20 11:45,2025-10-20 12:31,2025-10-20 11:45,2025-10-20 12:15,2025-10-20 11:45,2025-10-20 12:15,30.00,containment,Medium
1320,P019,Design Review,Code Review,Conference Room C,Cafe,2025-10-23 18:03,2025-10-23 18:41,2025-10-23 17:30,2025-10-23 18:15,2025-10-23 18:03,2025-10-23 18:15,12.00,partial_overlap,Low
1321,P019,Tech Sharing,Operations Check,Cafe,Test Lab,2025-10-24 10:45,2025-10-24 11:00,2025-10-24 10:45,2025-10-24 11:15,2025-10-24 10:45,2025-10-24 11:00,15.00,containment,Medium
1322,P019,Training,Product Demo,Remote,Remote,2025-10-23 11:00,2025-10-23 11:30,2025-10-23 11:05,2025-10-23 11:35,2025-10-23 11:05,2025-10-23 11:30,25.00,partial_overlap,Medium
1323,P019,Client Visit,Brainstorming,Demo Hall,Conference Room B,2025-10-27 14:15,2025-10-27 14:45,2025-10-27 14:30,2025-10-27 15:15,2025-10-27 14:30,2025-10-27 14:45,15.00,partial_overlap,Medium
1324,P019,Code Review,One-on-One,Cafe,Conference Room C,2025-10-23 17:30,2025-10-23 18:15,2025-10-23 17:30,2025-10-23 18:00,2025-10-23 17:30,2025-10-23 18:00,30.00,containment,Medium
1325,P019,Client Visit,Product Demo,Remote,Product Showcase,2025-10-29 14:00,2025-10-29 14:30,2025-10-29 13:45,2025-10-29 14:16,2025-10-29 14:00,2025-10-29 14:16,16.00,partial_overlap,Medium
1326,P019,Design Review,Product Demo,Conference Room B,Cafe,2025-10-28 11:00,2025-10-28 11:15,2025-10-28 11:00,2025-10-28 11:45,2025-10-28 11:00,2025-10-28 11:15,15.00,containment,Medium
1327,P019,Design Review,Client Visit,Conference Room B,Conference Room C,2025-10-28 11:00,2025-10-28 11:15,2025-10-28 10:45,2025-10-28 11:30,2025-10-28 11:00,2025-10-28 11:15,15.00,containment,Medium
1328,P019,Product Demo,Team Building,Break Room,Demo Hall,2025-10-26 12:00,2025-10-26 12:45,2025-10-26 11:30,2025-10-26 12:15,2025-10-26 12:00,2025-10-26 12:15,15.00,partial_overlap,Medium
1329,P019,Testing Acceptance,Meeting,Remote,Conference Room A,2025-10-30 08:30,2025-10-30 09:00,2025-10-30 08:47,2025-10-30 09:12,2025-10-30 08:47,2025-10-30 09:00,13.00,partial_overlap,Low
1330,P019,Product Demo,Team Building,Cafe,Test Lab,2025-10-28 11:00,2025-10-28 11:45,2025-10-28 11:15,2025-10-28 11:30,2025-10-28 11:15,2025-10-28 11:30,15.00,containment,Medium
1331,P019,Product Demo,Client Visit,Cafe,Conference Room C,2025-10-28 11:00,2025-10-28 11:45,2025-10-28 10:45,2025-10-28 11:30,2025-10-28 11:00,2025-10-28 11:30,30.00,partial_overlap,Medium
1332,P019,Team Building,Client Visit,Test Lab,Conference Room C,2025-10-28 11:15,2025-10-28 11:30,2025-10-28 10:45,2025-10-28 11:30,2025-10-28 11:15,2025-10-28 11:30,15.00,containment,Medium
1333,P019,Brainstorming,Training,Conference Room B,Conference Room C,2025-10-27 14:30,2025-10-27 15:15,2025-10-27 14:45,2025-10-27 15:29,2025-10-27 14:45,2025-10-27 15:15,30.00,partial_overlap,Medium
1334,P019,Brainstorming,One-on-One,Conference Room B,Training Room,2025-10-27 14:30,2025-10-27 15:15,2025-10-27 14:56,2025-10-27 15:12,2025-10-27 14:56,2025-10-27 15:12,16.00,containment,Medium
1335,P019,Training,One-on-One,Conference Room C,Training Room,2025-10-27 14:45,2025-10-27 15:29,2025-10-27 14:56,2025-10-27 15:12,2025-10-27 14:56,2025-10-27 15:12,16.00,containment,Medium
1336,P019,Client Visit,Code Review,Client Reception,Client Reception,2025-11-07 14:00,2025-11-07 14:30,2025-11-07 14:25,2025-11-07 14:53,2025-11-07 14:25,2025-11-07 14:30,5.00,partial_overlap,Low
1337,P019,Project Discussion,Meeting,Online Meeting,Remote,2025-11-11 08:30,2025-11-11 09:30,2025-11-11 08:38,2025-11-11 09:19,2025-11-11 08:38,2025-11-11 09:19,41.00,containment,Medium
1338,P019,Brainstorming,Client Visit,Product Showcase,Online Meeting,2025-11-06 09:00,2025-11-06 10:00,2025-11-06 09:45,2025-11-06 10:45,2025-11-06 09:45,2025-11-06 10:00,15.00,partial_overlap,Medium
1339,P019,Operations Check,Client Visit,Office Area 1,Office Area 1,2025-11-07 15:15,2025-11-07 15:45,2025-11-07 15:30,2025-11-07 15:50,2025-11-07 15:30,2025-11-07 15:45,15.00,partial_overlap,Medium
1340,P019,Operations Check,Brainstorming,Office Area 1,Test Lab,2025-11-07 15:15,2025-11-07 15:45,2025-11-07 15:20,2025-11-07 15:56,2025-11-07 15:20,2025-11-07 15:45,25.00,partial_overlap,Medium
1341,P019,Testing Acceptance,Design Review,R&D Center,Office Area 2,2025-11-05 13:00,2025-11-05 14:00,2025-11-05 13:29,2025-11-05 13:56,2025-11-05 13:29,2025-11-05 13:56,27.00,containment,Medium
1342,P019,Deployment,Team Building,Conference Room B,Cafe,2025-11-08 18:00,2025-11-08 19:00,2025-11-08 18:27,2025-11-08 19:25,2025-11-08 18:27,2025-11-08 19:00,33.00,partial_overlap,Medium
1343,P019,Meeting,Meeting,Product Showcase,Office Area 2,2025-11-07 12:15,2025-11-07 13:00,2025-11-07 11:30,2025-11-07 12:30,2025-11-07 12:15,2025-11-07 12:30,15.00,partial_overlap,Medium
1344,P019,Operations Check,One-on-One,Conference Room C,Office Area 2,2025-11-11 18:15,2025-11-11 19:00,2025-11-11 18:24,2025-11-11 18:48,2025-11-11 18:24,2025-11-11 18:48,24.00,containment,Medium
1345,P019,Tech Sharing,Client Visit,Cafe,Client Reception,2025-11-09 14:15,2025-11-09 14:45,2025-11-09 14:28,2025-11-09 15:18,2025-11-09 14:28,2025-11-09 14:45,17.00,partial_overlap,Medium
1346,P019,Deployment,One-on-One,R&D Center,Demo Hall,2025-11-11 14:45,2025-11-11 15:45,2025-11-11 15:30,2025-11-11 16:00,2025-11-11 15:30,2025-11-11 15:45,15.00,partial_overlap,Medium
1347,P019,Code Review,Meeting,Break Room,Product Showcase,2025-11-14 18:45,2025-11-14 19:45,2025-11-14 18:15,2025-11-14 19:00,2025-11-14 18:45,2025-11-14 19:00,15.00,partial_overlap,Medium
1348,P019,Code Review,Training,Break Room,Demo Hall,2025-11-14 18:45,2025-11-14 19:45,2025-11-14 18:25,2025-11-14 19:01,2025-11-14 18:45,2025-11-14 19:01,16.00,partial_overlap,Medium
1349,P019,Code Review,Client Visit,Break Room,Office Area 2,2025-11-14 08:30,2025-11-14 09:30,2025-11-14 09:00,2025-11-14 09:45,2025-11-14 09:00,2025-11-14 09:30,30.00,partial_overlap,Medium
1350,P019,Code Review,Testing Acceptance,Break Room,Office Area 1,2025-11-14 08:30,2025-11-14 09:30,2025-11-14 09:28,2025-11-14 10:27,2025-11-14 09:28,2025-11-14 09:30,2.00,partial_overlap,Low
1351,P019,Client Visit,Brainstorming,Office Area 1,Test Lab,2025-11-07 15:30,2025-11-07 15:50,2025-11-07 15:20,2025-11-07 15:56,2025-11-07 15:30,2025-11-07 15:50,20.00,containment,Medium
1352,P019,Training,Code Review,Office Area 2,R&D Center,2025-11-19 09:30,2025-11-19 10:00,2025-11-19 09:39,2025-11-19 09:57,2025-11-19 09:39,2025-11-19 09:57,18.00,containment,Medium
1353,P019,Meeting,Training,Product Showcase,Demo Hall,2025-11-14 18:15,2025-11-14 19:00,2025-11-14 18:25,2025-11-14 19:01,2025-11-14 18:25,2025-11-14 19:00,35.00,partial_overlap,Medium
1354,P019,Meeting,One-on-One,Conference Room C,Break Room,2025-11-16 09:15,2025-11-16 10:00,2025-11-16 09:30,2025-11-16 10:15,2025-11-16 09:30,2025-11-16 10:00,30.00,partial_overlap,Medium
1355,P019,Meeting,Tech Sharing,Conference Room C,Training Room,2025-11-16 09:15,2025-11-16 10:00,2025-11-16 09:30,2025-11-16 10:00,2025-11-16 09:30,2025-11-16 10:00,30.00,containment,Medium
1356,P019,Design Review,Client Visit,Office Area 1,Cafe,2025-11-15 11:15,2025-11-15 12:00,2025-11-15 10:45,2025-11-15 11:30,2025-11-15 11:15,2025-11-15 11:30,15.00,partial_overlap,Medium
1357,P019,Client Visit,Testing Acceptance,Office Area 2,Office Area 1,2025-11-14 09:00,2025-11-14 09:45,2025-11-14 09:28,2025-11-14 10:27,2025-11-14 09:28,2025-11-14 09:45,17.00,partial_overlap,Medium
1358,P019,One-on-One,Tech Sharing,Break Room,Training Room,2025-11-16 09:30,2025-11-16 10:15,2025-11-16 09:30,2025-11-16 10:00,2025-11-16 09:30,2025-11-16 10:00,30.00,containment,Medium
1359,P019,One-on-One,Code Review,Break Room,Test Lab,2025-11-16 09:30,2025-11-16 10:15,2025-11-16 10:00,2025-11-16 10:28,2025-11-16 10:00,2025-11-16 10:15,15.00,partial_overlap,Medium
1360,P019,Training,Meeting,Demo Hall,Conference Room C,2025-11-22 13:15,2025-11-22 13:30,2025-11-22 13:00,2025-11-22 13:45,2025-11-22 13:15,2025-11-22 13:30,15.00,containment,Medium
1361,P019,Training,One-on-One,Demo Hall,Conference Room A,2025-11-22 13:15,2025-11-22 13:30,2025-11-22 13:00,2025-11-22 13:45,2025-11-22 13:15,2025-11-22 13:30,15.00,containment,Medium
1362,P019,Meeting,One-on-One,Conference Room C,Conference Room A,2025-11-22 13:00,2025-11-22 13:45,2025-11-22 13:00,2025-11-22 13:45,2025-11-22 13:00,2025-11-22 13:45,45.00,containment,Medium
1363,P019,Training,Brainstorming,Office Area 1,Client Reception,2025-11-21 10:00,2025-11-21 10:45,2025-11-21 10:08,2025-11-21 11:03,2025-11-21 10:08,2025-11-21 10:45,37.00,partial_overlap,Medium
1364,P020,Tech Sharing,Tech Sharing,Client Reception,Office Area 1,2025-10-09 09:00,2025-10-09 10:00,2025-10-09 09:20,2025-10-09 09:41,2025-10-09 09:20,2025-10-09 09:41,21.00,containment,Medium
1365,P020,Testing Acceptance,Requirements Analysis,R&D Center,Remote,2025-10-10 08:30,2025-10-10 09:00,2025-10-10 08:45,2025-10-10 09:30,2025-10-10 08:45,2025-10-10 09:00,15.00,partial_overlap,Medium
1366,P020,Requirements Analysis,Brainstorming,Office Area 1,Cafe,2025-10-16 17:30,2025-10-16 18:00,2025-10-16 17:47,2025-10-16 18:13,2025-10-16 17:47,2025-10-16 18:00,13.00,partial_overlap,Low
1367,P020,Requirements Analysis,Deployment,Office Area 1,Break Room,2025-10-16 17:30,2025-10-16 18:00,2025-10-16 17:15,2025-10-16 17:45,2025-10-16 17:30,2025-10-16 17:45,15.00,partial_overlap,Medium
1368,P020,Product Demo,Code Review,Demo Hall,Cafe,2025-10-12 15:30,2025-10-12 16:15,2025-10-12 15:49,2025-10-12 16:47,2025-10-12 15:49,2025-10-12 16:15,26.00,partial_overlap,Medium
1369,P020,Deployment,Design Review,Conference Room B,Break Room,2025-10-12 10:45,2025-10-12 11:45,2025-10-12 10:58,2025-10-12 11:50,2025-10-12 10:58,2025-10-12 11:45,47.00,partial_overlap,Medium
1370,P020,Team Building,Testing Acceptance,Product Showcase,Conference Room A,2025-10-14 10:30,2025-10-14 11:30,2025-10-14 10:30,2025-10-14 11:00,2025-10-14 10:30,2025-10-14 11:00,30.00,containment,Medium
1371,P020,Client Visit,Client Visit,Client Reception,Conference Room C,2025-10-19 11:30,2025-10-19 12:15,2025-10-19 11:45,2025-10-19 12:45,2025-10-19 11:45,2025-10-19 12:15,30.00,partial_overlap,Medium
1372,P020,Team Building,Design Review,Online Meeting,Demo Hall,2025-10-19 15:15,2025-10-19 16:00,2025-10-19 15:40,2025-10-19 15:58,2025-10-19 15:40,2025-10-19 15:58,18.00,containment,Medium
1373,P020,Brainstorming,Meeting,Conference Room C,Conference Room C,2025-10-20 12:00,2025-10-20 12:45,2025-10-20 11:15,2025-10-20 12:15,2025-10-20 12:00,2025-10-20 12:15,15.00,partial_overlap,Medium
1374,P020,Code Review,Requirements Analysis,Conference Room B,Conference Room B,2025-10-19 18:45,2025-10-19 19:30,2025-10-19 19:03,2025-10-19 19:32,2025-10-19 19:03,2025-10-19 19:30,27.00,partial_overlap,Medium
1375,P020,Requirements Analysis,Brainstorming,Conference Room B,Conference Room A,2025-10-16 18:15,2025-10-16 19:15,2025-10-16 18:37,2025-10-16 19:32,2025-10-16 18:37,2025-10-16 19:15,38.00,partial_overlap,Medium
1376,P020,Requirements Analysis,Tech Sharing,Conference Room B,Online Meeting,2025-10-16 18:15,2025-10-16 19:15,2025-10-16 18:29,2025-10-16 19:25,2025-10-16 18:29,2025-10-16 19:15,46.00,partial_overlap,Medium
1377,P020,Brainstorming,Tech Sharing,Conference Room A,Online Meeting,2025-10-16 18:37,2025-10-16 19:32,2025-10-16 18:29,2025-10-16 19:25,2025-10-16 18:37,2025-10-16 19:25,48.00,partial_overlap,Medium
1378,P020,Design Review,Training,Conference Room B,Demo Hall,2025-10-27 09:00,2025-10-27 09:30,2025-10-27 09:00,2025-10-27 09:30,2025-10-27 09:00,2025-10-27 09:30,30.00,containment,Medium
1379,P020,One-on-One,Tech Sharing,Product Showcase,Test Lab,2025-10-24 15:30,2025-10-24 15:45,2025-10-24 15:00,2025-10-24 15:45,2025-10-24 15:30,2025-10-24 15:45,15.00,containment,Medium
1380,P020,Code Review,Meeting,Training Room,Training Room,2025-10-28 16:30,2025-10-28 17:15,2025-10-28 17:00,2025-10-28 17:15,2025-10-28 17:00,2025-10-28 17:15,15.00,containment,Medium
1381,P020,Team Building,One-on-One,Client Reception,Demo Hall,2025-10-29 11:30,2025-10-29 12:00,2025-10-29 11:45,2025-10-29 12:30,2025-10-29 11:45,2025-10-29 12:00,15.00,partial_overlap,Medium
1382,P020,Testing Acceptance,Team Building,Online Meeting,Break Room,2025-10-28 18:45,2025-10-28 19:30,2025-10-28 18:45,2025-10-28 19:15,2025-10-28 18:45,2025-10-28 19:15,30.00,containment,Medium
1383,P020,Testing Acceptance,Deployment,Online Meeting,Training Room,2025-10-28 18:45,2025-10-28 19:30,2025-10-28 19:11,2025-10-28 19:37,2025-10-28 19:11,2025-10-28 19:30,19.00,partial_overlap,Medium
1384,P020,Deployment,Client Visit,Test Lab,Demo Hall,2025-10-28 08:30,2025-10-28 09:15,2025-10-28 09:00,2025-10-28 09:15,2025-10-28 09:00,2025-10-28 09:15,15.00,containment,Medium
1385,P020,Training,Testing Acceptance,Office Area 1,Online Meeting,2025-10-29 13:00,2025-10-29 13:30,2025-10-29 13:15,2025-10-29 13:45,2025-10-29 13:15,2025-10-29 13:30,15.00,partial_overlap,Medium
1386,P020,Team Building,Deployment,Break Room,Training Room,2025-10-28 18:45,2025-10-28 19:15,2025-10-28 19:11,2025-10-28 19:37,2025-10-28 19:11,2025-10-28 19:15,4.00,partial_overlap,Low
1387,P020,Testing Acceptance,Requirements Analysis,Remote,Break Room,2025-10-26 09:45,2025-10-26 10:00,2025-10-26 09:45,2025-10-26 10:15,2025-10-26 09:45,2025-10-26 10:00,15.00,containment,Medium
1388,P020,Client Visit,Deployment,Client Reception,Demo Hall,2025-10-29 16:30,2025-10-29 17:15,2025-10-29 16:37,2025-10-29 17:29,2025-10-29 16:37,2025-10-29 17:15,38.00,partial_overlap,Medium
1389,P020,Testing Acceptance,Tech Sharing,Online Meeting,Test Lab,2025-10-29 13:15,2025-10-29 13:45,2025-10-29 13:30,2025-10-29 15:00,2025-10-29 13:30,2025-10-29 13:45,15.00,partial_overlap,Medium
1390,P020,Design Review,Training,Conference Room B,Conference Room B,2025-11-01 16:30,2025-11-01 18:00,2025-11-01 17:15,2025-11-01 18:00,2025-11-01 17:15,2025-11-01 18:00,45.00,containment,Medium
1391,P020,Design Review,Code Review,Conference Room B,Client Reception,2025-11-01 16:30,2025-11-01 18:00,2025-11-01 17:41,2025-11-01 18:41,2025-11-01 17:41,2025-11-01 18:00,19.00,partial_overlap,Medium
1392,P020,Training,Code Review,Conference Room B,Client Reception,2025-11-01 17:15,2025-11-01 18:00,2025-11-01 17:41,2025-11-01 18:41,2025-11-01 17:41,2025-11-01 18:00,19.00,partial_overlap,Medium
1393,P020,One-on-One,Operations Check,Online Meeting,Break Room,2025-11-07 16:00,2025-11-07 17:00,2025-11-07 16:18,2025-11-07 16:33,2025-11-07 16:18,2025-11-07 16:33,15.00,containment,Medium
1394,P020,Testing Acceptance,Operations Check,Conference Room C,Cafe,2025-11-04 18:45,2025-11-04 19:30,2025-11-04 18:54,2025-11-04 19:27,2025-11-04 18:54,2025-11-04 19:27,33.00,containment,Medium
1395,P020,Tech Sharing,Operations Check,Office Area 1,Office Area 1,2025-11-09 13:00,2025-11-09 13:45,2025-11-09 13:15,2025-11-09 14:15,2025-11-09 13:15,2025-11-09 13:45,30.00,partial_overlap,Medium
1396,P020,Tech Sharing,Testing Acceptance,Office Area 1,R&D Center,2025-11-09 13:00,2025-11-09 13:45,2025-11-09 13:26,2025-11-09 13:54,2025-11-09 13:26,2025-11-09 13:45,19.00,partial_overlap,Medium
1397,P020,Tech Sharing,Training,Training Room,Conference Room C,2025-11-11 11:30,2025-11-11 12:15,2025-11-11 12:00,2025-11-11 12:45,2025-11-11 12:00,2025-11-11 12:15,15.00,partial_overlap,Medium
1398,P020,Tech Sharing,Product Demo,Training Room,Online Meeting,2025-11-11 11:30,2025-11-11 12:15,2025-11-11 11:45,2025-11-11 12:30,2025-11-11 11:45,2025-11-11 12:15,30.00,partial_overlap,Medium
1399,P020,Training,Requirements Analysis,R&D Center,Client Reception,2025-11-13 08:00,2025-11-13 09:00,2025-11-13 08:15,2025-11-13 09:00,2025-11-13 08:15,2025-11-13 09:00,45.00,containment,Medium
1400,P020,Training,Deployment,R&D Center,Conference Room B,2025-11-13 08:00,2025-11-13 09:00,2025-11-13 08:23,2025-11-13 08:45,2025-11-13 08:23,2025-11-13 08:45,22.00,containment,Medium
1401,P020,Training,Product Demo,Conference Room C,Online Meeting,2025-11-11 12:00,2025-11-11 12:45,2025-11-11 11:45,2025-11-11 12:30,2025-11-11 12:00,2025-11-11 12:30,30.00,partial_overlap,Medium
1402,P020,Training,Testing Acceptance,Conference Room C,Cafe,2025-11-11 12:00,2025-11-11 12:45,2025-11-11 12:27,2025-11-11 12:58,2025-11-11 12:27,2025-11-11 12:45,18.00,partial_overlap,Medium
1403,P020,Client Visit,Testing Acceptance,Conference Room B,Test Lab,2025-11-11 17:45,2025-11-11 18:15,2025-11-11 17:06,2025-11-11 17:56,2025-11-11 17:45,2025-11-11 17:56,11.00,partial_overlap,Low
1404,P020,Operations Check,Testing Acceptance,Office Area 1,R&D Center,2025-11-09 13:15,2025-11-09 14:15,2025-11-09 13:26,2025-11-09 13:54,2025-11-09 13:26,2025-11-09 13:54,28.00,containment,Medium
1405,P020,Operations Check,Design Review,Demo Hall,Client Reception,2025-11-15 16:30,2025-11-15 17:15,2025-11-15 16:15,2025-11-15 16:45,2025-11-15 16:30,2025-11-15 16:45,15.00,partial_overlap,Medium
1406,P020,Product Demo,Testing Acceptance,Online Meeting,Cafe,2025-11-11 11:45,2025-11-11 12:30,2025-11-11 12:27,2025-11-11 12:58,2025-11-11 12:27,2025-11-11 12:30,3.00,partial_overlap,Low
1407,P020,Requirements Analysis,Deployment,Client Reception,Conference Room B,2025-11-13 08:15,2025-11-13 09:00,2025-11-13 08:23,2025-11-13 08:45,2025-11-13 08:23,2025-11-13 08:45,22.00,containment,Medium
1408,P020,Testing Acceptance,Testing Acceptance,Cafe,Test Lab,2025-11-11 16:45,2025-11-11 17:45,2025-11-11 17:06,2025-11-11 17:56,2025-11-11 17:06,2025-11-11 17:45,39.00,partial_overlap,Medium
1409,P020,One-on-One,Requirements Analysis,Training Room,Demo Hall,2025-11-15 09:15,2025-11-15 10:00,2025-11-15 08:45,2025-11-15 09:30,2025-11-15 09:15,2025-11-15 09:30,15.00,partial_overlap,Medium
1410,P020,Brainstorming,One-on-One,Break Room,Office Area 2,2025-11-17 17:45,2025-11-17 18:45,2025-11-17 18:30,2025-11-17 18:45,2025-11-17 18:30,2025-11-17 18:45,15.00,containment,Medium
1411,P020,Brainstorming,Code Review,Break Room,Conference Room C,2025-11-17 17:45,2025-11-17 18:45,2025-11-17 18:00,2025-11-17 18:45,2025-11-17 18:00,2025-11-17 18:45,45.00,containment,Medium
1412,P020,One-on-One,Code Review,Office Area 2,Conference Room C,2025-11-17 18:30,2025-11-17 18:45,2025-11-17 18:00,2025-11-17 18:45,2025-11-17 18:30,2025-11-17 18:45,15.00,containment,Medium
1413,P020,Deployment,Project Discussion,Office Area 2,Test Lab,2025-11-15 10:30,2025-11-15 11:15,2025-11-15 11:00,2025-11-15 11:30,2025-11-15 11:00,2025-11-15 11:15,15.00,partial_overlap,Medium
1414,P020,Tech Sharing,Project Discussion,Conference Room A,Break Room,2025-11-19 09:00,2025-11-19 09:45,2025-11-19 09:14,2025-11-19 10:07,2025-11-19 09:14,2025-11-19 09:45,31.00,partial_overlap,Medium
1415,P020,Deployment,Deployment,R&D Center,Client Reception,2025-11-20 15:45,2025-11-20 16:30,2025-11-20 15:45,2025-11-20 16:15,2025-11-20 15:45,2025-11-20 16:15,30.00,containment,Medium
1416,P021,Team Building,Project Discussion,R&D Center,Online Meeting,2025-11-01 10:15,2025-11-01 11:00,2025-11-01 10:30,2025-11-01 11:30,2025-11-01 10:30,2025-11-01 11:00,30.00,partial_overlap,Medium
1417,P021,Training,Operations Check,Office Area 2,Online Meeting,2025-11-11 18:45,2025-11-11 19:15,2025-11-11 18:45,2025-11-11 19:15,2025-11-11 18:45,2025-11-11 19:15,30.00,containment,Medium
1418,P021,Training,Deployment,Office Area 2,Product Showcase,2025-11-11 18:45,2025-11-11 19:15,2025-11-11 18:45,2025-11-11 19:15,2025-11-11 18:45,2025-11-11 19:15,30.00,containment,Medium
1419,P021,Project Discussion,Deployment,Conference Room B,Office Area 1,2025-11-12 12:30,2025-11-12 13:00,2025-11-12 12:52,2025-11-12 13:14,2025-11-12 12:52,2025-11-12 13:00,8.00,partial_overlap,Low
1420,P021,Design Review,Testing Acceptance,Training Room,Client Reception,2025-11-08 09:30,2025-11-08 10:15,2025-11-08 09:45,2025-11-08 10:45,2025-11-08 09:45,2025-11-08 10:15,30.00,partial_overlap,Medium
1421,P021,Client Visit,One-on-One,Test Lab,Product Showcase,2025-11-08 13:30,2025-11-08 14:30,2025-11-08 13:45,2025-11-08 14:30,2025-11-08 13:45,2025-11-08 14:30,45.00,containment,Medium
1422,P021,Operations Check,Deployment,Online Meeting,Product Showcase,2025-11-11 18:45,2025-11-11 19:15,2025-11-11 18:45,2025-11-11 19:15,2025-11-11 18:45,2025-11-11 19:15,30.00,containment,Medium
1423,P021,One-on-One,Team Building,Online Meeting,Conference Room C,2025-11-14 11:45,2025-11-14 12:15,2025-11-14 11:30,2025-11-14 12:00,2025-11-14 11:45,2025-11-14 12:00,15.00,partial_overlap,Medium
1424,P021,Deployment,Team Building,Office Area 1,Break Room,2025-11-15 18:30,2025-11-15 19:00,2025-11-15 18:40,2025-11-15 19:32,2025-11-15 18:40,2025-11-15 19:00,20.00,partial_overlap,Medium
1425,P021,Operations Check,Product Demo,Demo Hall,Training Room,2025-11-09 11:30,2025-11-09 12:30,2025-11-09 11:56,2025-11-09 12:48,2025-11-09 11:56,2025-11-09 12:30,34.00,partial_overlap,Medium
1426,P021,Product Demo,Tech Sharing,Test Lab,Office Area 1,2025-11-10 10:00,2025-11-10 11:00,2025-11-10 10:23,2025-11-10 11:10,2025-11-10 10:23,2025-11-10 11:00,37.00,partial_overlap,Medium
1427,P021,Code Review,Client Visit,Office Area 1,Test Lab,2025-11-13 13:15,2025-11-13 13:45,2025-11-13 13:12,2025-11-13 13:38,2025-11-13 13:15,2025-11-13 13:38,23.00,partial_overlap,Medium
1428,P021,Team Building,Client Visit,Conference Room C,Conference Room A,2025-11-13 10:15,2025-11-13 11:15,2025-11-13 10:15,2025-11-13 11:00,2025-11-13 10:15,2025-11-13 11:00,45.00,containment,Medium
1429,P021,Team Building,Training,Conference Room C,R&D Center,2025-11-13 10:15,2025-11-13 11:15,2025-11-13 10:37,2025-11-13 10:54,2025-11-13 10:37,2025-11-13 10:54,17.00,containment,Medium
1430,P021,One-on-One,Design Review,Demo Hall,Office Area 1,2025-11-15 13:30,2025-11-15 14:30,2025-11-15 14:15,2025-11-15 14:30,2025-11-15 14:15,2025-11-15 14:30,15.00,containment,Medium
1431,P021,Client Visit,Training,Conference Room A,R&D Center,2025-11-13 10:15,2025-11-13 11:00,2025-11-13 10:37,2025-11-13 10:54,2025-11-13 10:37,2025-11-13 10:54,17.00,containment,Medium
1432,P021,Testing Acceptance,Deployment,Office Area 2,Client Reception,2025-11-20 09:30,2025-11-20 09:45,2025-11-20 09:15,2025-11-20 10:00,2025-11-20 09:30,2025-11-20 09:45,15.00,containment,Medium
1433,P021,Testing Acceptance,Client Visit,Training Room,Conference Room A,2025-11-19 08:30,2025-11-19 09:15,2025-11-19 08:57,2025-11-19 09:42,2025-11-19 08:57,2025-11-19 09:15,18.00,partial_overlap,Medium
1434,P021,One-on-One,Meeting,Product Showcase,Product Showcase,2025-11-15 08:45,2025-11-15 09:15,2025-11-15 08:45,2025-11-15 09:15,2025-11-15 08:45,2025-11-15 09:15,30.00,containment,Medium
1435,P021,Team Building,Deployment,Cafe,Office Area 1,2025-11-17 18:45,2025-11-17 19:15,2025-11-17 18:59,2025-11-17 19:26,2025-11-17 18:59,2025-11-17 19:15,16.00,partial_overlap,Medium
1436,P021,Training,Team Building,Demo Hall,Test Lab,2025-11-22 09:00,2025-11-22 09:30,2025-11-22 09:10,2025-11-22 09:39,2025-11-22 09:10,2025-11-22 09:30,20.00,partial_overlap,Medium
1437,P021,Design Review,Code Review,Test Lab,Remote,2025-11-22 13:15,2025-11-22 14:00,2025-11-22 13:25,2025-11-22 14:17,2025-11-22 13:25,2025-11-22 14:00,35.00,partial_overlap,Medium
1438,P022,Operations Check,One-on-One,Test Lab,Conference Room C,2025-11-02 14:30,2025-11-02 15:15,2025-11-02 14:15,2025-11-02 15:45,2025-11-02 14:30,2025-11-02 15:15,45.00,containment,Medium
1439,P022,Team Building,Training,Break Room,Test Lab,2025-11-01 10:30,2025-11-01 11:00,2025-11-01 10:47,2025-11-01 11:31,2025-11-01 10:47,2025-11-01 11:00,13.00,partial_overlap,Low
1440,P022,One-on-One,Team Building,Conference Room C,Product Showcase,2025-11-02 14:15,2025-11-02 15:45,2025-11-02 15:30,2025-11-02 16:30,2025-11-02 15:30,2025-11-02 15:45,15.00,partial_overlap,Medium
1441,P022,Testing Acceptance,Project Discussion,Remote,Cafe,2025-11-06 13:15,2025-11-06 14:15,2025-11-06 13:39,2025-11-06 14:25,2025-11-06 13:39,2025-11-06 14:15,36.00,partial_overlap,Medium
1442,P022,Testing Acceptance,Operations Check,Remote,Break Room,2025-11-06 13:15,2025-11-06 14:15,2025-11-06 13:00,2025-11-06 13:45,2025-11-06 13:15,2025-11-06 13:45,30.00,partial_overlap,Medium
1443,P022,Project Discussion,Operations Check,Cafe,Break Room,2025-11-06 13:39,2025-11-06 14:25,2025-11-06 13:00,2025-11-06 13:45,2025-11-06 13:39,2025-11-06 13:45,6.00,partial_overlap,Low
1444,P022,Team Building,Team Building,Training Room,Online Meeting,2025-11-08 15:15,2025-11-08 16:15,2025-11-08 15:27,2025-11-08 16:17,2025-11-08 15:27,2025-11-08 16:15,48.00,partial_overlap,Medium
1445,P022,Tech Sharing,Product Demo,Cafe,Remote,2025-11-05 11:15,2025-11-05 12:15,2025-11-05 11:40,2025-11-05 12:11,2025-11-05 11:40,2025-11-05 12:11,31.00,containment,Medium
1446,P022,Code Review,One-on-One,Online Meeting,Remote,2025-11-07 13:15,2025-11-07 13:45,2025-11-07 13:34,2025-11-07 14:27,2025-11-07 13:34,2025-11-07 13:45,11.00,partial_overlap,Low
1447,P022,Client Visit,Training,Conference Room B,Break Room,2025-11-09 14:00,2025-11-09 14:30,2025-11-09 14:09,2025-11-09 15:00,2025-11-09 14:09,2025-11-09 14:30,21.00,partial_overlap,Medium
1448,P022,Training,Project Discussion,R&D Center,Product Showcase,2025-11-10 08:45,2025-11-10 09:30,2025-11-10 08:30,2025-11-10 09:15,2025-11-10 08:45,2025-11-10 09:15,30.00,partial_overlap,Medium
1449,P022,Training,Brainstorming,R&D Center,Client Reception,2025-11-10 08:45,2025-11-10 09:30,2025-11-10 08:56,2025-11-10 09:49,2025-11-10 08:56,2025-11-10 09:30,34.00,partial_overlap,Medium
1450,P022,Meeting,Client Visit,Demo Hall,R&D Center,2025-11-14 16:15,2025-11-14 17:00,2025-11-14 16:45,2025-11-14 17:30,2025-11-14 16:45,2025-11-14 17:00,15.00,partial_overlap,Medium
1451,P022,Testing Acceptance,Training,Office Area 1,Office Area 2,2025-11-14 12:30,2025-11-14 13:15,2025-11-14 13:00,2025-11-14 14:00,2025-11-14 13:00,2025-11-14 13:15,15.00,partial_overlap,Medium
1452,P022,Testing Acceptance,Product Demo,Office Area 1,Remote,2025-11-14 12:30,2025-11-14 13:15,2025-11-14 12:38,2025-11-14 12:55,2025-11-14 12:38,2025-11-14 12:55,17.00,containment,Medium
1453,P022,Requirements Analysis,Meeting,R&D Center,Online Meeting,2025-11-13 11:45,2025-11-13 12:15,2025-11-13 12:12,2025-11-13 12:45,2025-11-13 12:12,2025-11-13 12:15,3.00,partial_overlap,Low
1454,P022,Project Discussion,Brainstorming,Product Showcase,Client Reception,2025-11-10 08:30,2025-11-10 09:15,2025-11-10 08:56,2025-11-10 09:49,2025-11-10 08:56,2025-11-10 09:15,19.00,partial_overlap,Medium
1455,P022,Operations Check,Code Review,Cafe,Online Meeting,2025-11-12 14:45,2025-11-12 15:45,2025-11-12 15:15,2025-11-12 15:45,2025-11-12 15:15,2025-11-12 15:45,30.00,containment,Medium
1456,P022,Operations Check,Design Review,Cafe,Conference Room B,2025-11-12 14:45,2025-11-12 15:45,2025-11-12 15:35,2025-11-12 16:16,2025-11-12 15:35,2025-11-12 15:45,10.00,partial_overlap,Low
1457,P022,Client Visit,Project Discussion,Test Lab,Online Meeting,2025-11-14 18:45,2025-11-14 19:15,2025-11-14 18:30,2025-11-14 19:00,2025-11-14 18:45,2025-11-14 19:00,15.00,partial_overlap,Medium
1458,P022,Code Review,Design Review,Online Meeting,Conference Room B,2025-11-12 15:15,2025-11-12 15:45,2025-11-12 15:35,2025-11-12 16:16,2025-11-12 15:35,2025-11-12 15:45,10.00,partial_overlap,Low
1459,P022,Meeting,Brainstorming,Demo Hall,Online Meeting,2025-11-16 11:45,2025-11-16 12:15,2025-11-16 12:11,2025-11-16 13:03,2025-11-16 12:11,2025-11-16 12:15,4.00,partial_overlap,Low
1460,P022,Tech Sharing,Code Review,R&D Center,Conference Room B,2025-11-18 14:30,2025-11-18 14:45,2025-11-18 14:42,2025-11-18 15:15,2025-11-18 14:42,2025-11-18 14:45,3.00,partial_overlap,Low
1461,P022,Design Review,Operations Check,Test Lab,Office Area 2,2025-11-20 15:45,2025-11-20 16:00,2025-11-20 15:15,2025-11-20 16:00,2025-11-20 15:45,2025-11-20 16:00,15.00,containment,Medium
1462,P022,Design Review,Operations Check,Test Lab,R&D Center,2025-11-20 15:45,2025-11-20 16:00,2025-11-20 15:30,2025-11-20 15:59,2025-11-20 15:45,2025-11-20 15:59,14.00,partial_overlap,Low
1463,P022,Design Review,Design Review,Test Lab,Conference Room C,2025-11-20 15:45,2025-11-20 16:00,2025-11-20 15:36,2025-11-20 16:15,2025-11-20 15:45,2025-11-20 16:00,15.00,containment,Medium
1464,P022,Meeting,Design Review,Conference Room B,Conference Room B,2025-11-15 10:15,2025-11-15 10:45,2025-11-15 10:32,2025-11-15 10:55,2025-11-15 10:32,2025-11-15 10:45,13.00,partial_overlap,Low
1465,P022,Project Discussion,Brainstorming,Conference Room C,Online Meeting,2025-11-16 12:30,2025-11-16 13:15,2025-11-16 12:11,2025-11-16 13:03,2025-11-16 12:30,2025-11-16 13:03,33.00,partial_overlap,Medium
1466,P022,Training,Training,Conference Room A,Client Reception,2025-11-20 10:30,2025-11-20 11:00,2025-11-20 10:45,2025-11-20 11:30,2025-11-20 10:45,2025-11-20 11:00,15.00,partial_overlap,Medium
1467,P022,Training,Product Demo,Conference Room A,Client Reception,2025-11-20 10:30,2025-11-20 11:00,2025-11-20 10:43,2025-11-20 11:21,2025-11-20 10:43,2025-11-20 11:00,17.00,partial_overlap,Medium
1468,P022,Code Review,One-on-One,Conference Room C,Conference Room A,2025-11-17 10:15,2025-11-17 11:00,2025-11-17 10:30,2025-11-17 10:45,2025-11-17 10:30,2025-11-17 10:45,15.00,containment,Medium
1469,P022,Project Discussion,Operations Check,Product Showcase,Conference Room A,2025-11-19 14:00,2025-11-19 14:45,2025-11-19 14:12,2025-11-19 14:37,2025-11-19 14:12,2025-11-19 14:37,25.00,containment,Medium
1470,P022,Team Building,Client Visit,Client Reception,Product Showcase,2025-11-17 13:15,2025-11-17 13:45,2025-11-17 12:32,2025-11-17 13:30,2025-11-17 13:15,2025-11-17 13:30,15.00,partial_overlap,Medium
1471,P022,Code Review,Design Review,Office Area 1,Conference Room B,2025-11-18 10:45,2025-11-18 11:00,2025-11-18 10:52,2025-11-18 11:43,2025-11-18 10:52,2025-11-18 11:00,8.00,partial_overlap,Low
1472,P022,Operations Check,Operations Check,Office Area 2,R&D Center,2025-11-20 15:15,2025-11-20 16:00,2025-11-20 15:30,2025-11-20 15:59,2025-11-20 15:30,2025-11-20 15:59,29.00,containment,Medium
1473,P022,Operations Check,Design Review,Office Area 2,Conference Room C,2025-11-20 15:15,2025-11-20 16:00,2025-11-20 15:36,2025-11-20 16:15,2025-11-20 15:36,2025-11-20 16:00,24.00,partial_overlap,Medium
1474,P022,Training,Product Demo,Client Reception,Client Reception,2025-11-20 10:45,2025-11-20 11:30,2025-11-20 10:43,2025-11-20 11:21,2025-11-20 10:45,2025-11-20 11:21,36.00,partial_overlap,Medium
1475,P022,Operations Check,Design Review,R&D Center,Conference Room C,2025-11-20 15:30,2025-11-20 15:59,2025-11-20 15:36,2025-11-20 16:15,2025-11-20 15:36,2025-11-20 15:59,23.00,partial_overlap,Medium
1476,P023,Product Demo,Requirements Analysis,Conference Room A,Cafe,2025-11-09 18:15,2025-11-09 19:15,2025-11-09 18:30,2025-11-09 19:15,2025-11-09 18:30,2025-11-09 19:15,45.00,containment,Medium
1477,P023,One-on-One,Brainstorming,Break Room,Demo Hall,2025-11-07 08:30,2025-11-07 09:00,2025-11-07 08:00,2025-11-07 08:45,2025-11-07 08:30,2025-11-07 08:45,15.00,partial_overlap,Medium
1478,P023,Product Demo,Project Discussion,Product Showcase,Cafe,2025-11-13 13:00,2025-11-13 13:30,2025-11-13 13:00,2025-11-13 13:15,2025-11-13 13:00,2025-11-13 13:15,15.00,containment,Medium
1479,P023,Testing Acceptance,Operations Check,Online Meeting,Remote,2025-11-13 10:30,2025-11-13 11:30,2025-11-13 10:37,2025-11-13 11:05,2025-11-13 10:37,2025-11-13 11:05,28.00,containment,Medium
1480,P023,Operations Check,Brainstorming,Conference Room C,Online Meeting,2025-11-14 13:30,2025-11-14 14:30,2025-11-14 13:45,2025-11-14 14:30,2025-11-14 13:45,2025-11-14 14:30,45.00,containment,Medium
1481,P023,Product Demo,Design Review,Office Area 2,Client Reception,2025-11-16 11:45,2025-11-16 12:15,2025-11-16 12:00,2025-11-16 12:44,2025-11-16 12:00,2025-11-16 12:15,15.00,partial_overlap,Medium
1482,P023,Team Building,Design Review,R&D Center,Test Lab,2025-11-15 09:00,2025-11-15 09:45,2025-11-15 09:15,2025-11-15 09:30,2025-11-15 09:15,2025-11-15 09:30,15.00,containment,Medium
1483,P023,Team Building,Code Review,Client Reception,Product Showcase,2025-11-17 10:45,2025-11-17 11:30,2025-11-17 10:52,2025-11-17 11:33,2025-11-17 10:52,2025-11-17 11:30,38.00,partial_overlap,Medium
1484,P023,Code Review,Requirements Analysis,Client Reception,Product Showcase,2025-11-19 18:30,2025-11-19 19:15,2025-11-19 18:45,2025-11-19 19:30,2025-11-19 18:45,2025-11-19 19:15,30.00,partial_overlap,Medium
1485,P023,Code Review,Requirements Analysis,Client Reception,R&D Center,2025-11-19 18:30,2025-11-19 19:15,2025-11-19 18:45,2025-11-19 19:30,2025-11-19 18:45,2025-11-19 19:15,30.00,partial_overlap,Medium
1486,P023,Brainstorming,Testing Acceptance,Client Reception,Conference Room A,2025-11-16 15:00,2025-11-16 15:15,2025-11-16 15:05,2025-11-16 15:41,2025-11-16 15:05,2025-11-16 15:15,10.00,partial_overlap,Low
1487,P023,Tech Sharing,Brainstorming,Office Area 1,Conference Room A,2025-11-17 14:45,2025-11-17 15:15,2025-11-17 14:56,2025-11-17 15:19,2025-11-17 14:56,2025-11-17 15:15,19.00,partial_overlap,Medium
1488,P023,Project Discussion,Testing Acceptance,Remote,Training Room,2025-11-17 18:00,2025-11-17 18:15,2025-11-17 17:45,2025-11-17 18:15,2025-11-17 18:00,2025-11-17 18:15,15.00,containment,Medium
1489,P023,One-on-One,Code Review,Conference Room B,Demo Hall,2025-11-15 13:30,2025-11-15 14:15,2025-11-15 13:44,2025-11-15 14:44,2025-11-15 13:44,2025-11-15 14:15,31.00,partial_overlap,Medium
1490,P023,Requirements Analysis,Requirements Analysis,Product Showcase,R&D Center,2025-11-19 18:45,2025-11-19 19:30,2025-11-19 18:45,2025-11-19 19:30,2025-11-19 18:45,2025-11-19 19:30,45.00,containment,Medium
1491,P023,Testing Acceptance,Training,Client Reception,Cafe,2025-11-24 12:00,2025-11-24 12:45,2025-11-24 12:14,2025-11-24 13:14,2025-11-24 12:14,2025-11-24 12:45,31.00,partial_overlap,Medium
1492,P023,Testing Acceptance,Training,Conference Room A,Test Lab,2025-11-16 15:05,2025-11-16 15:41,2025-11-16 15:17,2025-11-16 15:54,2025-11-16 15:17,2025-11-16 15:41,24.00,partial_overlap,Medium
1493,P024,Team Building,Product Demo,Online Meeting,Training Room,2025-10-30 18:15,2025-10-30 19:45,2025-10-30 18:36,2025-10-30 19:31,2025-10-30 18:36,2025-10-30 19:31,55.00,containment,Medium
1494,P024,Team Building,Requirements Analysis,Online Meeting,Demo Hall,2025-10-30 18:15,2025-10-30 19:45,2025-10-30 18:20,2025-10-30 19:00,2025-10-30 18:20,2025-10-30 19:00,40.00,containment,Medium
1495,P024,Deployment,Team Building,Conference Room B,Break Room,2025-10-27 14:00,2025-10-27 15:30,2025-10-27 14:08,2025-10-27 14:43,2025-10-27 14:08,2025-10-27 14:43,35.00,containment,Medium
1496,P024,Tech Sharing,One-on-One,Client Reception,Test Lab,2025-11-03 10:30,2025-11-03 11:15,2025-11-03 10:57,2025-11-03 11:32,2025-11-03 10:57,2025-11-03 11:15,18.00,partial_overlap,Medium
1497,P024,Tech Sharing,Brainstorming,Client Reception,Conference Room B,2025-11-03 10:30,2025-11-03 11:15,2025-11-03 10:37,2025-11-03 11:07,2025-11-03 10:37,2025-11-03 11:07,30.00,containment,Medium
1498,P024,Tech Sharing,Deployment,Demo Hall,Training Room,2025-11-08 15:15,2025-11-08 16:15,2025-11-08 14:30,2025-11-08 15:30,2025-11-08 15:15,2025-11-08 15:30,15.00,partial_overlap,Medium
1499,P024,Product Demo,Requirements Analysis,Training Room,Demo Hall,2025-10-30 18:36,2025-10-30 19:31,2025-10-30 18:20,2025-10-30 19:00,2025-10-30 18:36,2025-10-30 19:00,24.00,partial_overlap,Medium
1500,P024,One-on-One,Brainstorming,Test Lab,Conference Room B,2025-11-03 10:57,2025-11-03 11:32,2025-11-03 10:37,2025-11-03 11:07,2025-11-03 10:57,2025-11-03 11:07,10.00,partial_overlap,Low
1501,P024,Product Demo,Tech Sharing,Online Meeting,Break Room,2025-11-11 09:45,2025-11-11 10:30,2025-11-11 10:15,2025-11-11 11:15,2025-11-11 10:15,2025-11-11 10:30,15.00,partial_overlap,Medium
1502,P024,Training,Training,Office Area 1,Conference Room C,2025-11-08 16:45,2025-11-08 17:30,2025-11-08 17:00,2025-11-08 17:30,2025-11-08 17:00,2025-11-08 17:30,30.00,containment,Medium
1503,P024,Testing Acceptance,Team Building,Conference Room A,Conference Room C,2025-11-17 14:30,2025-11-17 15:00,2025-11-17 14:15,2025-11-17 14:45,2025-11-17 14:30,2025-11-17 14:45,15.00,partial_overlap,Medium
1504,P024,Testing Acceptance,Testing Acceptance,Conference Room A,Office Area 1,2025-11-17 14:30,2025-11-17 15:00,2025-11-17 14:00,2025-11-17 14:45,2025-11-17 14:30,2025-11-17 14:45,15.00,partial_overlap,Medium
1505,P024,Code Review,Team Building,Break Room,Break Room,2025-11-12 18:45,2025-11-12 19:15,2025-11-12 18:52,2025-11-12 19:13,2025-11-12 18:52,2025-11-12 19:13,21.00,containment,Medium
1506,P024,Team Building,Testing Acceptance,Conference Room C,Office Area 1,2025-11-17 14:15,2025-11-17 14:45,2025-11-17 14:00,2025-11-17 14:45,2025-11-17 14:15,2025-11-17 14:45,30.00,containment,Medium
1507,P024,Requirements Analysis,Tech Sharing,Office Area 1,Product Showcase,2025-11-20 14:15,2025-11-20 14:45,2025-11-20 14:30,2025-11-20 15:15,2025-11-20 14:30,2025-11-20 14:45,15.00,partial_overlap,Medium
1508,P024,Deployment,Code Review,Online Meeting,Office Area 1,2025-11-15 15:30,2025-11-15 16:00,2025-11-15 15:30,2025-11-15 15:45,2025-11-15 15:30,2025-11-15 15:45,15.00,containment,Medium
1509,P024,Client Visit,Training,Client Reception,Demo Hall,2025-11-20 08:15,2025-11-20 08:45,2025-11-20 08:15,2025-11-20 08:30,2025-11-20 08:15,2025-11-20 08:30,15.00,containment,Medium
1510,P024,Requirements Analysis,Brainstorming,Client Reception,Remote,2025-11-19 15:30,2025-11-19 16:00,2025-11-19 15:59,2025-11-19 16:14,2025-11-19 15:59,2025-11-19 16:00,1.00,partial_overlap,Low
1511,P024,Training,Project Discussion,Conference Room A,Office Area 2,2025-11-17 18:15,2025-11-17 18:45,2025-11-17 18:30,2025-11-17 18:45,2025-11-17 18:30,2025-11-17 18:45,15.00,containment,Medium
1512,P024,Tech Sharing,One-on-One,R&D Center,Training Room,2025-11-18 09:15,2025-11-18 10:00,2025-11-18 08:45,2025-11-18 09:30,2025-11-18 09:15,2025-11-18 09:30,15.00,partial_overlap,Medium
1513,P024,Meeting,Requirements Analysis,Remote,Conference Room C,2025-11-21 09:00,2025-11-21 09:15,2025-11-21 09:13,2025-11-21 10:03,2025-11-21 09:13,2025-11-21 09:15,2.00,partial_overlap,Low
1514,P024,Testing Acceptance,Project Discussion,Demo Hall,Client Reception,2025-11-23 15:45,2025-11-23 16:15,2025-11-23 15:55,2025-11-23 16:16,2025-11-23 15:55,2025-11-23 16:15,20.00,partial_overlap,Medium
1515,P024,Training,Design Review,Training Room,Training Room,2025-11-25 14:15,2025-11-25 14:45,2025-11-25 14:33,2025-11-25 15:26,2025-11-25 14:33,2025-11-25 14:45,12.00,partial_overlap,Low
1516,P024,Product Demo,Requirements Analysis,Cafe,Conference Room C,2025-11-21 09:21,2025-11-21 10:21,2025-11-21 09:13,2025-11-21 10:03,2025-11-21 09:21,2025-11-21 10:03,42.00,partial_overlap,Medium
1517,P025,Requirements Analysis,Requirements Analysis,Office Area 1,Training Room,2025-11-03 09:30,2025-11-03 10:00,2025-11-03 09:40,2025-11-03 10:32,2025-11-03 09:40,2025-11-03 10:00,20.00,partial_overlap,Medium
1518,P025,Meeting,Code Review,Client Reception,Online Meeting,2025-11-04 08:15,2025-11-04 08:45,2025-11-04 08:30,2025-11-04 09:15,2025-11-04 08:30,2025-11-04 08:45,15.00,partial_overlap,Medium
1519,P025,Project Discussion,Deployment,Break Room,Office Area 2,2025-11-15 11:15,2025-11-15 12:15,2025-11-15 11:45,2025-11-15 12:45,2025-11-15 11:45,2025-11-15 12:15,30.00,partial_overlap,Medium
1520,P025,Project Discussion,Meeting,Break Room,Cafe,2025-11-15 11:15,2025-11-15 12:15,2025-11-15 11:45,2025-11-15 12:15,2025-11-15 11:45,2025-11-15 12:15,30.00,containment,Medium
1521,P025,Deployment,Meeting,Office Area 2,Cafe,2025-11-15 11:45,2025-11-15 12:45,2025-11-15 11:45,2025-11-15 12:15,2025-11-15 11:45,2025-11-15 12:15,30.00,containment,Medium
1522,P025,Operations Check,Testing Acceptance,Conference Room B,R&D Center,2025-11-10 10:15,2025-11-10 10:45,2025-11-10 10:37,2025-11-10 11:17,2025-11-10 10:37,2025-11-10 10:45,8.00,partial_overlap,Low
1523,P025,Tech Sharing,Tech Sharing,Conference Room C,Training Room,2025-11-16 08:30,2025-11-16 09:15,2025-11-16 08:15,2025-11-16 08:45,2025-11-16 08:30,2025-11-16 08:45,15.00,partial_overlap,Medium
1524,P025,Tech Sharing,Testing Acceptance,Training Room,Conference Room B,2025-11-14 14:30,2025-11-14 15:00,2025-11-14 14:30,2025-11-14 15:00,2025-11-14 14:30,2025-11-14 15:00,30.00,containment,Medium
1525,P025,Tech Sharing,Meeting,Training Room,R&D Center,2025-11-14 14:30,2025-11-14 15:00,2025-11-14 14:45,2025-11-14 15:00,2025-11-14 14:45,2025-11-14 15:00,15.00,containment,Medium
1526,P025,Design Review,Operations Check,Break Room,Remote,2025-11-18 08:00,2025-11-18 08:30,2025-11-18 08:15,2025-11-18 09:00,2025-11-18 08:15,2025-11-18 08:30,15.00,partial_overlap,Medium
1527,P025,Design Review,One-on-One,Break Room,Conference Room B,2025-11-18 08:00,2025-11-18 08:30,2025-11-18 08:24,2025-11-18 08:52,2025-11-18 08:24,2025-11-18 08:30,6.00,partial_overlap,Low
1528,P025,Testing Acceptance,Meeting,Conference Room B,R&D Center,2025-11-14 14:30,2025-11-14 15:00,2025-11-14 14:45,2025-11-14 15:00,2025-11-14 14:45,2025-11-14 15:00,15.00,containment,Medium
1529,P025,Code Review,Project Discussion,Client Reception,Conference Room A,2025-11-21 10:15,2025-11-21 11:00,2025-11-21 10:30,2025-11-21 11:00,2025-11-21 10:30,2025-11-21 11:00,30.00,containment,Medium
1530,P025,Code Review,Product Demo,Client Reception,Cafe,2025-11-21 10:15,2025-11-21 11:00,2025-11-21 10:00,2025-11-21 10:45,2025-11-21 10:15,2025-11-21 10:45,30.00,partial_overlap,Medium
1531,P025,Code Review,Operations Check,Client Reception,Break Room,2025-11-21 10:15,2025-11-21 11:00,2025-11-21 10:38,2025-11-21 11:12,2025-11-21 10:38,2025-11-21 11:00,22.00,partial_overlap,Medium
1532,P025,Code Review,Brainstorming,Client Reception,Online Meeting,2025-11-21 10:15,2025-11-21 11:00,2025-11-21 10:34,2025-11-21 11:20,2025-11-21 10:34,2025-11-21 11:00,26.00,partial_overlap,Medium
1533,P025,One-on-One,Operations Check,Product Showcase,Remote,2025-11-18 08:45,2025-11-18 09:00,2025-11-18 08:15,2025-11-18 09:00,2025-11-18 08:45,2025-11-18 09:00,15.00,containment,Medium
1534,P025,One-on-One,One-on-One,Product Showcase,Conference Room B,2025-11-18 08:45,2025-11-18 09:00,2025-11-18 08:24,2025-11-18 08:52,2025-11-18 08:45,2025-11-18 08:52,7.00,partial_overlap,Low
1535,P025,Brainstorming,Design Review,Remote,Test Lab,2025-11-21 12:45,2025-11-21 13:15,2025-11-21 13:02,2025-11-21 13:47,2025-11-21 13:02,2025-11-21 13:15,13.00,partial_overlap,Low
1536,P025,Project Discussion,Product Demo,Conference Room A,Cafe,2025-11-21 10:30,2025-11-21 11:00,2025-11-21 10:00,2025-11-21 10:45,2025-11-21 10:30,2025-11-21 10:45,15.00,partial_overlap,Medium
1537,P025,Project Discussion,Operations Check,Conference Room A,Break Room,2025-11-21 10:30,2025-11-21 11:00,2025-11-21 10:38,2025-11-21 11:12,2025-11-21 10:38,2025-11-21 11:00,22.00,partial_overlap,Medium
1538,P025,Project Discussion,Brainstorming,Conference Room A,Online Meeting,2025-11-21 10:30,2025-11-21 11:00,2025-11-21 10:34,2025-11-21 11:20,2025-11-21 10:34,2025-11-21 11:00,26.00,partial_overlap,Medium
1539,P025,Tech Sharing,Product Demo,Office Area 1,Cafe,2025-11-21 09:30,2025-11-21 10:15,2025-11-21 10:00,2025-11-21 10:45,2025-11-21 10:00,2025-11-21 10:15,15.00,partial_overlap,Medium
1540,P025,Project Discussion,Training,Online Meeting,Office Area 1,2025-11-22 13:45,2025-11-22 14:30,2025-11-22 14:01,2025-11-22 14:22,2025-11-22 14:01,2025-11-22 14:22,21.00,containment,Medium
1541,P025,Project Discussion,Client Visit,Online Meeting,Cafe,2025-11-22 13:45,2025-11-22 14:30,2025-11-22 14:26,2025-11-22 14:46,2025-11-22 14:26,2025-11-22 14:30,4.00,partial_overlap,Low
1542,P025,Project Discussion,One-on-One,Online Meeting,Office Area 1,2025-11-22 13:45,2025-11-22 14:30,2025-11-22 14:24,2025-11-22 15:18,2025-11-22 14:24,2025-11-22 14:30,6.00,partial_overlap,Low
1543,P025,Product Demo,Operations Check,Cafe,Break Room,2025-11-21 10:00,2025-11-21 10:45,2025-11-21 10:38,2025-11-21 11:12,2025-11-21 10:38,2025-11-21 10:45,7.00,partial_overlap,Low
1544,P025,Product Demo,Brainstorming,Cafe,Online Meeting,2025-11-21 10:00,2025-11-21 10:45,2025-11-21 10:34,2025-11-21 11:20,2025-11-21 10:34,2025-11-21 10:45,11.00,partial_overlap,Low
1545,P025,Operations Check,One-on-One,Remote,Conference Room B,2025-11-18 08:15,2025-11-18 09:00,2025-11-18 08:24,2025-11-18 08:52,2025-11-18 08:24,2025-11-18 08:52,28.00,containment,Medium
1546,P025,Operations Check,Brainstorming,Break Room,Online Meeting,2025-11-21 10:38,2025-11-21 11:12,2025-11-21 10:34,2025-11-21 11:20,2025-11-21 10:38,2025-11-21 11:12,34.00,containment,Medium
1547,P025,Client Visit,One-on-One,Cafe,Office Area 1,2025-11-22 14:26,2025-11-22 14:46,2025-11-22 14:24,2025-11-22 15:18,2025-11-22 14:26,2025-11-22 14:46,20.00,containment,Medium
1548,P026,Team Building,Meeting,Office Area 2,Conference Room B,2025-11-04 12:00,2025-11-04 13:00,2025-11-04 12:15,2025-11-04 13:00,2025-11-04 12:15,2025-11-04 13:00,45.00,containment,Medium
1549,P026,Team Building,Testing Acceptance,Demo Hall,Break Room,2025-11-07 15:00,2025-11-07 15:45,2025-11-07 15:09,2025-11-07 16:00,2025-11-07 15:09,2025-11-07 15:45,36.00,partial_overlap,Medium
1550,P026,Project Discussion,One-on-One,Cafe,Product Showcase,2025-11-10 17:45,2025-11-10 18:15,2025-11-10 17:58,2025-11-10 18:32,2025-11-10 17:58,2025-11-10 18:15,17.00,partial_overlap,Medium
1551,P026,Testing Acceptance,Testing Acceptance,Conference Room A,Office Area 2,2025-11-07 09:00,2025-11-07 10:00,2025-11-07 09:11,2025-11-07 10:01,2025-11-07 09:11,2025-11-07 10:00,49.00,partial_overlap,Medium
1552,P026,Team Building,Project Discussion,Product Showcase,Remote,2025-11-09 16:45,2025-11-09 17:45,2025-11-09 16:52,2025-11-09 17:07,2025-11-09 16:52,2025-11-09 17:07,15.00,containment,Medium
1553,P026,Team Building,One-on-One,Product Showcase,Conference Room A,2025-11-09 16:45,2025-11-09 17:45,2025-11-09 17:07,2025-11-09 17:46,2025-11-09 17:07,2025-11-09 17:45,38.00,partial_overlap,Medium
1554,P026,Product Demo,One-on-One,Online Meeting,Training Room,2025-11-13 10:15,2025-11-13 11:00,2025-11-13 10:44,2025-11-13 11:19,2025-11-13 10:44,2025-11-13 11:00,16.00,partial_overlap,Medium
1555,P026,Product Demo,Tech Sharing,Online Meeting,Cafe,2025-11-13 10:15,2025-11-13 11:00,2025-11-13 10:30,2025-11-13 10:45,2025-11-13 10:30,2025-11-13 10:45,15.00,containment,Medium
1556,P026,Testing Acceptance,Code Review,Cafe,Product Showcase,2025-11-16 15:30,2025-11-16 16:15,2025-11-16 15:15,2025-11-16 16:00,2025-11-16 15:30,2025-11-16 16:00,30.00,partial_overlap,Medium
1557,P026,Testing Acceptance,Requirements Analysis,Cafe,Office Area 1,2025-11-16 15:30,2025-11-16 16:15,2025-11-16 15:23,2025-11-16 15:39,2025-11-16 15:30,2025-11-16 15:39,9.00,partial_overlap,Low
1558,P026,Testing Acceptance,Training,Cafe,Conference Room B,2025-11-16 15:30,2025-11-16 16:15,2025-11-16 15:46,2025-11-16 16:05,2025-11-16 15:46,2025-11-16 16:05,19.00,containment,Medium
1559,P026,Testing Acceptance,Client Visit,Cafe,Conference Room A,2025-11-16 15:30,2025-11-16 16:15,2025-11-16 15:41,2025-11-16 16:27,2025-11-16 15:41,2025-11-16 16:15,34.00,partial_overlap,Medium
1560,P026,Testing Acceptance,Design Review,Cafe,Client Reception,2025-11-16 15:30,2025-11-16 16:15,2025-11-16 15:30,2025-11-16 15:45,2025-11-16 15:30,2025-11-16 15:45,15.00,containment,Medium
1561,P026,Testing Acceptance,Training,Cafe,Test Lab,2025-11-16 15:30,2025-11-16 16:15,2025-11-16 15:45,2025-11-16 16:30,2025-11-16 15:45,2025-11-16 16:15,30.00,partial_overlap,Medium
1562,P026,Tech Sharing,Product Demo,Demo Hall,Client Reception,2025-11-16 12:15,2025-11-16 13:15,2025-11-16 12:05,2025-11-16 12:43,2025-11-16 12:15,2025-11-16 12:43,28.00,partial_overlap,Medium
1563,P026,Code Review,Requirements Analysis,Product Showcase,Office Area 1,2025-11-16 15:15,2025-11-16 16:00,2025-11-16 15:23,2025-11-16 15:39,2025-11-16 15:23,2025-11-16 15:39,16.00,containment,Medium
1564,P026,Code Review,Training,Product Showcase,Conference Room B,2025-11-16 15:15,2025-11-16 16:00,2025-11-16 15:46,2025-11-16 16:05,2025-11-16 15:46,2025-11-16 16:00,14.00,partial_overlap,Low
1565,P026,Code Review,Client Visit,Product Showcase,Conference Room A,2025-11-16 15:15,2025-11-16 16:00,2025-11-16 15:41,2025-11-16 16:27,2025-11-16 15:41,2025-11-16 16:00,19.00,partial_overlap,Medium
1566,P026,Code Review,Design Review,Product Showcase,Client Reception,2025-11-16 15:15,2025-11-16 16:00,2025-11-16 15:30,2025-11-16 15:45,2025-11-16 15:30,2025-11-16 15:45,15.00,containment,Medium
1567,P026,Code Review,Training,Product Showcase,Test Lab,2025-11-16 15:15,2025-11-16 16:00,2025-11-16 15:45,2025-11-16 16:30,2025-11-16 15:45,2025-11-16 16:00,15.00,partial_overlap,Medium
1568,P026,One-on-One,Tech Sharing,Training Room,Cafe,2025-11-13 10:44,2025-11-13 11:19,2025-11-13 10:30,2025-11-13 10:45,2025-11-13 10:44,2025-11-13 10:45,1.00,partial_overlap,Low
1569,P026,Requirements Analysis,Design Review,Office Area 1,Client Reception,2025-11-16 15:23,2025-11-16 15:39,2025-11-16 15:30,2025-11-16 15:45,2025-11-16 15:30,2025-11-16 15:39,9.00,partial_overlap,Low
1570,P026,Training,Client Visit,Conference Room B,Conference Room A,2025-11-16 15:46,2025-11-16 16:05,2025-11-16 15:41,2025-11-16 16:27,2025-11-16 15:46,2025-11-16 16:05,19.00,containment,Medium
1571,P026,Training,Training,Conference Room B,Test Lab,2025-11-16 15:46,2025-11-16 16:05,2025-11-16 15:45,2025-11-16 16:30,2025-11-16 15:46,2025-11-16 16:05,19.00,containment,Medium
1572,P026,Client Visit,Design Review,Conference Room A,Client Reception,2025-11-16 15:41,2025-11-16 16:27,2025-11-16 15:30,2025-11-16 15:45,2025-11-16 15:41,2025-11-16 15:45,4.00,partial_overlap,Low
1573,P026,Client Visit,Training,Conference Room A,Test Lab,2025-11-16 15:41,2025-11-16 16:27,2025-11-16 15:45,2025-11-16 16:30,2025-11-16 15:45,2025-11-16 16:27,42.00,partial_overlap,Medium
1574,P026,Testing Acceptance,Meeting,Client Reception,Training Room,2025-11-17 13:30,2025-11-17 14:15,2025-11-17 13:00,2025-11-17 13:45,2025-11-17 13:30,2025-11-17 13:45,15.00,partial_overlap,Medium
1575,P026,Client Visit,Product Demo,Product Showcase,Client Reception,2025-11-16 11:45,2025-11-16 12:15,2025-11-16 12:05,2025-11-16 12:43,2025-11-16 12:05,2025-11-16 12:15,10.00,partial_overlap,Low
1576,P026,Team Building,Tech Sharing,Online Meeting,Break Room,2025-11-16 17:00,2025-11-16 17:45,2025-11-16 17:30,2025-11-16 18:00,2025-11-16 17:30,2025-11-16 17:45,15.00,partial_overlap,Medium
1577,P026,Team Building,Tech Sharing,Online Meeting,Break Room,2025-11-16 17:00,2025-11-16 17:45,2025-11-16 16:59,2025-11-16 17:16,2025-11-16 17:00,2025-11-16 17:16,16.00,partial_overlap,Medium
1578,P026,Tech Sharing,Tech Sharing,Client Reception,Break Room,2025-11-16 16:45,2025-11-16 17:00,2025-11-16 16:59,2025-11-16 17:16,2025-11-16 16:59,2025-11-16 17:00,1.00,partial_overlap,Low
1579,P026,Code Review,Meeting,Demo Hall,Remote,2025-11-19 16:00,2025-11-19 16:30,2025-11-19 16:15,2025-11-19 16:30,2025-11-19 16:15,2025-11-19 16:30,15.00,containment,Medium
1580,P026,Deployment,Requirements Analysis,Demo Hall,Product Showcase,2025-11-17 15:00,2025-11-17 15:45,2025-11-17 15:08,2025-11-17 15:35,2025-11-17 15:08,2025-11-17 15:35,27.00,containment,Medium
1581,P027,Training,Product Demo,Conference Room C,Cafe,2025-11-02 12:15,2025-11-02 13:15,2025-11-02 12:40,2025-11-02 13:15,2025-11-02 12:40,2025-11-02 13:15,35.00,containment,Medium
1582,P027,Code Review,Testing Acceptance,Product Showcase,Training Room,2025-11-05 09:00,2025-11-05 10:00,2025-11-05 09:00,2025-11-05 09:30,2025-11-05 09:00,2025-11-05 09:30,30.00,containment,Medium
1583,P027,Design Review,One-on-One,Demo Hall,Product Showcase,2025-11-04 09:00,2025-11-04 10:00,2025-11-04 09:30,2025-11-04 10:15,2025-11-04 09:30,2025-11-04 10:00,30.00,partial_overlap,Medium
1584,P027,Training,Meeting,Conference Room A,Product Showcase,2025-11-10 17:00,2025-11-10 18:00,2025-11-10 16:30,2025-11-10 17:15,2025-11-10 17:00,2025-11-10 17:15,15.00,partial_overlap,Medium
1585,P027,Training,Product Demo,Conference Room A,Office Area 1,2025-11-10 17:00,2025-11-10 18:00,2025-11-10 17:00,2025-11-10 17:45,2025-11-10 17:00,2025-11-10 17:45,45.00,containment,Medium
1586,P027,Design Review,Client Visit,Break Room,Conference Room C,2025-11-11 18:45,2025-11-11 19:30,2025-11-11 18:30,2025-11-11 19:00,2025-11-11 18:45,2025-11-11 19:00,15.00,partial_overlap,Medium
1587,P027,Tech Sharing,One-on-One,Break Room,Conference Room A,2025-11-11 11:30,2025-11-11 12:30,2025-11-11 11:30,2025-11-11 12:15,2025-11-11 11:30,2025-11-11 12:15,45.00,containment,Medium
1588,P027,Tech Sharing,Meeting,Break Room,Test Lab,2025-11-11 11:30,2025-11-11 12:30,2025-11-11 12:15,2025-11-11 13:00,2025-11-11 12:15,2025-11-11 12:30,15.00,partial_overlap,Medium
1589,P027,Meeting,Product Demo,Product Showcase,Office Area 1,2025-11-10 16:30,2025-11-10 17:15,2025-11-10 17:00,2025-11-10 17:45,2025-11-10 17:00,2025-11-10 17:15,15.00,partial_overlap,Medium
1590,P027,Code Review,One-on-One,Training Room,Break Room,2025-11-08 18:00,2025-11-08 18:30,2025-11-08 17:30,2025-11-08 18:30,2025-11-08 18:00,2025-11-08 18:30,30.00,containment,Medium
1591,P027,Product Demo,Design Review,Office Area 2,Online Meeting,2025-11-14 17:15,2025-11-14 18:15,2025-11-14 17:26,2025-11-14 18:19,2025-11-14 17:26,2025-11-14 18:15,49.00,partial_overlap,Medium
1592,P027,Product Demo,Design Review,Office Area 2,Conference Room C,2025-11-14 17:15,2025-11-14 18:15,2025-11-14 17:00,2025-11-14 17:30,2025-11-14 17:15,2025-11-14 17:30,15.00,partial_overlap,Medium
1593,P027,Product Demo,Team Building,Office Area 2,Test Lab,2025-11-14 17:15,2025-11-14 18:15,2025-11-14 18:00,2025-11-14 18:30,2025-11-14 18:00,2025-11-14 18:15,15.00,partial_overlap,Medium
1594,P027,Requirements Analysis,Brainstorming,Online Meeting,Office Area 1,2025-11-14 14:30,2025-11-14 15:30,2025-11-14 15:15,2025-11-14 15:45,2025-11-14 15:15,2025-11-14 15:30,15.00,partial_overlap,Medium
1595,P027,Operations Check,Tech Sharing,Office Area 1,Cafe,2025-11-16 12:00,2025-11-16 13:00,2025-11-16 12:07,2025-11-16 12:38,2025-11-16 12:07,2025-11-16 12:38,31.00,containment,Medium
1596,P027,Operations Check,Meeting,Office Area 1,Product Showcase,2025-11-16 12:00,2025-11-16 13:00,2025-11-16 11:30,2025-11-16 12:04,2025-11-16 12:00,2025-11-16 12:04,4.00,partial_overlap,Low
1597,P027,Design Review,Design Review,Online Meeting,Conference Room C,2025-11-14 17:26,2025-11-14 18:19,2025-11-14 17:00,2025-11-14 17:30,2025-11-14 17:26,2025-11-14 17:30,4.00,partial_overlap,Low
1598,P027,Design Review,Team Building,Online Meeting,Test Lab,2025-11-14 17:26,2025-11-14 18:19,2025-11-14 18:00,2025-11-14 18:30,2025-11-14 18:00,2025-11-14 18:19,19.00,partial_overlap,Medium
1599,P027,Training,Meeting,R&D Center,Product Showcase,2025-11-16 11:15,2025-11-16 11:45,2025-11-16 11:30,2025-11-16 12:04,2025-11-16 11:30,2025-11-16 11:45,15.00,partial_overlap,Medium
1600,P027,Design Review,Testing Acceptance,Break Room,Office Area 2,2025-11-19 15:45,2025-11-19 16:30,2025-11-19 16:15,2025-11-19 17:00,2025-11-19 16:15,2025-11-19 16:30,15.00,partial_overlap,Medium
1601,P027,Design Review,Requirements Analysis,Remote,Product Showcase,2025-11-15 13:15,2025-11-15 13:30,2025-11-15 13:15,2025-11-15 13:30,2025-11-15 13:15,2025-11-15 13:30,15.00,containment,Medium
1602,P027,Tech Sharing,Product Demo,Office Area 1,Conference Room B,2025-11-17 14:30,2025-11-17 14:45,2025-11-17 14:43,2025-11-17 15:03,2025-11-17 14:43,2025-11-17 14:45,2.00,partial_overlap,Low
1603,P027,Project Discussion,Operations Check,Client Reception,Office Area 2,2025-11-19 11:00,2025-11-19 11:45,2025-11-19 11:15,2025-11-19 12:00,2025-11-19 11:15,2025-11-19 11:45,30.00,partial_overlap,Medium
1604,P027,Project Discussion,Brainstorming,Demo Hall,Demo Hall,2025-11-20 13:00,2025-11-20 13:15,2025-11-20 13:08,2025-11-20 13:47,2025-11-20 13:08,2025-11-20 13:15,7.00,partial_overlap,Low
1605,P027,Meeting,Meeting,Office Area 2,Conference Room C,2025-11-19 10:15,2025-11-19 10:30,2025-11-19 10:15,2025-11-19 10:45,2025-11-19 10:15,2025-11-19 10:30,15.00,containment,Medium
1606,P027,One-on-One,Design Review,Office Area 1,Remote,2025-11-21 14:45,2025-11-21 15:00,2025-11-21 14:30,2025-11-21 15:15,2025-11-21 14:45,2025-11-21 15:00,15.00,containment,Medium
1607,P027,One-on-One,One-on-One,Office Area 1,Office Area 2,2025-11-21 14:45,2025-11-21 15:00,2025-11-21 14:52,2025-11-21 15:31,2025-11-21 14:52,2025-11-21 15:00,8.00,partial_overlap,Low
1608,P027,Product Demo,Team Building,Conference Room B,Remote,2025-11-16 15:15,2025-11-16 16:00,2025-11-16 15:26,2025-11-16 16:09,2025-11-16 15:26,2025-11-16 16:00,34.00,partial_overlap,Medium
1609,P027,Design Review,One-on-One,Remote,Office Area 2,2025-11-21 14:30,2025-11-21 15:15,2025-11-21 14:52,2025-11-21 15:31,2025-11-21 14:52,2025-11-21 15:15,23.00,partial_overlap,Medium
1610,P027,Code Review,One-on-One,R&D Center,Break Room,2025-11-22 17:00,2025-11-22 17:15,2025-11-22 17:12,2025-11-22 17:41,2025-11-22 17:12,2025-11-22 17:15,3.00,partial_overlap,Low
1611,P028,Tech Sharing,Testing Acceptance,Conference Room B,Test Lab,2025-11-08 18:30,2025-11-08 19:30,2025-11-08 18:30,2025-11-08 19:00,2025-11-08 18:30,2025-11-08 19:00,30.00,containment,Medium
1612,P028,Design Review,Code Review,Client Reception,Break Room,2025-11-12 18:00,2025-11-12 18:30,2025-11-12 17:45,2025-11-12 18:45,2025-11-12 18:00,2025-11-12 18:30,30.00,containment,Medium
1613,P028,Operations Check,Meeting,Break Room,Cafe,2025-11-13 16:30,2025-11-13 17:30,2025-11-13 16:45,2025-11-13 17:15,2025-11-13 16:45,2025-11-13 17:15,30.00,containment,Medium
1614,P028,Operations Check,Client Visit,Break Room,Remote,2025-11-13 16:30,2025-11-13 17:30,2025-11-13 17:15,2025-11-13 17:30,2025-11-13 17:15,2025-11-13 17:30,15.00,containment,Medium
1615,P028,Tech Sharing,Brainstorming,Conference Room B,Remote,2025-11-13 12:15,2025-11-13 13:15,2025-11-13 13:00,2025-11-13 13:30,2025-11-13 13:00,2025-11-13 13:15,15.00,partial_overlap,Medium
1616,P028,Testing Acceptance,Design Review,Office Area 2,Demo Hall,2025-11-16 18:00,2025-11-16 18:30,2025-11-16 18:15,2025-11-16 18:45,2025-11-16 18:15,2025-11-16 18:30,15.00,partial_overlap,Medium
1617,P028,Brainstorming,Testing Acceptance,Conference Room A,Client Reception,2025-11-16 16:45,2025-11-16 17:15,2025-11-16 16:57,2025-11-16 17:23,2025-11-16 16:57,2025-11-16 17:15,18.00,partial_overlap,Medium
1618,P028,Design Review,Deployment,Test Lab,Demo Hall,2025-11-16 15:00,2025-11-16 15:15,2025-11-16 14:30,2025-11-16 15:15,2025-11-16 15:00,2025-11-16 15:15,15.00,containment,Medium
1619,P028,Product Demo,Testing Acceptance,Conference Room A,Test Lab,2025-11-19 11:30,2025-11-19 12:00,2025-11-19 11:45,2025-11-19 12:00,2025-11-19 11:45,2025-11-19 12:00,15.00,containment,Medium
1620,P028,Design Review,Client Visit,Conference Room C,Online Meeting,2025-11-18 11:00,2025-11-18 11:45,2025-11-18 11:19,2025-11-18 12:12,2025-11-18 11:19,2025-11-18 11:45,26.00,partial_overlap,Medium
1621,P028,Deployment,One-on-One,Product Showcase,Conference Room A,2025-11-21 09:15,2025-11-21 09:45,2025-11-21 09:30,2025-11-21 10:15,2025-11-21 09:30,2025-11-21 09:45,15.00,partial_overlap,Medium
1622,P028,Tech Sharing,Testing Acceptance,Office Area 2,Product Showcase,2025-11-17 17:45,2025-11-17 18:15,2025-11-17 18:00,2025-11-17 18:15,2025-11-17 18:00,2025-11-17 18:15,15.00,containment,Medium
1623,P028,Tech Sharing,Client Visit,Office Area 2,Office Area 2,2025-11-17 17:45,2025-11-17 18:15,2025-11-17 18:12,2025-11-17 19:11,2025-11-17 18:12,2025-11-17 18:15,3.00,partial_overlap,Low
1624,P028,Testing Acceptance,Client Visit,Product Showcase,Office Area 2,2025-11-17 18:00,2025-11-17 18:15,2025-11-17 18:12,2025-11-17 19:11,2025-11-17 18:12,2025-11-17 18:15,3.00,partial_overlap,Low
1625,P028,Requirements Analysis,Product Demo,Training Room,Remote,2025-11-21 12:15,2025-11-21 12:30,2025-11-21 12:15,2025-11-21 12:30,2025-11-21 12:15,2025-11-21 12:30,15.00,containment,Medium
1626,P028,Testing Acceptance,Deployment,Break Room,R&D Center,2025-11-21 18:30,2025-11-21 18:45,2025-11-21 18:35,2025-11-21 19:22,2025-11-21 18:35,2025-11-21 18:45,10.00,partial_overlap,Low
1627,P028,Client Visit,Design Review,Conference Room A,Conference Room A,2025-11-22 17:15,2025-11-22 17:45,2025-11-22 17:30,2025-11-22 17:45,2025-11-22 17:30,2025-11-22 17:45,15.00,containment,Medium
1628,P028,Code Review,Operations Check,Cafe,Conference Room A,2025-11-20 16:45,2025-11-20 17:15,2025-11-20 17:03,2025-11-20 17:18,2025-11-20 17:03,2025-11-20 17:15,12.00,partial_overlap,Low
1629,P028,Client Visit,One-on-One,Break Room,Product Showcase,2025-11-13 17:38,2025-11-13 17:58,2025-11-13 17:39,2025-11-13 17:54,2025-11-13 17:39,2025-11-13 17:54,15.00,containment,Medium
1630,P028,Deployment,Team Building,R&D Center,Office Area 1,2025-11-21 18:35,2025-11-21 19:22,2025-11-21 18:55,2025-11-21 19:24,2025-11-21 18:55,2025-11-21 19:22,27.00,partial_overlap,Medium
1631,P029,Product Demo,Project Discussion,Demo Hall,R&D Center,2025-11-04 17:15,2025-11-04 18:00,2025-11-04 16:30,2025-11-04 17:30,2025-11-04 17:15,2025-11-04 17:30,15.00,partial_overlap,Medium
1632,P029,Product Demo,Design Review,Demo Hall,Break Room,2025-11-04 17:15,2025-11-04 18:00,2025-11-04 17:30,2025-11-04 18:30,2025-11-04 17:30,2025-11-04 18:00,30.00,partial_overlap,Medium
1633,P029,Team Building,Project Discussion,Cafe,R&D Center,2025-11-04 15:30,2025-11-04 17:00,2025-11-04 16:30,2025-11-04 17:30,2025-11-04 16:30,2025-11-04 17:00,30.00,partial_overlap,Medium
1634,P029,Team Building,Team Building,Cafe,Remote,2025-11-04 15:30,2025-11-04 17:00,2025-11-04 15:56,2025-11-04 16:38,2025-11-04 15:56,2025-11-04 16:38,42.00,containment,Medium
1635,P029,Team Building,Operations Check,Cafe,Remote,2025-11-04 15:30,2025-11-04 17:00,2025-11-04 15:47,2025-11-04 16:18,2025-11-04 15:47,2025-11-04 16:18,31.00,containment,Medium
1636,P029,Training,Team Building,Training Room,Office Area 1,2025-11-07 13:45,2025-11-07 14:45,2025-11-07 13:00,2025-11-07 14:00,2025-11-07 13:45,2025-11-07 14:00,15.00,partial_overlap,Medium
1637,P029,Training,Product Demo,Cafe,Online Meeting,2025-11-07 08:00,2025-11-07 08:30,2025-11-07 08:13,2025-11-07 08:28,2025-11-07 08:13,2025-11-07 08:28,15.00,containment,Medium
1638,P029,Project Discussion,Team Building,R&D Center,Remote,2025-11-04 16:30,2025-11-04 17:30,2025-11-04 15:56,2025-11-04 16:38,2025-11-04 16:30,2025-11-04 16:38,8.00,partial_overlap,Low
1639,P029,Team Building,Operations Check,Remote,Remote,2025-11-04 15:56,2025-11-04 16:38,2025-11-04 15:47,2025-11-04 16:18,2025-11-04 15:56,2025-11-04 16:18,22.00,partial_overlap,Medium
1640,P029,One-on-One,Deployment,Break Room,Break Room,2025-11-09 10:15,2025-11-09 10:45,2025-11-09 10:30,2025-11-09 11:15,2025-11-09 10:30,2025-11-09 10:45,15.00,partial_overlap,Medium
1641,P029,Testing Acceptance,Brainstorming,Demo Hall,Conference Room B,2025-11-11 17:45,2025-11-11 18:15,2025-11-11 17:50,2025-11-11 18:16,2025-11-11 17:50,2025-11-11 18:15,25.00,partial_overlap,Medium
1642,P029,Code Review,Team Building,Cafe,Conference Room A,2025-11-10 08:30,2025-11-10 09:00,2025-11-10 08:38,2025-11-10 08:55,2025-11-10 08:38,2025-11-10 08:55,17.00,containment,Medium
1643,P029,Code Review,Design Review,Cafe,Client Reception,2025-11-10 08:30,2025-11-10 09:00,2025-11-10 08:45,2025-11-10 09:24,2025-11-10 08:45,2025-11-10 09:00,15.00,partial_overlap,Medium
1644,P029,Testing Acceptance,Operations Check,Office Area 2,Office Area 1,2025-11-12 16:45,2025-11-12 17:45,2025-11-12 17:00,2025-11-12 17:45,2025-11-12 17:00,2025-11-12 17:45,45.00,containment,Medium
1645,P029,Requirements Analysis,Brainstorming,Conference Room A,Conference Room C,2025-11-15 16:45,2025-11-15 17:15,2025-11-15 16:54,2025-11-15 17:18,2025-11-15 16:54,2025-11-15 17:15,21.00,partial_overlap,Medium
1646,P029,Design Review,Tech Sharing,Product Showcase,Conference Room C,2025-11-14 09:00,2025-11-14 09:30,2025-11-14 08:30,2025-11-14 09:15,2025-11-14 09:00,2025-11-14 09:15,15.00,partial_overlap,Medium
1647,P029,Team Building,Design Review,Conference Room A,Client Reception,2025-11-10 08:38,2025-11-10 08:55,2025-11-10 08:45,2025-11-10 09:24,2025-11-10 08:45,2025-11-10 08:55,10.00,partial_overlap,Low
1648,P029,Brainstorming,Deployment,Product Showcase,Demo Hall,2025-11-16 15:00,2025-11-16 15:45,2025-11-16 15:08,2025-11-16 15:30,2025-11-16 15:08,2025-11-16 15:30,22.00,containment,Medium
1649,P029,Team Building,Project Discussion,Remote,Online Meeting,2025-11-19 12:00,2025-11-19 12:15,2025-11-19 12:00,2025-11-19 12:30,2025-11-19 12:00,2025-11-19 12:15,15.00,containment,Medium
1650,P029,Testing Acceptance,Operations Check,Office Area 1,Cafe,2025-11-20 16:30,2025-11-20 17:00,2025-11-20 15:54,2025-11-20 16:36,2025-11-20 16:30,2025-11-20 16:36,6.00,partial_overlap,Low
1651,P029,Operations Check,Training,Demo Hall,Remote,2025-11-21 18:15,2025-11-21 18:30,2025-11-21 17:25,2025-11-21 18:22,2025-11-21 18:15,2025-11-21 18:22,7.00,partial_overlap,Low
1652,P029,Tech Sharing,Brainstorming,Conference Room A,Online Meeting,2025-11-16 10:30,2025-11-16 11:00,2025-11-16 10:00,2025-11-16 10:45,2025-11-16 10:30,2025-11-16 10:45,15.00,partial_overlap,Medium
1653,P029,Tech Sharing,Product Demo,Conference Room A,Break Room,2025-11-16 10:30,2025-11-16 11:00,2025-11-16 10:15,2025-11-16 11:00,2025-11-16 10:30,2025-11-16 11:00,30.00,containment,Medium
1654,P029,Tech Sharing,Design Review,Conference Room A,Test Lab,2025-11-16 10:30,2025-11-16 11:00,2025-11-16 10:09,2025-11-16 10:59,2025-11-16 10:30,2025-11-16 10:59,29.00,partial_overlap,Medium
1655,P029,Brainstorming,Product Demo,Online Meeting,Break Room,2025-11-16 10:00,2025-11-16 10:45,2025-11-16 10:15,2025-11-16 11:00,2025-11-16 10:15,2025-11-16 10:45,30.00,partial_overlap,Medium
1656,P029,Brainstorming,Design Review,Online Meeting,Test Lab,2025-11-16 10:00,2025-11-16 10:45,2025-11-16 10:09,2025-11-16 10:59,2025-11-16 10:09,2025-11-16 10:45,36.00,partial_overlap,Medium
1657,P029,Code Review,Training,Client Reception,Remote,2025-11-21 17:15,2025-11-21 17:45,2025-11-21 17:25,2025-11-21 18:22,2025-11-21 17:25,2025-11-21 17:45,20.00,partial_overlap,Medium
1658,P029,Product Demo,Design Review,Break Room,Test Lab,2025-11-16 10:15,2025-11-16 11:00,2025-11-16 10:09,2025-11-16 10:59,2025-11-16 10:15,2025-11-16 10:59,44.00,partial_overlap,Medium
1659,P029,Tech Sharing,Design Review,Office Area 1,Office Area 1,2025-11-20 09:00,2025-11-20 09:30,2025-11-20 08:45,2025-11-20 09:30,2025-11-20 09:00,2025-11-20 09:30,30.00,containment,Medium
1660,P029,Code Review,Operations Check,Product Showcase,Cafe,2025-11-20 15:45,2025-11-20 16:30,2025-11-20 15:54,2025-11-20 16:36,2025-11-20 15:54,2025-11-20 16:30,36.00,partial_overlap,Medium
1661,P029,Operations Check,One-on-One,Office Area 2,Conference Room A,2025-11-22 16:00,2025-11-22 16:30,2025-11-22 16:21,2025-11-22 17:07,2025-11-22 16:21,2025-11-22 16:30,9.00,partial_overlap,Low
1662,P029,Operations Check,Operations Check,Office Area 2,Demo Hall,2025-11-22 16:00,2025-11-22 16:30,2025-11-22 16:28,2025-11-22 17:04,2025-11-22 16:28,2025-11-22 16:30,2.00,partial_overlap,Low
1663,P029,One-on-One,Operations Check,Conference Room A,Demo Hall,2025-11-22 16:21,2025-11-22 17:07,2025-11-22 16:28,2025-11-22 17:04,2025-11-22 16:28,2025-11-22 17:04,36.00,containment,Medium
1664,P030,Tech Sharing,Testing Acceptance,Conference Room A,Conference Room B,2025-11-05 17:00,2025-11-05 17:30,2025-11-05 17:08,2025-11-05 17:36,2025-11-05 17:08,2025-11-05 17:30,22.00,partial_overlap,Medium
1665,P030,Design Review,Requirements Analysis,Office Area 2,Training Room,2025-11-07 14:45,2025-11-07 15:45,2025-11-07 14:30,2025-11-07 15:30,2025-11-07 14:45,2025-11-07 15:30,45.00,partial_overlap,Medium
1666,P030,Team Building,Requirements Analysis,Demo Hall,Cafe,2025-11-08 16:00,2025-11-08 17:30,2025-11-08 16:16,2025-11-08 17:14,2025-11-08 16:16,2025-11-08 17:14,58.00,containment,Medium
1667,P030,Team Building,Design Review,Demo Hall,Office Area 2,2025-11-08 16:00,2025-11-08 17:30,2025-11-08 16:00,2025-11-08 16:30,2025-11-08 16:00,2025-11-08 16:30,30.00,containment,Medium
1668,P030,Requirements Analysis,Design Review,Cafe,Office Area 2,2025-11-08 16:16,2025-11-08 17:14,2025-11-08 16:00,2025-11-08 16:30,2025-11-08 16:16,2025-11-08 16:30,14.00,partial_overlap,Low
1669,P030,Design Review,Requirements Analysis,Cafe,Break Room,2025-11-09 13:30,2025-11-09 14:15,2025-11-09 13:45,2025-11-09 14:45,2025-11-09 13:45,2025-11-09 14:15,30.00,partial_overlap,Medium
1670,P030,Training,Design Review,Demo Hall,Remote,2025-11-05 15:45,2025-11-05 16:15,2025-11-05 16:08,2025-11-05 16:56,2025-11-05 16:08,2025-11-05 16:15,7.00,partial_overlap,Low
1671,P030,Project Discussion,Tech Sharing,Office Area 2,Product Showcase,2025-11-13 16:45,2025-11-13 17:45,2025-11-13 17:30,2025-11-13 18:30,2025-11-13 17:30,2025-11-13 17:45,15.00,partial_overlap,Medium
1672,P030,Project Discussion,Design Review,Office Area 2,Cafe,2025-11-13 16:45,2025-11-13 17:45,2025-11-13 17:08,2025-11-13 17:59,2025-11-13 17:08,2025-11-13 17:45,37.00,partial_overlap,Medium
1673,P030,Training,One-on-One,R&D Center,Online Meeting,2025-11-11 14:15,2025-11-11 15:15,2025-11-11 14:30,2025-11-11 15:00,2025-11-11 14:30,2025-11-11 15:00,30.00,containment,Medium
1674,P030,Team Building,Brainstorming,Product Showcase,Conference Room B,2025-11-12 16:30,2025-11-12 17:15,2025-11-12 16:30,2025-11-12 17:30,2025-11-12 16:30,2025-11-12 17:15,45.00,containment,Medium
1675,P030,Tech Sharing,Design Review,Product Showcase,Cafe,2025-11-13 17:30,2025-11-13 18:30,2025-11-13 17:08,2025-11-13 17:59,2025-11-13 17:30,2025-11-13 17:59,29.00,partial_overlap,Medium
1676,P030,Design Review,Training,Cafe,Conference Room C,2025-11-13 09:30,2025-11-13 10:00,2025-11-13 09:50,2025-11-13 10:40,2025-11-13 09:50,2025-11-13 10:00,10.00,partial_overlap,Low
1677,P030,Design Review,Project Discussion,Cafe,Office Area 2,2025-11-13 09:30,2025-11-13 10:00,2025-11-13 09:39,2025-11-13 10:39,2025-11-13 09:39,2025-11-13 10:00,21.00,partial_overlap,Medium
1678,P030,Training,Project Discussion,Conference Room C,Office Area 2,2025-11-13 09:50,2025-11-13 10:40,2025-11-13 09:39,2025-11-13 10:39,2025-11-13 09:50,2025-11-13 10:39,49.00,partial_overlap,Medium
1679,P030,Code Review,Training,Office Area 1,Training Room,2025-11-17 15:30,2025-11-17 15:45,2025-11-17 15:30,2025-11-17 16:15,2025-11-17 15:30,2025-11-17 15:45,15.00,containment,Medium
1680,P030,Deployment,Design Review,Conference Room B,Online Meeting,2025-11-17 09:30,2025-11-17 09:45,2025-11-17 09:30,2025-11-17 10:00,2025-11-17 09:30,2025-11-17 09:45,15.00,containment,Medium
1681,P030,Training,One-on-One,Training Room,Demo Hall,2025-11-17 15:30,2025-11-17 16:15,2025-11-17 15:59,2025-11-17 16:33,2025-11-17 15:59,2025-11-17 16:15,16.00,partial_overlap,Medium
1682,P030,Tech Sharing,Operations Check,R&D Center,Conference Room B,2025-11-20 09:00,2025-11-20 09:30,2025-11-20 09:11,2025-11-20 09:28,2025-11-20 09:11,2025-11-20 09:28,17.00,containment,Medium
1683,P030,Tech Sharing,Product Demo,Training Room,Product Showcase,2025-11-17 18:15,2025-11-17 18:45,2025-11-17 18:15,2025-11-17 18:45,2025-11-17 18:15,2025-11-17 18:45,30.00,containment,Medium
1684,P030,Design Review,Training,Demo Hall,Office Area 1,2025-11-23 08:45,2025-11-23 09:00,2025-11-23 08:56,2025-11-23 09:41,2025-11-23 08:56,2025-11-23 09:00,4.00,partial_overlap,Low
1685,P030,Product Demo,Brainstorming,Conference Room C,Conference Room C,2025-11-18 18:30,2025-11-18 18:45,2025-11-18 18:30,2025-11-18 19:15,2025-11-18 18:30,2025-11-18 18:45,15.00,containment,Medium
1686,P030,Code Review,Meeting,Office Area 1,Remote,2025-11-24 10:00,2025-11-24 10:45,2025-11-24 10:15,2025-11-24 10:45,2025-11-24 10:15,2025-11-24 10:45,30.00,containment,Medium
1687,P031,Deployment,Operations Check,Office Area 2,Cafe,2025-11-01 15:45,2025-11-01 16:15,2025-11-01 16:00,2025-11-01 17:30,2025-11-01 16:00,2025-11-01 16:15,15.00,partial_overlap,Medium
1688,P031,Operations Check,Design Review,Online Meeting,Office Area 1,2025-10-30 11:15,2025-10-30 12:00,2025-10-30 11:39,2025-10-30 12:25,2025-10-30 11:39,2025-10-30 12:00,21.00,partial_overlap,Medium
1689,P031,Testing Acceptance,Deployment,Conference Room B,Training Room,2025-11-08 10:45,2025-11-08 11:45,2025-11-08 11:30,2025-11-08 12:15,2025-11-08 11:30,2025-11-08 11:45,15.00,partial_overlap,Medium
1690,P031,Team Building,Code Review,Office Area 1,Product Showcase,2025-11-07 16:00,2025-11-07 17:00,2025-11-07 16:10,2025-11-07 16:52,2025-11-07 16:10,2025-11-07 16:52,42.00,containment,Medium
1691,P031,Code Review,Testing Acceptance,Remote,Test Lab,2025-11-10 08:30,2025-11-10 09:15,2025-11-10 08:15,2025-11-10 09:15,2025-11-10 08:30,2025-11-10 09:15,45.00,containment,Medium
1692,P031,Client Visit,Requirements Analysis,Remote,Conference Room C,2025-11-10 14:15,2025-11-10 15:00,2025-11-10 13:45,2025-11-10 14:30,2025-11-10 14:15,2025-11-10 14:30,15.00,partial_overlap,Medium
1693,P031,Tech Sharing,Client Visit,R&D Center,Office Area 1,2025-11-07 10:45,2025-11-07 11:15,2025-11-07 11:09,2025-11-07 11:57,2025-11-07 11:09,2025-11-07 11:15,6.00,partial_overlap,Low
1694,P031,One-on-One,Brainstorming,Remote,Client Reception,2025-11-05 16:15,2025-11-05 17:00,2025-11-05 16:42,2025-11-05 17:00,2025-11-05 16:42,2025-11-05 17:00,18.00,containment,Medium
1695,P031,Project Discussion,Requirements Analysis,Remote,Conference Room C,2025-11-08 09:30,2025-11-08 10:30,2025-11-08 09:36,2025-11-08 09:59,2025-11-08 09:36,2025-11-08 09:59,23.00,containment,Medium
1696,P031,Code Review,Product Demo,Conference Room A,Conference Room A,2025-11-12 09:30,2025-11-12 10:00,2025-11-12 09:15,2025-11-12 09:45,2025-11-12 09:30,2025-11-12 09:45,15.00,partial_overlap,Medium
1697,P031,Deployment,Brainstorming,Conference Room B,Test Lab,2025-11-16 15:00,2025-11-16 15:30,2025-11-16 15:00,2025-11-16 15:15,2025-11-16 15:00,2025-11-16 15:15,15.00,containment,Medium
1698,P031,Project Discussion,Product Demo,Cafe,Office Area 2,2025-11-10 10:45,2025-11-10 11:45,2025-11-10 11:13,2025-11-10 11:49,2025-11-10 11:13,2025-11-10 11:45,32.00,partial_overlap,Medium
1699,P031,Brainstorming,Project Discussion,Conference Room B,Conference Room A,2025-11-15 18:00,2025-11-15 19:00,2025-11-15 18:14,2025-11-15 18:49,2025-11-15 18:14,2025-11-15 18:49,35.00,containment,Medium
1700,P031,Tech Sharing,Tech Sharing,Office Area 1,R&D Center,2025-11-19 10:30,2025-11-19 11:15,2025-11-19 10:45,2025-11-19 11:30,2025-11-19 10:45,2025-11-19 11:15,30.00,partial_overlap,Medium
1701,P031,Tech Sharing,Requirements Analysis,Conference Room A,Demo Hall,2025-11-21 09:15,2025-11-21 10:00,2025-11-21 09:00,2025-11-21 09:45,2025-11-21 09:15,2025-11-21 09:45,30.00,partial_overlap,Medium
1702,P031,Testing Acceptance,Requirements Analysis,Online Meeting,Conference Room A,2025-11-20 17:30,2025-11-20 18:15,2025-11-20 17:45,2025-11-20 18:30,2025-11-20 17:45,2025-11-20 18:15,30.00,partial_overlap,Medium
1703,P031,Code Review,Tech Sharing,Test Lab,Client Reception,2025-11-24 15:45,2025-11-24 16:30,2025-11-24 15:57,2025-11-24 16:38,2025-11-24 15:57,2025-11-24 16:30,33.00,partial_overlap,Medium
1704,P031,Deployment,Code Review,Online Meeting,Product Showcase,2025-11-22 09:15,2025-11-22 10:00,2025-11-22 09:37,2025-11-22 10:31,2025-11-22 09:37,2025-11-22 10:00,23.00,partial_overlap,Medium
1705,P032,Client Visit,Team Building,Office Area 2,Office Area 1,2025-11-01 12:30,2025-11-01 13:15,2025-11-01 12:30,2025-11-01 13:15,2025-11-01 12:30,2025-11-01 13:15,45.00,containment,Medium
1706,P032,Client Visit,Code Review,Office Area 2,Remote,2025-11-01 12:30,2025-11-01 13:15,2025-11-01 12:54,2025-11-01 13:14,2025-11-01 12:54,2025-11-01 13:14,20.00,containment,Medium
1707,P032,Requirements Analysis,Project Discussion,Break Room,Conference Room B,2025-11-02 17:30,2025-11-02 18:15,2025-11-02 17:53,2025-11-02 18:16,2025-11-02 17:53,2025-11-02 18:15,22.00,partial_overlap,Medium
1708,P032,Team Building,Code Review,Office Area 1,Remote,2025-11-01 12:30,2025-11-01 13:15,2025-11-01 12:54,2025-11-01 13:14,2025-11-01 12:54,2025-11-01 13:14,20.00,containment,Medium
1709,P032,Operations Check,Operations Check,Cafe,Conference Room B,2025-11-02 13:15,2025-11-02 14:45,2025-11-02 14:15,2025-11-02 15:15,2025-11-02 14:15,2025-11-02 14:45,30.00,partial_overlap,Medium
1710,P032,Team Building,Team Building,Demo Hall,Office Area 1,2025-11-09 13:30,2025-11-09 14:15,2025-11-09 13:30,2025-11-09 14:30,2025-11-09 13:30,2025-11-09 14:15,45.00,containment,Medium
1711,P032,Deployment,Tech Sharing,Training Room,Office Area 1,2025-11-11 12:30,2025-11-11 13:00,2025-11-11 12:59,2025-11-11 13:35,2025-11-11 12:59,2025-11-11 13:00,1.00,partial_overlap,Low
1712,P032,Brainstorming,Testing Acceptance,Online Meeting,Demo Hall,2025-11-08 15:00,2025-11-08 16:00,2025-11-08 15:22,2025-11-08 16:16,2025-11-08 15:22,2025-11-08 16:00,38.00,partial_overlap,Medium
1713,P032,Brainstorming,Tech Sharing,R&D Center,Test Lab,2025-11-10 18:15,2025-11-10 19:15,2025-11-10 18:32,2025-11-10 18:59,2025-11-10 18:32,2025-11-10 18:59,27.00,containment,Medium
1714,P032,Testing Acceptance,Design Review,Test Lab,Conference Room B,2025-11-10 10:30,2025-11-10 11:30,2025-11-10 10:15,2025-11-10 11:00,2025-11-10 10:30,2025-11-10 11:00,30.00,partial_overlap,Medium
1715,P032,Requirements Analysis,Design Review,Conference Room C,Remote,2025-11-09 10:15,2025-11-09 11:00,2025-11-09 10:44,2025-11-09 11:22,2025-11-09 10:44,2025-11-09 11:00,16.00,partial_overlap,Medium
1716,P032,Requirements Analysis,Testing Acceptance,Conference Room C,Office Area 2,2025-11-09 10:15,2025-11-09 11:00,2025-11-09 10:37,2025-11-09 10:57,2025-11-09 10:37,2025-11-09 10:57,20.00,containment,Medium
1717,P032,Deployment,Operations Check,Client Reception,Office Area 1,2025-11-12 08:30,2025-11-12 09:15,2025-11-12 08:30,2025-11-12 09:30,2025-11-12 08:30,2025-11-12 09:15,45.00,containment,Medium
1718,P032,Team Building,Client Visit,Conference Room B,Training Room,2025-11-13 13:30,2025-11-13 14:00,2025-11-13 13:40,2025-11-13 14:23,2025-11-13 13:40,2025-11-13 14:00,20.00,partial_overlap,Medium
1719,P032,Brainstorming,One-on-One,Client Reception,Conference Room C,2025-11-12 15:45,2025-11-12 16:15,2025-11-12 15:45,2025-11-12 16:45,2025-11-12 15:45,2025-11-12 16:15,30.00,containment,Medium
1720,P032,Project Discussion,Project Discussion,R&D Center,Conference Room B,2025-11-16 09:00,2025-11-16 09:45,2025-11-16 08:45,2025-11-16 09:45,2025-11-16 09:00,2025-11-16 09:45,45.00,containment,Medium
1721,P032,Project Discussion,Brainstorming,R&D Center,Training Room,2025-11-16 09:00,2025-11-16 09:45,2025-11-16 09:09,2025-11-16 10:04,2025-11-16 09:09,2025-11-16 09:45,36.00,partial_overlap,Medium
1722,P032,Project Discussion,Brainstorming,Conference Room B,Training Room,2025-11-16 08:45,2025-11-16 09:45,2025-11-16 09:09,2025-11-16 10:04,2025-11-16 09:09,2025-11-16 09:45,36.00,partial_overlap,Medium
1723,P032,Requirements Analysis,Requirements Analysis,Demo Hall,Conference Room B,2025-11-14 15:45,2025-11-14 16:15,2025-11-14 15:57,2025-11-14 16:41,2025-11-14 15:57,2025-11-14 16:15,18.00,partial_overlap,Medium
1724,P032,Design Review,Testing Acceptance,Remote,Office Area 2,2025-11-09 10:44,2025-11-09 11:22,2025-11-09 10:37,2025-11-09 10:57,2025-11-09 10:44,2025-11-09 10:57,13.00,partial_overlap,Low
1725,P032,Deployment,Meeting,Demo Hall,Training Room,2025-11-19 17:15,2025-11-19 18:00,2025-11-19 17:00,2025-11-19 17:45,2025-11-19 17:15,2025-11-19 17:45,30.00,partial_overlap,Medium
1726,P032,Training,Meeting,Test Lab,Cafe,2025-11-20 09:15,2025-11-20 10:00,2025-11-20 09:22,2025-11-20 10:00,2025-11-20 09:22,2025-11-20 10:00,38.00,containment,Medium
1727,P032,Operations Check,Training,Training Room,Test Lab,2025-11-15 18:30,2025-11-15 19:00,2025-11-15 18:30,2025-11-15 18:45,2025-11-15 18:30,2025-11-15 18:45,15.00,containment,Medium
1728,P032,Operations Check,Product Demo,Training Room,Break Room,2025-11-15 18:30,2025-11-15 19:00,2025-11-15 18:48,2025-11-15 19:41,2025-11-15 18:48,2025-11-15 19:00,12.00,partial_overlap,Low
1729,P032,Code Review,Client Visit,Office Area 2,Online Meeting,2025-11-19 18:00,2025-11-19 18:30,2025-11-19 18:28,2025-11-19 18:45,2025-11-19 18:28,2025-11-19 18:30,2.00,partial_overlap,Low
1730,P032,Team Building,Design Review,R&D Center,Product Showcase,2025-11-20 18:00,2025-11-20 18:15,2025-11-20 18:14,2025-11-20 18:51,2025-11-20 18:14,2025-11-20 18:15,1.00,partial_overlap,Low
1731,P032,Product Demo,Team Building,Office Area 2,Office Area 1,2025-11-22 16:45,2025-11-22 17:00,2025-11-22 16:45,2025-11-22 17:15,2025-11-22 16:45,2025-11-22 17:00,15.00,containment,Medium
1732,P032,Meeting,Operations Check,Test Lab,Online Meeting,2025-11-22 11:00,2025-11-22 11:30,2025-11-22 10:45,2025-11-22 11:30,2025-11-22 11:00,2025-11-22 11:30,30.00,containment,Medium
1733,P032,Meeting,Testing Acceptance,Test Lab,Training Room,2025-11-22 11:00,2025-11-22 11:30,2025-11-22 10:52,2025-11-22 11:31,2025-11-22 11:00,2025-11-22 11:30,30.00,containment,Medium
1734,P032,Training,Team Building,Break Room,Demo Hall,2025-11-21 17:00,2025-11-21 17:30,2025-11-21 17:05,2025-11-21 18:04,2025-11-21 17:05,2025-11-21 17:30,25.00,partial_overlap,Medium
1735,P032,Testing Acceptance,Team Building,Client Reception,Demo Hall,2025-11-21 17:30,2025-11-21 18:00,2025-11-21 17:05,2025-11-21 18:04,2025-11-21 17:30,2025-11-21 18:00,30.00,containment,Medium
1736,P032,Testing Acceptance,Team Building,Office Area 1,Conference Room A,2025-11-23 14:45,2025-11-23 15:30,2025-11-23 15:08,2025-11-23 15:59,2025-11-23 15:08,2025-11-23 15:30,22.00,partial_overlap,Medium
1737,P032,Testing Acceptance,Meeting,Office Area 1,Demo Hall,2025-11-18 18:45,2025-11-18 19:30,2025-11-18 18:54,2025-11-18 19:41,2025-11-18 18:54,2025-11-18 19:30,36.00,partial_overlap,Medium
1738,P032,Operations Check,Testing Acceptance,Online Meeting,Training Room,2025-11-22 10:45,2025-11-22 11:30,2025-11-22 10:52,2025-11-22 11:31,2025-11-22 10:52,2025-11-22 11:30,38.00,partial_overlap,Medium
1739,P033,Code Review,Product Demo,Conference Room B,Training Room,2025-10-30 17:00,2025-10-30 18:30,2025-10-30 16:45,2025-10-30 17:45,2025-10-30 17:00,2025-10-30 17:45,45.00,partial_overlap,Medium
1740,P033,Tech Sharing,Deployment,Office Area 2,Product Showcase,2025-11-05 10:00,2025-11-05 10:30,2025-11-05 09:15,2025-11-05 10:15,2025-11-05 10:00,2025-11-05 10:15,15.00,partial_overlap,Medium
1741,P033,Project Discussion,Tech Sharing,Product Showcase,Online Meeting,2025-11-07 16:15,2025-11-07 17:00,2025-11-07 16:30,2025-11-07 17:30,2025-11-07 16:30,2025-11-07 17:00,30.00,partial_overlap,Medium
1742,P033,Design Review,Deployment,Conference Room C,Office Area 1,2025-11-09 09:15,2025-11-09 10:00,2025-11-09 08:45,2025-11-09 09:45,2025-11-09 09:15,2025-11-09 09:45,30.00,partial_overlap,Medium
1743,P033,Meeting,One-on-One,Conference Room C,Cafe,2025-11-09 12:45,2025-11-09 13:15,2025-11-09 12:45,2025-11-09 13:15,2025-11-09 12:45,2025-11-09 13:15,30.00,containment,Medium
1744,P033,Brainstorming,Code Review,Office Area 1,Break Room,2025-11-08 13:15,2025-11-08 14:00,2025-11-08 13:15,2025-11-08 14:00,2025-11-08 13:15,2025-11-08 14:00,45.00,containment,Medium
1745,P033,Brainstorming,Project Discussion,Office Area 1,Office Area 1,2025-11-08 13:15,2025-11-08 14:00,2025-11-08 13:15,2025-11-08 14:00,2025-11-08 13:15,2025-11-08 14:00,45.00,containment,Medium
1746,P033,Operations Check,Code Review,Demo Hall,Test Lab,2025-11-12 17:15,2025-11-12 18:00,2025-11-12 17:45,2025-11-12 18:15,2025-11-12 17:45,2025-11-12 18:00,15.00,partial_overlap,Medium
1747,P033,Code Review,Project Discussion,Break Room,Office Area 1,2025-11-08 13:15,2025-11-08 14:00,2025-11-08 13:15,2025-11-08 14:00,2025-11-08 13:15,2025-11-08 14:00,45.00,containment,Medium
1748,P033,Requirements Analysis,Brainstorming,R&D Center,Client Reception,2025-11-15 10:30,2025-11-15 11:00,2025-11-15 10:39,2025-11-15 11:27,2025-11-15 10:39,2025-11-15 11:00,21.00,partial_overlap,Medium
1749,P033,Client Visit,Training,Cafe,Break Room,2025-11-09 17:15,2025-11-09 18:00,2025-11-09 17:43,2025-11-09 18:38,2025-11-09 17:43,2025-11-09 18:00,17.00,partial_overlap,Medium
1750,P033,Brainstorming,Team Building,Remote,Office Area 2,2025-11-16 10:45,2025-11-16 11:30,2025-11-16 11:15,2025-11-16 12:12,2025-11-16 11:15,2025-11-16 11:30,15.00,partial_overlap,Medium
1751,P033,Brainstorming,Client Visit,Remote,Online Meeting,2025-11-16 10:45,2025-11-16 11:30,2025-11-16 10:45,2025-11-16 11:00,2025-11-16 10:45,2025-11-16 11:00,15.00,containment,Medium
1752,P033,Deployment,Client Visit,Conference Room B,Client Reception,2025-11-16 18:00,2025-11-16 19:00,2025-11-16 18:28,2025-11-16 18:43,2025-11-16 18:28,2025-11-16 18:43,15.00,containment,Medium
1753,P033,Deployment,Operations Check,Conference Room B,Conference Room C,2025-11-16 18:00,2025-11-16 19:00,2025-11-16 18:00,2025-11-16 18:15,2025-11-16 18:00,2025-11-16 18:15,15.00,containment,Medium
1754,P033,Deployment,Client Visit,Conference Room B,Training Room,2025-11-16 18:00,2025-11-16 19:00,2025-11-16 18:19,2025-11-16 19:18,2025-11-16 18:19,2025-11-16 19:00,41.00,partial_overlap,Medium
1755,P033,Brainstorming,Training,Client Reception,Break Room,2025-11-15 10:39,2025-11-15 11:27,2025-11-15 11:00,2025-11-15 11:57,2025-11-15 11:00,2025-11-15 11:27,27.00,partial_overlap,Medium
1756,P033,Brainstorming,Project Discussion,Client Reception,Office Area 1,2025-11-15 10:39,2025-11-15 11:27,2025-11-15 11:00,2025-11-15 11:15,2025-11-15 11:00,2025-11-15 11:15,15.00,containment,Medium
1757,P033,Brainstorming,Client Visit,Client Reception,Online Meeting,2025-11-15 10:39,2025-11-15 11:27,2025-11-15 11:21,2025-11-15 11:53,2025-11-15 11:21,2025-11-15 11:27,6.00,partial_overlap,Low
1758,P033,Team Building,Project Discussion,Office Area 2,Online Meeting,2025-11-16 11:15,2025-11-16 12:12,2025-11-16 11:30,2025-11-16 11:45,2025-11-16 11:30,2025-11-16 11:45,15.00,containment,Medium
1759,P033,Training,Brainstorming,Break Room,R&D Center,2025-11-15 11:00,2025-11-15 11:57,2025-11-15 11:30,2025-11-15 12:15,2025-11-15 11:30,2025-11-15 11:57,27.00,partial_overlap,Medium
1760,P033,Training,Project Discussion,Break Room,Office Area 1,2025-11-15 11:00,2025-11-15 11:57,2025-11-15 11:00,2025-11-15 11:15,2025-11-15 11:00,2025-11-15 11:15,15.00,containment,Medium
1761,P033,Training,Client Visit,Break Room,Online Meeting,2025-11-15 11:00,2025-11-15 11:57,2025-11-15 11:21,2025-11-15 11:53,2025-11-15 11:21,2025-11-15 11:53,32.00,containment,Medium
1762,P033,Client Visit,Client Visit,Client Reception,Training Room,2025-11-16 18:28,2025-11-16 18:43,2025-11-16 18:19,2025-11-16 19:18,2025-11-16 18:28,2025-11-16 18:43,15.00,containment,Medium
1763,P033,Product Demo,Tech Sharing,Cafe,Product Showcase,2025-11-13 15:30,2025-11-13 16:00,2025-11-13 15:45,2025-11-13 16:30,2025-11-13 15:45,2025-11-13 16:00,15.00,partial_overlap,Medium
1764,P033,Requirements Analysis,Client Visit,Online Meeting,Product Showcase,2025-11-18 11:00,2025-11-18 11:45,2025-11-18 11:30,2025-11-18 12:15,2025-11-18 11:30,2025-11-18 11:45,15.00,partial_overlap,Medium
1765,P033,Requirements Analysis,Requirements Analysis,Online Meeting,Demo Hall,2025-11-18 11:00,2025-11-18 11:45,2025-11-18 11:06,2025-11-18 12:00,2025-11-18 11:06,2025-11-18 11:45,39.00,partial_overlap,Medium
1766,P033,One-on-One,Training,Cafe,Remote,2025-11-17 17:30,2025-11-17 17:45,2025-11-17 17:42,2025-11-17 18:20,2025-11-17 17:42,2025-11-17 17:45,3.00,partial_overlap,Low
1767,P033,One-on-One,Deployment,Cafe,Conference Room B,2025-11-17 17:30,2025-11-17 17:45,2025-11-17 17:44,2025-11-17 18:32,2025-11-17 17:44,2025-11-17 17:45,1.00,partial_overlap,Low
1768,P033,Deployment,Requirements Analysis,Cafe,Conference Room B,2025-11-20 15:45,2025-11-20 16:30,2025-11-20 15:45,2025-11-20 16:00,2025-11-20 15:45,2025-11-20 16:00,15.00,containment,Medium
1769,P033,Code Review,Operations Check,Conference Room C,Conference Room C,2025-11-20 13:00,2025-11-20 13:30,2025-11-20 12:45,2025-11-20 13:15,2025-11-20 13:00,2025-11-20 13:15,15.00,partial_overlap,Medium
1770,P033,Testing Acceptance,Team Building,Office Area 2,Office Area 1,2025-11-15 12:15,2025-11-15 12:45,2025-11-15 12:32,2025-11-15 13:29,2025-11-15 12:32,2025-11-15 12:45,13.00,partial_overlap,Low
1771,P033,Brainstorming,Client Visit,R&D Center,Online Meeting,2025-11-15 11:30,2025-11-15 12:15,2025-11-15 11:21,2025-11-15 11:53,2025-11-15 11:30,2025-11-15 11:53,23.00,partial_overlap,Medium
1772,P033,Deployment,Client Visit,Conference Room A,Break Room,2025-11-15 17:00,2025-11-15 17:30,2025-11-15 17:24,2025-11-15 18:01,2025-11-15 17:24,2025-11-15 17:30,6.00,partial_overlap,Low
1773,P033,Operations Check,Team Building,Office Area 2,Remote,2025-11-23 10:45,2025-11-23 11:15,2025-11-23 10:30,2025-11-23 11:00,2025-11-23 10:45,2025-11-23 11:00,15.00,partial_overlap,Medium
1774,P033,Code Review,Design Review,R&D Center,Conference Room B,2025-11-21 11:00,2025-11-21 11:15,2025-11-21 11:06,2025-11-21 11:34,2025-11-21 11:06,2025-11-21 11:15,9.00,partial_overlap,Low
1775,P033,Client Visit,Requirements Analysis,Product Showcase,Demo Hall,2025-11-18 11:30,2025-11-18 12:15,2025-11-18 11:06,2025-11-18 12:00,2025-11-18 11:30,2025-11-18 12:00,30.00,partial_overlap,Medium
1776,P033,Deployment,Team Building,Client Reception,Remote,2025-11-20 11:15,2025-11-20 11:30,2025-11-20 11:24,2025-11-20 12:07,2025-11-20 11:24,2025-11-20 11:30,6.00,partial_overlap,Low
1777,P033,Training,Client Visit,Break Room,Demo Hall,2025-11-19 11:45,2025-11-19 12:30,2025-11-19 12:15,2025-11-19 12:45,2025-11-19 12:15,2025-11-19 12:30,15.00,partial_overlap,Medium
1778,P033,Training,Deployment,Remote,Conference Room B,2025-11-17 17:42,2025-11-17 18:20,2025-11-17 17:44,2025-11-17 18:32,2025-11-17 17:44,2025-11-17 18:20,36.00,partial_overlap,Medium
1779,P034,Training,Team Building,Product Showcase,Office Area 1,2025-10-29 12:00,2025-10-29 13:30,2025-10-29 12:30,2025-10-29 13:00,2025-10-29 12:30,2025-10-29 13:00,30.00,containment,Medium
1780,P034,Deployment,Training,R&D Center,Break Room,2025-10-31 11:30,2025-10-31 12:15,2025-10-31 11:44,2025-10-31 12:06,2025-10-31 11:44,2025-10-31 12:06,22.00,containment,Medium
1781,P034,Code Review,Training,Conference Room C,Test Lab,2025-11-03 11:15,2025-11-03 12:00,2025-11-03 10:30,2025-11-03 11:30,2025-11-03 11:15,2025-11-03 11:30,15.00,partial_overlap,Medium
1782,P034,Tech Sharing,Code Review,Office Area 2,Conference Room B,2025-11-08 11:00,2025-11-08 12:00,2025-11-08 11:15,2025-11-08 12:00,2025-11-08 11:15,2025-11-08 12:00,45.00,containment,Medium
1783,P034,Tech Sharing,Meeting,Office Area 2,Product Showcase,2025-11-08 11:00,2025-11-08 12:00,2025-11-08 10:30,2025-11-08 11:30,2025-11-08 11:00,2025-11-08 11:30,30.00,partial_overlap,Medium
1784,P034,Tech Sharing,Product Demo,Office Area 2,Cafe,2025-11-08 11:00,2025-11-08 12:00,2025-11-08 10:52,2025-11-08 11:31,2025-11-08 11:00,2025-11-08 11:31,31.00,partial_overlap,Medium
1785,P034,Deployment,Code Review,Break Room,Client Reception,2025-11-10 12:30,2025-11-10 13:00,2025-11-10 12:15,2025-11-10 13:00,2025-11-10 12:30,2025-11-10 13:00,30.00,containment,Medium
1786,P034,Code Review,Meeting,Conference Room B,Product Showcase,2025-11-08 11:15,2025-11-08 12:00,2025-11-08 10:30,2025-11-08 11:30,2025-11-08 11:15,2025-11-08 11:30,15.00,partial_overlap,Medium
1787,P034,Code Review,Product Demo,Conference Room B,Cafe,2025-11-08 11:15,2025-11-08 12:00,2025-11-08 10:52,2025-11-08 11:31,2025-11-08 11:15,2025-11-08 11:31,16.00,partial_overlap,Medium
1788,P034,Client Visit,Requirements Analysis,Remote,Training Room,2025-11-10 10:00,2025-11-10 10:45,2025-11-10 10:06,2025-11-10 10:49,2025-11-10 10:06,2025-11-10 10:45,39.00,partial_overlap,Medium
1789,P034,Code Review,One-on-One,R&D Center,Client Reception,2025-11-08 08:30,2025-11-08 09:00,2025-11-08 08:39,2025-11-08 09:18,2025-11-08 08:39,2025-11-08 09:00,21.00,partial_overlap,Medium
1790,P034,Testing Acceptance,Deployment,Conference Room C,Cafe,2025-11-14 09:15,2025-11-14 10:00,2025-11-14 09:15,2025-11-14 09:45,2025-11-14 09:15,2025-11-14 09:45,30.00,containment,Medium
1791,P034,Meeting,Code Review,Product Showcase,Remote,2025-11-08 10:30,2025-11-08 11:30,2025-11-08 10:35,2025-11-08 11:00,2025-11-08 10:35,2025-11-08 11:00,25.00,containment,Medium
1792,P034,Meeting,Product Demo,Product Showcase,Cafe,2025-11-08 10:30,2025-11-08 11:30,2025-11-08 10:52,2025-11-08 11:31,2025-11-08 10:52,2025-11-08 11:30,38.00,partial_overlap,Medium
1793,P034,Project Discussion,Team Building,Demo Hall,Cafe,2025-11-15 11:15,2025-11-15 11:45,2025-11-15 11:37,2025-11-15 12:37,2025-11-15 11:37,2025-11-15 11:45,8.00,partial_overlap,Low
1794,P034,Requirements Analysis,Client Visit,R&D Center,Conference Room B,2025-11-12 12:00,2025-11-12 13:00,2025-11-12 12:30,2025-11-12 13:00,2025-11-12 12:30,2025-11-12 13:00,30.00,containment,Medium
1795,P034,Testing Acceptance,Design Review,Conference Room A,Break Room,2025-11-17 14:00,2025-11-17 15:00,2025-11-17 14:13,2025-11-17 14:57,2025-11-17 14:13,2025-11-17 14:57,44.00,containment,Medium
1796,P034,Testing Acceptance,Training,Conference Room A,Conference Room A,2025-11-17 14:00,2025-11-17 15:00,2025-11-17 14:30,2025-11-17 15:00,2025-11-17 14:30,2025-11-17 15:00,30.00,containment,Medium
1797,P034,Code Review,Product Demo,Remote,Cafe,2025-11-08 10:35,2025-11-08 11:00,2025-11-08 10:52,2025-11-08 11:31,2025-11-08 10:52,2025-11-08 11:00,8.00,partial_overlap,Low
1798,P034,Team Building,Testing Acceptance,Cafe,Office Area 1,2025-11-15 11:37,2025-11-15 12:37,2025-11-15 12:15,2025-11-15 12:45,2025-11-15 12:15,2025-11-15 12:37,22.00,partial_overlap,Medium
1799,P034,Design Review,Training,Break Room,Conference Room A,2025-11-17 14:13,2025-11-17 14:57,2025-11-17 14:30,2025-11-17 15:00,2025-11-17 14:30,2025-11-17 14:57,27.00,partial_overlap,Medium
1800,P034,Brainstorming,Product Demo,Client Reception,Office Area 2,2025-11-17 17:30,2025-11-17 18:15,2025-11-17 17:45,2025-11-17 18:30,2025-11-17 17:45,2025-11-17 18:15,30.00,partial_overlap,Medium
1801,P034,Operations Check,Project Discussion,Training Room,Online Meeting,2025-11-21 18:30,2025-11-21 19:15,2025-11-21 18:45,2025-11-21 19:15,2025-11-21 18:45,2025-11-21 19:15,30.00,containment,Medium
1802,P034,Meeting,Client Visit,Office Area 2,Cafe,2025-11-19 09:00,2025-11-19 09:30,2025-11-19 09:25,2025-11-19 09:44,2025-11-19 09:25,2025-11-19 09:30,5.00,partial_overlap,Low
1803,P034,Code Review,Client Visit,Cafe,Cafe,2025-11-18 09:00,2025-11-18 09:45,2025-11-18 08:30,2025-11-18 09:15,2025-11-18 09:00,2025-11-18 09:15,15.00,partial_overlap,Medium
1804,P034,Code Review,Deployment,Cafe,Client Reception,2025-11-18 09:00,2025-11-18 09:45,2025-11-18 09:15,2025-11-18 10:00,2025-11-18 09:15,2025-11-18 09:45,30.00,partial_overlap,Medium
1805,P034,Code Review,One-on-One,Cafe,Client Reception,2025-11-18 09:00,2025-11-18 09:45,2025-11-18 09:23,2025-11-18 09:53,2025-11-18 09:23,2025-11-18 09:45,22.00,partial_overlap,Medium
1806,P034,Code Review,Requirements Analysis,Cafe,Remote,2025-11-18 09:00,2025-11-18 09:45,2025-11-18 09:14,2025-11-18 09:49,2025-11-18 09:14,2025-11-18 09:45,31.00,partial_overlap,Medium
1807,P034,Client Visit,Requirements Analysis,Cafe,Remote,2025-11-18 08:30,2025-11-18 09:15,2025-11-18 09:14,2025-11-18 09:49,2025-11-18 09:14,2025-11-18 09:15,1.00,partial_overlap,Low
1808,P034,Testing Acceptance,Product Demo,Break Room,Training Room,2025-11-23 09:00,2025-11-23 09:15,2025-11-23 09:12,2025-11-23 09:46,2025-11-23 09:12,2025-11-23 09:15,3.00,partial_overlap,Low
1809,P034,Deployment,One-on-One,Client Reception,Client Reception,2025-11-18 09:15,2025-11-18 10:00,2025-11-18 09:23,2025-11-18 09:53,2025-11-18 09:23,2025-11-18 09:53,30.00,containment,Medium
1810,P034,Deployment,Meeting,Client Reception,Online Meeting,2025-11-18 09:15,2025-11-18 10:00,2025-11-18 09:48,2025-11-18 10:35,2025-11-18 09:48,2025-11-18 10:00,12.00,partial_overlap,Low
1811,P034,Deployment,Requirements Analysis,Client Reception,Remote,2025-11-18 09:15,2025-11-18 10:00,2025-11-18 09:14,2025-11-18 09:49,2025-11-18 09:15,2025-11-18 09:49,34.00,partial_overlap,Medium
1812,P034,One-on-One,Meeting,Client Reception,Online Meeting,2025-11-18 09:23,2025-11-18 09:53,2025-11-18 09:48,2025-11-18 10:35,2025-11-18 09:48,2025-11-18 09:53,5.00,partial_overlap,Low
1813,P034,One-on-One,Requirements Analysis,Client Reception,Remote,2025-11-18 09:23,2025-11-18 09:53,2025-11-18 09:14,2025-11-18 09:49,2025-11-18 09:23,2025-11-18 09:49,26.00,partial_overlap,Medium
1814,P034,Meeting,Requirements Analysis,Online Meeting,Remote,2025-11-18 09:48,2025-11-18 10:35,2025-11-18 09:14,2025-11-18 09:49,2025-11-18 09:48,2025-11-18 09:49,1.00,partial_overlap,Low
1815,P035,Deployment,Deployment,Online Meeting,Demo Hall,2025-11-03 09:15,2025-11-03 10:45,2025-11-03 08:30,2025-11-03 09:30,2025-11-03 09:15,2025-11-03 09:30,15.00,partial_overlap,Medium
1816,P035,Training,Meeting,Online Meeting,Remote,2025-11-04 10:45,2025-11-04 11:45,2025-11-04 11:30,2025-11-04 12:00,2025-11-04 11:30,2025-11-04 11:45,15.00,partial_overlap,Medium
1817,P035,One-on-One,Meeting,Remote,Remote,2025-11-07 18:45,2025-11-07 19:30,2025-11-07 18:15,2025-11-07 19:15,2025-11-07 18:45,2025-11-07 19:15,30.00,partial_overlap,Medium
1818,P035,Product Demo,Client Visit,Demo Hall,Conference Room C,2025-11-10 16:30,2025-11-10 17:00,2025-11-10 16:30,2025-11-10 17:30,2025-11-10 16:30,2025-11-10 17:00,30.00,containment,Medium
1819,P035,Product Demo,Product Demo,Office Area 1,Break Room,2025-11-11 11:00,2025-11-11 11:30,2025-11-11 11:20,2025-11-11 12:10,2025-11-11 11:20,2025-11-11 11:30,10.00,partial_overlap,Low
1820,P035,Tech Sharing,Operations Check,Office Area 1,Training Room,2025-11-10 10:15,2025-11-10 11:00,2025-11-10 09:45,2025-11-10 10:30,2025-11-10 10:15,2025-11-10 10:30,15.00,partial_overlap,Medium
1821,P035,Tech Sharing,Project Discussion,Office Area 1,Conference Room B,2025-11-10 10:15,2025-11-10 11:00,2025-11-10 09:53,2025-11-10 10:39,2025-11-10 10:15,2025-11-10 10:39,24.00,partial_overlap,Medium
1822,P035,Meeting,Brainstorming,Conference Room C,Demo Hall,2025-11-13 18:00,2025-11-13 18:45,2025-11-13 17:30,2025-11-13 18:15,2025-11-13 18:00,2025-11-13 18:15,15.00,partial_overlap,Medium
1823,P035,Testing Acceptance,Requirements Analysis,Client Reception,Demo Hall,2025-11-12 12:00,2025-11-12 13:00,2025-11-12 12:21,2025-11-12 13:07,2025-11-12 12:21,2025-11-12 13:00,39.00,partial_overlap,Medium
1824,P035,Testing Acceptance,Operations Check,Product Showcase,Training Room,2025-11-10 09:30,2025-11-10 10:15,2025-11-10 09:45,2025-11-10 10:30,2025-11-10 09:45,2025-11-10 10:15,30.00,partial_overlap,Medium
1825,P035,Testing Acceptance,Code Review,Product Showcase,Cafe,2025-11-10 09:30,2025-11-10 10:15,2025-11-10 09:39,2025-11-10 10:08,2025-11-10 09:39,2025-11-10 10:08,29.00,containment,Medium
1826,P035,Testing Acceptance,Project Discussion,Product Showcase,Conference Room B,2025-11-10 09:30,2025-11-10 10:15,2025-11-10 09:53,2025-11-10 10:39,2025-11-10 09:53,2025-11-10 10:15,22.00,partial_overlap,Medium
1827,P035,Operations Check,Code Review,Training Room,Cafe,2025-11-10 09:45,2025-11-10 10:30,2025-11-10 09:39,2025-11-10 10:08,2025-11-10 09:45,2025-11-10 10:08,23.00,partial_overlap,Medium
1828,P035,Operations Check,Project Discussion,Training Room,Conference Room B,2025-11-10 09:45,2025-11-10 10:30,2025-11-10 09:53,2025-11-10 10:39,2025-11-10 09:53,2025-11-10 10:30,37.00,partial_overlap,Medium
1829,P035,Meeting,Product Demo,Break Room,Break Room,2025-11-11 11:30,2025-11-11 12:30,2025-11-11 11:20,2025-11-11 12:10,2025-11-11 11:30,2025-11-11 12:10,40.00,partial_overlap,Medium
1830,P035,Testing Acceptance,Brainstorming,Training Room,Conference Room C,2025-11-17 16:00,2025-11-17 16:30,2025-11-17 16:15,2025-11-17 16:45,2025-11-17 16:15,2025-11-17 16:30,15.00,partial_overlap,Medium
1831,P035,Code Review,Project Discussion,Cafe,Conference Room B,2025-11-10 09:39,2025-11-10 10:08,2025-11-10 09:53,2025-11-10 10:39,2025-11-10 09:53,2025-11-10 10:08,15.00,partial_overlap,Medium
1832,P035,Training,Design Review,Test Lab,Break Room,2025-11-17 14:15,2025-11-17 15:00,2025-11-17 14:00,2025-11-17 14:30,2025-11-17 14:15,2025-11-17 14:30,15.00,partial_overlap,Medium
1833,P035,Meeting,Operations Check,Online Meeting,Office Area 2,2025-11-19 13:45,2025-11-19 14:30,2025-11-19 13:45,2025-11-19 14:00,2025-11-19 13:45,2025-11-19 14:00,15.00,containment,Medium
1834,P035,Brainstorming,Meeting,Client Reception,Demo Hall,2025-11-20 17:00,2025-11-20 17:30,2025-11-20 17:15,2025-11-20 17:30,2025-11-20 17:15,2025-11-20 17:30,15.00,containment,Medium
1835,P035,Brainstorming,Operations Check,Client Reception,Break Room,2025-11-20 17:00,2025-11-20 17:30,2025-11-20 17:15,2025-11-20 18:00,2025-11-20 17:15,2025-11-20 17:30,15.00,partial_overlap,Medium
1836,P035,Brainstorming,Testing Acceptance,Client Reception,Office Area 2,2025-11-20 17:00,2025-11-20 17:30,2025-11-20 16:30,2025-11-20 17:15,2025-11-20 17:00,2025-11-20 17:15,15.00,partial_overlap,Medium
1837,P035,Meeting,Operations Check,Demo Hall,Break Room,2025-11-20 17:15,2025-11-20 17:30,2025-11-20 17:15,2025-11-20 18:00,2025-11-20 17:15,2025-11-20 17:30,15.00,containment,Medium
1838,P035,Tech Sharing,Tech Sharing,Conference Room B,Demo Hall,2025-11-17 10:00,2025-11-17 10:45,2025-11-17 10:27,2025-11-17 11:15,2025-11-17 10:27,2025-11-17 10:45,18.00,partial_overlap,Medium
1839,P036,Design Review,Project Discussion,Training Room,Conference Room C,2025-11-02 12:00,2025-11-02 12:45,2025-11-02 12:05,2025-11-02 12:34,2025-11-02 12:05,2025-11-02 12:34,29.00,containment,Medium
1840,P036,Meeting,Training,Conference Room C,Product Showcase,2025-11-01 16:00,2025-11-01 16:30,2025-11-01 15:30,2025-11-01 16:30,2025-11-01 16:00,2025-11-01 16:30,30.00,containment,Medium
1841,P036,Meeting,Requirements Analysis,Conference Room C,Conference Room B,2025-11-01 16:00,2025-11-01 16:30,2025-11-01 15:46,2025-11-01 16:35,2025-11-01 16:00,2025-11-01 16:30,30.00,containment,Medium
1842,P036,Training,Deployment,Break Room,Cafe,2025-11-04 17:00,2025-11-04 18:30,2025-11-04 16:30,2025-11-04 18:00,2025-11-04 17:00,2025-11-04 18:00,60.00,partial_overlap,High
1843,P036,Tech Sharing,Code Review,R&D Center,Conference Room A,2025-11-03 11:30,2025-11-03 12:00,2025-11-03 11:30,2025-11-03 12:30,2025-11-03 11:30,2025-11-03 12:00,30.00,containment,Medium
1844,P036,Training,Requirements Analysis,Product Showcase,Conference Room B,2025-11-01 15:30,2025-11-01 16:30,2025-11-01 15:46,2025-11-01 16:35,2025-11-01 15:46,2025-11-01 16:30,44.00,partial_overlap,Medium
1845,P036,Testing Acceptance,Project Discussion,Remote,Online Meeting,2025-11-11 09:30,2025-11-11 10:15,2025-11-11 09:49,2025-11-11 10:39,2025-11-11 09:49,2025-11-11 10:15,26.00,partial_overlap,Medium
1846,P036,Design Review,Client Visit,Conference Room A,Training Room,2025-11-12 10:15,2025-11-12 11:00,2025-11-12 10:00,2025-11-12 10:45,2025-11-12 10:15,2025-11-12 10:45,30.00,partial_overlap,Medium
1847,P036,Testing Acceptance,Team Building,Conference Room A,Product Showcase,2025-11-10 13:15,2025-11-10 14:00,2025-11-10 13:45,2025-11-10 14:30,2025-11-10 13:45,2025-11-10 14:00,15.00,partial_overlap,Medium
1848,P036,Testing Acceptance,Product Demo,Conference Room A,Product Showcase,2025-11-10 13:15,2025-11-10 14:00,2025-11-10 13:00,2025-11-10 14:00,2025-11-10 13:15,2025-11-10 14:00,45.00,containment,Medium
1849,P036,Design Review,Training,Product Showcase,Cafe,2025-11-11 17:00,2025-11-11 17:30,2025-11-11 16:30,2025-11-11 17:15,2025-11-11 17:00,2025-11-11 17:15,15.00,partial_overlap,Medium
1850,P036,Team Building,Client Visit,Training Room,Conference Room B,2025-11-09 08:15,2025-11-09 09:00,2025-11-09 08:45,2025-11-09 09:45,2025-11-09 08:45,2025-11-09 09:00,15.00,partial_overlap,Medium
1851,P036,Team Building,Product Demo,Product Showcase,Product Showcase,2025-11-10 13:45,2025-11-10 14:30,2025-11-10 13:00,2025-11-10 14:00,2025-11-10 13:45,2025-11-10 14:00,15.00,partial_overlap,Medium
1852,P036,Brainstorming,Requirements Analysis,Office Area 1,Conference Room A,2025-11-11 10:30,2025-11-11 11:15,2025-11-11 10:15,2025-11-11 11:00,2025-11-11 10:30,2025-11-11 11:00,30.00,partial_overlap,Medium
1853,P036,Brainstorming,Code Review,Office Area 1,Conference Room C,2025-11-11 10:30,2025-11-11 11:15,2025-11-11 10:32,2025-11-11 11:17,2025-11-11 10:32,2025-11-11 11:15,43.00,partial_overlap,Medium
1854,P036,Brainstorming,Project Discussion,Office Area 1,Online Meeting,2025-11-11 10:30,2025-11-11 11:15,2025-11-11 09:49,2025-11-11 10:39,2025-11-11 10:30,2025-11-11 10:39,9.00,partial_overlap,Low
1855,P036,Requirements Analysis,Code Review,Conference Room A,Conference Room C,2025-11-11 10:15,2025-11-11 11:00,2025-11-11 10:32,2025-11-11 11:17,2025-11-11 10:32,2025-11-11 11:00,28.00,partial_overlap,Medium
1856,P036,Requirements Analysis,Project Discussion,Conference Room A,Online Meeting,2025-11-11 10:15,2025-11-11 11:00,2025-11-11 09:49,2025-11-11 10:39,2025-11-11 10:15,2025-11-11 10:39,24.00,partial_overlap,Medium
1857,P036,Tech Sharing,Deployment,Break Room,Conference Room C,2025-11-17 17:30,2025-11-17 18:15,2025-11-17 18:00,2025-11-17 18:15,2025-11-17 18:00,2025-11-17 18:15,15.00,containment,Medium
1858,P036,Code Review,Project Discussion,Conference Room C,Online Meeting,2025-11-11 10:32,2025-11-11 11:17,2025-11-11 09:49,2025-11-11 10:39,2025-11-11 10:32,2025-11-11 10:39,7.00,partial_overlap,Low
1859,P036,Code Review,Operations Check,R&D Center,Conference Room C,2025-11-18 18:15,2025-11-18 18:45,2025-11-18 18:28,2025-11-18 19:01,2025-11-18 18:28,2025-11-18 18:45,17.00,partial_overlap,Medium
1860,P036,Project Discussion,Meeting,Cafe,R&D Center,2025-11-18 08:15,2025-11-18 09:00,2025-11-18 08:00,2025-11-18 08:45,2025-11-18 08:15,2025-11-18 08:45,30.00,partial_overlap,Medium
1861,P036,Testing Acceptance,Deployment,Office Area 1,Training Room,2025-11-14 18:45,2025-11-14 19:15,2025-11-14 18:30,2025-11-14 19:00,2025-11-14 18:45,2025-11-14 19:00,15.00,partial_overlap,Medium
1862,P036,Team Building,Product Demo,Product Showcase,R&D Center,2025-11-16 18:15,2025-11-16 18:30,2025-11-16 18:15,2025-11-16 18:45,2025-11-16 18:15,2025-11-16 18:30,15.00,containment,Medium
1863,P036,One-on-One,One-on-One,Conference Room A,Conference Room C,2025-11-18 12:15,2025-11-18 12:45,2025-11-18 12:37,2025-11-18 13:28,2025-11-18 12:37,2025-11-18 12:45,8.00,partial_overlap,Low
1864,P036,Product Demo,Project Discussion,R&D Center,Product Showcase,2025-11-16 18:15,2025-11-16 18:45,2025-11-16 18:40,2025-11-16 19:21,2025-11-16 18:40,2025-11-16 18:45,5.00,partial_overlap,Low
1865,P036,Tech Sharing,Tech Sharing,Break Room,Test Lab,2025-11-20 16:30,2025-11-20 16:45,2025-11-20 15:56,2025-11-20 16:55,2025-11-20 16:30,2025-11-20 16:45,15.00,containment,Medium
1866,P036,Project Discussion,Code Review,Training Room,Conference Room B,2025-11-20 08:45,2025-11-20 09:15,2025-11-20 08:45,2025-11-20 09:15,2025-11-20 08:45,2025-11-20 09:15,30.00,containment,Medium
1867,P036,Meeting,Project Discussion,Conference Room C,Demo Hall,2025-11-17 18:30,2025-11-17 19:00,2025-11-17 18:36,2025-11-17 19:34,2025-11-17 18:36,2025-11-17 19:00,24.00,partial_overlap,Medium
1868,P036,Product Demo,Tech Sharing,Conference Room B,Conference Room B,2025-11-22 08:00,2025-11-22 08:30,2025-11-22 08:20,2025-11-22 08:58,2025-11-22 08:20,2025-11-22 08:30,10.00,partial_overlap,Low
1869,P036,Training,Testing Acceptance,Client Reception,Client Reception,2025-11-18 15:15,2025-11-18 15:45,2025-11-18 15:00,2025-11-18 15:30,2025-11-18 15:15,2025-11-18 15:30,15.00,partial_overlap,Medium
1870,P036,Tech Sharing,Tech Sharing,R&D Center,Test Lab,2025-11-20 15:30,2025-11-20 16:15,2025-11-20 15:56,2025-11-20 16:55,2025-11-20 15:56,2025-11-20 16:15,19.00,partial_overlap,Medium
1871,P037,Team Building,Tech Sharing,Product Showcase,Office Area 1,2025-11-03 16:00,2025-11-03 16:30,2025-11-03 15:30,2025-11-03 17:00,2025-11-03 16:00,2025-11-03 16:30,30.00,containment,Medium
1872,P037,Code Review,Product Demo,Online Meeting,Break Room,2025-11-02 10:15,2025-11-02 10:45,2025-11-02 10:21,2025-11-02 10:40,2025-11-02 10:21,2025-11-02 10:40,19.00,containment,Medium
1873,P037,Code Review,Code Review,Test Lab,Conference Room B,2025-11-10 13:30,2025-11-10 14:30,2025-11-10 14:15,2025-11-10 15:15,2025-11-10 14:15,2025-11-10 14:30,15.00,partial_overlap,Medium
1874,P037,Code Review,Design Review,Conference Room B,Remote,2025-11-10 14:15,2025-11-10 15:15,2025-11-10 14:33,2025-11-10 15:21,2025-11-10 14:33,2025-11-10 15:15,42.00,partial_overlap,Medium
1875,P037,Tech Sharing,One-on-One,Office Area 1,Test Lab,2025-11-10 17:15,2025-11-10 18:15,2025-11-10 16:45,2025-11-10 17:45,2025-11-10 17:15,2025-11-10 17:45,30.00,partial_overlap,Medium
1876,P037,Brainstorming,Design Review,Break Room,Cafe,2025-11-11 10:30,2025-11-11 11:15,2025-11-11 10:39,2025-11-11 11:37,2025-11-11 10:39,2025-11-11 11:15,36.00,partial_overlap,Medium
1877,P037,Client Visit,Client Visit,Conference Room C,Conference Room B,2025-11-09 09:30,2025-11-09 10:30,2025-11-09 09:00,2025-11-09 09:45,2025-11-09 09:30,2025-11-09 09:45,15.00,partial_overlap,Medium
1878,P037,Tech Sharing,Design Review,Office Area 1,Cafe,2025-11-11 11:15,2025-11-11 11:45,2025-11-11 10:39,2025-11-11 11:37,2025-11-11 11:15,2025-11-11 11:37,22.00,partial_overlap,Medium
1879,P037,Code Review,One-on-One,Office Area 1,Office Area 1,2025-11-14 14:00,2025-11-14 15:00,2025-11-14 14:15,2025-11-14 14:30,2025-11-14 14:15,2025-11-14 14:30,15.00,containment,Medium
1880,P037,Meeting,Product Demo,Demo Hall,Office Area 1,2025-11-15 08:15,2025-11-15 08:45,2025-11-15 08:30,2025-11-15 09:00,2025-11-15 08:30,2025-11-15 08:45,15.00,partial_overlap,Medium
1881,P037,One-on-One,Project Discussion,Product Showcase,Office Area 2,2025-11-13 12:15,2025-11-13 12:30,2025-11-13 12:27,2025-11-13 12:55,2025-11-13 12:27,2025-11-13 12:30,3.00,partial_overlap,Low
1882,P037,Deployment,Requirements Analysis,Cafe,Conference Room A,2025-11-13 14:45,2025-11-13 15:30,2025-11-13 15:14,2025-11-13 15:56,2025-11-13 15:14,2025-11-13 15:30,16.00,partial_overlap,Medium
1883,P037,Training,Testing Acceptance,Conference Room A,R&D Center,2025-11-20 13:15,2025-11-20 14:00,2025-11-20 13:45,2025-11-20 14:30,2025-11-20 13:45,2025-11-20 14:00,15.00,partial_overlap,Medium
1884,P037,Client Visit,Meeting,Break Room,Office Area 2,2025-11-19 14:45,2025-11-19 15:30,2025-11-19 15:15,2025-11-19 15:30,2025-11-19 15:15,2025-11-19 15:30,15.00,containment,Medium
1885,P037,Team Building,Project Discussion,Conference Room A,Test Lab,2025-11-18 10:45,2025-11-18 11:15,2025-11-18 10:15,2025-11-18 11:00,2025-11-18 10:45,2025-11-18 11:00,15.00,partial_overlap,Medium
1886,P037,One-on-One,Tech Sharing,Online Meeting,Conference Room B,2025-11-22 12:30,2025-11-22 13:15,2025-11-22 12:30,2025-11-22 13:00,2025-11-22 12:30,2025-11-22 13:00,30.00,containment,Medium
1887,P037,Testing Acceptance,Design Review,R&D Center,Cafe,2025-11-20 13:45,2025-11-20 14:30,2025-11-20 14:10,2025-11-20 14:46,2025-11-20 14:10,2025-11-20 14:30,20.00,partial_overlap,Medium
1888,P038,Code Review,Operations Check,Demo Hall,Remote,2025-11-01 12:15,2025-11-01 13:00,2025-11-01 12:24,2025-11-01 13:15,2025-11-01 12:24,2025-11-01 13:00,36.00,partial_overlap,Medium
1889,P038,Testing Acceptance,Brainstorming,Test Lab,Test Lab,2025-10-31 09:00,2025-10-31 10:30,2025-10-31 09:13,2025-10-31 10:03,2025-10-31 09:13,2025-10-31 10:03,50.00,containment,Medium
1890,P038,Tech Sharing,Design Review,Office Area 2,Office Area 1,2025-11-03 16:00,2025-11-03 17:30,2025-11-03 16:15,2025-11-03 16:59,2025-11-03 16:15,2025-11-03 16:59,44.00,containment,Medium
1891,P038,Requirements Analysis,Team Building,Test Lab,Office Area 1,2025-11-08 14:45,2025-11-08 15:15,2025-11-08 14:30,2025-11-08 15:15,2025-11-08 14:45,2025-11-08 15:15,30.00,containment,Medium
1892,P038,One-on-One,Product Demo,Cafe,Break Room,2025-11-16 17:30,2025-11-16 18:15,2025-11-16 18:00,2025-11-16 18:15,2025-11-16 18:00,2025-11-16 18:15,15.00,containment,Medium
1893,P038,Design Review,Training,Client Reception,Client Reception,2025-11-13 10:45,2025-11-13 11:15,2025-11-13 10:54,2025-11-13 11:27,2025-11-13 10:54,2025-11-13 11:15,21.00,partial_overlap,Medium
1894,P038,Client Visit,Team Building,R&D Center,Client Reception,2025-11-20 12:45,2025-11-20 13:30,2025-11-20 13:00,2025-11-20 13:45,2025-11-20 13:00,2025-11-20 13:30,30.00,partial_overlap,Medium
1895,P038,Code Review,Client Visit,Online Meeting,Online Meeting,2025-11-18 09:00,2025-11-18 09:15,2025-11-18 09:06,2025-11-18 09:50,2025-11-18 09:06,2025-11-18 09:15,9.00,partial_overlap,Low
1896,P038,Code Review,Requirements Analysis,Office Area 1,Cafe,2025-11-22 12:00,2025-11-22 12:30,2025-11-22 12:15,2025-11-22 12:45,2025-11-22 12:15,2025-11-22 12:30,15.00,partial_overlap,Medium
1897,P038,Project Discussion,One-on-One,Remote,Client Reception,2025-11-25 11:00,2025-11-25 11:15,2025-11-25 11:00,2025-11-25 11:15,2025-11-25 11:00,2025-11-25 11:15,15.00,containment,Medium
1898,P039,Project Discussion,Training,Product Showcase,Online Meeting,2025-11-02 17:45,2025-11-02 18:30,2025-11-02 18:01,2025-11-02 18:29,2025-11-02 18:01,2025-11-02 18:29,28.00,containment,Medium
1899,P039,Meeting,Design Review,Client Reception,Remote,2025-10-31 14:00,2025-10-31 14:30,2025-10-31 14:09,2025-10-31 14:58,2025-10-31 14:09,2025-10-31 14:30,21.00,partial_overlap,Medium
1900,P039,Deployment,Deployment,R&D Center,Conference Room B,2025-11-05 16:45,2025-11-05 18:15,2025-11-05 17:12,2025-11-05 18:01,2025-11-05 17:12,2025-11-05 18:01,49.00,containment,Medium
1901,P039,Deployment,Tech Sharing,R&D Center,Conference Room B,2025-11-05 16:45,2025-11-05 18:15,2025-11-05 17:00,2025-11-05 18:00,2025-11-05 17:00,2025-11-05 18:00,60.00,containment,High
1902,P039,One-on-One,Meeting,Online Meeting,Product Showcase,2025-11-03 08:30,2025-11-03 09:15,2025-11-03 08:30,2025-11-03 09:15,2025-11-03 08:30,2025-11-03 09:15,45.00,containment,Medium
1903,P039,One-on-One,Operations Check,Online Meeting,Product Showcase,2025-11-03 08:30,2025-11-03 09:15,2025-11-03 08:58,2025-11-03 09:19,2025-11-03 08:58,2025-11-03 09:15,17.00,partial_overlap,Medium
1904,P039,Training,Tech Sharing,Conference Room C,Office Area 1,2025-11-03 15:45,2025-11-03 17:15,2025-11-03 15:51,2025-11-03 16:51,2025-11-03 15:51,2025-11-03 16:51,60.00,containment,High
1905,P039,Meeting,Operations Check,Product Showcase,Product Showcase,2025-11-03 08:30,2025-11-03 09:15,2025-11-03 08:58,2025-11-03 09:19,2025-11-03 08:58,2025-11-03 09:15,17.00,partial_overlap,Medium
1906,P039,Deployment,Tech Sharing,Conference Room B,Conference Room B,2025-11-05 17:12,2025-11-05 18:01,2025-11-05 17:00,2025-11-05 18:00,2025-11-05 17:12,2025-11-05 18:00,48.00,partial_overlap,Medium
1907,P039,Project Discussion,Training,Office Area 2,Test Lab,2025-11-07 18:00,2025-11-07 18:45,2025-11-07 18:24,2025-11-07 18:49,2025-11-07 18:24,2025-11-07 18:45,21.00,partial_overlap,Medium
1908,P039,Code Review,Project Discussion,Conference Room B,Client Reception,2025-11-08 10:00,2025-11-08 10:45,2025-11-08 10:05,2025-11-08 10:56,2025-11-08 10:05,2025-11-08 10:45,40.00,partial_overlap,Medium
1909,P039,Testing Acceptance,Requirements Analysis,Office Area 1,Conference Room C,2025-11-11 11:45,2025-11-11 12:15,2025-11-11 11:30,2025-11-11 12:30,2025-11-11 11:45,2025-11-11 12:15,30.00,containment,Medium
1910,P039,Code Review,Meeting,Test Lab,Break Room,2025-11-13 13:15,2025-11-13 13:45,2025-11-13 13:15,2025-11-13 13:45,2025-11-13 13:15,2025-11-13 13:45,30.00,containment,Medium
1911,P039,Code Review,Meeting,Test Lab,R&D Center,2025-11-13 13:15,2025-11-13 13:45,2025-11-13 13:26,2025-11-13 13:56,2025-11-13 13:26,2025-11-13 13:45,19.00,partial_overlap,Medium
1912,P039,Meeting,Meeting,Break Room,R&D Center,2025-11-13 13:15,2025-11-13 13:45,2025-11-13 13:26,2025-11-13 13:56,2025-11-13 13:26,2025-11-13 13:45,19.00,partial_overlap,Medium
1913,P039,Team Building,Operations Check,Test Lab,Training Room,2025-11-15 13:45,2025-11-15 14:45,2025-11-15 13:57,2025-11-15 14:38,2025-11-15 13:57,2025-11-15 14:38,41.00,containment,Medium
1914,P039,Code Review,Code Review,Online Meeting,R&D Center,2025-11-14 14:45,2025-11-14 15:45,2025-11-14 15:00,2025-11-14 15:30,2025-11-14 15:00,2025-11-14 15:30,30.00,containment,Medium
1915,P039,Requirements Analysis,Training,Online Meeting,Training Room,2025-11-17 17:00,2025-11-17 17:30,2025-11-17 17:15,2025-11-17 17:45,2025-11-17 17:15,2025-11-17 17:30,15.00,partial_overlap,Medium
1916,P039,Deployment,Code Review,Office Area 1,Demo Hall,2025-11-20 17:30,2025-11-20 18:00,2025-11-20 17:30,2025-11-20 17:45,2025-11-20 17:30,2025-11-20 17:45,15.00,containment,Medium
1917,P039,Code Review,Tech Sharing,Conference Room A,Product Showcase,2025-11-15 15:45,2025-11-15 16:15,2025-11-15 15:45,2025-11-15 16:00,2025-11-15 15:45,2025-11-15 16:00,15.00,containment,Medium
1918,P039,Product Demo,Project Discussion,Training Room,Office Area 1,2025-11-14 08:45,2025-11-14 09:00,2025-11-14 08:57,2025-11-14 09:33,2025-11-14 08:57,2025-11-14 09:00,3.00,partial_overlap,Low
1919,P039,Project Discussion,Operations Check,Online Meeting,Online Meeting,2025-11-16 09:15,2025-11-16 09:30,2025-11-16 09:00,2025-11-16 09:30,2025-11-16 09:15,2025-11-16 09:30,15.00,containment,Medium
1920,P039,Training,Training,Office Area 1,Office Area 2,2025-11-21 11:00,2025-11-21 11:30,2025-11-21 11:12,2025-11-21 11:58,2025-11-21 11:12,2025-11-21 11:30,18.00,partial_overlap,Medium
1921,P040,Requirements Analysis,Training,Conference Room A,Office Area 2,2025-10-31 15:30,2025-10-31 16:00,2025-10-31 15:30,2025-10-31 16:00,2025-10-31 15:30,2025-10-31 16:00,30.00,containment,Medium
1922,P040,Requirements Analysis,Product Demo,Conference Room A,Office Area 1,2025-10-31 15:30,2025-10-31 16:00,2025-10-31 15:15,2025-10-31 16:00,2025-10-31 15:30,2025-10-31 16:00,30.00,containment,Medium
1923,P040,Code Review,Code Review,R&D Center,Client Reception,2025-11-04 13:30,2025-11-04 14:00,2025-11-04 13:42,2025-11-04 13:58,2025-11-04 13:42,2025-11-04 13:58,16.00,containment,Medium
1924,P040,Training,Product Demo,Office Area 2,Office Area 1,2025-10-31 15:30,2025-10-31 16:00,2025-10-31 15:15,2025-10-31 16:00,2025-10-31 15:30,2025-10-31 16:00,30.00,containment,Medium
1925,P040,Deployment,Product Demo,R&D Center,Conference Room C,2025-11-07 16:45,2025-11-07 18:15,2025-11-07 17:45,2025-11-07 19:15,2025-11-07 17:45,2025-11-07 18:15,30.00,partial_overlap,Medium
1926,P040,Operations Check,Product Demo,Demo Hall,Demo Hall,2025-11-03 10:15,2025-11-03 11:15,2025-11-03 10:41,2025-11-03 11:38,2025-11-03 10:41,2025-11-03 11:15,34.00,partial_overlap,Medium
1927,P040,Operations Check,Code Review,Demo Hall,Office Area 2,2025-11-03 10:15,2025-11-03 11:15,2025-11-03 10:49,2025-11-03 11:10,2025-11-03 10:49,2025-11-03 11:10,21.00,containment,Medium
1928,P040,Requirements Analysis,Testing Acceptance,Conference Room A,Client Reception,2025-11-06 13:00,2025-11-06 14:00,2025-11-06 13:45,2025-11-06 14:45,2025-11-06 13:45,2025-11-06 14:00,15.00,partial_overlap,Medium
1929,P040,Product Demo,Code Review,Demo Hall,Office Area 2,2025-11-03 10:41,2025-11-03 11:38,2025-11-03 10:49,2025-11-03 11:10,2025-11-03 10:49,2025-11-03 11:10,21.00,containment,Medium
1930,P040,Requirements Analysis,Meeting,Training Room,Office Area 2,2025-11-10 16:30,2025-11-10 17:30,2025-11-10 16:45,2025-11-10 17:45,2025-11-10 16:45,2025-11-10 17:30,45.00,partial_overlap,Medium
1931,P040,Code Review,Team Building,Break Room,R&D Center,2025-11-10 14:45,2025-11-10 15:30,2025-11-10 14:30,2025-11-10 15:00,2025-11-10 14:45,2025-11-10 15:00,15.00,partial_overlap,Medium
1932,P040,Operations Check,Meeting,Break Room,Cafe,2025-11-08 17:15,2025-11-08 17:45,2025-11-08 17:29,2025-11-08 17:46,2025-11-08 17:29,2025-11-08 17:45,16.00,partial_overlap,Medium
1933,P040,Design Review,Deployment,Office Area 2,Demo Hall,2025-11-10 18:15,2025-11-10 19:00,2025-11-10 18:15,2025-11-10 19:15,2025-11-10 18:15,2025-11-10 19:00,45.00,containment,Medium
1934,P040,Operations Check,Team Building,Demo Hall,Product Showcase,2025-11-09 16:15,2025-11-09 17:00,2025-11-09 16:34,2025-11-09 16:57,2025-11-09 16:34,2025-11-09 16:57,23.00,containment,Medium
1935,P040,One-on-One,Training,Client Reception,Client Reception,2025-11-11 15:45,2025-11-11 16:30,2025-11-11 16:15,2025-11-11 17:15,2025-11-11 16:15,2025-11-11 16:30,15.00,partial_overlap,Medium
1936,P040,Client Visit,Project Discussion,Demo Hall,Office Area 1,2025-11-09 10:15,2025-11-09 10:45,2025-11-09 09:45,2025-11-09 10:30,2025-11-09 10:15,2025-11-09 10:30,15.00,partial_overlap,Medium
1937,P040,Client Visit,Team Building,Demo Hall,Test Lab,2025-11-09 10:15,2025-11-09 10:45,2025-11-09 10:26,2025-11-09 11:13,2025-11-09 10:26,2025-11-09 10:45,19.00,partial_overlap,Medium
1938,P040,Client Visit,Tech Sharing,Demo Hall,R&D Center,2025-11-09 10:15,2025-11-09 10:45,2025-11-09 10:10,2025-11-09 10:38,2025-11-09 10:15,2025-11-09 10:38,23.00,partial_overlap,Medium
1939,P040,Deployment,Operations Check,Break Room,Test Lab,2025-11-15 10:00,2025-11-15 11:00,2025-11-15 09:45,2025-11-15 10:15,2025-11-15 10:00,2025-11-15 10:15,15.00,partial_overlap,Medium
1940,P040,Deployment,Operations Check,Break Room,Test Lab,2025-11-15 10:00,2025-11-15 11:00,2025-11-15 10:07,2025-11-15 10:31,2025-11-15 10:07,2025-11-15 10:31,24.00,containment,Medium
1941,P040,Deployment,Testing Acceptance,Remote,Demo Hall,2025-11-15 08:30,2025-11-15 09:30,2025-11-15 08:41,2025-11-15 09:31,2025-11-15 08:41,2025-11-15 09:30,49.00,partial_overlap,Medium
1942,P040,Product Demo,Project Discussion,Office Area 2,Demo Hall,2025-11-15 08:00,2025-11-15 08:30,2025-11-15 08:00,2025-11-15 08:15,2025-11-15 08:00,2025-11-15 08:15,15.00,containment,Medium
1943,P040,Project Discussion,Team Building,Office Area 1,Test Lab,2025-11-09 09:45,2025-11-09 10:30,2025-11-09 10:26,2025-11-09 11:13,2025-11-09 10:26,2025-11-09 10:30,4.00,partial_overlap,Low
1944,P040,Project Discussion,Tech Sharing,Office Area 1,R&D Center,2025-11-09 09:45,2025-11-09 10:30,2025-11-09 10:10,2025-11-09 10:38,2025-11-09 10:10,2025-11-09 10:30,20.00,partial_overlap,Medium
1945,P040,Product Demo,Operations Check,R&D Center,R&D Center,2025-11-15 18:00,2025-11-15 19:00,2025-11-15 18:30,2025-11-15 19:26,2025-11-15 18:30,2025-11-15 19:00,30.00,partial_overlap,Medium
1946,P040,Team Building,Tech Sharing,Test Lab,R&D Center,2025-11-09 10:26,2025-11-09 11:13,2025-11-09 10:10,2025-11-09 10:38,2025-11-09 10:26,2025-11-09 10:38,12.00,partial_overlap,Low
1947,P040,Operations Check,Operations Check,Test Lab,Test Lab,2025-11-15 09:45,2025-11-15 10:15,2025-11-15 10:07,2025-11-15 10:31,2025-11-15 10:07,2025-11-15 10:15,8.00,partial_overlap,Low
1948,P040,Requirements Analysis,One-on-One,Conference Room B,Test Lab,2025-11-18 08:30,2025-11-18 09:15,2025-11-18 08:15,2025-11-18 09:00,2025-11-18 08:30,2025-11-18 09:00,30.00,partial_overlap,Medium
1949,P040,Project Discussion,Tech Sharing,Break Room,Test Lab,2025-11-16 12:30,2025-11-16 13:00,2025-11-16 12:54,2025-11-16 13:45,2025-11-16 12:54,2025-11-16 13:00,6.00,partial_overlap,Low
1950,P040,Training,Brainstorming,Conference Room B,Cafe,2025-11-18 12:30,2025-11-18 13:15,2025-11-18 13:00,2025-11-18 13:45,2025-11-18 13:00,2025-11-18 13:15,15.00,partial_overlap,Medium
1951,P040,Brainstorming,Code Review,Remote,Remote,2025-11-17 11:15,2025-11-17 12:00,2025-11-17 11:24,2025-11-17 12:19,2025-11-17 11:24,2025-11-17 12:00,36.00,partial_overlap,Medium
1952,P040,Brainstorming,Tech Sharing,Remote,Conference Room B,2025-11-17 11:15,2025-11-17 12:00,2025-11-17 11:24,2025-11-17 11:46,2025-11-17 11:24,2025-11-17 11:46,22.00,containment,Medium
1953,P040,Training,Brainstorming,Cafe,Training Room,2025-11-20 11:30,2025-11-20 12:15,2025-11-20 11:30,2025-11-20 11:45,2025-11-20 11:30,2025-11-20 11:45,15.00,containment,Medium
1954,P040,Code Review,Project Discussion,Test Lab,Remote,2025-11-18 15:15,2025-11-18 15:45,2025-11-18 15:30,2025-11-18 16:00,2025-11-18 15:30,2025-11-18 15:45,15.00,partial_overlap,Medium
1955,P040,Deployment,Project Discussion,Conference Room C,Office Area 2,2025-11-19 15:15,2025-11-19 15:30,2025-11-19 15:23,2025-11-19 16:03,2025-11-19 15:23,2025-11-19 15:30,7.00,partial_overlap,Low
1956,P040,Code Review,Tech Sharing,Remote,Conference Room B,2025-11-17 11:24,2025-11-17 12:19,2025-11-17 11:24,2025-11-17 11:46,2025-11-17 11:24,2025-11-17 11:46,22.00,containment,Medium
1957,P041,Code Review,Product Demo,Product Showcase,Conference Room C,2025-11-04 11:00,2025-11-04 12:30,2025-11-04 10:15,2025-11-04 11:15,2025-11-04 11:00,2025-11-04 11:15,15.00,partial_overlap,Medium
1958,P041,Code Review,Training,Product Showcase,Conference Room A,2025-11-04 11:00,2025-11-04 12:30,2025-11-04 10:45,2025-11-04 11:30,2025-11-04 11:00,2025-11-04 11:30,30.00,partial_overlap,Medium
1959,P041,Code Review,Project Discussion,Product Showcase,Cafe,2025-11-04 11:00,2025-11-04 12:30,2025-11-04 11:26,2025-11-04 12:07,2025-11-04 11:26,2025-11-04 12:07,41.00,containment,Medium
1960,P041,Product Demo,Training,Conference Room C,Conference Room A,2025-11-04 10:15,2025-11-04 11:15,2025-11-04 10:45,2025-11-04 11:30,2025-11-04 10:45,2025-11-04 11:15,30.00,partial_overlap,Medium
1961,P041,Product Demo,Operations Check,Conference Room C,Product Showcase,2025-11-04 10:15,2025-11-04 11:15,2025-11-04 10:15,2025-11-04 10:45,2025-11-04 10:15,2025-11-04 10:45,30.00,containment,Medium
1962,P041,Project Discussion,Operations Check,Office Area 2,Conference Room B,2025-11-07 11:45,2025-11-07 13:15,2025-11-07 12:08,2025-11-07 12:25,2025-11-07 12:08,2025-11-07 12:25,17.00,containment,Medium
1963,P041,Project Discussion,Deployment,Office Area 2,Cafe,2025-11-07 11:45,2025-11-07 13:15,2025-11-07 12:45,2025-11-07 13:45,2025-11-07 12:45,2025-11-07 13:15,30.00,partial_overlap,Medium
1964,P041,Training,Project Discussion,Conference Room A,Cafe,2025-11-04 10:45,2025-11-04 11:30,2025-11-04 11:26,2025-11-04 12:07,2025-11-04 11:26,2025-11-04 11:30,4.00,partial_overlap,Low
1965,P041,Tech Sharing,Design Review,R&D Center,Office Area 1,2025-11-11 09:00,2025-11-11 09:45,2025-11-11 09:00,2025-11-11 09:30,2025-11-11 09:00,2025-11-11 09:30,30.00,containment,Medium
1966,P041,Requirements Analysis,Team Building,Conference Room B,Conference Room C,2025-11-09 15:15,2025-11-09 15:45,2025-11-09 14:45,2025-11-09 15:30,2025-11-09 15:15,2025-11-09 15:30,15.00,partial_overlap,Medium
1967,P041,Requirements Analysis,Deployment,Conference Room B,Training Room,2025-11-09 15:15,2025-11-09 15:45,2025-11-09 15:15,2025-11-09 15:45,2025-11-09 15:15,2025-11-09 15:45,30.00,containment,Medium
1968,P041,Requirements Analysis,Requirements Analysis,Conference Room B,Online Meeting,2025-11-09 15:15,2025-11-09 15:45,2025-11-09 15:11,2025-11-09 15:36,2025-11-09 15:15,2025-11-09 15:36,21.00,partial_overlap,Medium
1969,P041,Brainstorming,Brainstorming,Office Area 2,Cafe,2025-11-11 12:15,2025-11-11 12:45,2025-11-11 12:23,2025-11-11 13:02,2025-11-11 12:23,2025-11-11 12:45,22.00,partial_overlap,Medium
1970,P041,Brainstorming,Code Review,Office Area 2,Training Room,2025-11-11 12:15,2025-11-11 12:45,2025-11-11 12:26,2025-11-11 13:07,2025-11-11 12:26,2025-11-11 12:45,19.00,partial_overlap,Medium
1971,P041,Team Building,Deployment,Conference Room C,Training Room,2025-11-09 14:45,2025-11-09 15:30,2025-11-09 15:15,2025-11-09 15:45,2025-11-09 15:15,2025-11-09 15:30,15.00,partial_overlap,Medium
1972,P041,Team Building,Requirements Analysis,Conference Room C,Online Meeting,2025-11-09 14:45,2025-11-09 15:30,2025-11-09 15:11,2025-11-09 15:36,2025-11-09 15:11,2025-11-09 15:30,19.00,partial_overlap,Medium
1973,P041,Deployment,Requirements Analysis,Training Room,Online Meeting,2025-11-09 15:15,2025-11-09 15:45,2025-11-09 15:11,2025-11-09 15:36,2025-11-09 15:15,2025-11-09 15:36,21.00,partial_overlap,Medium
1974,P041,Operations Check,Code Review,Break Room,R&D Center,2025-11-15 09:15,2025-11-15 10:15,2025-11-15 09:45,2025-11-15 10:30,2025-11-15 09:45,2025-11-15 10:15,30.00,partial_overlap,Medium
1975,P041,Team Building,One-on-One,Office Area 2,Product Showcase,2025-11-14 10:30,2025-11-14 11:15,2025-11-14 10:45,2025-11-14 11:30,2025-11-14 10:45,2025-11-14 11:15,30.00,partial_overlap,Medium
1976,P041,One-on-One,Tech Sharing,Cafe,Demo Hall,2025-11-14 18:45,2025-11-14 19:15,2025-11-14 19:10,2025-11-14 20:03,2025-11-14 19:10,2025-11-14 19:15,5.00,partial_overlap,Low
1977,P041,Brainstorming,Code Review,Cafe,Training Room,2025-11-11 12:23,2025-11-11 13:02,2025-11-11 12:26,2025-11-11 13:07,2025-11-11 12:26,2025-11-11 13:02,36.00,partial_overlap,Medium
1978,P041,Brainstorming,Deployment,Conference Room C,Office Area 2,2025-11-16 09:00,2025-11-16 09:15,2025-11-16 09:07,2025-11-16 09:39,2025-11-16 09:07,2025-11-16 09:15,8.00,partial_overlap,Low
1979,P041,Meeting,One-on-One,Online Meeting,Office Area 2,2025-11-19 11:30,2025-11-19 12:00,2025-11-19 11:30,2025-11-19 12:15,2025-11-19 11:30,2025-11-19 12:00,30.00,containment,Medium
1980,P041,Design Review,Training,Remote,Cafe,2025-11-19 13:45,2025-11-19 14:15,2025-11-19 13:45,2025-11-19 14:30,2025-11-19 13:45,2025-11-19 14:15,30.00,containment,Medium
1981,P041,Code Review,Brainstorming,Online Meeting,R&D Center,2025-11-20 08:15,2025-11-20 09:00,2025-11-20 08:15,2025-11-20 08:45,2025-11-20 08:15,2025-11-20 08:45,30.00,containment,Medium
1982,P041,Requirements Analysis,Training,Demo Hall,Demo Hall,2025-11-15 13:00,2025-11-15 13:30,2025-11-15 13:16,2025-11-15 13:37,2025-11-15 13:16,2025-11-15 13:30,14.00,partial_overlap,Low
1983,P041,Requirements Analysis,Testing Acceptance,Office Area 2,Remote,2025-11-16 17:15,2025-11-16 17:30,2025-11-16 17:29,2025-11-16 17:51,2025-11-16 17:29,2025-11-16 17:30,1.00,partial_overlap,Low
1984,P041,Requirements Analysis,Code Review,Break Room,Conference Room C,2025-11-14 11:30,2025-11-14 12:15,2025-11-14 11:48,2025-11-14 12:33,2025-11-14 11:48,2025-11-14 12:15,27.00,partial_overlap,Medium
1985,P042,Testing Acceptance,Product Demo,Break Room,Online Meeting,2025-11-02 14:00,2025-11-02 15:30,2025-11-02 15:15,2025-11-02 15:45,2025-11-02 15:15,2025-11-02 15:30,15.00,partial_overlap,Medium
1986,P042,Meeting,Tech Sharing,Cafe,Conference Room B,2025-11-04 09:15,2025-11-04 10:45,2025-11-04 09:23,2025-11-04 10:15,2025-11-04 09:23,2025-11-04 10:15,52.00,containment,Medium
1987,P042,Testing Acceptance,Testing Acceptance,Cafe,Cafe,2025-11-06 18:00,2025-11-06 18:45,2025-11-06 17:15,2025-11-06 18:15,2025-11-06 18:00,2025-11-06 18:15,15.00,partial_overlap,Medium
1988,P042,Deployment,Design Review,Training Room,Conference Room A,2025-11-07 11:15,2025-11-07 12:00,2025-11-07 11:45,2025-11-07 12:30,2025-11-07 11:45,2025-11-07 12:00,15.00,partial_overlap,Medium
1989,P042,Team Building,Brainstorming,Client Reception,Product Showcase,2025-11-11 18:30,2025-11-11 19:30,2025-11-11 18:00,2025-11-11 18:45,2025-11-11 18:30,2025-11-11 18:45,15.00,partial_overlap,Medium
1990,P042,Training,Code Review,Online Meeting,Conference Room B,2025-11-06 15:30,2025-11-06 16:00,2025-11-06 15:00,2025-11-06 16:00,2025-11-06 15:30,2025-11-06 16:00,30.00,containment,Medium
1991,P042,Client Visit,Requirements Analysis,Office Area 1,Conference Room C,2025-11-10 16:30,2025-11-10 17:00,2025-11-10 16:00,2025-11-10 16:45,2025-11-10 16:30,2025-11-10 16:45,15.00,partial_overlap,Medium
1992,P042,Design Review,Brainstorming,Conference Room A,R&D Center,2025-11-07 11:45,2025-11-07 12:30,2025-11-07 12:03,2025-11-07 12:45,2025-11-07 12:03,2025-11-07 12:30,27.00,partial_overlap,Medium
1993,P042,Design Review,Team Building,Demo Hall,Conference Room C,2025-11-08 15:45,2025-11-08 16:15,2025-11-08 15:30,2025-11-08 16:15,2025-11-08 15:45,2025-11-08 16:15,30.00,containment,Medium
1994,P042,Design Review,Design Review,Demo Hall,Break Room,2025-11-08 15:45,2025-11-08 16:15,2025-11-08 16:14,2025-11-08 17:12,2025-11-08 16:14,2025-11-08 16:15,1.00,partial_overlap,Low
1995,P042,Client Visit,Operations Check,Break Room,Office Area 1,2025-11-11 09:00,2025-11-11 09:30,2025-11-11 09:15,2025-11-11 09:45,2025-11-11 09:15,2025-11-11 09:30,15.00,partial_overlap,Medium
1996,P042,Client Visit,Product Demo,Break Room,Office Area 2,2025-11-11 09:00,2025-11-11 09:30,2025-11-11 09:24,2025-11-11 10:17,2025-11-11 09:24,2025-11-11 09:30,6.00,partial_overlap,Low
1997,P042,Team Building,Design Review,Conference Room C,Break Room,2025-11-08 15:30,2025-11-08 16:15,2025-11-08 16:14,2025-11-08 17:12,2025-11-08 16:14,2025-11-08 16:15,1.00,partial_overlap,Low
1998,P042,Client Visit,Operations Check,Break Room,Office Area 1,2025-11-11 09:30,2025-11-11 10:00,2025-11-11 09:15,2025-11-11 09:45,2025-11-11 09:30,2025-11-11 09:45,15.00,partial_overlap,Medium
1999,P042,Client Visit,Product Demo,Break Room,Office Area 2,2025-11-11 09:30,2025-11-11 10:00,2025-11-11 09:24,2025-11-11 10:17,2025-11-11 09:30,2025-11-11 10:00,30.00,containment,Medium
2000,P042,Client Visit,Code Review,Break Room,Cafe,2025-11-11 09:30,2025-11-11 10:00,2025-11-11 09:45,2025-11-11 10:27,2025-11-11 09:45,2025-11-11 10:00,15.00,partial_overlap,Medium
2001,P042,One-on-One,Design Review,Online Meeting,Break Room,2025-11-08 17:00,2025-11-08 17:30,2025-11-08 16:14,2025-11-08 17:12,2025-11-08 17:00,2025-11-08 17:12,12.00,partial_overlap,Low
2002,P042,Tech Sharing,Meeting,Training Room,Conference Room A,2025-11-15 13:15,2025-11-15 14:15,2025-11-15 13:00,2025-11-15 13:45,2025-11-15 13:15,2025-11-15 13:45,30.00,partial_overlap,Medium
2003,P042,Operations Check,Product Demo,Office Area 1,Office Area 2,2025-11-11 09:15,2025-11-11 09:45,2025-11-11 09:24,2025-11-11 10:17,2025-11-11 09:24,2025-11-11 09:45,21.00,partial_overlap,Medium
2004,P042,Product Demo,Code Review,Office Area 2,Cafe,2025-11-11 09:24,2025-11-11 10:17,2025-11-11 09:45,2025-11-11 10:27,2025-11-11 09:45,2025-11-11 10:17,32.00,partial_overlap,Medium
2005,P042,Client Visit,Training,Conference Room B,Cafe,2025-11-19 16:45,2025-11-19 17:30,2025-11-19 16:45,2025-11-19 17:15,2025-11-19 16:45,2025-11-19 17:15,30.00,containment,Medium
2006,P042,Client Visit,Deployment,Conference Room B,Remote,2025-11-19 16:45,2025-11-19 17:30,2025-11-19 17:11,2025-11-19 18:09,2025-11-19 17:11,2025-11-19 17:30,19.00,partial_overlap,Medium
2007,P042,Training,Design Review,Conference Room C,Client Reception,2025-11-19 12:15,2025-11-19 12:45,2025-11-19 12:36,2025-11-19 13:36,2025-11-19 12:36,2025-11-19 12:45,9.00,partial_overlap,Low
2008,P042,Training,Deployment,Cafe,Remote,2025-11-19 16:45,2025-11-19 17:15,2025-11-19 17:11,2025-11-19 18:09,2025-11-19 17:11,2025-11-19 17:15,4.00,partial_overlap,Low
2009,P042,Requirements Analysis,Client Visit,Cafe,Remote,2025-11-18 13:00,2025-11-18 13:30,2025-11-18 13:15,2025-11-18 13:30,2025-11-18 13:15,2025-11-18 13:30,15.00,containment,Medium
2010,P042,Design Review,One-on-One,Client Reception,Product Showcase,2025-11-18 15:30,2025-11-18 15:45,2025-11-18 15:15,2025-11-18 15:45,2025-11-18 15:30,2025-11-18 15:45,15.00,containment,Medium
2011,P042,Project Discussion,Requirements Analysis,Client Reception,Office Area 1,2025-11-21 18:30,2025-11-21 19:15,2025-11-21 17:53,2025-11-21 18:46,2025-11-21 18:30,2025-11-21 18:46,16.00,partial_overlap,Medium
2012,P042,One-on-One,Operations Check,Product Showcase,Office Area 1,2025-11-18 15:15,2025-11-18 15:45,2025-11-18 14:38,2025-11-18 15:23,2025-11-18 15:15,2025-11-18 15:23,8.00,partial_overlap,Low
2013,P042,Requirements Analysis,Design Review,Online Meeting,Break Room,2025-11-17 18:00,2025-11-17 18:30,2025-11-17 18:00,2025-11-17 18:45,2025-11-17 18:00,2025-11-17 18:30,30.00,containment,Medium
2014,P042,Requirements Analysis,Requirements Analysis,Online Meeting,Online Meeting,2025-11-17 18:00,2025-11-17 18:30,2025-11-17 18:27,2025-11-17 19:06,2025-11-17 18:27,2025-11-17 18:30,3.00,partial_overlap,Low
2015,P042,Deployment,Operations Check,Break Room,Office Area 1,2025-11-18 14:15,2025-11-18 14:45,2025-11-18 14:38,2025-11-18 15:23,2025-11-18 14:38,2025-11-18 14:45,7.00,partial_overlap,Low
2016,P042,Product Demo,One-on-One,Conference Room B,Product Showcase,2025-11-19 09:45,2025-11-19 10:30,2025-11-19 09:30,2025-11-19 10:00,2025-11-19 09:45,2025-11-19 10:00,15.00,partial_overlap,Medium
2017,P042,Design Review,Requirements Analysis,Break Room,Online Meeting,2025-11-17 18:00,2025-11-17 18:45,2025-11-17 18:27,2025-11-17 19:06,2025-11-17 18:27,2025-11-17 18:45,18.00,partial_overlap,Medium
2018,P042,Training,Team Building,Online Meeting,Demo Hall,2025-11-18 10:30,2025-11-18 11:00,2025-11-18 10:30,2025-11-18 10:45,2025-11-18 10:30,2025-11-18 10:45,15.00,containment,Medium
2019,P042,Training,Client Visit,Online Meeting,Client Reception,2025-11-18 10:30,2025-11-18 11:00,2025-11-18 10:30,2025-11-18 11:00,2025-11-18 10:30,2025-11-18 11:00,30.00,containment,Medium
2020,P042,Team Building,Client Visit,Demo Hall,Client Reception,2025-11-18 10:30,2025-11-18 10:45,2025-11-18 10:30,2025-11-18 11:00,2025-11-18 10:30,2025-11-18 10:45,15.00,containment,Medium
2021,P043,Deployment,Testing Acceptance,Remote,R&D Center,2025-11-01 14:00,2025-11-01 14:30,2025-11-01 14:14,2025-11-01 14:53,2025-11-01 14:14,2025-11-01 14:30,16.00,partial_overlap,Medium
2022,P043,Team Building,Client Visit,Test Lab,Conference Room A,2025-11-07 15:45,2025-11-07 16:15,2025-11-07 15:15,2025-11-07 16:15,2025-11-07 15:45,2025-11-07 16:15,30.00,containment,Medium
2023,P043,One-on-One,Testing Acceptance,Office Area 1,Test Lab,2025-11-08 11:45,2025-11-08 12:30,2025-11-08 11:15,2025-11-08 12:15,2025-11-08 11:45,2025-11-08 12:15,30.00,partial_overlap,Medium
2024,P043,Training,Brainstorming,Office Area 1,Conference Room B,2025-11-10 15:00,2025-11-10 15:45,2025-11-10 14:39,2025-11-10 15:14,2025-11-10 15:00,2025-11-10 15:14,14.00,partial_overlap,Low
2025,P043,Training,Code Review,Office Area 1,Conference Room A,2025-11-10 15:00,2025-11-10 15:45,2025-11-10 14:37,2025-11-10 15:23,2025-11-10 15:00,2025-11-10 15:23,23.00,partial_overlap,Medium
2026,P043,Brainstorming,Tech Sharing,Office Area 2,Remote,2025-11-12 09:00,2025-11-12 09:45,2025-11-12 09:00,2025-11-12 10:00,2025-11-12 09:00,2025-11-12 09:45,45.00,containment,Medium
2027,P043,Brainstorming,Design Review,Office Area 2,Office Area 1,2025-11-12 09:00,2025-11-12 09:45,2025-11-12 09:12,2025-11-12 09:56,2025-11-12 09:12,2025-11-12 09:45,33.00,partial_overlap,Medium
2028,P043,Testing Acceptance,Deployment,Demo Hall,Client Reception,2025-11-09 08:45,2025-11-09 09:45,2025-11-09 08:54,2025-11-09 09:43,2025-11-09 08:54,2025-11-09 09:43,49.00,containment,Medium
2029,P043,Meeting,Brainstorming,Remote,Conference Room B,2025-11-16 13:00,2025-11-16 13:30,2025-11-16 13:00,2025-11-16 13:45,2025-11-16 13:00,2025-11-16 13:30,30.00,containment,Medium
2030,P043,Deployment,Brainstorming,Conference Room C,Conference Room B,2025-11-10 14:15,2025-11-10 14:45,2025-11-10 14:39,2025-11-10 15:14,2025-11-10 14:39,2025-11-10 14:45,6.00,partial_overlap,Low
2031,P043,Deployment,Code Review,Conference Room C,Conference Room A,2025-11-10 14:15,2025-11-10 14:45,2025-11-10 14:37,2025-11-10 15:23,2025-11-10 14:37,2025-11-10 14:45,8.00,partial_overlap,Low
2032,P043,Tech Sharing,Design Review,Remote,Office Area 1,2025-11-12 09:00,2025-11-12 10:00,2025-11-12 09:12,2025-11-12 09:56,2025-11-12 09:12,2025-11-12 09:56,44.00,containment,Medium
2033,P043,Design Review,Client Visit,Demo Hall,Product Showcase,2025-11-14 14:15,2025-11-14 14:45,2025-11-14 14:30,2025-11-14 15:00,2025-11-14 14:30,2025-11-14 14:45,15.00,partial_overlap,Medium
2034,P043,Design Review,Testing Acceptance,Demo Hall,Remote,2025-11-14 14:15,2025-11-14 14:45,2025-11-14 14:30,2025-11-14 15:00,2025-11-14 14:30,2025-11-14 14:45,15.00,partial_overlap,Medium
2035,P043,Design Review,Brainstorming,Demo Hall,Office Area 1,2025-11-14 14:15,2025-11-14 14:45,2025-11-14 14:37,2025-11-14 15:13,2025-11-14 14:37,2025-11-14 14:45,8.00,partial_overlap,Low
2036,P043,Brainstorming,Code Review,Conference Room B,Conference Room A,2025-11-10 14:39,2025-11-10 15:14,2025-11-10 14:37,2025-11-10 15:23,2025-11-10 14:39,2025-11-10 15:14,35.00,containment,Medium
2037,P043,Requirements Analysis,Client Visit,Office Area 1,Remote,2025-11-18 17:00,2025-11-18 17:30,2025-11-18 16:30,2025-11-18 17:15,2025-11-18 17:00,2025-11-18 17:15,15.00,partial_overlap,Medium
2038,P043,Requirements Analysis,Client Visit,Office Area 1,Conference Room C,2025-11-18 17:00,2025-11-18 17:30,2025-11-18 16:38,2025-11-18 17:21,2025-11-18 17:00,2025-11-18 17:21,21.00,partial_overlap,Medium
2039,P043,Requirements Analysis,Project Discussion,Office Area 1,Remote,2025-11-18 17:00,2025-11-18 17:30,2025-11-18 16:50,2025-11-18 17:14,2025-11-18 17:00,2025-11-18 17:14,14.00,partial_overlap,Low
2040,P043,Client Visit,Testing Acceptance,Product Showcase,Remote,2025-11-14 14:30,2025-11-14 15:00,2025-11-14 14:30,2025-11-14 15:00,2025-11-14 14:30,2025-11-14 15:00,30.00,containment,Medium
2041,P043,Client Visit,Requirements Analysis,Product Showcase,Conference Room C,2025-11-14 14:30,2025-11-14 15:00,2025-11-14 14:45,2025-11-14 15:00,2025-11-14 14:45,2025-11-14 15:00,15.00,containment,Medium
2042,P043,Client Visit,Brainstorming,Product Showcase,Office Area 1,2025-11-14 14:30,2025-11-14 15:00,2025-11-14 14:37,2025-11-14 15:13,2025-11-14 14:37,2025-11-14 15:00,23.00,partial_overlap,Medium
2043,P043,Code Review,Client Visit,Test Lab,Training Room,2025-11-19 10:00,2025-11-19 10:15,2025-11-19 10:00,2025-11-19 10:30,2025-11-19 10:00,2025-11-19 10:15,15.00,containment,Medium
2044,P043,Testing Acceptance,Requirements Analysis,Remote,Conference Room C,2025-11-14 14:30,2025-11-14 15:00,2025-11-14 14:45,2025-11-14 15:00,2025-11-14 14:45,2025-11-14 15:00,15.00,containment,Medium
2045,P043,Testing Acceptance,Brainstorming,Remote,Office Area 1,2025-11-14 14:30,2025-11-14 15:00,2025-11-14 14:37,2025-11-14 15:13,2025-11-14 14:37,2025-11-14 15:00,23.00,partial_overlap,Medium
2046,P043,Requirements Analysis,Training,Conference Room C,Demo Hall,2025-11-17 11:30,2025-11-17 12:00,2025-11-17 11:45,2025-11-17 12:15,2025-11-17 11:45,2025-11-17 12:00,15.00,partial_overlap,Medium
2047,P043,Requirements Analysis,Brainstorming,Conference Room C,Office Area 1,2025-11-14 14:45,2025-11-14 15:00,2025-11-14 14:37,2025-11-14 15:13,2025-11-14 14:45,2025-11-14 15:00,15.00,containment,Medium
2048,P043,Training,Code Review,Demo Hall,R&D Center,2025-11-17 11:45,2025-11-17 12:15,2025-11-17 12:10,2025-11-17 12:28,2025-11-17 12:10,2025-11-17 12:15,5.00,partial_overlap,Low
2049,P043,Training,Client Visit,Demo Hall,Training Room,2025-11-17 11:45,2025-11-17 12:15,2025-11-17 12:01,2025-11-17 12:37,2025-11-17 12:01,2025-11-17 12:15,14.00,partial_overlap,Low
2050,P043,Brainstorming,Product Demo,Conference Room A,Product Showcase,2025-11-21 08:45,2025-11-21 09:15,2025-11-21 08:30,2025-11-21 09:00,2025-11-21 08:45,2025-11-21 09:00,15.00,partial_overlap,Medium
2051,P043,Meeting,Testing Acceptance,R&D Center,R&D Center,2025-11-23 08:00,2025-11-23 08:30,2025-11-23 08:07,2025-11-23 09:03,2025-11-23 08:07,2025-11-23 08:30,23.00,partial_overlap,Medium
2052,P043,Testing Acceptance,One-on-One,Remote,Cafe,2025-11-23 17:45,2025-11-23 18:30,2025-11-23 18:14,2025-11-23 19:08,2025-11-23 18:14,2025-11-23 18:30,16.00,partial_overlap,Medium
2053,P043,Client Visit,Client Visit,Remote,Conference Room C,2025-11-18 16:30,2025-11-18 17:15,2025-11-18 16:38,2025-11-18 17:21,2025-11-18 16:38,2025-11-18 17:15,37.00,partial_overlap,Medium
2054,P043,Client Visit,Project Discussion,Remote,Remote,2025-11-18 16:30,2025-11-18 17:15,2025-11-18 16:50,2025-11-18 17:14,2025-11-18 16:50,2025-11-18 17:14,24.00,containment,Medium
2055,P043,Code Review,Client Visit,R&D Center,Training Room,2025-11-17 12:10,2025-11-17 12:28,2025-11-17 12:01,2025-11-17 12:37,2025-11-17 12:10,2025-11-17 12:28,18.00,containment,Medium
2056,P043,Client Visit,Project Discussion,Conference Room C,Remote,2025-11-18 16:38,2025-11-18 17:21,2025-11-18 16:50,2025-11-18 17:14,2025-11-18 16:50,2025-11-18 17:14,24.00,containment,Medium
2057,P044,Training,Operations Check,Demo Hall,Training Room,2025-10-27 13:45,2025-10-27 14:30,2025-10-27 14:04,2025-10-27 14:25,2025-10-27 14:04,2025-10-27 14:25,21.00,containment,Medium
2058,P044,Brainstorming,Design Review,Cafe,Product Showcase,2025-11-02 16:00,2025-11-02 16:45,2025-11-02 16:30,2025-11-02 17:30,2025-11-02 16:30,2025-11-02 16:45,15.00,partial_overlap,Medium
2059,P044,Training,Training,Demo Hall,Conference Room C,2025-11-04 15:15,2025-11-04 16:45,2025-11-04 15:41,2025-11-04 16:17,2025-11-04 15:41,2025-11-04 16:17,36.00,containment,Medium
2060,P044,Testing Acceptance,Client Visit,Office Area 1,Online Meeting,2025-11-08 11:00,2025-11-08 12:30,2025-11-08 11:45,2025-11-08 12:15,2025-11-08 11:45,2025-11-08 12:15,30.00,containment,Medium
2061,P044,Product Demo,Design Review,Demo Hall,Test Lab,2025-11-11 12:15,2025-11-11 13:00,2025-11-11 12:15,2025-11-11 13:00,2025-11-11 12:15,2025-11-11 13:00,45.00,containment,Medium
2062,P044,Deployment,Team Building,Conference Room B,Break Room,2025-11-08 14:30,2025-11-08 15:15,2025-11-08 14:58,2025-11-08 15:46,2025-11-08 14:58,2025-11-08 15:15,17.00,partial_overlap,Medium
2063,P044,Requirements Analysis,Testing Acceptance,Office Area 2,Cafe,2025-11-05 16:30,2025-11-05 17:15,2025-11-05 16:54,2025-11-05 17:43,2025-11-05 16:54,2025-11-05 17:15,21.00,partial_overlap,Medium
2064,P044,Requirements Analysis,Requirements Analysis,Office Area 2,Office Area 1,2025-11-05 16:30,2025-11-05 17:15,2025-11-05 16:47,2025-11-05 17:20,2025-11-05 16:47,2025-11-05 17:15,28.00,partial_overlap,Medium
2065,P044,Project Discussion,Client Visit,Break Room,Test Lab,2025-11-07 15:00,2025-11-07 15:45,2025-11-07 15:00,2025-11-07 15:30,2025-11-07 15:00,2025-11-07 15:30,30.00,containment,Medium
2066,P044,Tech Sharing,Project Discussion,Break Room,Training Room,2025-11-12 09:00,2025-11-12 10:00,2025-11-12 09:00,2025-11-12 10:00,2025-11-12 09:00,2025-11-12 10:00,60.00,containment,High
2067,P044,Code Review,Requirements Analysis,Test Lab,Demo Hall,2025-11-14 18:00,2025-11-14 19:00,2025-11-14 17:30,2025-11-14 18:30,2025-11-14 18:00,2025-11-14 18:30,30.00,partial_overlap,Medium
2068,P044,Code Review,Code Review,Client Reception,Demo Hall,2025-11-16 08:45,2025-11-16 09:30,2025-11-16 08:30,2025-11-16 09:00,2025-11-16 08:45,2025-11-16 09:00,15.00,partial_overlap,Medium
2069,P044,Code Review,Meeting,Client Reception,Online Meeting,2025-11-16 08:45,2025-11-16 09:30,2025-11-16 09:00,2025-11-16 09:30,2025-11-16 09:00,2025-11-16 09:30,30.00,containment,Medium
2070,P044,Testing Acceptance,Requirements Analysis,Cafe,Office Area 1,2025-11-05 16:54,2025-11-05 17:43,2025-11-05 16:47,2025-11-05 17:20,2025-11-05 16:54,2025-11-05 17:20,26.00,partial_overlap,Medium
2071,P044,Team Building,Operations Check,Conference Room A,Remote,2025-11-17 17:30,2025-11-17 17:45,2025-11-17 17:43,2025-11-17 18:15,2025-11-17 17:43,2025-11-17 17:45,2.00,partial_overlap,Low
2072,P044,One-on-One,Code Review,Demo Hall,Product Showcase,2025-11-19 10:45,2025-11-19 11:30,2025-11-19 11:15,2025-11-19 11:45,2025-11-19 11:15,2025-11-19 11:30,15.00,partial_overlap,Medium
2073,P044,Code Review,Training,Product Showcase,Cafe,2025-11-18 15:45,2025-11-18 16:30,2025-11-18 15:45,2025-11-18 16:15,2025-11-18 15:45,2025-11-18 16:15,30.00,containment,Medium
2074,P044,Code Review,Team Building,Product Showcase,Break Room,2025-11-18 15:45,2025-11-18 16:30,2025-11-18 16:01,2025-11-18 16:22,2025-11-18 16:01,2025-11-18 16:22,21.00,containment,Medium
2075,P044,Code Review,Project Discussion,Product Showcase,Break Room,2025-11-19 11:15,2025-11-19 11:45,2025-11-19 11:32,2025-11-19 12:05,2025-11-19 11:32,2025-11-19 11:45,13.00,partial_overlap,Low
2076,P044,Design Review,Tech Sharing,Training Room,Online Meeting,2025-11-17 12:00,2025-11-17 12:45,2025-11-17 11:45,2025-11-17 12:15,2025-11-17 12:00,2025-11-17 12:15,15.00,partial_overlap,Medium
2077,P044,Testing Acceptance,One-on-One,Conference Room A,Break Room,2025-11-18 11:45,2025-11-18 12:15,2025-11-18 11:03,2025-11-18 11:53,2025-11-18 11:45,2025-11-18 11:53,8.00,partial_overlap,Low
2078,P044,One-on-One,Tech Sharing,Remote,Demo Hall,2025-11-21 16:45,2025-11-21 17:15,2025-11-21 17:00,2025-11-21 17:45,2025-11-21 17:00,2025-11-21 17:15,15.00,partial_overlap,Medium
2079,P044,Code Review,Code Review,Test Lab,Office Area 2,2025-11-16 18:30,2025-11-16 19:15,2025-11-16 18:15,2025-11-16 18:45,2025-11-16 18:30,2025-11-16 18:45,15.00,partial_overlap,Medium
2080,P044,Requirements Analysis,Requirements Analysis,Office Area 1,Product Showcase,2025-11-22 16:00,2025-11-22 16:15,2025-11-22 16:00,2025-11-22 16:15,2025-11-22 16:00,2025-11-22 16:15,15.00,containment,Medium
2081,P044,Deployment,Tech Sharing,Training Room,Demo Hall,2025-11-21 17:30,2025-11-21 17:45,2025-11-21 17:00,2025-11-21 17:45,2025-11-21 17:30,2025-11-21 17:45,15.00,containment,Medium
2082,P044,Training,Team Building,Cafe,Break Room,2025-11-18 15:45,2025-11-18 16:15,2025-11-18 16:01,2025-11-18 16:22,2025-11-18 16:01,2025-11-18 16:15,14.00,partial_overlap,Low
2083,P044,Design Review,Tech Sharing,Test Lab,R&D Center,2025-11-22 17:00,2025-11-22 17:15,2025-11-22 16:15,2025-11-22 17:07,2025-11-22 17:00,2025-11-22 17:07,7.00,partial_overlap,Low
2084,P044,Deployment,One-on-One,Office Area 1,Test Lab,2025-11-19 09:00,2025-11-19 09:15,2025-11-19 09:07,2025-11-19 09:40,2025-11-19 09:07,2025-11-19 09:15,8.00,partial_overlap,Low
2085,P044,Operations Check,One-on-One,Client Reception,Break Room,2025-11-18 11:01,2025-11-18 11:32,2025-11-18 11:03,2025-11-18 11:53,2025-11-18 11:03,2025-11-18 11:32,29.00,partial_overlap,Medium
2086,P044,Testing Acceptance,Tech Sharing,Conference Room B,R&D Center,2025-11-22 16:19,2025-11-22 16:37,2025-11-22 16:15,2025-11-22 17:07,2025-11-22 16:19,2025-11-22 16:37,18.00,containment,Medium
2087,P045,Code Review,One-on-One,Product Showcase,Remote,2025-11-06 08:15,2025-11-06 09:00,2025-11-06 08:36,2025-11-06 09:08,2025-11-06 08:36,2025-11-06 09:00,24.00,partial_overlap,Medium
2088,P045,Tech Sharing,Project Discussion,Client Reception,R&D Center,2025-11-08 16:00,2025-11-08 17:00,2025-11-08 16:10,2025-11-08 16:52,2025-11-08 16:10,2025-11-08 16:52,42.00,containment,Medium
2089,P045,Tech Sharing,Team Building,Client Reception,Break Room,2025-11-08 16:00,2025-11-08 17:00,2025-11-08 16:28,2025-11-08 17:00,2025-11-08 16:28,2025-11-08 17:00,32.00,containment,Medium
2090,P045,Brainstorming,Operations Check,Client Reception,Online Meeting,2025-11-10 10:15,2025-11-10 11:00,2025-11-10 10:00,2025-11-10 11:00,2025-11-10 10:15,2025-11-10 11:00,45.00,containment,Medium
2091,P045,Brainstorming,Tech Sharing,Client Reception,Product Showcase,2025-11-10 10:15,2025-11-10 11:00,2025-11-10 10:42,2025-11-10 11:33,2025-11-10 10:42,2025-11-10 11:00,18.00,partial_overlap,Medium
2092,P045,Brainstorming,Code Review,Client Reception,Product Showcase,2025-11-10 10:15,2025-11-10 11:00,2025-11-10 09:40,2025-11-10 10:22,2025-11-10 10:15,2025-11-10 10:22,7.00,partial_overlap,Low
2093,P045,Testing Acceptance,Team Building,Conference Room C,Training Room,2025-11-14 14:45,2025-11-14 15:45,2025-11-14 15:12,2025-11-14 15:58,2025-11-14 15:12,2025-11-14 15:45,33.00,partial_overlap,Medium
2094,P045,Design Review,Client Visit,Office Area 2,Online Meeting,2025-11-10 17:00,2025-11-10 17:45,2025-11-10 17:15,2025-11-10 17:45,2025-11-10 17:15,2025-11-10 17:45,30.00,containment,Medium
2095,P045,Design Review,Operations Check,Office Area 2,Remote,2025-11-10 17:00,2025-11-10 17:45,2025-11-10 17:06,2025-11-10 17:22,2025-11-10 17:06,2025-11-10 17:22,16.00,containment,Medium
2096,P045,Training,Requirements Analysis,Office Area 1,Break Room,2025-11-13 09:45,2025-11-13 10:30,2025-11-13 10:00,2025-11-13 11:00,2025-11-13 10:00,2025-11-13 10:30,30.00,partial_overlap,Medium
2097,P045,Training,Design Review,Office Area 1,Demo Hall,2025-11-13 09:45,2025-11-13 10:30,2025-11-13 09:30,2025-11-13 10:15,2025-11-13 09:45,2025-11-13 10:15,30.00,partial_overlap,Medium
2098,P045,Requirements Analysis,Design Review,Break Room,Demo Hall,2025-11-13 10:00,2025-11-13 11:00,2025-11-13 09:30,2025-11-13 10:15,2025-11-13 10:00,2025-11-13 10:15,15.00,partial_overlap,Medium
2099,P045,Product Demo,Code Review,Product Showcase,Product Showcase,2025-11-10 09:30,2025-11-10 10:00,2025-11-10 09:40,2025-11-10 10:22,2025-11-10 09:40,2025-11-10 10:00,20.00,partial_overlap,Medium
2100,P045,Client Visit,Operations Check,Online Meeting,Remote,2025-11-10 17:15,2025-11-10 17:45,2025-11-10 17:06,2025-11-10 17:22,2025-11-10 17:15,2025-11-10 17:22,7.00,partial_overlap,Low
2101,P045,Operations Check,Tech Sharing,Online Meeting,Product Showcase,2025-11-10 10:00,2025-11-10 11:00,2025-11-10 10:42,2025-11-10 11:33,2025-11-10 10:42,2025-11-10 11:00,18.00,partial_overlap,Medium
2102,P045,Operations Check,Code Review,Online Meeting,Product Showcase,2025-11-10 10:00,2025-11-10 11:00,2025-11-10 09:40,2025-11-10 10:22,2025-11-10 10:00,2025-11-10 10:22,22.00,partial_overlap,Medium
2103,P045,Project Discussion,Team Building,R&D Center,Break Room,2025-11-08 16:10,2025-11-08 16:52,2025-11-08 16:28,2025-11-08 17:00,2025-11-08 16:28,2025-11-08 16:52,24.00,partial_overlap,Medium
2104,P045,Tech Sharing,Requirements Analysis,Product Showcase,Conference Room B,2025-11-15 12:15,2025-11-15 12:45,2025-11-15 12:15,2025-11-15 12:30,2025-11-15 12:15,2025-11-15 12:30,15.00,containment,Medium
2105,P045,Training,Code Review,Client Reception,Client Reception,2025-11-19 11:30,2025-11-19 11:45,2025-11-19 11:30,2025-11-19 12:15,2025-11-19 11:30,2025-11-19 11:45,15.00,containment,Medium
2106,P045,Deployment,Client Visit,Office Area 2,Cafe,2025-11-17 16:15,2025-11-17 16:30,2025-11-17 16:00,2025-11-17 16:45,2025-11-17 16:15,2025-11-17 16:30,15.00,containment,Medium
2107,P045,Deployment,Training,Office Area 2,R&D Center,2025-11-17 16:15,2025-11-17 16:30,2025-11-17 16:08,2025-11-17 16:45,2025-11-17 16:15,2025-11-17 16:30,15.00,containment,Medium
2108,P045,Brainstorming,Team Building,Conference Room A,Online Meeting,2025-11-18 17:15,2025-11-18 17:45,2025-11-18 17:31,2025-11-18 17:48,2025-11-18 17:31,2025-11-18 17:45,14.00,partial_overlap,Low
2109,P045,Client Visit,Training,Cafe,R&D Center,2025-11-17 16:00,2025-11-17 16:45,2025-11-17 16:08,2025-11-17 16:45,2025-11-17 16:08,2025-11-17 16:45,37.00,containment,Medium
2110,P046,Meeting,Code Review,Online Meeting,Office Area 2,2025-10-27 10:15,2025-10-27 11:15,2025-10-27 10:27,2025-10-27 11:27,2025-10-27 10:27,2025-10-27 11:15,48.00,partial_overlap,Medium
2111,P046,Requirements Analysis,Tech Sharing,Break Room,Client Reception,2025-11-09 09:15,2025-11-09 09:45,2025-11-09 09:00,2025-11-09 09:45,2025-11-09 09:15,2025-11-09 09:45,30.00,containment,Medium
2112,P046,Requirements Analysis,Client Visit,Office Area 1,Office Area 2,2025-11-11 15:00,2025-11-11 15:45,2025-11-11 15:15,2025-11-11 16:00,2025-11-11 15:15,2025-11-11 15:45,30.00,partial_overlap,Medium
2113,P046,Requirements Analysis,Operations Check,Office Area 1,Remote,2025-11-11 15:00,2025-11-11 15:45,2025-11-11 15:13,2025-11-11 15:43,2025-11-11 15:13,2025-11-11 15:43,30.00,containment,Medium
2114,P046,Operations Check,Testing Acceptance,Client Reception,Client Reception,2025-11-09 12:15,2025-11-09 13:00,2025-11-09 12:28,2025-11-09 13:03,2025-11-09 12:28,2025-11-09 13:00,32.00,partial_overlap,Medium
2115,P046,Training,One-on-One,Remote,Office Area 2,2025-11-10 11:30,2025-11-10 12:15,2025-11-10 11:49,2025-11-10 12:06,2025-11-10 11:49,2025-11-10 12:06,17.00,containment,Medium
2116,P046,Meeting,Deployment,Remote,Training Room,2025-11-11 08:45,2025-11-11 09:15,2025-11-11 08:30,2025-11-11 09:15,2025-11-11 08:45,2025-11-11 09:15,30.00,containment,Medium
2117,P046,Project Discussion,Tech Sharing,R&D Center,Office Area 2,2025-11-08 08:15,2025-11-08 08:45,2025-11-08 08:30,2025-11-08 09:15,2025-11-08 08:30,2025-11-08 08:45,15.00,partial_overlap,Medium
2118,P046,Client Visit,Operations Check,Office Area 2,Remote,2025-11-11 15:15,2025-11-11 16:00,2025-11-11 15:13,2025-11-11 15:43,2025-11-11 15:15,2025-11-11 15:43,28.00,partial_overlap,Medium
2119,P046,Meeting,Deployment,Conference Room A,Break Room,2025-11-14 14:30,2025-11-14 15:15,2025-11-14 14:38,2025-11-14 15:04,2025-11-14 14:38,2025-11-14 15:04,26.00,containment,Medium
2120,P046,Meeting,Code Review,Conference Room A,Office Area 1,2025-11-14 14:30,2025-11-14 15:15,2025-11-14 14:49,2025-11-14 15:12,2025-11-14 14:49,2025-11-14 15:12,23.00,containment,Medium
2121,P046,Product Demo,Code Review,Conference Room C,Conference Room B,2025-11-12 11:30,2025-11-12 12:15,2025-11-12 11:47,2025-11-12 12:19,2025-11-12 11:47,2025-11-12 12:15,28.00,partial_overlap,Medium
2122,P046,Team Building,Requirements Analysis,Conference Room C,Conference Room C,2025-11-14 08:30,2025-11-14 09:15,2025-11-14 08:38,2025-11-14 09:28,2025-11-14 08:38,2025-11-14 09:15,37.00,partial_overlap,Medium
2123,P046,Team Building,One-on-One,Conference Room C,R&D Center,2025-11-14 08:30,2025-11-14 09:15,2025-11-14 08:41,2025-11-14 09:23,2025-11-14 08:41,2025-11-14 09:15,34.00,partial_overlap,Medium
2124,P046,Meeting,Code Review,Client Reception,Training Room,2025-11-16 14:30,2025-11-16 15:30,2025-11-16 14:55,2025-11-16 15:39,2025-11-16 14:55,2025-11-16 15:30,35.00,partial_overlap,Medium
2125,P046,Meeting,Project Discussion,Client Reception,Office Area 1,2025-11-16 14:30,2025-11-16 15:30,2025-11-16 14:45,2025-11-16 15:30,2025-11-16 14:45,2025-11-16 15:30,45.00,containment,Medium
2126,P046,Meeting,Requirements Analysis,Client Reception,Break Room,2025-11-16 14:30,2025-11-16 15:30,2025-11-16 15:11,2025-11-16 15:35,2025-11-16 15:11,2025-11-16 15:30,19.00,partial_overlap,Medium
2127,P046,Code Review,Project Discussion,Training Room,Office Area 1,2025-11-16 14:55,2025-11-16 15:39,2025-11-16 14:45,2025-11-16 15:30,2025-11-16 14:55,2025-11-16 15:30,35.00,partial_overlap,Medium
2128,P046,Code Review,Requirements Analysis,Training Room,Break Room,2025-11-16 14:55,2025-11-16 15:39,2025-11-16 15:11,2025-11-16 15:35,2025-11-16 15:11,2025-11-16 15:35,24.00,containment,Medium
2129,P046,Requirements Analysis,One-on-One,Conference Room C,R&D Center,2025-11-14 08:38,2025-11-14 09:28,2025-11-14 08:41,2025-11-14 09:23,2025-11-14 08:41,2025-11-14 09:23,42.00,containment,Medium
2130,P046,Deployment,Code Review,Break Room,Office Area 1,2025-11-14 14:38,2025-11-14 15:04,2025-11-14 14:49,2025-11-14 15:12,2025-11-14 14:49,2025-11-14 15:04,15.00,partial_overlap,Medium
2131,P046,Meeting,Training,Conference Room C,Office Area 2,2025-11-18 11:15,2025-11-18 12:00,2025-11-18 11:45,2025-11-18 12:15,2025-11-18 11:45,2025-11-18 12:00,15.00,partial_overlap,Medium
2132,P046,Design Review,Code Review,Online Meeting,Product Showcase,2025-11-18 08:15,2025-11-18 09:00,2025-11-18 08:45,2025-11-18 09:19,2025-11-18 08:45,2025-11-18 09:00,15.00,partial_overlap,Medium
2133,P046,Meeting,Brainstorming,Conference Room A,Client Reception,2025-11-15 13:30,2025-11-15 14:00,2025-11-15 13:50,2025-11-15 14:08,2025-11-15 13:50,2025-11-15 14:00,10.00,partial_overlap,Low
2134,P046,Deployment,Deployment,Cafe,Remote,2025-11-15 14:00,2025-11-15 14:15,2025-11-15 14:14,2025-11-15 14:41,2025-11-15 14:14,2025-11-15 14:15,1.00,partial_overlap,Low
2135,P046,Deployment,Brainstorming,Cafe,Client Reception,2025-11-15 14:00,2025-11-15 14:15,2025-11-15 13:50,2025-11-15 14:08,2025-11-15 14:00,2025-11-15 14:08,8.00,partial_overlap,Low
2136,P046,Tech Sharing,Testing Acceptance,Office Area 2,Client Reception,2025-11-16 16:15,2025-11-16 16:45,2025-11-16 16:22,2025-11-16 17:11,2025-11-16 16:22,2025-11-16 16:45,23.00,partial_overlap,Medium
2137,P046,Meeting,Tech Sharing,Conference Room B,Conference Room B,2025-11-18 15:00,2025-11-18 15:30,2025-11-18 15:13,2025-11-18 15:40,2025-11-18 15:13,2025-11-18 15:30,17.00,partial_overlap,Medium
2138,P046,Project Discussion,Requirements Analysis,Office Area 1,Break Room,2025-11-16 14:45,2025-11-16 15:30,2025-11-16 15:11,2025-11-16 15:35,2025-11-16 15:11,2025-11-16 15:30,19.00,partial_overlap,Medium
2139,P046,Client Visit,Testing Acceptance,R&D Center,Remote,2025-11-19 17:00,2025-11-19 17:30,2025-11-19 17:15,2025-11-19 17:30,2025-11-19 17:15,2025-11-19 17:30,15.00,containment,Medium
2140,P046,Client Visit,Code Review,R&D Center,Office Area 1,2025-11-19 17:00,2025-11-19 17:30,2025-11-19 17:23,2025-11-19 18:18,2025-11-19 17:23,2025-11-19 17:30,7.00,partial_overlap,Low
2141,P046,Product Demo,Deployment,Conference Room A,Training Room,2025-11-20 08:15,2025-11-20 09:00,2025-11-20 08:45,2025-11-20 09:15,2025-11-20 08:45,2025-11-20 09:00,15.00,partial_overlap,Medium
2142,P046,Testing Acceptance,Code Review,Remote,Office Area 1,2025-11-19 17:15,2025-11-19 17:30,2025-11-19 17:23,2025-11-19 18:18,2025-11-19 17:23,2025-11-19 17:30,7.00,partial_overlap,Low
2143,P046,Design Review,Deployment,Training Room,Cafe,2025-11-25 11:30,2025-11-25 11:45,2025-11-25 11:43,2025-11-25 12:19,2025-11-25 11:43,2025-11-25 11:45,2.00,partial_overlap,Low
2144,P046,Deployment,Tech Sharing,Remote,Office Area 1,2025-11-15 14:14,2025-11-15 14:41,2025-11-15 14:19,2025-11-15 14:41,2025-11-15 14:19,2025-11-15 14:41,22.00,containment,Medium
2145,P046,Deployment,Client Visit,Cafe,Product Showcase,2025-11-25 11:43,2025-11-25 12:19,2025-11-25 12:09,2025-11-25 13:09,2025-11-25 12:09,2025-11-25 12:19,10.00,partial_overlap,Low
2146,P047,Operations Check,Meeting,Test Lab,Office Area 1,2025-11-03 16:00,2025-11-03 16:30,2025-11-03 15:45,2025-11-03 17:15,2025-11-03 16:00,2025-11-03 16:30,30.00,containment,Medium
2147,P047,Code Review,Deployment,Client Reception,Cafe,2025-10-29 14:45,2025-10-29 15:45,2025-10-29 15:05,2025-10-29 15:43,2025-10-29 15:05,2025-10-29 15:43,38.00,containment,Medium
2148,P047,Training,Brainstorming,Online Meeting,Cafe,2025-11-03 12:45,2025-11-03 14:15,2025-11-03 12:58,2025-11-03 13:58,2025-11-03 12:58,2025-11-03 13:58,60.00,containment,High
2149,P047,Project Discussion,Client Visit,Cafe,Conference Room C,2025-11-11 10:30,2025-11-11 11:15,2025-11-11 10:30,2025-11-11 11:30,2025-11-11 10:30,2025-11-11 11:15,45.00,containment,Medium
2150,P047,Deployment,Deployment,Cafe,Remote,2025-11-06 10:45,2025-11-06 11:15,2025-11-06 11:08,2025-11-06 12:07,2025-11-06 11:08,2025-11-06 11:15,7.00,partial_overlap,Low
2151,P047,Requirements Analysis,Training,Online Meeting,Client Reception,2025-11-09 11:00,2025-11-09 11:45,2025-11-09 11:05,2025-11-09 11:30,2025-11-09 11:05,2025-11-09 11:30,25.00,containment,Medium
2152,P047,Requirements Analysis,Client Visit,Online Meeting,Client Reception,2025-11-09 11:00,2025-11-09 11:45,2025-11-09 11:17,2025-11-09 12:15,2025-11-09 11:17,2025-11-09 11:45,28.00,partial_overlap,Medium
2153,P047,Training,Project Discussion,Cafe,Training Room,2025-11-11 08:15,2025-11-11 09:15,2025-11-11 08:30,2025-11-11 09:15,2025-11-11 08:30,2025-11-11 09:15,45.00,containment,Medium
2154,P047,Deployment,Brainstorming,Office Area 2,Conference Room C,2025-11-14 08:45,2025-11-14 09:45,2025-11-14 08:45,2025-11-14 09:15,2025-11-14 08:45,2025-11-14 09:15,30.00,containment,Medium
2155,P047,Deployment,Testing Acceptance,Office Area 2,Remote,2025-11-14 08:45,2025-11-14 09:45,2025-11-14 08:57,2025-11-14 09:14,2025-11-14 08:57,2025-11-14 09:14,17.00,containment,Medium
2156,P047,Meeting,Requirements Analysis,Cafe,Test Lab,2025-11-13 12:00,2025-11-13 12:45,2025-11-13 12:23,2025-11-13 12:45,2025-11-13 12:23,2025-11-13 12:45,22.00,containment,Medium
2157,P047,Meeting,Client Visit,Cafe,R&D Center,2025-11-13 12:00,2025-11-13 12:45,2025-11-13 12:30,2025-11-13 12:45,2025-11-13 12:30,2025-11-13 12:45,15.00,containment,Medium
2158,P047,Brainstorming,One-on-One,Product Showcase,Office Area 1,2025-11-16 14:30,2025-11-16 15:30,2025-11-16 15:00,2025-11-16 15:30,2025-11-16 15:00,2025-11-16 15:30,30.00,containment,Medium
2159,P047,Brainstorming,Operations Check,Product Showcase,Break Room,2025-11-16 14:30,2025-11-16 15:30,2025-11-16 14:15,2025-11-16 14:45,2025-11-16 14:30,2025-11-16 14:45,15.00,partial_overlap,Medium
2160,P047,Tech Sharing,Testing Acceptance,Test Lab,Office Area 1,2025-11-14 11:30,2025-11-14 12:30,2025-11-14 11:59,2025-11-14 12:14,2025-11-14 11:59,2025-11-14 12:14,15.00,containment,Medium
2161,P047,Tech Sharing,Training,Conference Room C,Product Showcase,2025-11-14 17:45,2025-11-14 18:45,2025-11-14 17:30,2025-11-14 18:00,2025-11-14 17:45,2025-11-14 18:00,15.00,partial_overlap,Medium
2162,P047,Tech Sharing,Tech Sharing,Conference Room C,Break Room,2025-11-14 17:45,2025-11-14 18:45,2025-11-14 18:30,2025-11-14 19:00,2025-11-14 18:30,2025-11-14 18:45,15.00,partial_overlap,Medium
2163,P047,Meeting,Project Discussion,Conference Room B,Office Area 1,2025-11-16 13:15,2025-11-16 14:15,2025-11-16 13:00,2025-11-16 13:45,2025-11-16 13:15,2025-11-16 13:45,30.00,partial_overlap,Medium
2164,P047,Operations Check,Design Review,Remote,R&D Center,2025-11-17 17:15,2025-11-17 18:15,2025-11-17 17:45,2025-11-17 18:30,2025-11-17 17:45,2025-11-17 18:15,30.00,partial_overlap,Medium
2165,P047,Training,Client Visit,Client Reception,Client Reception,2025-11-09 11:05,2025-11-09 11:30,2025-11-09 11:17,2025-11-09 12:15,2025-11-09 11:17,2025-11-09 11:30,13.00,partial_overlap,Low
2166,P047,Requirements Analysis,Client Visit,Test Lab,R&D Center,2025-11-13 12:23,2025-11-13 12:45,2025-11-13 12:30,2025-11-13 12:45,2025-11-13 12:30,2025-11-13 12:45,15.00,containment,Medium
2167,P047,Brainstorming,Testing Acceptance,Conference Room C,Remote,2025-11-14 08:45,2025-11-14 09:15,2025-11-14 08:57,2025-11-14 09:14,2025-11-14 08:57,2025-11-14 09:14,17.00,containment,Medium
2168,P047,Team Building,Team Building,Remote,Test Lab,2025-11-18 18:00,2025-11-18 18:30,2025-11-18 18:29,2025-11-18 19:26,2025-11-18 18:29,2025-11-18 18:30,1.00,partial_overlap,Low
2169,P047,Team Building,Design Review,Conference Room B,Client Reception,2025-11-15 11:15,2025-11-15 12:00,2025-11-15 11:00,2025-11-15 11:45,2025-11-15 11:15,2025-11-15 11:45,30.00,partial_overlap,Medium
2170,P047,Team Building,Tech Sharing,Conference Room B,Cafe,2025-11-15 11:15,2025-11-15 12:00,2025-11-15 11:08,2025-11-15 11:32,2025-11-15 11:15,2025-11-15 11:32,17.00,partial_overlap,Medium
2171,P047,Design Review,Tech Sharing,Client Reception,Cafe,2025-11-15 11:00,2025-11-15 11:45,2025-11-15 11:08,2025-11-15 11:32,2025-11-15 11:08,2025-11-15 11:32,24.00,containment,Medium
2172,P047,Meeting,Design Review,Client Reception,Product Showcase,2025-11-23 09:00,2025-11-23 09:30,2025-11-23 09:15,2025-11-23 09:30,2025-11-23 09:15,2025-11-23 09:30,15.00,containment,Medium
2173,P047,Tech Sharing,Project Discussion,Remote,Online Meeting,2025-11-22 12:45,2025-11-22 13:30,2025-11-22 13:12,2025-11-22 13:57,2025-11-22 13:12,2025-11-22 13:30,18.00,partial_overlap,Medium
2174,P047,Project Discussion,Team Building,Office Area 2,Test Lab,2025-11-18 18:30,2025-11-18 19:15,2025-11-18 18:29,2025-11-18 19:26,2025-11-18 18:30,2025-11-18 19:15,45.00,containment,Medium
2175,P048,Project Discussion,Meeting,Break Room,Remote,2025-11-02 18:45,2025-11-02 19:15,2025-11-02 19:06,2025-11-02 19:59,2025-11-02 19:06,2025-11-02 19:15,9.00,partial_overlap,Low
2176,P048,Meeting,Testing Acceptance,Conference Room B,Remote,2025-11-01 16:45,2025-11-01 17:45,2025-11-01 17:05,2025-11-01 17:45,2025-11-01 17:05,2025-11-01 17:45,40.00,containment,Medium
2177,P048,One-on-One,Product Demo,Office Area 2,Break Room,2025-11-04 14:00,2025-11-04 15:00,2025-11-04 13:45,2025-11-04 14:30,2025-11-04 14:00,2025-11-04 14:30,30.00,partial_overlap,Medium
2178,P048,One-on-One,Testing Acceptance,Break Room,Conference Room A,2025-11-07 16:15,2025-11-07 16:45,2025-11-07 16:30,2025-11-07 17:00,2025-11-07 16:30,2025-11-07 16:45,15.00,partial_overlap,Medium
2179,P048,Brainstorming,Product Demo,Training Room,Client Reception,2025-11-10 14:00,2025-11-10 15:00,2025-11-10 14:12,2025-11-10 14:57,2025-11-10 14:12,2025-11-10 14:57,45.00,containment,Medium
2180,P048,Testing Acceptance,Code Review,Break Room,Office Area 1,2025-11-08 11:15,2025-11-08 12:00,2025-11-08 11:45,2025-11-08 12:45,2025-11-08 11:45,2025-11-08 12:00,15.00,partial_overlap,Medium
2181,P048,Client Visit,Product Demo,Conference Room C,Demo Hall,2025-11-08 18:30,2025-11-08 19:00,2025-11-08 18:48,2025-11-08 19:24,2025-11-08 18:48,2025-11-08 19:00,12.00,partial_overlap,Low
2182,P048,Meeting,Code Review,Online Meeting,Conference Room A,2025-11-14 17:00,2025-11-14 17:30,2025-11-14 16:45,2025-11-14 17:15,2025-11-14 17:00,2025-11-14 17:15,15.00,partial_overlap,Medium
2183,P048,Brainstorming,Client Visit,Demo Hall,Product Showcase,2025-11-13 12:45,2025-11-13 13:15,2025-11-13 13:01,2025-11-13 13:40,2025-11-13 13:01,2025-11-13 13:15,14.00,partial_overlap,Low
2184,P048,Design Review,Testing Acceptance,Remote,Conference Room A,2025-11-11 14:15,2025-11-11 14:45,2025-11-11 14:00,2025-11-11 14:30,2025-11-11 14:15,2025-11-11 14:30,15.00,partial_overlap,Medium
2185,P048,One-on-One,Client Visit,Conference Room A,Online Meeting,2025-11-10 16:15,2025-11-10 17:15,2025-11-10 16:15,2025-11-10 17:15,2025-11-10 16:15,2025-11-10 17:15,60.00,containment,High
2186,P048,One-on-One,Team Building,Conference Room A,Demo Hall,2025-11-10 16:15,2025-11-10 17:15,2025-11-10 16:28,2025-11-10 17:12,2025-11-10 16:28,2025-11-10 17:12,44.00,containment,Medium
2187,P048,Client Visit,Team Building,Online Meeting,Demo Hall,2025-11-10 16:15,2025-11-10 17:15,2025-11-10 16:28,2025-11-10 17:12,2025-11-10 16:28,2025-11-10 17:12,44.00,containment,Medium
2188,P048,Client Visit,Project Discussion,Product Showcase,Conference Room C,2025-11-13 13:01,2025-11-13 13:40,2025-11-13 13:25,2025-11-13 13:41,2025-11-13 13:25,2025-11-13 13:40,15.00,partial_overlap,Medium
2189,P048,Training,Code Review,Demo Hall,Remote,2025-11-16 09:15,2025-11-16 10:00,2025-11-16 09:30,2025-11-16 10:15,2025-11-16 09:30,2025-11-16 10:00,30.00,partial_overlap,Medium
2190,P048,Brainstorming,Tech Sharing,Training Room,Client Reception,2025-11-18 08:30,2025-11-18 09:15,2025-11-18 08:30,2025-11-18 08:45,2025-11-18 08:30,2025-11-18 08:45,15.00,containment,Medium
2191,P048,Brainstorming,Project Discussion,Training Room,R&D Center,2025-11-18 08:30,2025-11-18 09:15,2025-11-18 08:30,2025-11-18 09:15,2025-11-18 08:30,2025-11-18 09:15,45.00,containment,Medium
2192,P048,Tech Sharing,Code Review,Break Room,Online Meeting,2025-11-20 13:15,2025-11-20 14:00,2025-11-20 13:40,2025-11-20 14:03,2025-11-20 13:40,2025-11-20 14:00,20.00,partial_overlap,Medium
2193,P048,Tech Sharing,Design Review,Break Room,Conference Room A,2025-11-20 13:15,2025-11-20 14:00,2025-11-20 13:36,2025-11-20 14:11,2025-11-20 13:36,2025-11-20 14:00,24.00,partial_overlap,Medium
2194,P048,Tech Sharing,Brainstorming,Office Area 2,Demo Hall,2025-11-17 13:15,2025-11-17 13:30,2025-11-17 12:45,2025-11-17 13:30,2025-11-17 13:15,2025-11-17 13:30,15.00,containment,Medium
2195,P048,Tech Sharing,Code Review,Office Area 2,Product Showcase,2025-11-17 13:15,2025-11-17 13:30,2025-11-17 13:15,2025-11-17 13:53,2025-11-17 13:15,2025-11-17 13:30,15.00,containment,Medium
2196,P048,Tech Sharing,Brainstorming,Product Showcase,Demo Hall,2025-11-17 13:00,2025-11-17 13:15,2025-11-17 12:45,2025-11-17 13:30,2025-11-17 13:00,2025-11-17 13:15,15.00,containment,Medium
2197,P048,Brainstorming,Code Review,Demo Hall,Product Showcase,2025-11-17 12:45,2025-11-17 13:30,2025-11-17 13:15,2025-11-17 13:53,2025-11-17 13:15,2025-11-17 13:30,15.00,partial_overlap,Medium
2198,P048,Team Building,Brainstorming,Conference Room A,Client Reception,2025-11-19 09:00,2025-11-19 09:45,2025-11-19 09:15,2025-11-19 09:45,2025-11-19 09:15,2025-11-19 09:45,30.00,containment,Medium
2199,P048,Team Building,Client Visit,Conference Room A,R&D Center,2025-11-19 09:00,2025-11-19 09:45,2025-11-19 09:14,2025-11-19 09:30,2025-11-19 09:14,2025-11-19 09:30,16.00,containment,Medium
2200,P048,Training,Team Building,Remote,Conference Room B,2025-11-22 16:30,2025-11-22 17:15,2025-11-22 17:00,2025-11-22 17:45,2025-11-22 17:00,2025-11-22 17:15,15.00,partial_overlap,Medium
2201,P048,Brainstorming,Client Visit,Client Reception,R&D Center,2025-11-19 09:15,2025-11-19 09:45,2025-11-19 09:14,2025-11-19 09:30,2025-11-19 09:15,2025-11-19 09:30,15.00,partial_overlap,Medium
2202,P048,Tech Sharing,Project Discussion,Client Reception,R&D Center,2025-11-18 08:30,2025-11-18 08:45,2025-11-18 08:30,2025-11-18 09:15,2025-11-18 08:30,2025-11-18 08:45,15.00,containment,Medium
2203,P048,Deployment,Product Demo,Test Lab,Client Reception,2025-11-22 10:00,2025-11-22 10:15,2025-11-22 10:13,2025-11-22 10:32,2025-11-22 10:13,2025-11-22 10:15,2.00,partial_overlap,Low
2204,P048,Product Demo,Product Demo,Training Room,Client Reception,2025-11-22 10:18,2025-11-22 10:54,2025-11-22 10:13,2025-11-22 10:32,2025-11-22 10:18,2025-11-22 10:32,14.00,partial_overlap,Low
2205,P048,Code Review,Design Review,Online Meeting,Conference Room A,2025-11-20 13:40,2025-11-20 14:03,2025-11-20 13:36,2025-11-20 14:11,2025-11-20 13:40,2025-11-20 14:03,23.00,containment,Medium
2206,P049,Client Visit,Code Review,Cafe,Client Reception,2025-10-29 09:00,2025-10-29 09:30,2025-10-29 09:25,2025-10-29 10:15,2025-10-29 09:25,2025-10-29 09:30,5.00,partial_overlap,Low
2207,P049,Brainstorming,Brainstorming,Demo Hall,Cafe,2025-10-31 12:30,2025-10-31 14:00,2025-10-31 12:45,2025-10-31 13:15,2025-10-31 12:45,2025-10-31 13:15,30.00,containment,Medium
2208,P049,Tech Sharing,Product Demo,Remote,Office Area 1,2025-11-05 10:30,2025-11-05 12:00,2025-11-05 09:45,2025-11-05 10:45,2025-11-05 10:30,2025-11-05 10:45,15.00,partial_overlap,Medium
2209,P049,Meeting,Requirements Analysis,Conference Room A,Remote,2025-11-02 08:30,2025-11-02 09:00,2025-11-02 08:52,2025-11-02 09:45,2025-11-02 08:52,2025-11-02 09:00,8.00,partial_overlap,Low
2210,P049,Meeting,Meeting,Conference Room A,Conference Room B,2025-11-02 08:30,2025-11-02 09:00,2025-11-02 08:41,2025-11-02 09:25,2025-11-02 08:41,2025-11-02 09:00,19.00,partial_overlap,Medium
2211,P049,Requirements Analysis,Meeting,Remote,Conference Room B,2025-11-02 08:52,2025-11-02 09:45,2025-11-02 08:41,2025-11-02 09:25,2025-11-02 08:52,2025-11-02 09:25,33.00,partial_overlap,Medium
2212,P049,Product Demo,Meeting,Conference Room C,Conference Room A,2025-11-09 09:00,2025-11-09 10:00,2025-11-09 09:45,2025-11-09 10:30,2025-11-09 09:45,2025-11-09 10:00,15.00,partial_overlap,Medium
2213,P049,Testing Acceptance,Product Demo,Remote,Office Area 1,2025-11-11 11:30,2025-11-11 12:00,2025-11-11 11:45,2025-11-11 12:45,2025-11-11 11:45,2025-11-11 12:00,15.00,partial_overlap,Medium
2214,P049,Team Building,Product Demo,Conference Room B,Office Area 1,2025-11-08 14:15,2025-11-08 15:15,2025-11-08 14:20,2025-11-08 15:18,2025-11-08 14:20,2025-11-08 15:15,55.00,partial_overlap,Medium
2215,P049,Team Building,Client Visit,Conference Room B,Conference Room B,2025-11-08 14:15,2025-11-08 15:15,2025-11-08 14:32,2025-11-08 15:25,2025-11-08 14:32,2025-11-08 15:15,43.00,partial_overlap,Medium
2216,P049,Requirements Analysis,Testing Acceptance,Product Showcase,Conference Room B,2025-11-07 09:15,2025-11-07 10:00,2025-11-07 09:30,2025-11-07 10:30,2025-11-07 09:30,2025-11-07 10:00,30.00,partial_overlap,Medium
2217,P049,Client Visit,Design Review,Demo Hall,Conference Room A,2025-11-08 12:00,2025-11-08 12:45,2025-11-08 12:30,2025-11-08 13:15,2025-11-08 12:30,2025-11-08 12:45,15.00,partial_overlap,Medium
2218,P049,Project Discussion,Training,Product Showcase,Office Area 1,2025-11-06 16:45,2025-11-06 17:45,2025-11-06 16:30,2025-11-06 17:00,2025-11-06 16:45,2025-11-06 17:00,15.00,partial_overlap,Medium
2219,P049,Meeting,Project Discussion,Office Area 2,Break Room,2025-11-13 15:30,2025-11-13 16:00,2025-11-13 15:30,2025-11-13 16:15,2025-11-13 15:30,2025-11-13 16:00,30.00,containment,Medium
2220,P049,Meeting,Client Visit,Office Area 2,Conference Room A,2025-11-13 15:30,2025-11-13 16:00,2025-11-13 15:15,2025-11-13 16:00,2025-11-13 15:30,2025-11-13 16:00,30.00,containment,Medium
2221,P049,Meeting,Training,Office Area 2,Office Area 1,2025-11-13 15:30,2025-11-13 16:00,2025-11-13 15:45,2025-11-13 16:15,2025-11-13 15:45,2025-11-13 16:00,15.00,partial_overlap,Medium
2222,P049,Product Demo,Project Discussion,Office Area 1,Conference Room C,2025-11-11 11:45,2025-11-11 12:45,2025-11-11 12:05,2025-11-11 12:31,2025-11-11 12:05,2025-11-11 12:31,26.00,containment,Medium
2223,P049,One-on-One,Product Demo,Conference Room B,Demo Hall,2025-11-13 11:30,2025-11-13 12:30,2025-11-13 11:53,2025-11-13 12:17,2025-11-13 11:53,2025-11-13 12:17,24.00,containment,Medium
2224,P049,Design Review,Code Review,Conference Room B,Online Meeting,2025-11-16 12:15,2025-11-16 12:45,2025-11-16 12:30,2025-11-16 13:00,2025-11-16 12:30,2025-11-16 12:45,15.00,partial_overlap,Medium
2225,P049,Project Discussion,Client Visit,Break Room,Conference Room A,2025-11-13 15:30,2025-11-13 16:15,2025-11-13 15:15,2025-11-13 16:00,2025-11-13 15:30,2025-11-13 16:00,30.00,partial_overlap,Medium
2226,P049,Project Discussion,Training,Break Room,Office Area 1,2025-11-13 15:30,2025-11-13 16:15,2025-11-13 15:45,2025-11-13 16:15,2025-11-13 15:45,2025-11-13 16:15,30.00,containment,Medium
2227,P049,Product Demo,Client Visit,Office Area 1,Conference Room B,2025-11-08 14:20,2025-11-08 15:18,2025-11-08 14:32,2025-11-08 15:25,2025-11-08 14:32,2025-11-08 15:18,46.00,partial_overlap,Medium
2228,P049,One-on-One,Product Demo,Client Reception,Test Lab,2025-11-12 18:15,2025-11-12 19:00,2025-11-12 18:32,2025-11-12 19:27,2025-11-12 18:32,2025-11-12 19:00,28.00,partial_overlap,Medium
2229,P049,Training,Project Discussion,R&D Center,Office Area 1,2025-11-16 10:45,2025-11-16 11:00,2025-11-16 10:45,2025-11-16 11:15,2025-11-16 10:45,2025-11-16 11:00,15.00,containment,Medium
2230,P049,Client Visit,Training,Conference Room A,Office Area 1,2025-11-13 15:15,2025-11-13 16:00,2025-11-13 15:45,2025-11-13 16:15,2025-11-13 15:45,2025-11-13 16:00,15.00,partial_overlap,Medium
2231,P049,Meeting,Team Building,Demo Hall,Office Area 1,2025-11-21 16:15,2025-11-21 16:30,2025-11-21 16:15,2025-11-21 16:45,2025-11-21 16:15,2025-11-21 16:30,15.00,containment,Medium
2232,P049,Tech Sharing,Testing Acceptance,Test Lab,Office Area 2,2025-11-20 08:30,2025-11-20 09:00,2025-11-20 08:55,2025-11-20 09:38,2025-11-20 08:55,2025-11-20 09:00,5.00,partial_overlap,Low
2233,P049,Product Demo,Team Building,Remote,Test Lab,2025-11-20 14:15,2025-11-20 14:45,2025-11-20 14:19,2025-11-20 15:13,2025-11-20 14:19,2025-11-20 14:45,26.00,partial_overlap,Medium
2234,P049,Product Demo,Client Visit,Remote,Office Area 1,2025-11-20 14:15,2025-11-20 14:45,2025-11-20 14:43,2025-11-20 15:35,2025-11-20 14:43,2025-11-20 14:45,2.00,partial_overlap,Low
2235,P049,Project Discussion,Testing Acceptance,Client Reception,Conference Room C,2025-11-17 15:15,2025-11-17 15:45,2025-11-17 15:30,2025-11-17 15:45,2025-11-17 15:30,2025-11-17 15:45,15.00,containment,Medium
2236,P049,Meeting,Team Building,Client Reception,Test Lab,2025-11-20 15:00,2025-11-20 15:30,2025-11-20 14:19,2025-11-20 15:13,2025-11-20 15:00,2025-11-20 15:13,13.00,partial_overlap,Low
2237,P049,Meeting,Client Visit,Client Reception,Office Area 1,2025-11-20 15:00,2025-11-20 15:30,2025-11-20 14:43,2025-11-20 15:35,2025-11-20 15:00,2025-11-20 15:30,30.00,containment,Medium
2238,P049,Team Building,Team Building,Office Area 1,Remote,2025-11-21 16:15,2025-11-21 16:45,2025-11-21 16:42,2025-11-21 17:07,2025-11-21 16:42,2025-11-21 16:45,3.00,partial_overlap,Low
2239,P049,Tech Sharing,Testing Acceptance,Training Room,Office Area 2,2025-11-20 09:15,2025-11-20 09:45,2025-11-20 08:55,2025-11-20 09:38,2025-11-20 09:15,2025-11-20 09:38,23.00,partial_overlap,Medium
2240,P049,Team Building,Meeting,Conference Room C,Break Room,2025-11-24 08:15,2025-11-24 09:00,2025-11-24 08:30,2025-11-24 09:24,2025-11-24 08:30,2025-11-24 09:00,30.00,partial_overlap,Medium
2241,P049,Team Building,Client Visit,Test Lab,Office Area 1,2025-11-20 14:19,2025-11-20 15:13,2025-11-20 14:43,2025-11-20 15:35,2025-11-20 14:43,2025-11-20 15:13,30.00,partial_overlap,Medium
2242,P050,Client Visit,Meeting,Client Reception,Conference Room A,2025-11-04 09:00,2025-11-04 09:45,2025-11-04 09:28,2025-11-04 09:52,2025-11-04 09:28,2025-11-04 09:45,17.00,partial_overlap,Medium
2243,P050,Deployment,Project Discussion,Conference Room B,R&D Center,2025-11-06 11:30,2025-11-06 13:00,2025-11-06 11:45,2025-11-06 12:15,2025-11-06 11:45,2025-11-06 12:15,30.00,containment,Medium
2244,P050,Deployment,Team Building,Conference Room B,Product Showcase,2025-11-06 11:30,2025-11-06 13:00,2025-11-06 11:15,2025-11-06 12:00,2025-11-06 11:30,2025-11-06 12:00,30.00,partial_overlap,Medium
2245,P050,Project Discussion,Team Building,R&D Center,Product Showcase,2025-11-06 11:45,2025-11-06 12:15,2025-11-06 11:15,2025-11-06 12:00,2025-11-06 11:45,2025-11-06 12:00,15.00,partial_overlap,Medium
2246,P050,Deployment,Operations Check,Demo Hall,Conference Room C,2025-11-09 09:45,2025-11-09 10:30,2025-11-09 09:45,2025-11-09 10:30,2025-11-09 09:45,2025-11-09 10:30,45.00,containment,Medium
2247,P050,Code Review,Operations Check,Product Showcase,Office Area 1,2025-11-07 13:45,2025-11-07 14:45,2025-11-07 14:15,2025-11-07 15:15,2025-11-07 14:15,2025-11-07 14:45,30.00,partial_overlap,Medium
2248,P050,Product Demo,Requirements Analysis,Client Reception,Office Area 1,2025-11-07 17:00,2025-11-07 17:45,2025-11-07 16:30,2025-11-07 17:30,2025-11-07 17:00,2025-11-07 17:30,30.00,partial_overlap,Medium
2249,P050,Client Visit,Meeting,Conference Room B,Product Showcase,2025-11-07 08:45,2025-11-07 09:15,2025-11-07 08:54,2025-11-07 09:15,2025-11-07 08:54,2025-11-07 09:15,21.00,containment,Medium
2250,P050,Code Review,Operations Check,Conference Room C,Office Area 2,2025-11-11 09:45,2025-11-11 10:30,2025-11-11 10:00,2025-11-11 10:45,2025-11-11 10:00,2025-11-11 10:30,30.00,partial_overlap,Medium
2251,P050,Code Review,Product Demo,Conference Room C,Conference Room B,2025-11-11 09:45,2025-11-11 10:30,2025-11-11 10:22,2025-11-11 10:52,2025-11-11 10:22,2025-11-11 10:30,8.00,partial_overlap,Low
2252,P050,Code Review,Design Review,Conference Room C,Conference Room B,2025-11-11 09:45,2025-11-11 10:30,2025-11-11 10:09,2025-11-11 10:43,2025-11-11 10:09,2025-11-11 10:30,21.00,partial_overlap,Medium
2253,P050,Operations Check,Product Demo,Office Area 2,Conference Room B,2025-11-11 10:00,2025-11-11 10:45,2025-11-11 10:22,2025-11-11 10:52,2025-11-11 10:22,2025-11-11 10:45,23.00,partial_overlap,Medium
2254,P050,Operations Check,Design Review,Office Area 2,Conference Room B,2025-11-11 10:00,2025-11-11 10:45,2025-11-11 10:09,2025-11-11 10:43,2025-11-11 10:09,2025-11-11 10:43,34.00,containment,Medium
2255,P050,Operations Check,Deployment,Office Area 2,R&D Center,2025-11-11 10:00,2025-11-11 10:45,2025-11-11 10:35,2025-11-11 11:10,2025-11-11 10:35,2025-11-11 10:45,10.00,partial_overlap,Low
2256,P050,Operations Check,Design Review,Conference Room B,Online Meeting,2025-11-13 12:00,2025-11-13 12:45,2025-11-13 12:14,2025-11-13 12:48,2025-11-13 12:14,2025-11-13 12:45,31.00,partial_overlap,Medium
2257,P050,Design Review,Operations Check,Cafe,Conference Room C,2025-11-13 16:00,2025-11-13 16:30,2025-11-13 16:15,2025-11-13 16:30,2025-11-13 16:15,2025-11-13 16:30,15.00,containment,Medium
2258,P050,Design Review,Design Review,Break Room,Cafe,2025-11-14 12:15,2025-11-14 13:15,2025-11-14 12:00,2025-11-14 12:45,2025-11-14 12:15,2025-11-14 12:45,30.00,partial_overlap,Medium
2259,P050,Product Demo,Design Review,Conference Room B,Conference Room B,2025-11-11 10:22,2025-11-11 10:52,2025-11-11 10:09,2025-11-11 10:43,2025-11-11 10:22,2025-11-11 10:43,21.00,partial_overlap,Medium
2260,P050,Product Demo,Deployment,Conference Room B,R&D Center,2025-11-11 10:22,2025-11-11 10:52,2025-11-11 10:35,2025-11-11 11:10,2025-11-11 10:35,2025-11-11 10:52,17.00,partial_overlap,Medium
2261,P050,Design Review,Deployment,Conference Room B,R&D Center,2025-11-11 10:09,2025-11-11 10:43,2025-11-11 10:35,2025-11-11 11:10,2025-11-11 10:35,2025-11-11 10:43,8.00,partial_overlap,Low
2262,P050,Testing Acceptance,One-on-One,Test Lab,Remote,2025-11-15 14:00,2025-11-15 14:45,2025-11-15 14:00,2025-11-15 14:15,2025-11-15 14:00,2025-11-15 14:15,15.00,containment,Medium
2263,P050,Testing Acceptance,Meeting,Demo Hall,Demo Hall,2025-11-17 18:30,2025-11-17 19:00,2025-11-17 18:45,2025-11-17 19:26,2025-11-17 18:45,2025-11-17 19:00,15.00,partial_overlap,Medium
2264,P050,Design Review,Client Visit,Conference Room A,Break Room,2025-11-17 16:15,2025-11-17 16:45,2025-11-17 16:39,2025-11-17 17:00,2025-11-17 16:39,2025-11-17 16:45,6.00,partial_overlap,Low
2265,P050,Code Review,One-on-One,Training Room,Office Area 1,2025-11-16 14:45,2025-11-16 15:30,2025-11-16 14:55,2025-11-16 15:50,2025-11-16 14:55,2025-11-16 15:30,35.00,partial_overlap,Medium
2266,P050,Code Review,Training,Training Room,Remote,2025-11-16 14:45,2025-11-16 15:30,2025-11-16 15:08,2025-11-16 15:27,2025-11-16 15:08,2025-11-16 15:27,19.00,containment,Medium
2267,P050,Code Review,Code Review,Training Room,Client Reception,2025-11-16 14:45,2025-11-16 15:30,2025-11-16 15:26,2025-11-16 16:04,2025-11-16 15:26,2025-11-16 15:30,4.00,partial_overlap,Low
2268,P050,Product Demo,Product Demo,Conference Room C,Product Showcase,2025-11-18 16:15,2025-11-18 16:45,2025-11-18 16:00,2025-11-18 16:30,2025-11-18 16:15,2025-11-18 16:30,15.00,partial_overlap,Medium
2269,P050,Product Demo,Project Discussion,Conference Room C,Office Area 2,2025-11-18 16:15,2025-11-18 16:45,2025-11-18 16:27,2025-11-18 17:24,2025-11-18 16:27,2025-11-18 16:45,18.00,partial_overlap,Medium
2270,P050,Product Demo,Project Discussion,Product Showcase,Office Area 2,2025-11-18 16:00,2025-11-18 16:30,2025-11-18 16:27,2025-11-18 17:24,2025-11-18 16:27,2025-11-18 16:30,3.00,partial_overlap,Low
2271,P050,Training,Tech Sharing,R&D Center,Office Area 2,2025-11-17 09:30,2025-11-17 10:15,2025-11-17 09:50,2025-11-17 10:23,2025-11-17 09:50,2025-11-17 10:15,25.00,partial_overlap,Medium
2272,P050,Training,Testing Acceptance,R&D Center,Remote,2025-11-17 09:30,2025-11-17 10:15,2025-11-17 10:08,2025-11-17 11:02,2025-11-17 10:08,2025-11-17 10:15,7.00,partial_overlap,Low
2273,P050,Testing Acceptance,Project Discussion,R&D Center,Office Area 2,2025-11-18 17:00,2025-11-18 17:45,2025-11-18 16:27,2025-11-18 17:24,2025-11-18 17:00,2025-11-18 17:24,24.00,partial_overlap,Medium
2274,P050,Meeting,Testing Acceptance,Conference Room B,Remote,2025-11-17 10:30,2025-11-17 11:00,2025-11-17 10:08,2025-11-17 11:02,2025-11-17 10:30,2025-11-17 11:00,30.00,containment,Medium
2275,P050,One-on-One,Training,Office Area 1,Remote,2025-11-16 14:55,2025-11-16 15:50,2025-11-16 15:08,2025-11-16 15:27,2025-11-16 15:08,2025-11-16 15:27,19.00,containment,Medium
2276,P050,One-on-One,Code Review,Office Area 1,Client Reception,2025-11-16 14:55,2025-11-16 15:50,2025-11-16 15:26,2025-11-16 16:04,2025-11-16 15:26,2025-11-16 15:50,24.00,partial_overlap,Medium
2277,P050,Tech Sharing,Testing Acceptance,Office Area 2,Remote,2025-11-17 09:50,2025-11-17 10:23,2025-11-17 10:08,2025-11-17 11:02,2025-11-17 10:08,2025-11-17 10:23,15.00,partial_overlap,Medium
2278,P050,Training,Code Review,Remote,Client Reception,2025-11-16 15:08,2025-11-16 15:27,2025-11-16 15:26,2025-11-16 16:04,2025-11-16 15:26,2025-11-16 15:27,1.00,partial_overlap,Low
2279,P051,Team Building,Product Demo,Demo Hall,Conference Room C,2025-11-01 18:45,2025-11-01 20:15,2025-11-01 19:10,2025-11-01 19:57,2025-11-01 19:10,2025-11-01 19:57,47.00,containment,Medium
2280,P051,Product Demo,Operations Check,Conference Room A,Online Meeting,2025-10-31 12:00,2025-10-31 12:45,2025-10-31 11:45,2025-10-31 12:15,2025-10-31 12:00,2025-10-31 12:15,15.00,partial_overlap,Medium
2281,P051,Requirements Analysis,Testing Acceptance,Break Room,Online Meeting,2025-11-04 14:30,2025-11-04 15:30,2025-11-04 15:15,2025-11-04 15:45,2025-11-04 15:15,2025-11-04 15:30,15.00,partial_overlap,Medium
2282,P051,One-on-One,Testing Acceptance,Online Meeting,Conference Room C,2025-11-03 10:15,2025-11-03 11:00,2025-11-03 10:21,2025-11-03 11:18,2025-11-03 10:21,2025-11-03 11:00,39.00,partial_overlap,Medium
2283,P051,Training,Project Discussion,Office Area 1,Online Meeting,2025-11-09 12:45,2025-11-09 13:30,2025-11-09 13:12,2025-11-09 13:43,2025-11-09 13:12,2025-11-09 13:30,18.00,partial_overlap,Medium
2284,P051,Training,Training,Office Area 1,Test Lab,2025-11-09 12:45,2025-11-09 13:30,2025-11-09 13:19,2025-11-09 13:44,2025-11-09 13:19,2025-11-09 13:30,11.00,partial_overlap,Low
2285,P051,Operations Check,One-on-One,Test Lab,R&D Center,2025-11-09 15:15,2025-11-09 16:15,2025-11-09 14:45,2025-11-09 15:45,2025-11-09 15:15,2025-11-09 15:45,30.00,partial_overlap,Medium
2286,P051,Client Visit,Client Visit,Training Room,R&D Center,2025-11-07 16:00,2025-11-07 17:00,2025-11-07 16:26,2025-11-07 17:05,2025-11-07 16:26,2025-11-07 17:00,34.00,partial_overlap,Medium
2287,P051,Client Visit,Team Building,Conference Room B,Break Room,2025-11-12 10:30,2025-11-12 11:15,2025-11-12 10:00,2025-11-12 10:45,2025-11-12 10:30,2025-11-12 10:45,15.00,partial_overlap,Medium
2288,P051,Code Review,Project Discussion,Conference Room A,Client Reception,2025-11-12 16:15,2025-11-12 17:00,2025-11-12 16:15,2025-11-12 17:00,2025-11-12 16:15,2025-11-12 17:00,45.00,containment,Medium
2289,P051,Code Review,Code Review,Conference Room A,Remote,2025-11-12 16:15,2025-11-12 17:00,2025-11-12 16:29,2025-11-12 17:14,2025-11-12 16:29,2025-11-12 17:00,31.00,partial_overlap,Medium
2290,P051,Meeting,Code Review,Cafe,Remote,2025-11-12 17:00,2025-11-12 17:45,2025-11-12 16:29,2025-11-12 17:14,2025-11-12 17:00,2025-11-12 17:14,14.00,partial_overlap,Low
2291,P051,Requirements Analysis,Operations Check,Conference Room A,Training Room,2025-11-10 16:15,2025-11-10 16:45,2025-11-10 16:40,2025-11-10 17:12,2025-11-10 16:40,2025-11-10 16:45,5.00,partial_overlap,Low
2292,P051,Requirements Analysis,Requirements Analysis,Conference Room A,Remote,2025-11-10 16:15,2025-11-10 16:45,2025-11-10 16:23,2025-11-10 16:54,2025-11-10 16:23,2025-11-10 16:45,22.00,partial_overlap,Medium
2293,P051,Requirements Analysis,Requirements Analysis,Conference Room A,Conference Room C,2025-11-10 16:15,2025-11-10 16:45,2025-11-10 16:28,2025-11-10 17:16,2025-11-10 16:28,2025-11-10 16:45,17.00,partial_overlap,Medium
2294,P051,Deployment,Operations Check,Product Showcase,Training Room,2025-11-10 16:45,2025-11-10 17:30,2025-11-10 16:40,2025-11-10 17:12,2025-11-10 16:45,2025-11-10 17:12,27.00,partial_overlap,Medium
2295,P051,Deployment,Requirements Analysis,Product Showcase,Remote,2025-11-10 16:45,2025-11-10 17:30,2025-11-10 16:23,2025-11-10 16:54,2025-11-10 16:45,2025-11-10 16:54,9.00,partial_overlap,Low
2296,P051,Deployment,Requirements Analysis,Product Showcase,Conference Room C,2025-11-10 16:45,2025-11-10 17:30,2025-11-10 16:28,2025-11-10 17:16,2025-11-10 16:45,2025-11-10 17:16,31.00,partial_overlap,Medium
2297,P051,Design Review,Operations Check,Remote,Cafe,2025-11-13 15:00,2025-11-13 15:30,2025-11-13 15:19,2025-11-13 15:46,2025-11-13 15:19,2025-11-13 15:30,11.00,partial_overlap,Low
2298,P051,Product Demo,Requirements Analysis,Product Showcase,Test Lab,2025-11-15 13:45,2025-11-15 14:15,2025-11-15 14:00,2025-11-15 15:00,2025-11-15 14:00,2025-11-15 14:15,15.00,partial_overlap,Medium
2299,P051,Product Demo,Project Discussion,Product Showcase,Training Room,2025-11-15 13:45,2025-11-15 14:15,2025-11-15 14:14,2025-11-15 14:43,2025-11-15 14:14,2025-11-15 14:15,1.00,partial_overlap,Low
2300,P051,Requirements Analysis,Project Discussion,Test Lab,Training Room,2025-11-15 14:00,2025-11-15 15:00,2025-11-15 14:14,2025-11-15 14:43,2025-11-15 14:14,2025-11-15 14:43,29.00,containment,Medium
2301,P051,Meeting,Testing Acceptance,Client Reception,Conference Room A,2025-11-15 17:45,2025-11-15 18:15,2025-11-15 17:30,2025-11-15 18:15,2025-11-15 17:45,2025-11-15 18:15,30.00,containment,Medium
2302,P051,Meeting,One-on-One,Client Reception,R&D Center,2025-11-15 17:45,2025-11-15 18:15,2025-11-15 17:50,2025-11-15 18:25,2025-11-15 17:50,2025-11-15 18:15,25.00,partial_overlap,Medium
2303,P051,Project Discussion,Code Review,Client Reception,Remote,2025-11-12 16:15,2025-11-12 17:00,2025-11-12 16:29,2025-11-12 17:14,2025-11-12 16:29,2025-11-12 17:00,31.00,partial_overlap,Medium
2304,P051,Operations Check,Requirements Analysis,Training Room,Remote,2025-11-10 16:40,2025-11-10 17:12,2025-11-10 16:23,2025-11-10 16:54,2025-11-10 16:40,2025-11-10 16:54,14.00,partial_overlap,Low
2305,P051,Operations Check,Requirements Analysis,Training Room,Conference Room C,2025-11-10 16:40,2025-11-10 17:12,2025-11-10 16:28,2025-11-10 17:16,2025-11-10 16:40,2025-11-10 17:12,32.00,containment,Medium
2306,P051,Project Discussion,Training,Online Meeting,Test Lab,2025-11-09 13:12,2025-11-09 13:43,2025-11-09 13:19,2025-11-09 13:44,2025-11-09 13:19,2025-11-09 13:43,24.00,partial_overlap,Medium
2307,P051,Requirements Analysis,Requirements Analysis,Remote,Conference Room C,2025-11-10 16:23,2025-11-10 16:54,2025-11-10 16:28,2025-11-10 17:16,2025-11-10 16:28,2025-11-10 16:54,26.00,partial_overlap,Medium
2308,P051,Operations Check,One-on-One,Office Area 2,Product Showcase,2025-11-17 17:30,2025-11-17 17:45,2025-11-17 17:30,2025-11-17 18:00,2025-11-17 17:30,2025-11-17 17:45,15.00,containment,Medium
2309,P051,Operations Check,Deployment,Office Area 2,Break Room,2025-11-17 17:30,2025-11-17 17:45,2025-11-17 17:30,2025-11-17 17:45,2025-11-17 17:30,2025-11-17 17:45,15.00,containment,Medium
2310,P051,One-on-One,Deployment,Product Showcase,Break Room,2025-11-17 17:30,2025-11-17 18:00,2025-11-17 17:30,2025-11-17 17:45,2025-11-17 17:30,2025-11-17 17:45,15.00,containment,Medium
2311,P051,One-on-One,Product Demo,Product Showcase,Conference Room B,2025-11-17 17:30,2025-11-17 18:00,2025-11-17 17:55,2025-11-17 18:54,2025-11-17 17:55,2025-11-17 18:00,5.00,partial_overlap,Low
2312,P051,Meeting,Meeting,R&D Center,R&D Center,2025-11-15 11:00,2025-11-15 11:45,2025-11-15 11:30,2025-11-15 12:15,2025-11-15 11:30,2025-11-15 11:45,15.00,partial_overlap,Medium
2313,P051,Testing Acceptance,One-on-One,Conference Room A,R&D Center,2025-11-15 17:30,2025-11-15 18:15,2025-11-15 17:50,2025-11-15 18:25,2025-11-15 17:50,2025-11-15 18:15,25.00,partial_overlap,Medium
2314,P051,Testing Acceptance,Code Review,Client Reception,R&D Center,2025-11-19 10:45,2025-11-19 11:15,2025-11-19 10:45,2025-11-19 11:00,2025-11-19 10:45,2025-11-19 11:00,15.00,containment,Medium
2315,P051,Product Demo,Team Building,Demo Hall,Break Room,2025-11-15 12:30,2025-11-15 13:00,2025-11-15 12:46,2025-11-15 13:29,2025-11-15 12:46,2025-11-15 13:00,14.00,partial_overlap,Low
2316,P051,Training,Brainstorming,Conference Room B,Online Meeting,2025-11-23 08:00,2025-11-23 08:30,2025-11-23 08:23,2025-11-23 08:56,2025-11-23 08:23,2025-11-23 08:30,7.00,partial_overlap,Low
2317,P052,Tech Sharing,Testing Acceptance,Product Showcase,Online Meeting,2025-11-07 16:00,2025-11-07 16:30,2025-11-07 16:23,2025-11-07 16:56,2025-11-07 16:23,2025-11-07 16:30,7.00,partial_overlap,Low
2318,P052,Brainstorming,Brainstorming,Cafe,Conference Room C,2025-11-10 13:15,2025-11-10 14:00,2025-11-10 13:45,2025-11-10 14:30,2025-11-10 13:45,2025-11-10 14:00,15.00,partial_overlap,Medium
2319,P052,Requirements Analysis,Project Discussion,Cafe,Conference Room A,2025-11-12 11:30,2025-11-12 12:15,2025-11-12 11:37,2025-11-12 12:29,2025-11-12 11:37,2025-11-12 12:15,38.00,partial_overlap,Medium
2320,P052,Testing Acceptance,Design Review,Demo Hall,Remote,2025-11-14 12:00,2025-11-14 12:30,2025-11-14 11:45,2025-11-14 12:30,2025-11-14 12:00,2025-11-14 12:30,30.00,containment,Medium
2321,P052,Project Discussion,Project Discussion,Conference Room C,Office Area 2,2025-11-16 15:45,2025-11-16 16:30,2025-11-16 15:30,2025-11-16 16:00,2025-11-16 15:45,2025-11-16 16:00,15.00,partial_overlap,Medium
2322,P052,Project Discussion,One-on-One,Conference Room C,Break Room,2025-11-16 15:45,2025-11-16 16:30,2025-11-16 15:45,2025-11-16 16:30,2025-11-16 15:45,2025-11-16 16:30,45.00,containment,Medium
2323,P052,Deployment,Meeting,Online Meeting,Test Lab,2025-11-15 08:45,2025-11-15 09:45,2025-11-15 09:30,2025-11-15 09:45,2025-11-15 09:30,2025-11-15 09:45,15.00,containment,Medium
2324,P052,Training,Team Building,Cafe,Remote,2025-11-15 16:45,2025-11-15 17:45,2025-11-15 16:45,2025-11-15 17:15,2025-11-15 16:45,2025-11-15 17:15,30.00,containment,Medium
2325,P052,Training,Deployment,Cafe,Conference Room C,2025-11-15 16:45,2025-11-15 17:45,2025-11-15 17:30,2025-11-15 18:00,2025-11-15 17:30,2025-11-15 17:45,15.00,partial_overlap,Medium
2326,P052,Project Discussion,One-on-One,Office Area 2,Break Room,2025-11-16 15:30,2025-11-16 16:00,2025-11-16 15:45,2025-11-16 16:30,2025-11-16 15:45,2025-11-16 16:00,15.00,partial_overlap,Medium
2327,P052,Meeting,Team Building,R&D Center,Client Reception,2025-11-16 17:15,2025-11-16 17:30,2025-11-16 17:23,2025-11-16 18:05,2025-11-16 17:23,2025-11-16 17:30,7.00,partial_overlap,Low
2328,P052,Design Review,Requirements Analysis,Training Room,R&D Center,2025-11-16 12:00,2025-11-16 12:45,2025-11-16 11:45,2025-11-16 12:15,2025-11-16 12:00,2025-11-16 12:15,15.00,partial_overlap,Medium
2329,P052,Design Review,Product Demo,Training Room,Online Meeting,2025-11-16 12:00,2025-11-16 12:45,2025-11-16 12:07,2025-11-16 13:01,2025-11-16 12:07,2025-11-16 12:45,38.00,partial_overlap,Medium
2330,P052,Deployment,Testing Acceptance,Conference Room A,Remote,2025-11-19 18:15,2025-11-19 19:00,2025-11-19 18:45,2025-11-19 19:30,2025-11-19 18:45,2025-11-19 19:00,15.00,partial_overlap,Medium
2331,P052,Training,Project Discussion,Training Room,Client Reception,2025-11-19 17:00,2025-11-19 17:45,2025-11-19 16:10,2025-11-19 17:10,2025-11-19 17:00,2025-11-19 17:10,10.00,partial_overlap,Low
2332,P052,Requirements Analysis,Product Demo,R&D Center,Online Meeting,2025-11-16 11:45,2025-11-16 12:15,2025-11-16 12:07,2025-11-16 13:01,2025-11-16 12:07,2025-11-16 12:15,8.00,partial_overlap,Low
2333,P052,Tech Sharing,Testing Acceptance,Test Lab,Break Room,2025-11-17 09:30,2025-11-17 10:00,2025-11-17 09:30,2025-11-17 10:00,2025-11-17 09:30,2025-11-17 10:00,30.00,containment,Medium
2334,P052,Design Review,Meeting,R&D Center,Break Room,2025-11-21 15:00,2025-11-21 15:15,2025-11-21 14:30,2025-11-21 15:15,2025-11-21 15:00,2025-11-21 15:15,15.00,containment,Medium
2335,P052,Design Review,Product Demo,R&D Center,Demo Hall,2025-11-21 15:00,2025-11-21 15:15,2025-11-21 15:08,2025-11-21 15:38,2025-11-21 15:08,2025-11-21 15:15,7.00,partial_overlap,Low
2336,P052,Meeting,Product Demo,Break Room,Demo Hall,2025-11-21 14:30,2025-11-21 15:15,2025-11-21 15:08,2025-11-21 15:38,2025-11-21 15:08,2025-11-21 15:15,7.00,partial_overlap,Low
2337,P052,Testing Acceptance,Requirements Analysis,Cafe,Cafe,2025-11-22 17:15,2025-11-22 18:00,2025-11-22 17:43,2025-11-22 18:37,2025-11-22 17:43,2025-11-22 18:00,17.00,partial_overlap,Medium
2338,P052,Testing Acceptance,Operations Check,Office Area 2,Cafe,2025-11-20 17:15,2025-11-20 17:30,2025-11-20 17:26,2025-11-20 17:59,2025-11-20 17:26,2025-11-20 17:30,4.00,partial_overlap,Low
2339,P053,Tech Sharing,Training,Conference Room A,Test Lab,2025-11-04 11:00,2025-11-04 12:00,2025-11-04 11:00,2025-11-04 12:30,2025-11-04 11:00,2025-11-04 12:00,60.00,containment,High
2340,P053,Design Review,Team Building,Training Room,Conference Room B,2025-11-06 11:45,2025-11-06 12:15,2025-11-06 11:45,2025-11-06 13:15,2025-11-06 11:45,2025-11-06 12:15,30.00,containment,Medium
2341,P053,Design Review,Meeting,Training Room,Office Area 1,2025-11-06 11:45,2025-11-06 12:15,2025-11-06 12:00,2025-11-06 13:00,2025-11-06 12:00,2025-11-06 12:15,15.00,partial_overlap,Medium
2342,P053,Requirements Analysis,Training,Conference Room A,Remote,2025-11-05 08:00,2025-11-05 08:45,2025-11-05 08:00,2025-11-05 08:30,2025-11-05 08:00,2025-11-05 08:30,30.00,containment,Medium
2343,P053,Team Building,Meeting,Conference Room B,Office Area 1,2025-11-06 11:45,2025-11-06 13:15,2025-11-06 12:00,2025-11-06 13:00,2025-11-06 12:00,2025-11-06 13:00,60.00,containment,High
2344,P053,Requirements Analysis,Requirements Analysis,Office Area 1,Cafe,2025-11-04 17:45,2025-11-04 18:15,2025-11-04 18:14,2025-11-04 19:11,2025-11-04 18:14,2025-11-04 18:15,1.00,partial_overlap,Low
2345,P053,Code Review,Deployment,Cafe,R&D Center,2025-11-06 18:00,2025-11-06 19:00,2025-11-06 18:15,2025-11-06 19:00,2025-11-06 18:15,2025-11-06 19:00,45.00,containment,Medium
2346,P053,Training,Requirements Analysis,Cafe,Online Meeting,2025-11-11 13:00,2025-11-11 14:00,2025-11-11 13:20,2025-11-11 14:12,2025-11-11 13:20,2025-11-11 14:00,40.00,partial_overlap,Medium
2347,P053,Brainstorming,Code Review,Product Showcase,Office Area 2,2025-11-13 08:30,2025-11-13 09:00,2025-11-13 08:45,2025-11-13 09:15,2025-11-13 08:45,2025-11-13 09:00,15.00,partial_overlap,Medium
2348,P053,Brainstorming,Operations Check,Product Showcase,Office Area 2,2025-11-13 08:30,2025-11-13 09:00,2025-11-13 08:57,2025-11-13 09:55,2025-11-13 08:57,2025-11-13 09:00,3.00,partial_overlap,Low
2349,P053,Deployment,Deployment,R&D Center,Remote,2025-11-14 15:15,2025-11-14 16:00,2025-11-14 14:30,2025-11-14 15:30,2025-11-14 15:15,2025-11-14 15:30,15.00,partial_overlap,Medium
2350,P053,Deployment,Design Review,R&D Center,Break Room,2025-11-14 15:15,2025-11-14 16:00,2025-11-14 15:15,2025-11-14 16:00,2025-11-14 15:15,2025-11-14 16:00,45.00,containment,Medium
2351,P053,Deployment,Meeting,Remote,Remote,2025-11-14 14:30,2025-11-14 15:30,2025-11-14 14:15,2025-11-14 14:45,2025-11-14 14:30,2025-11-14 14:45,15.00,partial_overlap,Medium
2352,P053,Deployment,Design Review,Remote,Break Room,2025-11-14 14:30,2025-11-14 15:30,2025-11-14 15:15,2025-11-14 16:00,2025-11-14 15:15,2025-11-14 15:30,15.00,partial_overlap,Medium
2353,P053,Requirements Analysis,Tech Sharing,Online Meeting,Cafe,2025-11-13 12:45,2025-11-13 13:15,2025-11-13 12:53,2025-11-13 13:37,2025-11-13 12:53,2025-11-13 13:15,22.00,partial_overlap,Medium
2354,P053,Requirements Analysis,Product Demo,Online Meeting,Online Meeting,2025-11-13 12:45,2025-11-13 13:15,2025-11-13 12:15,2025-11-13 13:00,2025-11-13 12:45,2025-11-13 13:00,15.00,partial_overlap,Medium
2355,P053,Code Review,Operations Check,Office Area 2,Office Area 2,2025-11-13 08:45,2025-11-13 09:15,2025-11-13 08:57,2025-11-13 09:55,2025-11-13 08:57,2025-11-13 09:15,18.00,partial_overlap,Medium
2356,P053,Tech Sharing,Product Demo,Cafe,Online Meeting,2025-11-13 12:53,2025-11-13 13:37,2025-11-13 12:15,2025-11-13 13:00,2025-11-13 12:53,2025-11-13 13:00,7.00,partial_overlap,Low
2357,P053,Training,Operations Check,Cafe,Demo Hall,2025-11-21 16:15,2025-11-21 16:45,2025-11-21 16:00,2025-11-21 16:30,2025-11-21 16:15,2025-11-21 16:30,15.00,partial_overlap,Medium
2358,P053,Project Discussion,Deployment,R&D Center,Test Lab,2025-11-18 18:45,2025-11-18 19:15,2025-11-18 18:45,2025-11-18 19:00,2025-11-18 18:45,2025-11-18 19:00,15.00,containment,Medium
2359,P053,Team Building,Code Review,Test Lab,Demo Hall,2025-11-19 17:00,2025-11-19 17:45,2025-11-19 17:00,2025-11-19 17:45,2025-11-19 17:00,2025-11-19 17:45,45.00,containment,Medium
2360,P053,Product Demo,Tech Sharing,Office Area 2,Demo Hall,2025-11-18 08:00,2025-11-18 08:45,2025-11-18 08:30,2025-11-18 08:45,2025-11-18 08:30,2025-11-18 08:45,15.00,containment,Medium
2361,P053,Training,Code Review,Office Area 2,Conference Room C,2025-11-19 09:45,2025-11-19 10:30,2025-11-19 10:00,2025-11-19 10:30,2025-11-19 10:00,2025-11-19 10:30,30.00,containment,Medium
2362,P053,Testing Acceptance,Training,Office Area 2,Test Lab,2025-11-20 11:15,2025-11-20 11:45,2025-11-20 11:35,2025-11-20 11:53,2025-11-20 11:35,2025-11-20 11:45,10.00,partial_overlap,Low
2363,P054,Client Visit,Code Review,Client Reception,Client Reception,2025-11-03 12:15,2025-11-03 13:00,2025-11-03 12:30,2025-11-03 14:00,2025-11-03 12:30,2025-11-03 13:00,30.00,partial_overlap,Medium
2364,P054,Client Visit,Testing Acceptance,Client Reception,Conference Room B,2025-11-03 12:15,2025-11-03 13:00,2025-11-03 12:36,2025-11-03 13:25,2025-11-03 12:36,2025-11-03 13:00,24.00,partial_overlap,Medium
2365,P054,Deployment,Product Demo,Office Area 1,Client Reception,2025-11-01 09:30,2025-11-01 11:00,2025-11-01 09:44,2025-11-01 10:30,2025-11-01 09:44,2025-11-01 10:30,46.00,containment,Medium
2366,P054,Code Review,Testing Acceptance,Client Reception,Conference Room B,2025-11-03 12:30,2025-11-03 14:00,2025-11-03 12:36,2025-11-03 13:25,2025-11-03 12:36,2025-11-03 13:25,49.00,containment,Medium
2367,P054,Operations Check,One-on-One,Office Area 1,Client Reception,2025-11-07 11:15,2025-11-07 12:45,2025-11-07 11:15,2025-11-07 12:00,2025-11-07 11:15,2025-11-07 12:00,45.00,containment,Medium
2368,P054,Brainstorming,Testing Acceptance,Office Area 1,Conference Room B,2025-11-05 16:30,2025-11-05 18:00,2025-11-05 16:49,2025-11-05 17:10,2025-11-05 16:49,2025-11-05 17:10,21.00,containment,Medium
2369,P054,Brainstorming,Meeting,Office Area 1,Office Area 1,2025-11-05 16:30,2025-11-05 18:00,2025-11-05 16:37,2025-11-05 17:14,2025-11-05 16:37,2025-11-05 17:14,37.00,containment,Medium
2370,P054,Testing Acceptance,Meeting,Conference Room B,Office Area 1,2025-11-05 16:49,2025-11-05 17:10,2025-11-05 16:37,2025-11-05 17:14,2025-11-05 16:49,2025-11-05 17:10,21.00,containment,Medium
2371,P054,Testing Acceptance,Meeting,Test Lab,Training Room,2025-11-05 12:00,2025-11-05 13:00,2025-11-05 12:08,2025-11-05 12:47,2025-11-05 12:08,2025-11-05 12:47,39.00,containment,Medium
2372,P054,Design Review,Design Review,Office Area 2,Client Reception,2025-11-12 12:15,2025-11-12 12:45,2025-11-12 12:38,2025-11-12 13:21,2025-11-12 12:38,2025-11-12 12:45,7.00,partial_overlap,Low
2373,P054,Meeting,Design Review,Office Area 2,Training Room,2025-11-11 11:00,2025-11-11 11:30,2025-11-11 11:15,2025-11-11 11:45,2025-11-11 11:15,2025-11-11 11:30,15.00,partial_overlap,Medium
2374,P054,Team Building,Meeting,Conference Room B,Demo Hall,2025-11-09 15:45,2025-11-09 16:45,2025-11-09 15:30,2025-11-09 16:30,2025-11-09 15:45,2025-11-09 16:30,45.00,partial_overlap,Medium
2375,P054,Client Visit,One-on-One,Break Room,Training Room,2025-11-13 09:45,2025-11-13 10:15,2025-11-13 09:45,2025-11-13 10:30,2025-11-13 09:45,2025-11-13 10:15,30.00,containment,Medium
2376,P054,Client Visit,Brainstorming,Break Room,Product Showcase,2025-11-13 09:45,2025-11-13 10:15,2025-11-13 09:30,2025-11-13 10:15,2025-11-13 09:45,2025-11-13 10:15,30.00,containment,Medium
2377,P054,One-on-One,Brainstorming,Training Room,Product Showcase,2025-11-13 09:45,2025-11-13 10:30,2025-11-13 09:30,2025-11-13 10:15,2025-11-13 09:45,2025-11-13 10:15,30.00,partial_overlap,Medium
2378,P054,Training,Deployment,Office Area 1,Break Room,2025-11-14 11:00,2025-11-14 12:00,2025-11-14 10:45,2025-11-14 11:30,2025-11-14 11:00,2025-11-14 11:30,30.00,partial_overlap,Medium
2379,P054,One-on-One,Design Review,Cafe,Client Reception,2025-11-12 12:45,2025-11-12 13:15,2025-11-12 12:38,2025-11-12 13:21,2025-11-12 12:45,2025-11-12 13:15,30.00,containment,Medium
2380,P054,Code Review,Product Demo,Remote,Product Showcase,2025-11-16 14:45,2025-11-16 15:15,2025-11-16 14:45,2025-11-16 15:15,2025-11-16 14:45,2025-11-16 15:15,30.00,containment,Medium
2381,P054,One-on-One,Team Building,Online Meeting,Office Area 2,2025-11-15 18:00,2025-11-15 18:45,2025-11-15 18:30,2025-11-15 19:00,2025-11-15 18:30,2025-11-15 18:45,15.00,partial_overlap,Medium
2382,P054,Design Review,Deployment,Office Area 2,Conference Room C,2025-11-18 12:00,2025-11-18 12:30,2025-11-18 12:00,2025-11-18 12:15,2025-11-18 12:00,2025-11-18 12:15,15.00,containment,Medium
2383,P054,Deployment,Design Review,Cafe,Remote,2025-11-20 08:45,2025-11-20 09:15,2025-11-20 08:51,2025-11-20 09:11,2025-11-20 08:51,2025-11-20 09:11,20.00,containment,Medium
2384,P054,Training,Tech Sharing,Test Lab,R&D Center,2025-11-19 18:15,2025-11-19 19:00,2025-11-19 18:30,2025-11-19 19:00,2025-11-19 18:30,2025-11-19 19:00,30.00,containment,Medium
2385,P054,Code Review,Team Building,Cafe,Office Area 2,2025-11-16 08:30,2025-11-16 09:15,2025-11-16 08:00,2025-11-16 08:45,2025-11-16 08:30,2025-11-16 08:45,15.00,partial_overlap,Medium
2386,P054,Code Review,Testing Acceptance,Cafe,Client Reception,2025-11-16 08:30,2025-11-16 09:15,2025-11-16 08:51,2025-11-16 09:10,2025-11-16 08:51,2025-11-16 09:10,19.00,containment,Medium
2387,P054,Brainstorming,One-on-One,Conference Room A,Product Showcase,2025-11-18 09:00,2025-11-18 09:45,2025-11-18 09:28,2025-11-18 10:02,2025-11-18 09:28,2025-11-18 09:45,17.00,partial_overlap,Medium
2388,P054,Tech Sharing,Training,Cafe,Demo Hall,2025-11-22 11:45,2025-11-22 12:15,2025-11-22 12:14,2025-11-22 13:03,2025-11-22 12:14,2025-11-22 12:15,1.00,partial_overlap,Low
2389,P055,Training,Training,R&D Center,Break Room,2025-11-04 11:30,2025-11-04 12:00,2025-11-04 11:15,2025-11-04 12:15,2025-11-04 11:30,2025-11-04 12:00,30.00,containment,Medium
2390,P055,Training,Project Discussion,R&D Center,Conference Room B,2025-11-04 11:30,2025-11-04 12:00,2025-11-04 11:27,2025-11-04 12:04,2025-11-04 11:30,2025-11-04 12:00,30.00,containment,Medium
2391,P055,Training,Project Discussion,R&D Center,Break Room,2025-11-04 11:30,2025-11-04 12:00,2025-11-04 11:39,2025-11-04 11:58,2025-11-04 11:39,2025-11-04 11:58,19.00,containment,Medium
2392,P055,Brainstorming,Brainstorming,Conference Room C,Conference Room A,2025-11-01 11:00,2025-11-01 11:45,2025-11-01 11:15,2025-11-01 11:54,2025-11-01 11:15,2025-11-01 11:45,30.00,partial_overlap,Medium
2393,P055,Training,Project Discussion,Break Room,Conference Room B,2025-11-04 11:15,2025-11-04 12:15,2025-11-04 11:27,2025-11-04 12:04,2025-11-04 11:27,2025-11-04 12:04,37.00,containment,Medium
2394,P055,Training,Project Discussion,Break Room,Break Room,2025-11-04 11:15,2025-11-04 12:15,2025-11-04 11:39,2025-11-04 11:58,2025-11-04 11:39,2025-11-04 11:58,19.00,containment,Medium
2395,P055,Project Discussion,Project Discussion,Conference Room B,Break Room,2025-11-04 11:27,2025-11-04 12:04,2025-11-04 11:39,2025-11-04 11:58,2025-11-04 11:39,2025-11-04 11:58,19.00,containment,Medium
2396,P055,Deployment,Testing Acceptance,Product Showcase,Break Room,2025-11-06 08:30,2025-11-06 09:15,2025-11-06 08:45,2025-11-06 09:30,2025-11-06 08:45,2025-11-06 09:15,30.00,partial_overlap,Medium
2397,P055,Deployment,Deployment,Product Showcase,Conference Room B,2025-11-06 08:30,2025-11-06 09:15,2025-11-06 08:15,2025-11-06 08:45,2025-11-06 08:30,2025-11-06 08:45,15.00,partial_overlap,Medium
2398,P055,Client Visit,Training,Test Lab,Conference Room A,2025-11-07 13:15,2025-11-07 14:00,2025-11-07 13:42,2025-11-07 14:22,2025-11-07 13:42,2025-11-07 14:00,18.00,partial_overlap,Medium
2399,P055,Training,Tech Sharing,Demo Hall,Online Meeting,2025-11-11 13:45,2025-11-11 14:30,2025-11-11 14:00,2025-11-11 14:30,2025-11-11 14:00,2025-11-11 14:30,30.00,containment,Medium
2400,P055,Requirements Analysis,Deployment,Office Area 1,Training Room,2025-11-12 14:45,2025-11-12 15:15,2025-11-12 15:00,2025-11-12 15:45,2025-11-12 15:00,2025-11-12 15:15,15.00,partial_overlap,Medium
2401,P055,Product Demo,Team Building,Product Showcase,Conference Room B,2025-11-15 13:15,2025-11-15 14:15,2025-11-15 13:23,2025-11-15 13:46,2025-11-15 13:23,2025-11-15 13:46,23.00,containment,Medium
2402,P055,Product Demo,Client Visit,Product Showcase,Test Lab,2025-11-15 13:15,2025-11-15 14:15,2025-11-15 13:33,2025-11-15 13:51,2025-11-15 13:33,2025-11-15 13:51,18.00,containment,Medium
2403,P055,Deployment,Operations Check,Training Room,Office Area 2,2025-11-12 15:00,2025-11-12 15:45,2025-11-12 15:23,2025-11-12 16:01,2025-11-12 15:23,2025-11-12 15:45,22.00,partial_overlap,Medium
2404,P055,Team Building,Client Visit,Conference Room B,Test Lab,2025-11-15 13:23,2025-11-15 13:46,2025-11-15 13:33,2025-11-15 13:51,2025-11-15 13:33,2025-11-15 13:46,13.00,partial_overlap,Low
2405,P055,Project Discussion,Team Building,Client Reception,Training Room,2025-11-19 11:30,2025-11-19 12:15,2025-11-19 11:00,2025-11-19 11:45,2025-11-19 11:30,2025-11-19 11:45,15.00,partial_overlap,Medium
2406,P055,Training,One-on-One,Online Meeting,Client Reception,2025-11-16 10:45,2025-11-16 11:15,2025-11-16 11:00,2025-11-16 11:45,2025-11-16 11:00,2025-11-16 11:15,15.00,partial_overlap,Medium
2407,P055,Code Review,One-on-One,Test Lab,Break Room,2025-11-17 14:45,2025-11-17 15:30,2025-11-17 14:53,2025-11-17 15:48,2025-11-17 14:53,2025-11-17 15:30,37.00,partial_overlap,Medium
2408,P055,One-on-One,Deployment,Client Reception,Demo Hall,2025-11-16 11:00,2025-11-16 11:45,2025-11-16 11:21,2025-11-16 11:46,2025-11-16 11:21,2025-11-16 11:45,24.00,partial_overlap,Medium
2409,P055,Client Visit,Meeting,Conference Room C,Demo Hall,2025-11-21 15:30,2025-11-21 16:00,2025-11-21 15:45,2025-11-21 16:15,2025-11-21 15:45,2025-11-21 16:00,15.00,partial_overlap,Medium
2410,P056,Operations Check,Client Visit,Training Room,Demo Hall,2025-11-03 09:15,2025-11-03 10:45,2025-11-03 08:30,2025-11-03 09:30,2025-11-03 09:15,2025-11-03 09:30,15.00,partial_overlap,Medium
2411,P056,Project Discussion,Deployment,Cafe,Conference Room A,2025-11-07 13:00,2025-11-07 14:00,2025-11-07 13:30,2025-11-07 14:15,2025-11-07 13:30,2025-11-07 14:00,30.00,partial_overlap,Medium
2412,P056,Meeting,Operations Check,Conference Room C,Cafe,2025-11-06 17:30,2025-11-06 18:00,2025-11-06 17:30,2025-11-06 18:15,2025-11-06 17:30,2025-11-06 18:00,30.00,containment,Medium
2413,P056,Meeting,One-on-One,Conference Room C,Test Lab,2025-11-06 17:30,2025-11-06 18:00,2025-11-06 17:41,2025-11-06 18:41,2025-11-06 17:41,2025-11-06 18:00,19.00,partial_overlap,Medium
2414,P056,Operations Check,One-on-One,Cafe,Test Lab,2025-11-06 17:30,2025-11-06 18:15,2025-11-06 17:41,2025-11-06 18:41,2025-11-06 17:41,2025-11-06 18:15,34.00,partial_overlap,Medium
2415,P056,Team Building,Product Demo,Office Area 2,R&D Center,2025-11-11 18:30,2025-11-11 19:30,2025-11-11 18:00,2025-11-11 19:00,2025-11-11 18:30,2025-11-11 19:00,30.00,partial_overlap,Medium
2416,P056,Requirements Analysis,Project Discussion,Office Area 1,Online Meeting,2025-11-13 17:15,2025-11-13 17:45,2025-11-13 17:15,2025-11-13 17:45,2025-11-13 17:15,2025-11-13 17:45,30.00,containment,Medium
2417,P056,Testing Acceptance,Requirements Analysis,Cafe,Test Lab,2025-11-10 09:30,2025-11-10 10:00,2025-11-10 09:48,2025-11-10 10:16,2025-11-10 09:48,2025-11-10 10:00,12.00,partial_overlap,Low
2418,P056,Client Visit,Training,Remote,Demo Hall,2025-11-09 18:30,2025-11-09 19:00,2025-11-09 18:15,2025-11-09 18:45,2025-11-09 18:30,2025-11-09 18:45,15.00,partial_overlap,Medium
2419,P056,Code Review,Requirements Analysis,Test Lab,Test Lab,2025-11-10 10:15,2025-11-10 11:15,2025-11-10 09:48,2025-11-10 10:16,2025-11-10 10:15,2025-11-10 10:16,1.00,partial_overlap,Low
2420,P056,Client Visit,One-on-One,Test Lab,Break Room,2025-11-14 11:30,2025-11-14 12:15,2025-11-14 11:15,2025-11-14 11:45,2025-11-14 11:30,2025-11-14 11:45,15.00,partial_overlap,Medium
2421,P056,One-on-One,Project Discussion,Break Room,Conference Room C,2025-11-16 16:15,2025-11-16 17:00,2025-11-16 16:26,2025-11-16 17:14,2025-11-16 16:26,2025-11-16 17:00,34.00,partial_overlap,Medium
2422,P056,Requirements Analysis,Client Visit,Conference Room A,Online Meeting,2025-11-17 18:00,2025-11-17 18:30,2025-11-17 18:24,2025-11-17 18:53,2025-11-17 18:24,2025-11-17 18:30,6.00,partial_overlap,Low
2423,P056,Deployment,Brainstorming,R&D Center,Demo Hall,2025-11-14 14:15,2025-11-14 15:00,2025-11-14 14:37,2025-11-14 14:53,2025-11-14 14:37,2025-11-14 14:53,16.00,containment,Medium
2424,P056,Design Review,Deployment,Client Reception,Product Showcase,2025-11-19 16:00,2025-11-19 16:30,2025-11-19 16:25,2025-11-19 16:56,2025-11-19 16:25,2025-11-19 16:30,5.00,partial_overlap,Low
2425,P056,Meeting,Deployment,Remote,Cafe,2025-11-20 15:45,2025-11-20 16:30,2025-11-20 16:14,2025-11-20 16:30,2025-11-20 16:14,2025-11-20 16:30,16.00,containment,Medium
2426,P056,Requirements Analysis,Meeting,Product Showcase,Conference Room B,2025-11-20 09:30,2025-11-20 10:00,2025-11-20 09:45,2025-11-20 10:30,2025-11-20 09:45,2025-11-20 10:00,15.00,partial_overlap,Medium
2427,P056,One-on-One,Operations Check,Training Room,Conference Room B,2025-11-23 08:45,2025-11-23 09:15,2025-11-23 09:02,2025-11-23 09:50,2025-11-23 09:02,2025-11-23 09:15,13.00,partial_overlap,Low
2428,P056,One-on-One,Testing Acceptance,Training Room,Client Reception,2025-11-23 08:45,2025-11-23 09:15,2025-11-23 09:07,2025-11-23 09:57,2025-11-23 09:07,2025-11-23 09:15,8.00,partial_overlap,Low
2429,P056,Operations Check,Requirements Analysis,Remote,Conference Room B,2025-11-20 18:30,2025-11-20 18:45,2025-11-20 18:30,2025-11-20 18:45,2025-11-20 18:30,2025-11-20 18:45,15.00,containment,Medium
2430,P056,Operations Check,Testing Acceptance,Conference Room B,Client Reception,2025-11-23 09:02,2025-11-23 09:50,2025-11-23 09:07,2025-11-23 09:57,2025-11-23 09:07,2025-11-23 09:50,43.00,partial_overlap,Medium
2431,P057,Testing Acceptance,Client Visit,Test Lab,Remote,2025-10-29 10:45,2025-10-29 12:15,2025-10-29 10:52,2025-10-29 11:37,2025-10-29 10:52,2025-10-29 11:37,45.00,containment,Medium
2432,P057,Deployment,Training,Product Showcase,Test Lab,2025-11-05 18:45,2025-11-05 20:15,2025-11-05 18:59,2025-11-05 19:58,2025-11-05 18:59,2025-11-05 19:58,59.00,containment,Medium
2433,P057,Code Review,Client Visit,Cafe,Office Area 2,2025-10-30 10:15,2025-10-30 10:45,2025-10-30 10:34,2025-10-30 11:23,2025-10-30 10:34,2025-10-30 10:45,11.00,partial_overlap,Low
2434,P057,Tech Sharing,Requirements Analysis,Conference Room B,Client Reception,2025-11-07 16:15,2025-11-07 17:15,2025-11-07 15:30,2025-11-07 16:30,2025-11-07 16:15,2025-11-07 16:30,15.00,partial_overlap,Medium
2435,P057,One-on-One,Design Review,Conference Room B,Test Lab,2025-11-04 12:45,2025-11-04 13:30,2025-11-04 12:58,2025-11-04 13:30,2025-11-04 12:58,2025-11-04 13:30,32.00,containment,Medium
2436,P057,Design Review,Training,Product Showcase,Demo Hall,2025-11-09 14:30,2025-11-09 15:30,2025-11-09 14:45,2025-11-09 15:45,2025-11-09 14:45,2025-11-09 15:30,45.00,partial_overlap,Medium
2437,P057,Design Review,Team Building,Product Showcase,Break Room,2025-11-09 14:30,2025-11-09 15:30,2025-11-09 14:57,2025-11-09 15:41,2025-11-09 14:57,2025-11-09 15:30,33.00,partial_overlap,Medium
2438,P057,Training,Training,Remote,Conference Room A,2025-11-08 16:45,2025-11-08 17:45,2025-11-08 17:30,2025-11-08 18:30,2025-11-08 17:30,2025-11-08 17:45,15.00,partial_overlap,Medium
2439,P057,Training,Product Demo,Conference Room A,Cafe,2025-11-08 17:30,2025-11-08 18:30,2025-11-08 18:00,2025-11-08 18:30,2025-11-08 18:00,2025-11-08 18:30,30.00,containment,Medium
2440,P057,Tech Sharing,Product Demo,Demo Hall,Cafe,2025-11-11 11:15,2025-11-11 12:00,2025-11-11 11:42,2025-11-11 12:28,2025-11-11 11:42,2025-11-11 12:00,18.00,partial_overlap,Medium
2441,P057,Brainstorming,Tech Sharing,R&D Center,R&D Center,2025-11-06 13:45,2025-11-06 14:45,2025-11-06 13:45,2025-11-06 14:15,2025-11-06 13:45,2025-11-06 14:15,30.00,containment,Medium
2442,P057,Project Discussion,Training,Cafe,Conference Room B,2025-11-08 10:30,2025-11-08 11:30,2025-11-08 10:30,2025-11-08 11:30,2025-11-08 10:30,2025-11-08 11:30,60.00,containment,High
2443,P057,One-on-One,Deployment,Conference Room B,Client Reception,2025-11-09 14:00,2025-11-09 14:30,2025-11-09 14:05,2025-11-09 14:29,2025-11-09 14:05,2025-11-09 14:29,24.00,containment,Medium
2444,P057,Product Demo,Training,Test Lab,Client Reception,2025-11-14 16:45,2025-11-14 17:45,2025-11-14 17:30,2025-11-14 18:15,2025-11-14 17:30,2025-11-14 17:45,15.00,partial_overlap,Medium
2445,P057,Tech Sharing,Deployment,Conference Room A,Product Showcase,2025-11-11 18:00,2025-11-11 18:45,2025-11-11 18:07,2025-11-11 19:02,2025-11-11 18:07,2025-11-11 18:45,38.00,partial_overlap,Medium
2446,P057,Training,Team Building,Demo Hall,Break Room,2025-11-09 14:45,2025-11-09 15:45,2025-11-09 14:57,2025-11-09 15:41,2025-11-09 14:57,2025-11-09 15:41,44.00,containment,Medium
2447,P057,One-on-One,Testing Acceptance,Conference Room B,Client Reception,2025-11-15 17:00,2025-11-15 18:00,2025-11-15 16:45,2025-11-15 17:30,2025-11-15 17:00,2025-11-15 17:30,30.00,partial_overlap,Medium
2448,P057,Product Demo,Design Review,Cafe,Test Lab,2025-11-11 11:42,2025-11-11 12:28,2025-11-11 12:05,2025-11-11 12:24,2025-11-11 12:05,2025-11-11 12:24,19.00,containment,Medium
2449,P057,Meeting,Operations Check,Cafe,Demo Hall,2025-11-15 10:45,2025-11-15 11:00,2025-11-15 10:30,2025-11-15 11:15,2025-11-15 10:45,2025-11-15 11:00,15.00,containment,Medium
2450,P057,Design Review,Deployment,Product Showcase,Product Showcase,2025-11-14 16:15,2025-11-14 16:30,2025-11-14 16:20,2025-11-14 16:43,2025-11-14 16:20,2025-11-14 16:30,10.00,partial_overlap,Low
2451,P057,Meeting,Design Review,Client Reception,Office Area 1,2025-11-18 14:30,2025-11-18 15:15,2025-11-18 14:30,2025-11-18 14:45,2025-11-18 14:30,2025-11-18 14:45,15.00,containment,Medium
2452,P057,Meeting,Testing Acceptance,Client Reception,Online Meeting,2025-11-18 14:30,2025-11-18 15:15,2025-11-18 14:39,2025-11-18 15:21,2025-11-18 14:39,2025-11-18 15:15,36.00,partial_overlap,Medium
2453,P057,Meeting,Team Building,Client Reception,Training Room,2025-11-18 14:30,2025-11-18 15:15,2025-11-18 14:36,2025-11-18 15:34,2025-11-18 14:36,2025-11-18 15:15,39.00,partial_overlap,Medium
2454,P057,One-on-One,Training,Office Area 1,Conference Room B,2025-11-14 11:45,2025-11-14 12:00,2025-11-14 11:09,2025-11-14 12:05,2025-11-14 11:45,2025-11-14 12:00,15.00,containment,Medium
2455,P057,Deployment,Project Discussion,Training Room,Conference Room C,2025-11-18 11:15,2025-11-18 11:30,2025-11-18 11:15,2025-11-18 11:45,2025-11-18 11:15,2025-11-18 11:30,15.00,containment,Medium
2456,P057,Team Building,Training,Conference Room A,Conference Room B,2025-11-14 11:00,2025-11-14 11:30,2025-11-14 11:09,2025-11-14 12:05,2025-11-14 11:09,2025-11-14 11:30,21.00,partial_overlap,Medium
2457,P057,Design Review,Testing Acceptance,Office Area 1,Online Meeting,2025-11-18 14:30,2025-11-18 14:45,2025-11-18 14:39,2025-11-18 15:21,2025-11-18 14:39,2025-11-18 14:45,6.00,partial_overlap,Low
2458,P057,Design Review,Team Building,Office Area 1,Training Room,2025-11-18 14:30,2025-11-18 14:45,2025-11-18 14:36,2025-11-18 15:34,2025-11-18 14:36,2025-11-18 14:45,9.00,partial_overlap,Low
2459,P057,Operations Check,Requirements Analysis,Demo Hall,Online Meeting,2025-11-22 14:00,2025-11-22 14:15,2025-11-22 14:10,2025-11-22 15:00,2025-11-22 14:10,2025-11-22 14:15,5.00,partial_overlap,Low
2460,P057,Testing Acceptance,Team Building,Online Meeting,Training Room,2025-11-18 14:39,2025-11-18 15:21,2025-11-18 14:36,2025-11-18 15:34,2025-11-18 14:39,2025-11-18 15:21,42.00,containment,Medium
2461,P058,Design Review,Design Review,Office Area 2,Training Room,2025-11-03 10:45,2025-11-03 12:15,2025-11-03 11:15,2025-11-03 11:45,2025-11-03 11:15,2025-11-03 11:45,30.00,containment,Medium
2462,P058,Requirements Analysis,Project Discussion,Cafe,Remote,2025-11-04 08:15,2025-11-04 08:45,2025-11-04 08:15,2025-11-04 08:45,2025-11-04 08:15,2025-11-04 08:45,30.00,containment,Medium
2463,P058,Deployment,Testing Acceptance,Product Showcase,Training Room,2025-11-11 17:45,2025-11-11 18:15,2025-11-11 17:15,2025-11-11 18:00,2025-11-11 17:45,2025-11-11 18:00,15.00,partial_overlap,Medium
2464,P058,Deployment,Code Review,Product Showcase,R&D Center,2025-11-11 17:45,2025-11-11 18:15,2025-11-11 17:51,2025-11-11 18:46,2025-11-11 17:51,2025-11-11 18:15,24.00,partial_overlap,Medium
2465,P058,Deployment,One-on-One,Product Showcase,Conference Room B,2025-11-09 09:15,2025-11-09 10:00,2025-11-09 09:45,2025-11-09 10:30,2025-11-09 09:45,2025-11-09 10:00,15.00,partial_overlap,Medium
2466,P058,Testing Acceptance,Code Review,Training Room,R&D Center,2025-11-11 17:15,2025-11-11 18:00,2025-11-11 17:51,2025-11-11 18:46,2025-11-11 17:51,2025-11-11 18:00,9.00,partial_overlap,Low
2467,P058,Testing Acceptance,Deployment,Training Room,Client Reception,2025-11-14 12:15,2025-11-14 13:00,2025-11-14 12:15,2025-11-14 12:45,2025-11-14 12:15,2025-11-14 12:45,30.00,containment,Medium
2468,P058,Testing Acceptance,Tech Sharing,Training Room,Remote,2025-11-14 12:15,2025-11-14 13:00,2025-11-14 12:36,2025-11-14 13:02,2025-11-14 12:36,2025-11-14 13:00,24.00,partial_overlap,Medium
2469,P058,Deployment,Client Visit,Training Room,Cafe,2025-11-15 18:45,2025-11-15 19:30,2025-11-15 18:00,2025-11-15 19:00,2025-11-15 18:45,2025-11-15 19:00,15.00,partial_overlap,Medium
2470,P058,Brainstorming,Client Visit,Online Meeting,Conference Room C,2025-11-15 15:45,2025-11-15 16:45,2025-11-15 16:15,2025-11-15 17:00,2025-11-15 16:15,2025-11-15 16:45,30.00,partial_overlap,Medium
2471,P058,Client Visit,Design Review,Cafe,Cafe,2025-11-15 18:00,2025-11-15 19:00,2025-11-15 17:45,2025-11-15 18:30,2025-11-15 18:00,2025-11-15 18:30,30.00,partial_overlap,Medium
2472,P058,Client Visit,Product Demo,Cafe,Training Room,2025-11-15 18:00,2025-11-15 19:00,2025-11-15 18:11,2025-11-15 18:28,2025-11-15 18:11,2025-11-15 18:28,17.00,containment,Medium
2473,P058,Operations Check,Training,Office Area 1,Conference Room B,2025-11-13 15:15,2025-11-13 15:45,2025-11-13 15:15,2025-11-13 16:00,2025-11-13 15:15,2025-11-13 15:45,30.00,containment,Medium
2474,P058,Operations Check,Requirements Analysis,Office Area 1,R&D Center,2025-11-13 15:15,2025-11-13 15:45,2025-11-13 15:39,2025-11-13 16:21,2025-11-13 15:39,2025-11-13 15:45,6.00,partial_overlap,Low
2475,P058,Team Building,Brainstorming,Remote,Conference Room B,2025-11-17 09:45,2025-11-17 10:45,2025-11-17 10:00,2025-11-17 10:30,2025-11-17 10:00,2025-11-17 10:30,30.00,containment,Medium
2476,P058,Team Building,Product Demo,Remote,Remote,2025-11-17 09:45,2025-11-17 10:45,2025-11-17 10:21,2025-11-17 11:11,2025-11-17 10:21,2025-11-17 10:45,24.00,partial_overlap,Medium
2477,P058,Deployment,Tech Sharing,Client Reception,Remote,2025-11-14 12:15,2025-11-14 12:45,2025-11-14 12:36,2025-11-14 13:02,2025-11-14 12:36,2025-11-14 12:45,9.00,partial_overlap,Low
2478,P058,Training,Requirements Analysis,Conference Room B,R&D Center,2025-11-13 15:15,2025-11-13 16:00,2025-11-13 15:39,2025-11-13 16:21,2025-11-13 15:39,2025-11-13 16:00,21.00,partial_overlap,Medium
2479,P058,Deployment,Team Building,Break Room,Product Showcase,2025-11-18 14:30,2025-11-18 15:15,2025-11-18 14:00,2025-11-18 14:45,2025-11-18 14:30,2025-11-18 14:45,15.00,partial_overlap,Medium
2480,P058,Tech Sharing,Requirements Analysis,Break Room,Test Lab,2025-11-13 08:45,2025-11-13 09:15,2025-11-13 09:11,2025-11-13 09:34,2025-11-13 09:11,2025-11-13 09:15,4.00,partial_overlap,Low
2481,P058,Design Review,Product Demo,Cafe,Training Room,2025-11-15 17:45,2025-11-15 18:30,2025-11-15 18:11,2025-11-15 18:28,2025-11-15 18:11,2025-11-15 18:28,17.00,containment,Medium
2482,P058,Brainstorming,Product Demo,Conference Room B,Remote,2025-11-17 10:00,2025-11-17 10:30,2025-11-17 10:21,2025-11-17 11:11,2025-11-17 10:21,2025-11-17 10:30,9.00,partial_overlap,Low
2483,P058,Brainstorming,Requirements Analysis,Office Area 1,Demo Hall,2025-11-18 12:30,2025-11-18 12:45,2025-11-18 12:15,2025-11-18 13:00,2025-11-18 12:30,2025-11-18 12:45,15.00,containment,Medium
2484,P058,Requirements Analysis,Code Review,Test Lab,Product Showcase,2025-11-21 11:45,2025-11-21 12:15,2025-11-21 11:15,2025-11-21 12:00,2025-11-21 11:45,2025-11-21 12:00,15.00,partial_overlap,Medium
2485,P058,Operations Check,Meeting,Conference Room B,Product Showcase,2025-11-22 15:45,2025-11-22 16:30,2025-11-22 15:54,2025-11-22 16:15,2025-11-22 15:54,2025-11-22 16:15,21.00,containment,Medium
2486,P058,Code Review,Meeting,Product Showcase,Client Reception,2025-11-21 11:15,2025-11-21 12:00,2025-11-21 11:15,2025-11-21 11:45,2025-11-21 11:15,2025-11-21 11:45,30.00,containment,Medium
2487,P058,Training,Team Building,Office Area 1,Conference Room C,2025-11-24 10:30,2025-11-24 11:00,2025-11-24 10:57,2025-11-24 11:21,2025-11-24 10:57,2025-11-24 11:00,3.00,partial_overlap,Low
2488,P058,Client Visit,Testing Acceptance,Conference Room B,Break Room,2025-11-19 14:45,2025-11-19 15:00,2025-11-19 14:45,2025-11-19 15:00,2025-11-19 14:45,2025-11-19 15:00,15.00,containment,Medium
2489,P058,Tech Sharing,Team Building,Online Meeting,Training Room,2025-11-24 16:45,2025-11-24 17:15,2025-11-24 16:50,2025-11-24 17:07,2025-11-24 16:50,2025-11-24 17:07,17.00,containment,Medium
2490,P058,Meeting,Brainstorming,Cafe,Demo Hall,2025-11-19 15:30,2025-11-19 15:45,2025-11-19 15:00,2025-11-19 15:33,2025-11-19 15:30,2025-11-19 15:33,3.00,partial_overlap,Low
2491,P058,Meeting,Team Building,Cafe,Office Area 2,2025-11-23 14:45,2025-11-23 15:30,2025-11-23 15:09,2025-11-23 15:53,2025-11-23 15:09,2025-11-23 15:30,21.00,partial_overlap,Medium
2492,P059,Training,Brainstorming,Cafe,Office Area 1,2025-11-02 12:15,2025-11-02 13:15,2025-11-02 12:00,2025-11-02 12:45,2025-11-02 12:15,2025-11-02 12:45,30.00,partial_overlap,Medium
2493,P059,Testing Acceptance,Requirements Analysis,Office Area 2,R&D Center,2025-10-31 09:30,2025-10-31 10:30,2025-10-31 09:54,2025-10-31 10:45,2025-10-31 09:54,2025-10-31 10:30,36.00,partial_overlap,Medium
2494,P059,Client Visit,Project Discussion,Cafe,Conference Room C,2025-11-08 13:15,2025-11-08 14:00,2025-11-08 13:45,2025-11-08 14:15,2025-11-08 13:45,2025-11-08 14:00,15.00,partial_overlap,Medium
2495,P059,Code Review,Meeting,Product Showcase,Break Room,2025-11-04 13:15,2025-11-04 13:45,2025-11-04 13:34,2025-11-04 14:04,2025-11-04 13:34,2025-11-04 13:45,11.00,partial_overlap,Low
2496,P059,Team Building,Deployment,Conference Room B,Online Meeting,2025-11-12 15:45,2025-11-12 16:30,2025-11-12 16:00,2025-11-12 17:00,2025-11-12 16:00,2025-11-12 16:30,30.00,partial_overlap,Medium
2497,P059,Team Building,Meeting,Conference Room B,Conference Room A,2025-11-12 15:45,2025-11-12 16:30,2025-11-12 15:58,2025-11-12 16:15,2025-11-12 15:58,2025-11-12 16:15,17.00,containment,Medium
2498,P059,Team Building,Team Building,Conference Room B,Office Area 1,2025-11-12 15:45,2025-11-12 16:30,2025-11-12 16:14,2025-11-12 17:05,2025-11-12 16:14,2025-11-12 16:30,16.00,partial_overlap,Medium
2499,P059,Meeting,Operations Check,Office Area 1,Test Lab,2025-11-14 10:00,2025-11-14 10:45,2025-11-14 09:30,2025-11-14 10:15,2025-11-14 10:00,2025-11-14 10:15,15.00,partial_overlap,Medium
2500,P059,Meeting,Team Building,Office Area 1,Demo Hall,2025-11-14 10:00,2025-11-14 10:45,2025-11-14 10:00,2025-11-14 11:00,2025-11-14 10:00,2025-11-14 10:45,45.00,containment,Medium
2501,P059,Meeting,Deployment,Office Area 1,Office Area 2,2025-11-14 10:00,2025-11-14 10:45,2025-11-14 10:26,2025-11-14 10:55,2025-11-14 10:26,2025-11-14 10:45,19.00,partial_overlap,Medium
2502,P059,Operations Check,Team Building,Test Lab,Demo Hall,2025-11-14 09:30,2025-11-14 10:15,2025-11-14 10:00,2025-11-14 11:00,2025-11-14 10:00,2025-11-14 10:15,15.00,partial_overlap,Medium
2503,P059,Team Building,Deployment,Demo Hall,Office Area 2,2025-11-14 10:00,2025-11-14 11:00,2025-11-14 10:26,2025-11-14 10:55,2025-11-14 10:26,2025-11-14 10:55,29.00,containment,Medium
2504,P059,Deployment,Meeting,Online Meeting,Conference Room A,2025-11-12 16:00,2025-11-12 17:00,2025-11-12 15:58,2025-11-12 16:15,2025-11-12 16:00,2025-11-12 16:15,15.00,partial_overlap,Medium
2505,P059,Deployment,Team Building,Online Meeting,Office Area 1,2025-11-12 16:00,2025-11-12 17:00,2025-11-12 16:14,2025-11-12 17:05,2025-11-12 16:14,2025-11-12 17:00,46.00,partial_overlap,Medium
2506,P059,Product Demo,Meeting,Remote,Break Room,2025-11-13 12:30,2025-11-13 13:15,2025-11-13 12:30,2025-11-13 13:30,2025-11-13 12:30,2025-11-13 13:15,45.00,containment,Medium
2507,P059,Product Demo,Code Review,Remote,Remote,2025-11-13 12:30,2025-11-13 13:15,2025-11-13 12:52,2025-11-13 13:26,2025-11-13 12:52,2025-11-13 13:15,23.00,partial_overlap,Medium
2508,P059,Training,Requirements Analysis,Cafe,Cafe,2025-11-13 10:30,2025-11-13 11:30,2025-11-13 10:15,2025-11-13 11:00,2025-11-13 10:30,2025-11-13 11:00,30.00,partial_overlap,Medium
2509,P059,Meeting,Code Review,Break Room,Remote,2025-11-13 12:30,2025-11-13 13:30,2025-11-13 12:52,2025-11-13 13:26,2025-11-13 12:52,2025-11-13 13:26,34.00,containment,Medium
2510,P059,Meeting,Team Building,Conference Room A,Office Area 1,2025-11-12 15:58,2025-11-12 16:15,2025-11-12 16:14,2025-11-12 17:05,2025-11-12 16:14,2025-11-12 16:15,1.00,partial_overlap,Low
2511,P059,Team Building,Tech Sharing,Remote,Online Meeting,2025-11-15 17:30,2025-11-15 17:45,2025-11-15 17:30,2025-11-15 18:00,2025-11-15 17:30,2025-11-15 17:45,15.00,containment,Medium
2512,P059,Brainstorming,Design Review,Conference Room A,Conference Room A,2025-11-15 18:00,2025-11-15 18:30,2025-11-15 17:46,2025-11-15 18:17,2025-11-15 18:00,2025-11-15 18:17,17.00,partial_overlap,Medium
2513,P059,Brainstorming,Requirements Analysis,Conference Room A,Client Reception,2025-11-15 18:00,2025-11-15 18:30,2025-11-15 17:47,2025-11-15 18:21,2025-11-15 18:00,2025-11-15 18:21,21.00,partial_overlap,Medium
2514,P059,Deployment,Project Discussion,Conference Room C,Demo Hall,2025-11-19 16:45,2025-11-19 17:15,2025-11-19 16:45,2025-11-19 17:30,2025-11-19 16:45,2025-11-19 17:15,30.00,containment,Medium
2515,P059,Testing Acceptance,Project Discussion,Conference Room C,Office Area 2,2025-11-15 08:15,2025-11-15 08:45,2025-11-15 08:30,2025-11-15 09:00,2025-11-15 08:30,2025-11-15 08:45,15.00,partial_overlap,Medium
2516,P059,Tech Sharing,Design Review,Online Meeting,Conference Room A,2025-11-15 17:30,2025-11-15 18:00,2025-11-15 17:46,2025-11-15 18:17,2025-11-15 17:46,2025-11-15 18:00,14.00,partial_overlap,Low
2517,P059,Tech Sharing,Requirements Analysis,Online Meeting,Client Reception,2025-11-15 17:30,2025-11-15 18:00,2025-11-15 17:47,2025-11-15 18:21,2025-11-15 17:47,2025-11-15 18:00,13.00,partial_overlap,Low
2518,P059,Team Building,Code Review,Training Room,Conference Room B,2025-11-15 09:30,2025-11-15 09:45,2025-11-15 09:35,2025-11-15 10:21,2025-11-15 09:35,2025-11-15 09:45,10.00,partial_overlap,Low
2519,P059,Tech Sharing,Code Review,Break Room,Remote,2025-11-22 13:45,2025-11-22 14:30,2025-11-22 13:30,2025-11-22 14:15,2025-11-22 13:45,2025-11-22 14:15,30.00,partial_overlap,Medium
2520,P059,Tech Sharing,Team Building,Break Room,Office Area 2,2025-11-22 13:45,2025-11-22 14:30,2025-11-22 14:07,2025-11-22 15:07,2025-11-22 14:07,2025-11-22 14:30,23.00,partial_overlap,Medium
2521,P059,Tech Sharing,Tech Sharing,Break Room,Conference Room A,2025-11-22 13:45,2025-11-22 14:30,2025-11-22 13:54,2025-11-22 14:38,2025-11-22 13:54,2025-11-22 14:30,36.00,partial_overlap,Medium
2522,P059,Product Demo,Brainstorming,Conference Room A,Online Meeting,2025-11-21 10:45,2025-11-21 11:00,2025-11-21 10:30,2025-11-21 11:00,2025-11-21 10:45,2025-11-21 11:00,15.00,containment,Medium
2523,P059,Code Review,Team Building,Remote,Office Area 2,2025-11-22 13:30,2025-11-22 14:15,2025-11-22 14:07,2025-11-22 15:07,2025-11-22 14:07,2025-11-22 14:15,8.00,partial_overlap,Low
2524,P059,Code Review,Tech Sharing,Remote,Conference Room A,2025-11-22 13:30,2025-11-22 14:15,2025-11-22 13:54,2025-11-22 14:38,2025-11-22 13:54,2025-11-22 14:15,21.00,partial_overlap,Medium
2525,P059,Code Review,Project Discussion,Conference Room B,Conference Room B,2025-11-15 09:35,2025-11-15 10:21,2025-11-15 09:56,2025-11-15 10:56,2025-11-15 09:56,2025-11-15 10:21,25.00,partial_overlap,Medium
2526,P059,Team Building,Tech Sharing,Office Area 2,Conference Room A,2025-11-22 14:07,2025-11-22 15:07,2025-11-22 13:54,2025-11-22 14:38,2025-11-22 14:07,2025-11-22 14:38,31.00,partial_overlap,Medium
2527,P059,Design Review,Requirements Analysis,Conference Room A,Client Reception,2025-11-15 17:46,2025-11-15 18:17,2025-11-15 17:47,2025-11-15 18:21,2025-11-15 17:47,2025-11-15 18:17,30.00,partial_overlap,Medium
2528,P060,One-on-One,One-on-One,Office Area 2,Test Lab,2025-10-30 13:30,2025-10-30 14:00,2025-10-30 13:45,2025-10-30 14:15,2025-10-30 13:45,2025-10-30 14:00,15.00,partial_overlap,Medium
2529,P060,Team Building,Testing Acceptance,Cafe,Conference Room C,2025-10-27 08:15,2025-10-27 08:45,2025-10-27 08:39,2025-10-27 09:39,2025-10-27 08:39,2025-10-27 08:45,6.00,partial_overlap,Low
2530,P060,One-on-One,Requirements Analysis,Remote,Office Area 1,2025-11-04 11:15,2025-11-04 12:00,2025-11-04 11:25,2025-11-04 12:25,2025-11-04 11:25,2025-11-04 12:00,35.00,partial_overlap,Medium
2531,P060,Requirements Analysis,Team Building,Conference Room B,Product Showcase,2025-11-07 15:00,2025-11-07 16:00,2025-11-07 15:15,2025-11-07 16:03,2025-11-07 15:15,2025-11-07 16:00,45.00,partial_overlap,Medium
2532,P060,Testing Acceptance,Testing Acceptance,Training Room,Client Reception,2025-11-06 15:00,2025-11-06 15:45,2025-11-06 15:19,2025-11-06 15:47,2025-11-06 15:19,2025-11-06 15:45,26.00,partial_overlap,Medium
2533,P060,Requirements Analysis,One-on-One,Office Area 2,Break Room,2025-11-07 09:30,2025-11-07 10:30,2025-11-07 10:15,2025-11-07 10:45,2025-11-07 10:15,2025-11-07 10:30,15.00,partial_overlap,Medium
2534,P060,Requirements Analysis,Testing Acceptance,Office Area 1,R&D Center,2025-11-07 16:30,2025-11-07 17:00,2025-11-07 16:45,2025-11-07 17:30,2025-11-07 16:45,2025-11-07 17:00,15.00,partial_overlap,Medium
2535,P060,Training,One-on-One,Conference Room B,Online Meeting,2025-11-06 11:30,2025-11-06 12:15,2025-11-06 11:35,2025-11-06 12:02,2025-11-06 11:35,2025-11-06 12:02,27.00,containment,Medium
2536,P060,Testing Acceptance,Design Review,Training Room,Product Showcase,2025-11-09 08:15,2025-11-09 08:45,2025-11-09 08:00,2025-11-09 08:30,2025-11-09 08:15,2025-11-09 08:30,15.00,partial_overlap,Medium
2537,P060,Testing Acceptance,Deployment,Training Room,R&D Center,2025-11-09 08:15,2025-11-09 08:45,2025-11-09 08:08,2025-11-09 09:06,2025-11-09 08:15,2025-11-09 08:45,30.00,containment,Medium
2538,P060,Client Visit,Tech Sharing,Online Meeting,Test Lab,2025-11-06 18:45,2025-11-06 19:30,2025-11-06 18:58,2025-11-06 19:24,2025-11-06 18:58,2025-11-06 19:24,26.00,containment,Medium
2539,P060,Tech Sharing,Operations Check,Online Meeting,Training Room,2025-11-14 15:15,2025-11-14 16:15,2025-11-14 15:00,2025-11-14 15:45,2025-11-14 15:15,2025-11-14 15:45,30.00,partial_overlap,Medium
2540,P060,Deployment,Tech Sharing,Remote,Break Room,2025-11-12 15:00,2025-11-12 15:30,2025-11-12 15:10,2025-11-12 15:49,2025-11-12 15:10,2025-11-12 15:30,20.00,partial_overlap,Medium
2541,P060,Design Review,Deployment,Product Showcase,R&D Center,2025-11-09 08:00,2025-11-09 08:30,2025-11-09 08:08,2025-11-09 09:06,2025-11-09 08:08,2025-11-09 08:30,22.00,partial_overlap,Medium
2542,P060,Project Discussion,Operations Check,Office Area 1,Online Meeting,2025-11-12 13:45,2025-11-12 14:30,2025-11-12 13:15,2025-11-12 14:15,2025-11-12 13:45,2025-11-12 14:15,30.00,partial_overlap,Medium
2543,P060,Project Discussion,Team Building,Office Area 1,Client Reception,2025-11-12 13:45,2025-11-12 14:30,2025-11-12 13:23,2025-11-12 14:11,2025-11-12 13:45,2025-11-12 14:11,26.00,partial_overlap,Medium
2544,P060,Operations Check,Team Building,Online Meeting,Client Reception,2025-11-12 13:15,2025-11-12 14:15,2025-11-12 13:23,2025-11-12 14:11,2025-11-12 13:23,2025-11-12 14:11,48.00,containment,Medium
2545,P060,Code Review,Design Review,Training Room,Training Room,2025-11-14 18:45,2025-11-14 19:00,2025-11-14 18:45,2025-11-14 19:30,2025-11-14 18:45,2025-11-14 19:00,15.00,containment,Medium
2546,P060,Code Review,Training,Training Room,Test Lab,2025-11-14 18:45,2025-11-14 19:00,2025-11-14 18:52,2025-11-14 19:08,2025-11-14 18:52,2025-11-14 19:00,8.00,partial_overlap,Low
2547,P060,Design Review,Operations Check,Training Room,Cafe,2025-11-14 18:45,2025-11-14 19:30,2025-11-14 19:14,2025-11-14 20:13,2025-11-14 19:14,2025-11-14 19:30,16.00,partial_overlap,Medium
2548,P060,Design Review,Training,Training Room,Test Lab,2025-11-14 18:45,2025-11-14 19:30,2025-11-14 18:52,2025-11-14 19:08,2025-11-14 18:52,2025-11-14 19:08,16.00,containment,Medium
2549,P060,Training,Code Review,Online Meeting,Conference Room B,2025-11-13 08:15,2025-11-13 08:45,2025-11-13 08:22,2025-11-13 09:09,2025-11-13 08:22,2025-11-13 08:45,23.00,partial_overlap,Medium
2550,P060,Training,Deployment,Office Area 2,Product Showcase,2025-11-19 14:15,2025-11-19 15:00,2025-11-19 14:30,2025-11-19 15:15,2025-11-19 14:30,2025-11-19 15:00,30.00,partial_overlap,Medium
2551,P060,Training,Tech Sharing,Office Area 2,Break Room,2025-11-19 14:15,2025-11-19 15:00,2025-11-19 14:15,2025-11-19 15:00,2025-11-19 14:15,2025-11-19 15:00,45.00,containment,Medium
2552,P060,Deployment,Tech Sharing,Product Showcase,Break Room,2025-11-19 14:30,2025-11-19 15:15,2025-11-19 14:15,2025-11-19 15:00,2025-11-19 14:30,2025-11-19 15:00,30.00,partial_overlap,Medium
2553,P060,Deployment,Deployment,Conference Room C,Online Meeting,2025-11-20 14:30,2025-11-20 15:15,2025-11-20 14:59,2025-11-20 15:42,2025-11-20 14:59,2025-11-20 15:15,16.00,partial_overlap,Medium
2554,P061,Brainstorming,Code Review,Training Room,Office Area 1,2025-10-27 11:30,2025-10-27 12:30,2025-10-27 11:55,2025-10-27 12:38,2025-10-27 11:55,2025-10-27 12:30,35.00,partial_overlap,Medium
2555,P061,Design Review,Operations Check,Cafe,R&D Center,2025-10-31 17:00,2025-10-31 18:00,2025-10-31 17:07,2025-10-31 17:42,2025-10-31 17:07,2025-10-31 17:42,35.00,containment,Medium
2556,P061,Training,Design Review,Demo Hall,Conference Room B,2025-11-03 17:15,2025-11-03 18:45,2025-11-03 17:00,2025-11-03 18:30,2025-11-03 17:15,2025-11-03 18:30,75.00,partial_overlap,High
2557,P061,Training,Product Demo,Demo Hall,Remote,2025-11-03 17:15,2025-11-03 18:45,2025-11-03 17:14,2025-11-03 18:11,2025-11-03 17:15,2025-11-03 18:11,56.00,partial_overlap,Medium
2558,P061,Design Review,Product Demo,Conference Room B,Remote,2025-11-03 17:00,2025-11-03 18:30,2025-11-03 17:14,2025-11-03 18:11,2025-11-03 17:14,2025-11-03 18:11,57.00,containment,Medium
2559,P061,Client Visit,Meeting,Product Showcase,Cafe,2025-11-08 14:00,2025-11-08 14:30,2025-11-08 13:45,2025-11-08 14:30,2025-11-08 14:00,2025-11-08 14:30,30.00,containment,Medium
2560,P061,Client Visit,Project Discussion,Product Showcase,R&D Center,2025-11-08 14:00,2025-11-08 14:30,2025-11-08 13:45,2025-11-08 14:15,2025-11-08 14:00,2025-11-08 14:15,15.00,partial_overlap,Medium
2561,P061,Meeting,Project Discussion,Cafe,R&D Center,2025-11-08 13:45,2025-11-08 14:30,2025-11-08 13:45,2025-11-08 14:15,2025-11-08 13:45,2025-11-08 14:15,30.00,containment,Medium
2562,P061,Client Visit,Meeting,Product Showcase,Online Meeting,2025-11-08 11:00,2025-11-08 11:30,2025-11-08 10:30,2025-11-08 11:30,2025-11-08 11:00,2025-11-08 11:30,30.00,containment,Medium
2563,P061,Meeting,Product Demo,Remote,Conference Room B,2025-11-08 16:15,2025-11-08 17:00,2025-11-08 16:45,2025-11-08 17:30,2025-11-08 16:45,2025-11-08 17:00,15.00,partial_overlap,Medium
2564,P061,Operations Check,Operations Check,Break Room,Conference Room A,2025-11-15 11:45,2025-11-15 12:30,2025-11-15 11:45,2025-11-15 12:30,2025-11-15 11:45,2025-11-15 12:30,45.00,containment,Medium
2565,P061,Brainstorming,Product Demo,R&D Center,Cafe,2025-11-14 18:00,2025-11-14 18:30,2025-11-14 17:30,2025-11-14 18:15,2025-11-14 18:00,2025-11-14 18:15,15.00,partial_overlap,Medium
2566,P061,Brainstorming,One-on-One,R&D Center,R&D Center,2025-11-14 18:00,2025-11-14 18:30,2025-11-14 18:17,2025-11-14 18:44,2025-11-14 18:17,2025-11-14 18:30,13.00,partial_overlap,Low
2567,P061,Testing Acceptance,Deployment,Test Lab,Conference Room A,2025-11-13 08:45,2025-11-13 09:45,2025-11-13 09:13,2025-11-13 09:39,2025-11-13 09:13,2025-11-13 09:39,26.00,containment,Medium
2568,P061,Testing Acceptance,Design Review,Test Lab,Cafe,2025-11-13 08:45,2025-11-13 09:45,2025-11-13 09:28,2025-11-13 10:02,2025-11-13 09:28,2025-11-13 09:45,17.00,partial_overlap,Medium
2569,P061,Product Demo,Meeting,Test Lab,Online Meeting,2025-11-17 18:30,2025-11-17 19:30,2025-11-17 18:30,2025-11-17 19:00,2025-11-17 18:30,2025-11-17 19:00,30.00,containment,Medium
2570,P061,Deployment,Design Review,Conference Room A,Cafe,2025-11-13 09:13,2025-11-13 09:39,2025-11-13 09:28,2025-11-13 10:02,2025-11-13 09:28,2025-11-13 09:39,11.00,partial_overlap,Low
2571,P061,Brainstorming,Requirements Analysis,Test Lab,Client Reception,2025-11-19 16:45,2025-11-19 17:15,2025-11-19 17:00,2025-11-19 17:45,2025-11-19 17:00,2025-11-19 17:15,15.00,partial_overlap,Medium
2572,P061,Brainstorming,Team Building,Test Lab,Demo Hall,2025-11-19 16:45,2025-11-19 17:15,2025-11-19 16:54,2025-11-19 17:52,2025-11-19 16:54,2025-11-19 17:15,21.00,partial_overlap,Medium
2573,P061,Tech Sharing,One-on-One,Conference Room A,Conference Room A,2025-11-19 17:45,2025-11-19 18:00,2025-11-19 17:30,2025-11-19 18:00,2025-11-19 17:45,2025-11-19 18:00,15.00,containment,Medium
2574,P061,Tech Sharing,Design Review,Conference Room A,Training Room,2025-11-19 17:45,2025-11-19 18:00,2025-11-19 17:30,2025-11-19 18:15,2025-11-19 17:45,2025-11-19 18:00,15.00,containment,Medium
2575,P061,Tech Sharing,Team Building,Conference Room A,Demo Hall,2025-11-19 17:45,2025-11-19 18:00,2025-11-19 16:54,2025-11-19 17:52,2025-11-19 17:45,2025-11-19 17:52,7.00,partial_overlap,Low
2576,P061,One-on-One,Design Review,Conference Room A,Training Room,2025-11-19 17:30,2025-11-19 18:00,2025-11-19 17:30,2025-11-19 18:15,2025-11-19 17:30,2025-11-19 18:00,30.00,containment,Medium
2577,P061,One-on-One,Requirements Analysis,Conference Room A,Client Reception,2025-11-19 17:30,2025-11-19 18:00,2025-11-19 17:00,2025-11-19 17:45,2025-11-19 17:30,2025-11-19 17:45,15.00,partial_overlap,Medium
2578,P061,One-on-One,Team Building,Conference Room A,Demo Hall,2025-11-19 17:30,2025-11-19 18:00,2025-11-19 16:54,2025-11-19 17:52,2025-11-19 17:30,2025-11-19 17:52,22.00,partial_overlap,Medium
2579,P061,Product Demo,Code Review,Break Room,Conference Room B,2025-11-17 13:30,2025-11-17 14:15,2025-11-17 13:00,2025-11-17 13:45,2025-11-17 13:30,2025-11-17 13:45,15.00,partial_overlap,Medium
2580,P061,Product Demo,Product Demo,Break Room,Conference Room B,2025-11-17 13:30,2025-11-17 14:15,2025-11-17 13:42,2025-11-17 14:32,2025-11-17 13:42,2025-11-17 14:15,33.00,partial_overlap,Medium
2581,P061,Code Review,One-on-One,Remote,Break Room,2025-11-20 15:45,2025-11-20 16:15,2025-11-20 15:30,2025-11-20 16:15,2025-11-20 15:45,2025-11-20 16:15,30.00,containment,Medium
2582,P061,Code Review,Product Demo,Conference Room B,Conference Room B,2025-11-17 13:00,2025-11-17 13:45,2025-11-17 13:42,2025-11-17 14:32,2025-11-17 13:42,2025-11-17 13:45,3.00,partial_overlap,Low
2583,P061,Product Demo,Training,Conference Room A,Demo Hall,2025-11-18 16:30,2025-11-18 17:15,2025-11-18 16:45,2025-11-18 17:15,2025-11-18 16:45,2025-11-18 17:15,30.00,containment,Medium
2584,P061,Training,Meeting,Break Room,Office Area 2,2025-11-16 14:30,2025-11-16 15:15,2025-11-16 15:00,2025-11-16 15:45,2025-11-16 15:00,2025-11-16 15:15,15.00,partial_overlap,Medium
2585,P061,Design Review,Requirements Analysis,Training Room,Client Reception,2025-11-19 17:30,2025-11-19 18:15,2025-11-19 17:00,2025-11-19 17:45,2025-11-19 17:30,2025-11-19 17:45,15.00,partial_overlap,Medium
2586,P061,Design Review,Team Building,Training Room,Demo Hall,2025-11-19 17:30,2025-11-19 18:15,2025-11-19 16:54,2025-11-19 17:52,2025-11-19 17:30,2025-11-19 17:52,22.00,partial_overlap,Medium
2587,P061,Training,Product Demo,Office Area 2,Conference Room B,2025-11-17 14:30,2025-11-17 15:00,2025-11-17 13:42,2025-11-17 14:32,2025-11-17 14:30,2025-11-17 14:32,2.00,partial_overlap,Low
2588,P061,Requirements Analysis,Code Review,Office Area 1,Online Meeting,2025-11-20 17:45,2025-11-20 18:15,2025-11-20 17:52,2025-11-20 18:30,2025-11-20 17:52,2025-11-20 18:15,23.00,partial_overlap,Medium
2589,P061,One-on-One,Design Review,Office Area 2,R&D Center,2025-11-22 18:30,2025-11-22 19:00,2025-11-22 18:39,2025-11-22 19:00,2025-11-22 18:39,2025-11-22 19:00,21.00,containment,Medium
2590,P061,Tech Sharing,Operations Check,Online Meeting,Online Meeting,2025-11-18 11:00,2025-11-18 11:30,2025-11-18 11:11,2025-11-18 12:00,2025-11-18 11:11,2025-11-18 11:30,19.00,partial_overlap,Medium
2591,P061,Meeting,Training,Remote,Conference Room B,2025-11-24 14:45,2025-11-24 15:15,2025-11-24 15:13,2025-11-24 15:30,2025-11-24 15:13,2025-11-24 15:15,2.00,partial_overlap,Low
2592,P061,Requirements Analysis,Team Building,Client Reception,Demo Hall,2025-11-19 17:00,2025-11-19 17:45,2025-11-19 16:54,2025-11-19 17:52,2025-11-19 17:00,2025-11-19 17:45,45.00,containment,Medium
2593,P061,Project Discussion,Tech Sharing,R&D Center,Training Room,2025-11-20 12:15,2025-11-20 13:00,2025-11-20 12:26,2025-11-20 12:46,2025-11-20 12:26,2025-11-20 12:46,20.00,containment,Medium
2594,P061,Code Review,Code Review,Online Meeting,Remote,2025-11-20 17:52,2025-11-20 18:30,2025-11-20 18:22,2025-11-20 19:03,2025-11-20 18:22,2025-11-20 18:30,8.00,partial_overlap,Low
2595,P062,Tech Sharing,Requirements Analysis,Remote,Product Showcase,2025-11-01 08:00,2025-11-01 08:30,2025-11-01 08:15,2025-11-01 09:45,2025-11-01 08:15,2025-11-01 08:30,15.00,partial_overlap,Medium
2596,P062,Team Building,Project Discussion,Conference Room B,Conference Room B,2025-11-04 08:30,2025-11-04 10:00,2025-11-04 09:30,2025-11-04 10:30,2025-11-04 09:30,2025-11-04 10:00,30.00,partial_overlap,Medium
2597,P062,Tech Sharing,Requirements Analysis,Conference Room A,Conference Room A,2025-10-30 12:15,2025-10-30 12:45,2025-10-30 12:35,2025-10-30 13:05,2025-10-30 12:35,2025-10-30 12:45,10.00,partial_overlap,Low
2598,P062,Tech Sharing,Operations Check,Office Area 1,R&D Center,2025-11-04 15:15,2025-11-04 16:15,2025-11-04 16:00,2025-11-04 16:45,2025-11-04 16:00,2025-11-04 16:15,15.00,partial_overlap,Medium
2599,P062,Deployment,Testing Acceptance,Test Lab,Product Showcase,2025-11-11 16:00,2025-11-11 17:00,2025-11-11 15:15,2025-11-11 16:15,2025-11-11 16:00,2025-11-11 16:15,15.00,partial_overlap,Medium
2600,P062,Project Discussion,Deployment,Product Showcase,Conference Room C,2025-11-08 13:30,2025-11-08 14:00,2025-11-08 13:45,2025-11-08 14:30,2025-11-08 13:45,2025-11-08 14:00,15.00,partial_overlap,Medium
2601,P062,Project Discussion,Meeting,Product Showcase,Remote,2025-11-10 10:30,2025-11-10 11:15,2025-11-10 10:45,2025-11-10 11:30,2025-11-10 10:45,2025-11-10 11:15,30.00,partial_overlap,Medium
2602,P062,Project Discussion,Code Review,Product Showcase,Office Area 1,2025-11-10 10:30,2025-11-10 11:15,2025-11-10 11:11,2025-11-10 12:09,2025-11-10 11:11,2025-11-10 11:15,4.00,partial_overlap,Low
2603,P062,Brainstorming,Deployment,Product Showcase,Conference Room C,2025-11-08 14:00,2025-11-08 14:30,2025-11-08 13:45,2025-11-08 14:30,2025-11-08 14:00,2025-11-08 14:30,30.00,containment,Medium
2604,P062,Product Demo,Design Review,Test Lab,Client Reception,2025-11-10 08:30,2025-11-10 09:30,2025-11-10 08:45,2025-11-10 09:15,2025-11-10 08:45,2025-11-10 09:15,30.00,containment,Medium
2605,P062,Meeting,Code Review,Remote,Office Area 1,2025-11-10 10:45,2025-11-10 11:30,2025-11-10 11:11,2025-11-10 12:09,2025-11-10 11:11,2025-11-10 11:30,19.00,partial_overlap,Medium
2606,P062,Product Demo,Testing Acceptance,Cafe,Remote,2025-11-17 15:45,2025-11-17 16:15,2025-11-17 16:00,2025-11-17 16:45,2025-11-17 16:00,2025-11-17 16:15,15.00,partial_overlap,Medium
2607,P062,Product Demo,Brainstorming,Cafe,Break Room,2025-11-17 15:45,2025-11-17 16:15,2025-11-17 16:00,2025-11-17 16:30,2025-11-17 16:00,2025-11-17 16:15,15.00,partial_overlap,Medium
2608,P062,Operations Check,Training,Conference Room C,Conference Room A,2025-11-18 12:30,2025-11-18 13:15,2025-11-18 13:00,2025-11-18 13:45,2025-11-18 13:00,2025-11-18 13:15,15.00,partial_overlap,Medium
2609,P062,Operations Check,One-on-One,Conference Room C,Conference Room B,2025-11-18 12:30,2025-11-18 13:15,2025-11-18 12:40,2025-11-18 12:58,2025-11-18 12:40,2025-11-18 12:58,18.00,containment,Medium
2610,P062,Testing Acceptance,Requirements Analysis,Cafe,R&D Center,2025-11-19 17:45,2025-11-19 18:30,2025-11-19 17:45,2025-11-19 18:30,2025-11-19 17:45,2025-11-19 18:30,45.00,containment,Medium
2611,P062,Testing Acceptance,Testing Acceptance,Cafe,Conference Room B,2025-11-19 17:45,2025-11-19 18:30,2025-11-19 17:53,2025-11-19 18:35,2025-11-19 17:53,2025-11-19 18:30,37.00,partial_overlap,Medium
2612,P062,Testing Acceptance,Project Discussion,Cafe,Cafe,2025-11-19 17:45,2025-11-19 18:30,2025-11-19 18:05,2025-11-19 18:46,2025-11-19 18:05,2025-11-19 18:30,25.00,partial_overlap,Medium
2613,P062,Operations Check,Code Review,Office Area 2,Break Room,2025-11-14 15:00,2025-11-14 15:45,2025-11-14 15:10,2025-11-14 16:00,2025-11-14 15:10,2025-11-14 15:45,35.00,partial_overlap,Medium
2614,P062,Testing Acceptance,Brainstorming,Remote,Break Room,2025-11-17 16:00,2025-11-17 16:45,2025-11-17 16:00,2025-11-17 16:30,2025-11-17 16:00,2025-11-17 16:30,30.00,containment,Medium
2615,P062,Operations Check,One-on-One,Cafe,Conference Room C,2025-11-22 13:15,2025-11-22 14:00,2025-11-22 13:15,2025-11-22 13:30,2025-11-22 13:15,2025-11-22 13:30,15.00,containment,Medium
2616,P062,One-on-One,Requirements Analysis,Online Meeting,Office Area 2,2025-11-21 13:30,2025-11-21 14:00,2025-11-21 13:45,2025-11-21 14:30,2025-11-21 13:45,2025-11-21 14:00,15.00,partial_overlap,Medium
2617,P062,Requirements Analysis,Code Review,Office Area 2,Online Meeting,2025-11-21 13:45,2025-11-21 14:30,2025-11-21 14:00,2025-11-21 14:30,2025-11-21 14:00,2025-11-21 14:30,30.00,containment,Medium
2618,P062,Design Review,Deployment,Demo Hall,Remote,2025-11-24 14:45,2025-11-24 15:30,2025-11-24 15:15,2025-11-24 16:00,2025-11-24 15:15,2025-11-24 15:30,15.00,partial_overlap,Medium
2619,P062,Design Review,Code Review,Demo Hall,Office Area 2,2025-11-24 14:45,2025-11-24 15:30,2025-11-24 14:50,2025-11-24 15:28,2025-11-24 14:50,2025-11-24 15:28,38.00,containment,Medium
2620,P062,Requirements Analysis,Testing Acceptance,R&D Center,Conference Room B,2025-11-19 17:45,2025-11-19 18:30,2025-11-19 17:53,2025-11-19 18:35,2025-11-19 17:53,2025-11-19 18:30,37.00,partial_overlap,Medium
2621,P062,Requirements Analysis,Project Discussion,R&D Center,Cafe,2025-11-19 17:45,2025-11-19 18:30,2025-11-19 18:05,2025-11-19 18:46,2025-11-19 18:05,2025-11-19 18:30,25.00,partial_overlap,Medium
2622,P062,Deployment,Code Review,Remote,Office Area 2,2025-11-24 15:15,2025-11-24 16:00,2025-11-24 14:50,2025-11-24 15:28,2025-11-24 15:15,2025-11-24 15:28,13.00,partial_overlap,Low
2623,P062,Testing Acceptance,Project Discussion,Conference Room B,Cafe,2025-11-19 17:53,2025-11-19 18:35,2025-11-19 18:05,2025-11-19 18:46,2025-11-19 18:05,2025-11-19 18:35,30.00,partial_overlap,Medium
2624,P063,Training,Brainstorming,Client Reception,Demo Hall,2025-11-04 13:45,2025-11-04 14:45,2025-11-04 14:00,2025-11-04 14:30,2025-11-04 14:00,2025-11-04 14:30,30.00,containment,Medium
2625,P063,Training,Testing Acceptance,Client Reception,Conference Room B,2025-11-04 13:45,2025-11-04 14:45,2025-11-04 14:15,2025-11-04 14:36,2025-11-04 14:15,2025-11-04 14:36,21.00,containment,Medium
2626,P063,Brainstorming,Testing Acceptance,Demo Hall,Conference Room B,2025-11-04 14:00,2025-11-04 14:30,2025-11-04 14:15,2025-11-04 14:36,2025-11-04 14:15,2025-11-04 14:30,15.00,partial_overlap,Medium
2627,P063,Training,Requirements Analysis,Conference Room C,Remote,2025-11-11 11:45,2025-11-11 12:30,2025-11-11 11:45,2025-11-11 12:45,2025-11-11 11:45,2025-11-11 12:30,45.00,containment,Medium
2628,P063,Team Building,Testing Acceptance,R&D Center,Conference Room B,2025-11-07 12:45,2025-11-07 13:30,2025-11-07 12:54,2025-11-07 13:37,2025-11-07 12:54,2025-11-07 13:30,36.00,partial_overlap,Medium
2629,P063,Team Building,Team Building,R&D Center,Client Reception,2025-11-07 12:45,2025-11-07 13:30,2025-11-07 13:11,2025-11-07 13:27,2025-11-07 13:11,2025-11-07 13:27,16.00,containment,Medium
2630,P063,Team Building,Deployment,Office Area 2,Product Showcase,2025-11-13 10:30,2025-11-13 11:15,2025-11-13 10:45,2025-11-13 11:00,2025-11-13 10:45,2025-11-13 11:00,15.00,containment,Medium
2631,P063,Design Review,Tech Sharing,Online Meeting,Product Showcase,2025-11-10 16:45,2025-11-10 17:15,2025-11-10 17:03,2025-11-10 17:21,2025-11-10 17:03,2025-11-10 17:15,12.00,partial_overlap,Low
2632,P063,Training,Code Review,Conference Room A,Conference Room C,2025-11-13 12:15,2025-11-13 13:00,2025-11-13 12:30,2025-11-13 13:00,2025-11-13 12:30,2025-11-13 13:00,30.00,containment,Medium
2633,P063,Training,Design Review,Conference Room A,Test Lab,2025-11-13 12:15,2025-11-13 13:00,2025-11-13 12:00,2025-11-13 12:45,2025-11-13 12:15,2025-11-13 12:45,30.00,partial_overlap,Medium
2634,P063,Tech Sharing,Project Discussion,Remote,Conference Room C,2025-11-14 11:45,2025-11-14 12:30,2025-11-14 11:45,2025-11-14 12:00,2025-11-14 11:45,2025-11-14 12:00,15.00,containment,Medium
2635,P063,Code Review,Design Review,Conference Room C,Test Lab,2025-11-13 12:30,2025-11-13 13:00,2025-11-13 12:00,2025-11-13 12:45,2025-11-13 12:30,2025-11-13 12:45,15.00,partial_overlap,Medium
2636,P063,Client Visit,Client Visit,Client Reception,Break Room,2025-11-11 14:45,2025-11-11 15:45,2025-11-11 15:04,2025-11-11 15:54,2025-11-11 15:04,2025-11-11 15:45,41.00,partial_overlap,Medium
2637,P063,Testing Acceptance,Team Building,Conference Room B,Client Reception,2025-11-07 12:54,2025-11-07 13:37,2025-11-07 13:11,2025-11-07 13:27,2025-11-07 13:11,2025-11-07 13:27,16.00,containment,Medium
2638,P063,Requirements Analysis,Tech Sharing,R&D Center,Client Reception,2025-11-12 14:15,2025-11-12 14:30,2025-11-12 14:24,2025-11-12 15:05,2025-11-12 14:24,2025-11-12 14:30,6.00,partial_overlap,Low
2639,P063,Requirements Analysis,Meeting,R&D Center,Client Reception,2025-11-12 14:15,2025-11-12 14:30,2025-11-12 14:29,2025-11-12 14:45,2025-11-12 14:29,2025-11-12 14:30,1.00,partial_overlap,Low
2640,P063,Requirements Analysis,Tech Sharing,Remote,R&D Center,2025-11-21 10:15,2025-11-21 11:00,2025-11-21 10:15,2025-11-21 10:45,2025-11-21 10:15,2025-11-21 10:45,30.00,containment,Medium
2641,P063,Requirements Analysis,Client Visit,Remote,Training Room,2025-11-21 10:15,2025-11-21 11:00,2025-11-21 10:26,2025-11-21 10:52,2025-11-21 10:26,2025-11-21 10:52,26.00,containment,Medium
2642,P063,Client Visit,One-on-One,Remote,Product Showcase,2025-11-18 10:00,2025-11-18 10:15,2025-11-18 10:00,2025-11-18 10:15,2025-11-18 10:00,2025-11-18 10:15,15.00,containment,Medium
2643,P063,Tech Sharing,Client Visit,R&D Center,Training Room,2025-11-21 10:15,2025-11-21 10:45,2025-11-21 10:26,2025-11-21 10:52,2025-11-21 10:26,2025-11-21 10:45,19.00,partial_overlap,Medium
2644,P063,Product Demo,Testing Acceptance,Test Lab,R&D Center,2025-11-19 18:15,2025-11-19 19:00,2025-11-19 18:28,2025-11-19 19:03,2025-11-19 18:28,2025-11-19 19:00,32.00,partial_overlap,Medium
2645,P063,Project Discussion,Training,Test Lab,Product Showcase,2025-11-20 10:15,2025-11-20 10:45,2025-11-20 10:30,2025-11-20 10:45,2025-11-20 10:30,2025-11-20 10:45,15.00,containment,Medium
2646,P063,Project Discussion,Meeting,Remote,Conference Room B,2025-11-24 12:00,2025-11-24 12:15,2025-11-24 12:14,2025-11-24 12:30,2025-11-24 12:14,2025-11-24 12:15,1.00,partial_overlap,Low
2647,P063,Product Demo,Meeting,Conference Room A,Office Area 1,2025-11-24 18:00,2025-11-24 18:30,2025-11-24 18:22,2025-11-24 19:04,2025-11-24 18:22,2025-11-24 18:30,8.00,partial_overlap,Low
2648,P063,Code Review,Team Building,Remote,Cafe,2025-11-24 09:45,2025-11-24 10:30,2025-11-24 09:52,2025-11-24 10:09,2025-11-24 09:52,2025-11-24 10:09,17.00,containment,Medium
2649,P063,Tech Sharing,Meeting,Client Reception,Client Reception,2025-11-12 14:24,2025-11-12 15:05,2025-11-12 14:29,2025-11-12 14:45,2025-11-12 14:29,2025-11-12 14:45,16.00,containment,Medium
2650,P064,Deployment,Code Review,Product Showcase,Conference Room A,2025-11-01 13:30,2025-11-01 15:00,2025-11-01 13:48,2025-11-01 14:14,2025-11-01 13:48,2025-11-01 14:14,26.00,containment,Medium
2651,P064,Tech Sharing,Brainstorming,Office Area 1,Cafe,2025-10-31 15:00,2025-10-31 16:00,2025-10-31 15:30,2025-10-31 16:30,2025-10-31 15:30,2025-10-31 16:00,30.00,partial_overlap,Medium
2652,P064,Requirements Analysis,Tech Sharing,Conference Room B,Remote,2025-11-03 18:00,2025-11-03 19:00,2025-11-03 17:22,2025-11-03 18:05,2025-11-03 18:00,2025-11-03 18:05,5.00,partial_overlap,Low
2653,P064,Requirements Analysis,Design Review,Conference Room B,Office Area 2,2025-11-03 18:00,2025-11-03 19:00,2025-11-03 17:49,2025-11-03 18:13,2025-11-03 18:00,2025-11-03 18:13,13.00,partial_overlap,Low
2654,P064,Meeting,Meeting,Cafe,Break Room,2025-11-02 11:30,2025-11-02 12:00,2025-11-02 11:30,2025-11-02 12:30,2025-11-02 11:30,2025-11-02 12:00,30.00,containment,Medium
2655,P064,Product Demo,Tech Sharing,Training Room,Remote,2025-11-03 17:00,2025-11-03 17:45,2025-11-03 17:22,2025-11-03 18:05,2025-11-03 17:22,2025-11-03 17:45,23.00,partial_overlap,Medium
2656,P064,Tech Sharing,Design Review,Remote,Office Area 2,2025-11-03 17:22,2025-11-03 18:05,2025-11-03 17:49,2025-11-03 18:13,2025-11-03 17:49,2025-11-03 18:05,16.00,partial_overlap,Medium
2657,P064,Brainstorming,One-on-One,Conference Room B,Remote,2025-11-10 12:30,2025-11-10 13:30,2025-11-10 13:00,2025-11-10 14:00,2025-11-10 13:00,2025-11-10 13:30,30.00,partial_overlap,Medium
2658,P064,Brainstorming,One-on-One,Conference Room A,Office Area 2,2025-11-06 17:30,2025-11-06 18:00,2025-11-06 16:58,2025-11-06 17:54,2025-11-06 17:30,2025-11-06 17:54,24.00,partial_overlap,Medium
2659,P064,Testing Acceptance,Code Review,Client Reception,Conference Room A,2025-11-04 15:45,2025-11-04 16:15,2025-11-04 15:57,2025-11-04 16:50,2025-11-04 15:57,2025-11-04 16:15,18.00,partial_overlap,Medium
2660,P064,Training,Testing Acceptance,Test Lab,Training Room,2025-11-04 12:00,2025-11-04 12:30,2025-11-04 12:12,2025-11-04 13:04,2025-11-04 12:12,2025-11-04 12:30,18.00,partial_overlap,Medium
2661,P064,Team Building,One-on-One,Break Room,Training Room,2025-11-08 10:30,2025-11-08 11:30,2025-11-08 11:00,2025-11-08 11:45,2025-11-08 11:00,2025-11-08 11:30,30.00,partial_overlap,Medium
2662,P064,Product Demo,Requirements Analysis,Product Showcase,R&D Center,2025-11-08 13:45,2025-11-08 14:15,2025-11-08 13:30,2025-11-08 14:30,2025-11-08 13:45,2025-11-08 14:15,30.00,containment,Medium
2663,P064,Product Demo,Client Visit,Product Showcase,Client Reception,2025-11-08 13:45,2025-11-08 14:15,2025-11-08 14:12,2025-11-08 14:35,2025-11-08 14:12,2025-11-08 14:15,3.00,partial_overlap,Low
2664,P064,Product Demo,One-on-One,Conference Room C,Office Area 2,2025-11-06 16:30,2025-11-06 17:15,2025-11-06 16:58,2025-11-06 17:54,2025-11-06 16:58,2025-11-06 17:15,17.00,partial_overlap,Medium
2665,P064,Requirements Analysis,Client Visit,R&D Center,Client Reception,2025-11-08 13:30,2025-11-08 14:30,2025-11-08 14:12,2025-11-08 14:35,2025-11-08 14:12,2025-11-08 14:30,18.00,partial_overlap,Medium
2666,P064,Project Discussion,Deployment,Cafe,Online Meeting,2025-11-09 16:45,2025-11-09 17:30,2025-11-09 17:02,2025-11-09 17:17,2025-11-09 17:02,2025-11-09 17:17,15.00,containment,Medium
2667,P064,Code Review,Deployment,R&D Center,Demo Hall,2025-11-12 11:00,2025-11-12 11:45,2025-11-12 10:15,2025-11-12 11:15,2025-11-12 11:00,2025-11-12 11:15,15.00,partial_overlap,Medium
2668,P064,Code Review,Product Demo,Conference Room A,R&D Center,2025-11-11 18:45,2025-11-11 19:45,2025-11-11 18:53,2025-11-11 19:20,2025-11-11 18:53,2025-11-11 19:20,27.00,containment,Medium
2669,P064,Requirements Analysis,Deployment,Cafe,Conference Room C,2025-11-13 18:45,2025-11-13 19:15,2025-11-13 18:54,2025-11-13 19:30,2025-11-13 18:54,2025-11-13 19:15,21.00,partial_overlap,Medium
2670,P064,Operations Check,Testing Acceptance,Remote,Demo Hall,2025-11-17 15:45,2025-11-17 16:00,2025-11-17 15:52,2025-11-17 16:08,2025-11-17 15:52,2025-11-17 16:00,8.00,partial_overlap,Low
2671,P064,Code Review,Product Demo,Office Area 2,Conference Room B,2025-11-16 12:15,2025-11-16 13:00,2025-11-16 12:30,2025-11-16 13:15,2025-11-16 12:30,2025-11-16 13:00,30.00,partial_overlap,Medium
2672,P064,Meeting,Project Discussion,Remote,Online Meeting,2025-11-19 09:00,2025-11-19 09:30,2025-11-19 09:15,2025-11-19 09:30,2025-11-19 09:15,2025-11-19 09:30,15.00,containment,Medium
2673,P064,Project Discussion,Deployment,R&D Center,Conference Room C,2025-11-16 08:15,2025-11-16 08:30,2025-11-16 08:21,2025-11-16 09:14,2025-11-16 08:21,2025-11-16 08:30,9.00,partial_overlap,Low
2674,P064,Training,Requirements Analysis,Break Room,Break Room,2025-11-17 17:45,2025-11-17 18:00,2025-11-17 17:30,2025-11-17 18:15,2025-11-17 17:45,2025-11-17 18:00,15.00,containment,Medium
2675,P064,Training,Design Review,Remote,Online Meeting,2025-11-22 16:30,2025-11-22 17:00,2025-11-22 16:56,2025-11-22 17:17,2025-11-22 16:56,2025-11-22 17:00,4.00,partial_overlap,Low
2676,P064,Training,Code Review,Remote,Demo Hall,2025-11-22 16:30,2025-11-22 17:00,2025-11-22 16:38,2025-11-22 17:00,2025-11-22 16:38,2025-11-22 17:00,22.00,containment,Medium
2677,P064,Design Review,Product Demo,Test Lab,Conference Room B,2025-11-19 18:15,2025-11-19 19:00,2025-11-19 18:22,2025-11-19 19:20,2025-11-19 18:22,2025-11-19 19:00,38.00,partial_overlap,Medium
2678,P064,Testing Acceptance,Training,Training Room,R&D Center,2025-11-19 13:15,2025-11-19 13:45,2025-11-19 13:41,2025-11-19 14:22,2025-11-19 13:41,2025-11-19 13:45,4.00,partial_overlap,Low
2679,P064,Testing Acceptance,Team Building,Test Lab,Training Room,2025-11-21 09:00,2025-11-21 09:45,2025-11-21 09:15,2025-11-21 09:45,2025-11-21 09:15,2025-11-21 09:45,30.00,containment,Medium
2680,P064,Requirements Analysis,One-on-One,Break Room,Training Room,2025-11-17 17:30,2025-11-17 18:15,2025-11-17 17:30,2025-11-17 17:45,2025-11-17 17:30,2025-11-17 17:45,15.00,containment,Medium
2681,P064,Requirements Analysis,Brainstorming,Product Showcase,Demo Hall,2025-11-24 17:15,2025-11-24 18:00,2025-11-24 17:35,2025-11-24 18:31,2025-11-24 17:35,2025-11-24 18:00,25.00,partial_overlap,Medium
2682,P064,Design Review,Code Review,Online Meeting,Demo Hall,2025-11-22 16:56,2025-11-22 17:17,2025-11-22 16:38,2025-11-22 17:00,2025-11-22 16:56,2025-11-22 17:00,4.00,partial_overlap,Low
2683,P065,Project Discussion,Project Discussion,Conference Room A,Training Room,2025-11-04 10:30,2025-11-04 11:15,2025-11-04 10:56,2025-11-04 11:37,2025-11-04 10:56,2025-11-04 11:15,19.00,partial_overlap,Medium
2684,P065,Product Demo,Training,Conference Room C,Break Room,2025-11-04 17:15,2025-11-04 18:15,2025-11-04 17:45,2025-11-04 18:10,2025-11-04 17:45,2025-11-04 18:10,25.00,containment,Medium
2685,P065,Brainstorming,Code Review,Online Meeting,Training Room,2025-11-05 11:00,2025-11-05 11:45,2025-11-05 11:11,2025-11-05 11:29,2025-11-05 11:11,2025-11-05 11:29,18.00,containment,Medium
2686,P065,Code Review,Client Visit,Office Area 2,Office Area 1,2025-11-08 11:00,2025-11-08 11:30,2025-11-08 11:15,2025-11-08 12:15,2025-11-08 11:15,2025-11-08 11:30,15.00,partial_overlap,Medium
2687,P065,Meeting,Project Discussion,Cafe,Office Area 1,2025-11-12 15:00,2025-11-12 15:45,2025-11-12 15:30,2025-11-12 16:15,2025-11-12 15:30,2025-11-12 15:45,15.00,partial_overlap,Medium
2688,P065,Meeting,Product Demo,Cafe,Conference Room A,2025-11-12 15:00,2025-11-12 15:45,2025-11-12 15:07,2025-11-12 15:24,2025-11-12 15:07,2025-11-12 15:24,17.00,containment,Medium
2689,P065,One-on-One,Training,Conference Room A,Cafe,2025-11-09 14:30,2025-11-09 15:00,2025-11-09 14:45,2025-11-09 15:30,2025-11-09 14:45,2025-11-09 15:00,15.00,partial_overlap,Medium
2690,P065,Code Review,Deployment,Conference Room A,Break Room,2025-11-10 15:00,2025-11-10 15:45,2025-11-10 15:29,2025-11-10 16:25,2025-11-10 15:29,2025-11-10 15:45,16.00,partial_overlap,Medium
2691,P065,Requirements Analysis,Deployment,Product Showcase,R&D Center,2025-11-13 11:15,2025-11-13 11:45,2025-11-13 11:15,2025-11-13 11:30,2025-11-13 11:15,2025-11-13 11:30,15.00,containment,Medium
2692,P065,Project Discussion,Project Discussion,Client Reception,Demo Hall,2025-11-17 08:00,2025-11-17 08:30,2025-11-17 08:24,2025-11-17 08:54,2025-11-17 08:24,2025-11-17 08:30,6.00,partial_overlap,Low
2693,P065,Brainstorming,Project Discussion,Training Room,Demo Hall,2025-11-17 08:30,2025-11-17 09:15,2025-11-17 08:24,2025-11-17 08:54,2025-11-17 08:30,2025-11-17 08:54,24.00,partial_overlap,Medium
2694,P065,Training,Tech Sharing,Conference Room A,Break Room,2025-11-18 14:30,2025-11-18 14:45,2025-11-18 14:15,2025-11-18 15:00,2025-11-18 14:30,2025-11-18 14:45,15.00,containment,Medium
2695,P065,Training,Design Review,Conference Room A,Demo Hall,2025-11-18 14:30,2025-11-18 14:45,2025-11-18 14:37,2025-11-18 15:29,2025-11-18 14:37,2025-11-18 14:45,8.00,partial_overlap,Low
2696,P065,Code Review,One-on-One,Remote,Conference Room B,2025-11-19 11:15,2025-11-19 11:45,2025-11-19 11:15,2025-11-19 11:30,2025-11-19 11:15,2025-11-19 11:30,15.00,containment,Medium
2697,P065,Requirements Analysis,Requirements Analysis,Break Room,Office Area 1,2025-11-17 14:30,2025-11-17 15:00,2025-11-17 14:15,2025-11-17 15:00,2025-11-17 14:30,2025-11-17 15:00,30.00,containment,Medium
2698,P065,Meeting,Project Discussion,Office Area 1,Demo Hall,2025-11-15 11:45,2025-11-15 12:15,2025-11-15 11:45,2025-11-15 12:00,2025-11-15 11:45,2025-11-15 12:00,15.00,containment,Medium
2699,P065,Meeting,Meeting,R&D Center,Conference Room C,2025-11-20 13:00,2025-11-20 13:30,2025-11-20 12:42,2025-11-20 13:34,2025-11-20 13:00,2025-11-20 13:30,30.00,containment,Medium
2700,P065,Deployment,Testing Acceptance,Remote,Office Area 1,2025-11-20 18:00,2025-11-20 18:30,2025-11-20 18:15,2025-11-20 18:45,2025-11-20 18:15,2025-11-20 18:30,15.00,partial_overlap,Medium
2701,P065,Training,Code Review,Cafe,Conference Room C,2025-11-18 15:45,2025-11-18 16:00,2025-11-18 15:45,2025-11-18 16:00,2025-11-18 15:45,2025-11-18 16:00,15.00,containment,Medium
2702,P065,Brainstorming,Meeting,Client Reception,Conference Room C,2025-11-20 12:15,2025-11-20 13:00,2025-11-20 12:42,2025-11-20 13:34,2025-11-20 12:42,2025-11-20 13:00,18.00,partial_overlap,Medium
2703,P065,One-on-One,Product Demo,Office Area 1,Break Room,2025-11-17 10:30,2025-11-17 10:45,2025-11-17 10:30,2025-11-17 10:45,2025-11-17 10:30,2025-11-17 10:45,15.00,containment,Medium
2704,P065,Requirements Analysis,One-on-One,Cafe,Remote,2025-11-19 12:45,2025-11-19 13:15,2025-11-19 12:00,2025-11-19 12:48,2025-11-19 12:45,2025-11-19 12:48,3.00,partial_overlap,Low
2705,P065,Meeting,Deployment,Break Room,Demo Hall,2025-11-21 09:00,2025-11-21 09:15,2025-11-21 09:12,2025-11-21 09:27,2025-11-21 09:12,2025-11-21 09:15,3.00,partial_overlap,Low
2706,P065,Product Demo,Tech Sharing,Office Area 1,Client Reception,2025-11-17 18:00,2025-11-17 18:45,2025-11-17 18:30,2025-11-17 18:45,2025-11-17 18:30,2025-11-17 18:45,15.00,containment,Medium
2707,P065,Tech Sharing,Design Review,Break Room,Demo Hall,2025-11-18 14:15,2025-11-18 15:00,2025-11-18 14:37,2025-11-18 15:29,2025-11-18 14:37,2025-11-18 15:00,23.00,partial_overlap,Medium
2708,P065,Client Visit,Project Discussion,Training Room,R&D Center,2025-11-23 14:00,2025-11-23 14:45,2025-11-23 14:00,2025-11-23 14:15,2025-11-23 14:00,2025-11-23 14:15,15.00,containment,Medium
2709,P065,Testing Acceptance,Project Discussion,Office Area 1,Training Room,2025-11-20 18:15,2025-11-20 18:45,2025-11-20 18:35,2025-11-20 19:29,2025-11-20 18:35,2025-11-20 18:45,10.00,partial_overlap,Low
2710,P066,Client Visit,Operations Check,Conference Room B,Training Room,2025-10-31 08:00,2025-10-31 08:45,2025-10-31 08:00,2025-10-31 09:30,2025-10-31 08:00,2025-10-31 08:45,45.00,containment,Medium
2711,P066,Design Review,Client Visit,Test Lab,Cafe,2025-11-04 17:45,2025-11-04 19:15,2025-11-04 18:12,2025-11-04 18:32,2025-11-04 18:12,2025-11-04 18:32,20.00,containment,Medium
2712,P066,Design Review,Training,Test Lab,Client Reception,2025-11-04 17:45,2025-11-04 19:15,2025-11-04 18:30,2025-11-04 18:53,2025-11-04 18:30,2025-11-04 18:53,23.00,containment,Medium
2713,P066,Testing Acceptance,Product Demo,Client Reception,Break Room,2025-11-06 14:45,2025-11-06 15:30,2025-11-06 13:58,2025-11-06 14:46,2025-11-06 14:45,2025-11-06 14:46,1.00,partial_overlap,Low
2714,P066,Client Visit,Training,Cafe,Client Reception,2025-11-04 18:12,2025-11-04 18:32,2025-11-04 18:30,2025-11-04 18:53,2025-11-04 18:30,2025-11-04 18:32,2.00,partial_overlap,Low
2715,P066,One-on-One,Operations Check,Client Reception,Client Reception,2025-11-11 14:45,2025-11-11 15:15,2025-11-11 14:45,2025-11-11 15:45,2025-11-11 14:45,2025-11-11 15:15,30.00,containment,Medium
2716,P066,Testing Acceptance,Product Demo,Cafe,Break Room,2025-11-06 13:45,2025-11-06 14:30,2025-11-06 13:58,2025-11-06 14:46,2025-11-06 13:58,2025-11-06 14:30,32.00,partial_overlap,Medium
2717,P066,Team Building,Code Review,Training Room,Conference Room A,2025-11-12 15:15,2025-11-12 15:45,2025-11-12 14:45,2025-11-12 15:30,2025-11-12 15:15,2025-11-12 15:30,15.00,partial_overlap,Medium
2718,P066,Team Building,Tech Sharing,Training Room,Client Reception,2025-11-12 15:15,2025-11-12 15:45,2025-11-12 14:30,2025-11-12 15:30,2025-11-12 15:15,2025-11-12 15:30,15.00,partial_overlap,Medium
2719,P066,Operations Check,Team Building,Remote,Conference Room A,2025-11-12 12:30,2025-11-12 13:00,2025-11-12 12:46,2025-11-12 13:34,2025-11-12 12:46,2025-11-12 13:00,14.00,partial_overlap,Low
2720,P066,Deployment,Team Building,Demo Hall,Break Room,2025-11-13 09:00,2025-11-13 09:45,2025-11-13 09:15,2025-11-13 10:15,2025-11-13 09:15,2025-11-13 09:45,30.00,partial_overlap,Medium
2721,P066,Operations Check,Deployment,Break Room,Conference Room A,2025-11-10 17:00,2025-11-10 18:00,2025-11-10 17:12,2025-11-10 18:07,2025-11-10 17:12,2025-11-10 18:00,48.00,partial_overlap,Medium
2722,P066,Client Visit,One-on-One,Client Reception,Training Room,2025-11-11 08:45,2025-11-11 09:45,2025-11-11 09:30,2025-11-11 10:15,2025-11-11 09:30,2025-11-11 09:45,15.00,partial_overlap,Medium
2723,P066,Code Review,Tech Sharing,Conference Room A,Client Reception,2025-11-12 14:45,2025-11-12 15:30,2025-11-12 14:30,2025-11-12 15:30,2025-11-12 14:45,2025-11-12 15:30,45.00,containment,Medium
2724,P066,Code Review,Requirements Analysis,Conference Room A,Online Meeting,2025-11-12 14:45,2025-11-12 15:30,2025-11-12 14:42,2025-11-12 15:13,2025-11-12 14:45,2025-11-12 15:13,28.00,partial_overlap,Medium
2725,P066,Deployment,Meeting,Remote,Break Room,2025-11-16 18:00,2025-11-16 18:45,2025-11-16 18:30,2025-11-16 18:45,2025-11-16 18:30,2025-11-16 18:45,15.00,containment,Medium
2726,P066,Deployment,Design Review,Remote,Product Showcase,2025-11-16 18:00,2025-11-16 18:45,2025-11-16 18:36,2025-11-16 19:15,2025-11-16 18:36,2025-11-16 18:45,9.00,partial_overlap,Low
2727,P066,Testing Acceptance,Design Review,Conference Room C,Remote,2025-11-14 18:15,2025-11-14 18:45,2025-11-14 18:15,2025-11-14 18:30,2025-11-14 18:15,2025-11-14 18:30,15.00,containment,Medium
2728,P066,Tech Sharing,Requirements Analysis,Client Reception,Online Meeting,2025-11-12 14:30,2025-11-12 15:30,2025-11-12 14:42,2025-11-12 15:13,2025-11-12 14:42,2025-11-12 15:13,31.00,containment,Medium
2729,P066,Team Building,Testing Acceptance,Break Room,Online Meeting,2025-11-13 09:15,2025-11-13 10:15,2025-11-13 10:00,2025-11-13 10:15,2025-11-13 10:00,2025-11-13 10:15,15.00,containment,Medium
2730,P066,Meeting,Design Review,Break Room,Product Showcase,2025-11-16 18:30,2025-11-16 18:45,2025-11-16 18:36,2025-11-16 19:15,2025-11-16 18:36,2025-11-16 18:45,9.00,partial_overlap,Low
2731,P066,Brainstorming,Project Discussion,Office Area 1,Conference Room A,2025-11-23 11:15,2025-11-23 11:30,2025-11-23 11:23,2025-11-23 11:56,2025-11-23 11:23,2025-11-23 11:30,7.00,partial_overlap,Low
2732,P066,Team Building,Training,Remote,R&D Center,2025-11-19 17:30,2025-11-19 17:45,2025-11-19 17:39,2025-11-19 18:12,2025-11-19 17:39,2025-11-19 17:45,6.00,partial_overlap,Low
2733,P066,Code Review,Brainstorming,R&D Center,Office Area 1,2025-11-20 09:00,2025-11-20 09:30,2025-11-20 09:06,2025-11-20 09:53,2025-11-20 09:06,2025-11-20 09:30,24.00,partial_overlap,Medium
2734,P067,Deployment,Client Visit,Training Room,Office Area 2,2025-10-28 16:30,2025-10-28 18:00,2025-10-28 16:51,2025-10-28 17:16,2025-10-28 16:51,2025-10-28 17:16,25.00,containment,Medium
2735,P067,Training,Design Review,Cafe,R&D Center,2025-11-01 11:30,2025-11-01 13:00,2025-11-01 11:45,2025-11-01 12:30,2025-11-01 11:45,2025-11-01 12:30,45.00,containment,Medium
2736,P067,Project Discussion,Testing Acceptance,Office Area 2,Break Room,2025-11-06 17:00,2025-11-06 18:30,2025-11-06 16:45,2025-11-06 17:45,2025-11-06 17:00,2025-11-06 17:45,45.00,partial_overlap,Medium
2737,P067,Testing Acceptance,Project Discussion,Office Area 2,Training Room,2025-11-11 13:45,2025-11-11 14:45,2025-11-11 14:00,2025-11-11 14:30,2025-11-11 14:00,2025-11-11 14:30,30.00,containment,Medium
2738,P067,Operations Check,Deployment,Office Area 1,Client Reception,2025-11-09 08:30,2025-11-09 09:00,2025-11-09 08:59,2025-11-09 09:33,2025-11-09 08:59,2025-11-09 09:00,1.00,partial_overlap,Low
2739,P067,Operations Check,Testing Acceptance,Office Area 1,Product Showcase,2025-11-09 08:30,2025-11-09 09:00,2025-11-09 08:48,2025-11-09 09:30,2025-11-09 08:48,2025-11-09 09:00,12.00,partial_overlap,Low
2740,P067,Client Visit,Testing Acceptance,Online Meeting,Conference Room C,2025-11-08 18:45,2025-11-08 19:45,2025-11-08 18:00,2025-11-08 19:00,2025-11-08 18:45,2025-11-08 19:00,15.00,partial_overlap,Medium
2741,P067,Product Demo,Tech Sharing,Break Room,Training Room,2025-11-12 15:45,2025-11-12 16:15,2025-11-12 15:51,2025-11-12 16:38,2025-11-12 15:51,2025-11-12 16:15,24.00,partial_overlap,Medium
2742,P067,Brainstorming,Testing Acceptance,Conference Room C,Break Room,2025-11-12 09:30,2025-11-12 10:15,2025-11-12 10:00,2025-11-12 11:00,2025-11-12 10:00,2025-11-12 10:15,15.00,partial_overlap,Medium
2743,P067,One-on-One,Operations Check,Online Meeting,R&D Center,2025-11-15 17:45,2025-11-15 18:45,2025-11-15 18:15,2025-11-15 19:00,2025-11-15 18:15,2025-11-15 18:45,30.00,partial_overlap,Medium
2744,P067,Training,Product Demo,R&D Center,Office Area 2,2025-11-14 09:00,2025-11-14 10:00,2025-11-14 09:00,2025-11-14 09:45,2025-11-14 09:00,2025-11-14 09:45,45.00,containment,Medium
2745,P067,Code Review,Tech Sharing,Conference Room C,Client Reception,2025-11-16 14:30,2025-11-16 15:30,2025-11-16 14:15,2025-11-16 15:00,2025-11-16 14:30,2025-11-16 15:00,30.00,partial_overlap,Medium
2746,P067,Deployment,Testing Acceptance,Client Reception,Product Showcase,2025-11-09 08:59,2025-11-09 09:33,2025-11-09 08:48,2025-11-09 09:30,2025-11-09 08:59,2025-11-09 09:30,31.00,partial_overlap,Medium
2747,P067,Meeting,One-on-One,Conference Room C,Client Reception,2025-11-18 18:00,2025-11-18 18:45,2025-11-18 18:30,2025-11-18 19:00,2025-11-18 18:30,2025-11-18 18:45,15.00,partial_overlap,Medium
2748,P067,Tech Sharing,Training,Client Reception,R&D Center,2025-11-16 14:15,2025-11-16 15:00,2025-11-16 14:15,2025-11-16 14:30,2025-11-16 14:15,2025-11-16 14:30,15.00,containment,Medium
2749,P067,Training,Product Demo,Product Showcase,Remote,2025-11-17 08:15,2025-11-17 09:00,2025-11-17 08:43,2025-11-17 09:38,2025-11-17 08:43,2025-11-17 09:00,17.00,partial_overlap,Medium
2750,P068,Requirements Analysis,Tech Sharing,Online Meeting,Cafe,2025-11-05 08:45,2025-11-05 09:45,2025-11-05 08:00,2025-11-05 09:00,2025-11-05 08:45,2025-11-05 09:00,15.00,partial_overlap,Medium
2751,P068,Testing Acceptance,One-on-One,Remote,Training Room,2025-11-10 16:15,2025-11-10 16:45,2025-11-10 16:32,2025-11-10 16:49,2025-11-10 16:32,2025-11-10 16:45,13.00,partial_overlap,Low
2752,P068,Testing Acceptance,Meeting,Break Room,Product Showcase,2025-11-08 14:15,2025-11-08 15:00,2025-11-08 13:45,2025-11-08 14:30,2025-11-08 14:15,2025-11-08 14:30,15.00,partial_overlap,Medium
2753,P068,Project Discussion,Requirements Analysis,Office Area 2,Conference Room A,2025-11-11 16:15,2025-11-11 16:45,2025-11-11 16:30,2025-11-11 17:00,2025-11-11 16:30,2025-11-11 16:45,15.00,partial_overlap,Medium
2754,P068,Requirements Analysis,Meeting,Client Reception,Client Reception,2025-11-11 11:30,2025-11-11 12:00,2025-11-11 10:45,2025-11-11 11:45,2025-11-11 11:30,2025-11-11 11:45,15.00,partial_overlap,Medium
2755,P068,Requirements Analysis,Testing Acceptance,Client Reception,Conference Room B,2025-11-11 11:30,2025-11-11 12:00,2025-11-11 11:14,2025-11-11 11:35,2025-11-11 11:30,2025-11-11 11:35,5.00,partial_overlap,Low
2756,P068,Tech Sharing,Design Review,Office Area 1,Training Room,2025-11-16 17:15,2025-11-16 18:00,2025-11-16 17:30,2025-11-16 18:15,2025-11-16 17:30,2025-11-16 18:00,30.00,partial_overlap,Medium
2757,P068,Testing Acceptance,Tech Sharing,Break Room,Conference Room B,2025-11-16 11:30,2025-11-16 12:30,2025-11-16 11:30,2025-11-16 12:30,2025-11-16 11:30,2025-11-16 12:30,60.00,containment,High
2758,P068,Testing Acceptance,Training,Break Room,Remote,2025-11-16 11:30,2025-11-16 12:30,2025-11-16 11:15,2025-11-16 11:45,2025-11-16 11:30,2025-11-16 11:45,15.00,partial_overlap,Medium
2759,P068,Testing Acceptance,Testing Acceptance,Break Room,R&D Center,2025-11-16 11:30,2025-11-16 12:30,2025-11-16 11:40,2025-11-16 12:13,2025-11-16 11:40,2025-11-16 12:13,33.00,containment,Medium
2760,P068,Tech Sharing,Training,Conference Room B,Remote,2025-11-16 11:30,2025-11-16 12:30,2025-11-16 11:15,2025-11-16 11:45,2025-11-16 11:30,2025-11-16 11:45,15.00,partial_overlap,Medium
2761,P068,Tech Sharing,Testing Acceptance,Conference Room B,R&D Center,2025-11-16 11:30,2025-11-16 12:30,2025-11-16 11:40,2025-11-16 12:13,2025-11-16 11:40,2025-11-16 12:13,33.00,containment,Medium
2762,P068,Meeting,Testing Acceptance,Client Reception,Conference Room B,2025-11-11 10:45,2025-11-11 11:45,2025-11-11 11:14,2025-11-11 11:35,2025-11-11 11:14,2025-11-11 11:35,21.00,containment,Medium
2763,P068,Training,Testing Acceptance,Remote,R&D Center,2025-11-16 11:15,2025-11-16 11:45,2025-11-16 11:40,2025-11-16 12:13,2025-11-16 11:40,2025-11-16 11:45,5.00,partial_overlap,Low
2764,P068,Client Visit,Product Demo,Client Reception,R&D Center,2025-11-14 08:00,2025-11-14 08:45,2025-11-14 08:17,2025-11-14 09:06,2025-11-14 08:17,2025-11-14 08:45,28.00,partial_overlap,Medium
2765,P068,Team Building,Project Discussion,Conference Room C,Product Showcase,2025-11-20 11:30,2025-11-20 11:45,2025-11-20 11:00,2025-11-20 11:45,2025-11-20 11:30,2025-11-20 11:45,15.00,containment,Medium
2766,P068,Product Demo,Tech Sharing,Cafe,Conference Room A,2025-11-21 10:45,2025-11-21 11:30,2025-11-21 11:00,2025-11-21 11:45,2025-11-21 11:00,2025-11-21 11:30,30.00,partial_overlap,Medium
2767,P068,Project Discussion,Tech Sharing,Conference Room C,Test Lab,2025-11-20 18:15,2025-11-20 19:00,2025-11-20 18:00,2025-11-20 18:45,2025-11-20 18:15,2025-11-20 18:45,30.00,partial_overlap,Medium
2768,P068,Requirements Analysis,Operations Check,Conference Room C,Client Reception,2025-11-14 15:45,2025-11-14 16:15,2025-11-14 16:06,2025-11-14 16:42,2025-11-14 16:06,2025-11-14 16:15,9.00,partial_overlap,Low
2769,P068,Code Review,Design Review,Office Area 2,Client Reception,2025-11-15 15:15,2025-11-15 16:00,2025-11-15 15:32,2025-11-15 16:29,2025-11-15 15:32,2025-11-15 16:00,28.00,partial_overlap,Medium
2770,P068,Code Review,One-on-One,Office Area 2,R&D Center,2025-11-15 15:15,2025-11-15 16:00,2025-11-15 15:41,2025-11-15 16:03,2025-11-15 15:41,2025-11-15 16:00,19.00,partial_overlap,Medium
2771,P068,One-on-One,Code Review,Product Showcase,Demo Hall,2025-11-20 10:00,2025-11-20 10:30,2025-11-20 10:15,2025-11-20 10:37,2025-11-20 10:15,2025-11-20 10:30,15.00,partial_overlap,Medium
2772,P068,Meeting,Requirements Analysis,Demo Hall,Break Room,2025-11-19 11:45,2025-11-19 12:15,2025-11-19 11:58,2025-11-19 12:46,2025-11-19 11:58,2025-11-19 12:15,17.00,partial_overlap,Medium
2773,P068,Design Review,Training,Training Room,Online Meeting,2025-11-17 12:00,2025-11-17 12:15,2025-11-17 12:06,2025-11-17 12:35,2025-11-17 12:06,2025-11-17 12:15,9.00,partial_overlap,Low
2774,P068,Requirements Analysis,Requirements Analysis,Office Area 2,Break Room,2025-11-19 12:45,2025-11-19 13:30,2025-11-19 11:58,2025-11-19 12:46,2025-11-19 12:45,2025-11-19 12:46,1.00,partial_overlap,Low
2775,P068,Requirements Analysis,Client Visit,Office Area 2,Cafe,2025-11-19 12:45,2025-11-19 13:30,2025-11-19 12:24,2025-11-19 12:53,2025-11-19 12:45,2025-11-19 12:53,8.00,partial_overlap,Low
2776,P068,Meeting,Code Review,Conference Room A,Conference Room A,2025-11-24 12:00,2025-11-24 12:45,2025-11-24 12:30,2025-11-24 12:45,2025-11-24 12:30,2025-11-24 12:45,15.00,containment,Medium
2777,P068,Brainstorming,Team Building,Client Reception,Remote,2025-11-21 15:15,2025-11-21 16:00,2025-11-21 15:41,2025-11-21 15:56,2025-11-21 15:41,2025-11-21 15:56,15.00,containment,Medium
2778,P068,Design Review,One-on-One,Client Reception,R&D Center,2025-11-15 15:32,2025-11-15 16:29,2025-11-15 15:41,2025-11-15 16:03,2025-11-15 15:41,2025-11-15 16:03,22.00,containment,Medium
2779,P068,Requirements Analysis,Client Visit,Break Room,Cafe,2025-11-19 11:58,2025-11-19 12:46,2025-11-19 12:24,2025-11-19 12:53,2025-11-19 12:24,2025-11-19 12:46,22.00,partial_overlap,Medium
2780,P069,Operations Check,Project Discussion,Product Showcase,Conference Room B,2025-11-02 16:00,2025-11-02 16:45,2025-11-02 16:30,2025-11-02 17:30,2025-11-02 16:30,2025-11-02 16:45,15.00,partial_overlap,Medium
2781,P069,Deployment,Training,Conference Room A,Client Reception,2025-10-31 09:45,2025-10-31 11:15,2025-10-31 09:52,2025-10-31 10:20,2025-10-31 09:52,2025-10-31 10:20,28.00,containment,Medium
2782,P069,Deployment,Brainstorming,Conference Room A,Test Lab,2025-10-31 09:45,2025-10-31 11:15,2025-10-31 10:13,2025-10-31 10:54,2025-10-31 10:13,2025-10-31 10:54,41.00,containment,Medium
2783,P069,Training,Brainstorming,Client Reception,Test Lab,2025-10-31 09:52,2025-10-31 10:20,2025-10-31 10:13,2025-10-31 10:54,2025-10-31 10:13,2025-10-31 10:20,7.00,partial_overlap,Low
2784,P069,Design Review,Brainstorming,Client Reception,Remote,2025-11-06 08:15,2025-11-06 09:15,2025-11-06 08:45,2025-11-06 09:45,2025-11-06 08:45,2025-11-06 09:15,30.00,partial_overlap,Medium
2785,P069,Code Review,Client Visit,Training Room,R&D Center,2025-11-11 17:45,2025-11-11 18:30,2025-11-11 18:15,2025-11-11 18:45,2025-11-11 18:15,2025-11-11 18:30,15.00,partial_overlap,Medium
2786,P069,Brainstorming,Team Building,Product Showcase,R&D Center,2025-11-11 08:00,2025-11-11 08:45,2025-11-11 08:00,2025-11-11 09:00,2025-11-11 08:00,2025-11-11 08:45,45.00,containment,Medium
2787,P069,Testing Acceptance,Client Visit,Office Area 2,R&D Center,2025-11-12 16:30,2025-11-12 17:30,2025-11-12 15:45,2025-11-12 16:45,2025-11-12 16:30,2025-11-12 16:45,15.00,partial_overlap,Medium
2788,P069,Testing Acceptance,Tech Sharing,Office Area 2,Remote,2025-11-12 16:30,2025-11-12 17:30,2025-11-12 16:47,2025-11-12 17:32,2025-11-12 16:47,2025-11-12 17:30,43.00,partial_overlap,Medium
2789,P069,Testing Acceptance,Meeting,Office Area 2,R&D Center,2025-11-12 16:30,2025-11-12 17:30,2025-11-12 16:26,2025-11-12 17:13,2025-11-12 16:30,2025-11-12 17:13,43.00,partial_overlap,Medium
2790,P069,Client Visit,Deployment,R&D Center,Conference Room B,2025-11-12 15:45,2025-11-12 16:45,2025-11-12 15:30,2025-11-12 16:15,2025-11-12 15:45,2025-11-12 16:15,30.00,partial_overlap,Medium
2791,P069,Client Visit,Operations Check,R&D Center,R&D Center,2025-11-12 15:45,2025-11-12 16:45,2025-11-12 15:58,2025-11-12 16:26,2025-11-12 15:58,2025-11-12 16:26,28.00,containment,Medium
2792,P069,Client Visit,Meeting,R&D Center,R&D Center,2025-11-12 15:45,2025-11-12 16:45,2025-11-12 16:26,2025-11-12 17:13,2025-11-12 16:26,2025-11-12 16:45,19.00,partial_overlap,Medium
2793,P069,Deployment,Operations Check,Conference Room B,R&D Center,2025-11-12 15:30,2025-11-12 16:15,2025-11-12 15:58,2025-11-12 16:26,2025-11-12 15:58,2025-11-12 16:15,17.00,partial_overlap,Medium
2794,P069,Testing Acceptance,Client Visit,Office Area 2,Break Room,2025-11-17 10:00,2025-11-17 10:45,2025-11-17 09:45,2025-11-17 10:30,2025-11-17 10:00,2025-11-17 10:30,30.00,partial_overlap,Medium
2795,P069,Brainstorming,Brainstorming,Online Meeting,Remote,2025-11-16 09:00,2025-11-16 09:45,2025-11-16 09:15,2025-11-16 09:45,2025-11-16 09:15,2025-11-16 09:45,30.00,containment,Medium
2796,P069,Tech Sharing,Meeting,Remote,R&D Center,2025-11-12 16:47,2025-11-12 17:32,2025-11-12 16:26,2025-11-12 17:13,2025-11-12 16:47,2025-11-12 17:13,26.00,partial_overlap,Medium
2797,P069,Operations Check,Product Demo,Remote,Conference Room C,2025-11-14 12:45,2025-11-14 13:30,2025-11-14 13:09,2025-11-14 13:46,2025-11-14 13:09,2025-11-14 13:30,21.00,partial_overlap,Medium
2798,P069,Project Discussion,Meeting,R&D Center,Demo Hall,2025-11-18 09:15,2025-11-18 09:45,2025-11-18 09:30,2025-11-18 09:45,2025-11-18 09:30,2025-11-18 09:45,15.00,containment,Medium
2799,P069,Deployment,One-on-One,R&D Center,Office Area 2,2025-11-17 13:45,2025-11-17 14:15,2025-11-17 13:45,2025-11-17 14:15,2025-11-17 13:45,2025-11-17 14:15,30.00,containment,Medium
2800,P069,One-on-One,Training,Online Meeting,Conference Room A,2025-11-21 17:00,2025-11-21 17:15,2025-11-21 17:00,2025-11-21 17:45,2025-11-21 17:00,2025-11-21 17:15,15.00,containment,Medium
2801,P069,Design Review,Code Review,Cafe,Test Lab,2025-11-17 16:30,2025-11-17 17:15,2025-11-17 16:40,2025-11-17 17:12,2025-11-17 16:40,2025-11-17 17:12,32.00,containment,Medium
2802,P069,Operations Check,Training,Product Showcase,Conference Room A,2025-11-19 16:30,2025-11-19 17:00,2025-11-19 16:59,2025-11-19 17:56,2025-11-19 16:59,2025-11-19 17:00,1.00,partial_overlap,Low
2803,P069,Testing Acceptance,Operations Check,Test Lab,Office Area 2,2025-11-19 12:00,2025-11-19 12:15,2025-11-19 11:30,2025-11-19 12:15,2025-11-19 12:00,2025-11-19 12:15,15.00,containment,Medium
2804,P069,Operations Check,Requirements Analysis,Office Area 2,Conference Room C,2025-11-19 11:30,2025-11-19 12:15,2025-11-19 11:40,2025-11-19 11:55,2025-11-19 11:40,2025-11-19 11:55,15.00,containment,Medium
2805,P069,Client Visit,Design Review,Conference Room A,Conference Room B,2025-11-19 08:00,2025-11-19 08:15,2025-11-19 08:11,2025-11-19 08:42,2025-11-19 08:11,2025-11-19 08:15,4.00,partial_overlap,Low
2806,P070,Product Demo,Operations Check,Training Room,Product Showcase,2025-10-31 10:00,2025-10-31 10:45,2025-10-31 10:15,2025-10-31 11:04,2025-10-31 10:15,2025-10-31 10:45,30.00,partial_overlap,Medium
2807,P070,Testing Acceptance,Meeting,R&D Center,Test Lab,2025-11-09 08:15,2025-11-09 09:00,2025-11-09 08:15,2025-11-09 09:15,2025-11-09 08:15,2025-11-09 09:00,45.00,containment,Medium
2808,P070,Testing Acceptance,Requirements Analysis,R&D Center,R&D Center,2025-11-09 08:15,2025-11-09 09:00,2025-11-09 08:28,2025-11-09 09:22,2025-11-09 08:28,2025-11-09 09:00,32.00,partial_overlap,Medium
2809,P070,Tech Sharing,Client Visit,Office Area 1,Remote,2025-11-08 09:30,2025-11-08 10:30,2025-11-08 09:15,2025-11-08 09:45,2025-11-08 09:30,2025-11-08 09:45,15.00,partial_overlap,Medium
2810,P070,Requirements Analysis,Product Demo,Break Room,Online Meeting,2025-11-11 18:00,2025-11-11 19:00,2025-11-11 17:45,2025-11-11 18:30,2025-11-11 18:00,2025-11-11 18:30,30.00,partial_overlap,Medium
2811,P070,One-on-One,Brainstorming,Office Area 1,Break Room,2025-11-10 11:15,2025-11-10 12:15,2025-11-10 11:41,2025-11-10 12:29,2025-11-10 11:41,2025-11-10 12:15,34.00,partial_overlap,Medium
2812,P070,Code Review,Design Review,Conference Room B,Office Area 2,2025-11-05 13:45,2025-11-05 14:30,2025-11-05 14:01,2025-11-05 14:42,2025-11-05 14:01,2025-11-05 14:30,29.00,partial_overlap,Medium
2813,P070,Operations Check,Deployment,Conference Room A,Conference Room C,2025-11-12 13:30,2025-11-12 14:00,2025-11-12 13:45,2025-11-12 14:15,2025-11-12 13:45,2025-11-12 14:00,15.00,partial_overlap,Medium
2814,P070,Tech Sharing,Meeting,Break Room,Training Room,2025-11-12 10:30,2025-11-12 11:15,2025-11-12 10:00,2025-11-12 11:00,2025-11-12 10:30,2025-11-12 11:00,30.00,partial_overlap,Medium
2815,P070,One-on-One,Tech Sharing,Conference Room B,Test Lab,2025-11-10 13:00,2025-11-10 13:45,2025-11-10 13:15,2025-11-10 14:15,2025-11-10 13:15,2025-11-10 13:45,30.00,partial_overlap,Medium
2816,P070,Client Visit,Code Review,Conference Room C,Client Reception,2025-11-14 17:45,2025-11-14 18:30,2025-11-14 18:00,2025-11-14 18:15,2025-11-14 18:00,2025-11-14 18:15,15.00,containment,Medium
2817,P070,Meeting,Requirements Analysis,Test Lab,R&D Center,2025-11-09 08:15,2025-11-09 09:15,2025-11-09 08:28,2025-11-09 09:22,2025-11-09 08:28,2025-11-09 09:15,47.00,partial_overlap,Medium
2818,P070,Deployment,Team Building,R&D Center,Office Area 1,2025-11-15 15:30,2025-11-15 16:15,2025-11-15 15:15,2025-11-15 15:45,2025-11-15 15:30,2025-11-15 15:45,15.00,partial_overlap,Medium
2819,P070,Brainstorming,Training,Online Meeting,Test Lab,2025-11-13 12:15,2025-11-13 12:45,2025-11-13 12:41,2025-11-13 13:02,2025-11-13 12:41,2025-11-13 12:45,4.00,partial_overlap,Low
2820,P070,Brainstorming,Team Building,R&D Center,Conference Room B,2025-11-21 15:15,2025-11-21 16:00,2025-11-21 15:34,2025-11-21 16:17,2025-11-21 15:34,2025-11-21 16:00,26.00,partial_overlap,Medium
2821,P070,Team Building,Training,Break Room,Office Area 2,2025-11-18 17:30,2025-11-18 17:45,2025-11-18 17:43,2025-11-18 18:37,2025-11-18 17:43,2025-11-18 17:45,2.00,partial_overlap,Low
2822,P070,Meeting,Deployment,Training Room,R&D Center,2025-11-17 11:45,2025-11-17 12:00,2025-11-17 11:20,2025-11-17 12:00,2025-11-17 11:45,2025-11-17 12:00,15.00,containment,Medium
2823,P070,Training,Testing Acceptance,Conference Room C,Online Meeting,2025-11-23 15:45,2025-11-23 16:00,2025-11-23 15:45,2025-11-23 16:15,2025-11-23 15:45,2025-11-23 16:00,15.00,containment,Medium
2824,P070,Tech Sharing,One-on-One,Office Area 2,Conference Room C,2025-11-23 11:30,2025-11-23 11:45,2025-11-23 11:41,2025-11-23 12:18,2025-11-23 11:41,2025-11-23 11:45,4.00,partial_overlap,Low
2825,P070,Tech Sharing,Operations Check,Office Area 2,Cafe,2025-11-23 11:30,2025-11-23 11:45,2025-11-23 11:43,2025-11-23 12:42,2025-11-23 11:43,2025-11-23 11:45,2.00,partial_overlap,Low
2826,P070,Deployment,Testing Acceptance,Cafe,Conference Room B,2025-11-25 18:30,2025-11-25 19:00,2025-11-25 18:47,2025-11-25 19:46,2025-11-25 18:47,2025-11-25 19:00,13.00,partial_overlap,Low
2827,P070,One-on-One,Training,Conference Room B,Office Area 2,2025-11-18 12:45,2025-11-18 13:30,2025-11-18 12:15,2025-11-18 13:00,2025-11-18 12:45,2025-11-18 13:00,15.00,partial_overlap,Medium
2828,P070,Training,Project Discussion,Office Area 2,Remote,2025-11-18 12:15,2025-11-18 13:00,2025-11-18 11:51,2025-11-18 12:38,2025-11-18 12:15,2025-11-18 12:38,23.00,partial_overlap,Medium
2829,P070,Testing Acceptance,Brainstorming,Conference Room B,Client Reception,2025-11-25 18:47,2025-11-25 19:46,2025-11-25 19:16,2025-11-25 19:38,2025-11-25 19:16,2025-11-25 19:38,22.00,containment,Medium
2830,P070,One-on-One,Operations Check,Conference Room C,Cafe,2025-11-23 11:41,2025-11-23 12:18,2025-11-23 11:43,2025-11-23 12:42,2025-11-23 11:43,2025-11-23 12:18,35.00,partial_overlap,Medium
2831,P071,Brainstorming,Meeting,Conference Room B,Conference Room C,2025-11-02 11:00,2025-11-02 11:30,2025-11-02 10:15,2025-11-02 11:15,2025-11-02 11:00,2025-11-02 11:15,15.00,partial_overlap,Medium
2832,P071,Meeting,Deployment,Conference Room C,Office Area 2,2025-11-02 10:15,2025-11-02 11:15,2025-11-02 09:30,2025-11-02 10:30,2025-11-02 10:15,2025-11-02 10:30,15.00,partial_overlap,Medium
2833,P071,Meeting,Requirements Analysis,Test Lab,Break Room,2025-11-05 11:00,2025-11-05 12:00,2025-11-05 11:06,2025-11-05 11:26,2025-11-05 11:06,2025-11-05 11:26,20.00,containment,Medium
2834,P071,Project Discussion,Brainstorming,Client Reception,Conference Room C,2025-11-09 18:00,2025-11-09 19:30,2025-11-09 18:18,2025-11-09 19:15,2025-11-09 18:18,2025-11-09 19:15,57.00,containment,Medium
2835,P071,Project Discussion,Tech Sharing,Client Reception,Cafe,2025-11-09 18:00,2025-11-09 19:30,2025-11-09 18:24,2025-11-09 19:10,2025-11-09 18:24,2025-11-09 19:10,46.00,containment,Medium
2836,P071,Meeting,Client Visit,Product Showcase,Conference Room B,2025-11-06 13:15,2025-11-06 13:45,2025-11-06 13:36,2025-11-06 14:07,2025-11-06 13:36,2025-11-06 13:45,9.00,partial_overlap,Low
2837,P071,Brainstorming,Tech Sharing,Conference Room C,Cafe,2025-11-09 18:18,2025-11-09 19:15,2025-11-09 18:24,2025-11-09 19:10,2025-11-09 18:24,2025-11-09 19:10,46.00,containment,Medium
2838,P071,Operations Check,Design Review,Online Meeting,Online Meeting,2025-11-07 08:00,2025-11-07 08:30,2025-11-07 08:19,2025-11-07 08:38,2025-11-07 08:19,2025-11-07 08:30,11.00,partial_overlap,Low
2839,P071,Tech Sharing,Product Demo,Conference Room A,Test Lab,2025-11-10 13:30,2025-11-10 14:00,2025-11-10 13:00,2025-11-10 14:00,2025-11-10 13:30,2025-11-10 14:00,30.00,containment,Medium
2840,P071,Tech Sharing,Requirements Analysis,Conference Room A,Client Reception,2025-11-10 13:30,2025-11-10 14:00,2025-11-10 13:55,2025-11-10 14:34,2025-11-10 13:55,2025-11-10 14:00,5.00,partial_overlap,Low
2841,P071,Project Discussion,Training,Office Area 2,Cafe,2025-11-10 09:45,2025-11-10 10:30,2025-11-10 10:15,2025-11-10 11:15,2025-11-10 10:15,2025-11-10 10:30,15.00,partial_overlap,Medium
2842,P071,Brainstorming,Operations Check,Online Meeting,Training Room,2025-11-11 16:00,2025-11-11 16:45,2025-11-11 16:30,2025-11-11 17:00,2025-11-11 16:30,2025-11-11 16:45,15.00,partial_overlap,Medium
2843,P071,Product Demo,Requirements Analysis,Test Lab,Client Reception,2025-11-10 13:00,2025-11-10 14:00,2025-11-10 13:55,2025-11-10 14:34,2025-11-10 13:55,2025-11-10 14:00,5.00,partial_overlap,Low
2844,P071,Requirements Analysis,Deployment,Client Reception,Conference Room C,2025-11-14 17:45,2025-11-14 18:45,2025-11-14 18:00,2025-11-14 18:15,2025-11-14 18:00,2025-11-14 18:15,15.00,containment,Medium
2845,P071,Code Review,Product Demo,R&D Center,Demo Hall,2025-11-16 13:30,2025-11-16 14:00,2025-11-16 13:38,2025-11-16 14:11,2025-11-16 13:38,2025-11-16 14:00,22.00,partial_overlap,Medium
2846,P071,Code Review,Team Building,Break Room,Client Reception,2025-11-19 09:45,2025-11-19 10:15,2025-11-19 10:00,2025-11-19 10:45,2025-11-19 10:00,2025-11-19 10:15,15.00,partial_overlap,Medium
2847,P071,Code Review,Requirements Analysis,Break Room,Client Reception,2025-11-19 09:45,2025-11-19 10:15,2025-11-19 10:08,2025-11-19 10:28,2025-11-19 10:08,2025-11-19 10:15,7.00,partial_overlap,Low
2848,P071,Code Review,Testing Acceptance,Break Room,Client Reception,2025-11-19 09:45,2025-11-19 10:15,2025-11-19 09:55,2025-11-19 10:55,2025-11-19 09:55,2025-11-19 10:15,20.00,partial_overlap,Medium
2849,P071,Product Demo,Operations Check,Product Showcase,Product Showcase,2025-11-17 12:00,2025-11-17 12:15,2025-11-17 11:45,2025-11-17 12:15,2025-11-17 12:00,2025-11-17 12:15,15.00,containment,Medium
2850,P071,Product Demo,Operations Check,Product Showcase,Product Showcase,2025-11-17 12:00,2025-11-17 12:15,2025-11-17 11:52,2025-11-17 12:31,2025-11-17 12:00,2025-11-17 12:15,15.00,containment,Medium
2851,P071,Meeting,Code Review,Demo Hall,Break Room,2025-11-17 08:45,2025-11-17 09:30,2025-11-17 09:03,2025-11-17 10:03,2025-11-17 09:03,2025-11-17 09:30,27.00,partial_overlap,Medium
2852,P071,Operations Check,Operations Check,Product Showcase,Product Showcase,2025-11-17 11:45,2025-11-17 12:15,2025-11-17 11:52,2025-11-17 12:31,2025-11-17 11:52,2025-11-17 12:15,23.00,partial_overlap,Medium
2853,P071,Team Building,Team Building,Office Area 2,Conference Room A,2025-11-18 13:45,2025-11-18 14:30,2025-11-18 13:45,2025-11-18 14:30,2025-11-18 13:45,2025-11-18 14:30,45.00,containment,Medium
2854,P071,Design Review,Testing Acceptance,R&D Center,Break Room,2025-11-15 08:15,2025-11-15 08:45,2025-11-15 08:15,2025-11-15 08:30,2025-11-15 08:15,2025-11-15 08:30,15.00,containment,Medium
2855,P071,Testing Acceptance,Code Review,Product Showcase,Break Room,2025-11-17 10:00,2025-11-17 10:30,2025-11-17 09:03,2025-11-17 10:03,2025-11-17 10:00,2025-11-17 10:03,3.00,partial_overlap,Low
2856,P071,Operations Check,Operations Check,Conference Room A,Product Showcase,2025-11-17 12:30,2025-11-17 12:45,2025-11-17 11:52,2025-11-17 12:31,2025-11-17 12:30,2025-11-17 12:31,1.00,partial_overlap,Low
2857,P071,Tech Sharing,Training,Conference Room C,Conference Room B,2025-11-23 09:15,2025-11-23 09:45,2025-11-23 09:15,2025-11-23 10:00,2025-11-23 09:15,2025-11-23 09:45,30.00,containment,Medium
2858,P071,Tech Sharing,Team Building,Conference Room C,Break Room,2025-11-23 09:15,2025-11-23 09:45,2025-11-23 09:25,2025-11-23 10:17,2025-11-23 09:25,2025-11-23 09:45,20.00,partial_overlap,Medium
2859,P071,Training,Project Discussion,Conference Room B,Training Room,2025-11-23 09:15,2025-11-23 10:00,2025-11-23 09:45,2025-11-23 10:15,2025-11-23 09:45,2025-11-23 10:00,15.00,partial_overlap,Medium
2860,P071,Training,Team Building,Conference Room B,Break Room,2025-11-23 09:15,2025-11-23 10:00,2025-11-23 09:25,2025-11-23 10:17,2025-11-23 09:25,2025-11-23 10:00,35.00,partial_overlap,Medium
2861,P071,Product Demo,Testing Acceptance,Office Area 1,Remote,2025-11-21 13:30,2025-11-21 14:15,2025-11-21 13:55,2025-11-21 14:34,2025-11-21 13:55,2025-11-21 14:15,20.00,partial_overlap,Medium
2862,P071,Team Building,Requirements Analysis,Client Reception,Client Reception,2025-11-19 10:00,2025-11-19 10:45,2025-11-19 10:08,2025-11-19 10:28,2025-11-19 10:08,2025-11-19 10:28,20.00,containment,Medium
2863,P071,Team Building,Testing Acceptance,Client Reception,Client Reception,2025-11-19 10:00,2025-11-19 10:45,2025-11-19 09:55,2025-11-19 10:55,2025-11-19 10:00,2025-11-19 10:45,45.00,containment,Medium
2864,P071,Project Discussion,Team Building,Training Room,Break Room,2025-11-23 09:45,2025-11-23 10:15,2025-11-23 09:25,2025-11-23 10:17,2025-11-23 09:45,2025-11-23 10:15,30.00,containment,Medium
2865,P071,Requirements Analysis,Testing Acceptance,Client Reception,Client Reception,2025-11-19 10:08,2025-11-19 10:28,2025-11-19 09:55,2025-11-19 10:55,2025-11-19 10:08,2025-11-19 10:28,20.00,containment,Medium
2866,P071,Design Review,Design Review,Cafe,Office Area 2,2025-11-18 11:28,2025-11-18 12:01,2025-11-18 11:36,2025-11-18 11:57,2025-11-18 11:36,2025-11-18 11:57,21.00,containment,Medium
2867,P072,Testing Acceptance,Testing Acceptance,Training Room,Test Lab,2025-11-01 18:00,2025-11-01 18:45,2025-11-01 18:10,2025-11-01 18:37,2025-11-01 18:10,2025-11-01 18:37,27.00,containment,Medium
2868,P072,Meeting,Training,Client Reception,Break Room,2025-10-31 17:15,2025-10-31 17:45,2025-10-31 17:28,2025-10-31 17:59,2025-10-31 17:28,2025-10-31 17:45,17.00,partial_overlap,Medium
2869,P072,Operations Check,Brainstorming,Office Area 2,Office Area 1,2025-10-30 14:30,2025-10-30 15:00,2025-10-30 14:39,2025-10-30 15:05,2025-10-30 14:39,2025-10-30 15:00,21.00,partial_overlap,Medium
2870,P072,Tech Sharing,Operations Check,Office Area 2,Conference Room C,2025-11-06 18:00,2025-11-06 18:45,2025-11-06 18:08,2025-11-06 18:29,2025-11-06 18:08,2025-11-06 18:29,21.00,containment,Medium
2871,P072,Team Building,Brainstorming,Office Area 2,Office Area 2,2025-11-06 12:00,2025-11-06 12:30,2025-11-06 12:27,2025-11-06 12:52,2025-11-06 12:27,2025-11-06 12:30,3.00,partial_overlap,Low
2872,P072,Team Building,Project Discussion,Conference Room B,Remote,2025-11-11 10:30,2025-11-11 11:00,2025-11-11 10:15,2025-11-11 11:00,2025-11-11 10:30,2025-11-11 11:00,30.00,containment,Medium
2873,P072,Meeting,Operations Check,Conference Room A,Office Area 2,2025-11-12 10:15,2025-11-12 11:00,2025-11-12 10:30,2025-11-12 11:00,2025-11-12 10:30,2025-11-12 11:00,30.00,containment,Medium
2874,P072,Meeting,Deployment,Conference Room A,R&D Center,2025-11-12 10:15,2025-11-12 11:00,2025-11-12 10:45,2025-11-12 11:30,2025-11-12 10:45,2025-11-12 11:00,15.00,partial_overlap,Medium
2875,P072,Operations Check,Brainstorming,Conference Room A,R&D Center,2025-11-13 10:00,2025-11-13 10:45,2025-11-13 09:52,2025-11-13 10:30,2025-11-13 10:00,2025-11-13 10:30,30.00,partial_overlap,Medium
2876,P072,Operations Check,Training,Test Lab,R&D Center,2025-11-15 16:45,2025-11-15 17:45,2025-11-15 17:15,2025-11-15 17:30,2025-11-15 17:15,2025-11-15 17:30,15.00,containment,Medium
2877,P072,One-on-One,Code Review,Demo Hall,Cafe,2025-11-13 15:00,2025-11-13 15:45,2025-11-13 15:28,2025-11-13 15:53,2025-11-13 15:28,2025-11-13 15:45,17.00,partial_overlap,Medium
2878,P072,Requirements Analysis,Team Building,Office Area 1,Test Lab,2025-11-16 08:00,2025-11-16 09:00,2025-11-16 08:30,2025-11-16 08:45,2025-11-16 08:30,2025-11-16 08:45,15.00,containment,Medium
2879,P072,Training,Brainstorming,Break Room,R&D Center,2025-11-13 09:30,2025-11-13 10:00,2025-11-13 09:52,2025-11-13 10:30,2025-11-13 09:52,2025-11-13 10:00,8.00,partial_overlap,Low
2880,P072,Operations Check,Deployment,Office Area 2,R&D Center,2025-11-12 10:30,2025-11-12 11:00,2025-11-12 10:45,2025-11-12 11:30,2025-11-12 10:45,2025-11-12 11:00,15.00,partial_overlap,Medium
2881,P072,Client Visit,Testing Acceptance,Remote,Client Reception,2025-11-19 11:30,2025-11-19 12:00,2025-11-19 11:53,2025-11-19 12:42,2025-11-19 11:53,2025-11-19 12:00,7.00,partial_overlap,Low
2882,P072,Operations Check,Tech Sharing,Conference Room B,R&D Center,2025-11-20 17:30,2025-11-20 18:00,2025-11-20 17:53,2025-11-20 18:19,2025-11-20 17:53,2025-11-20 18:00,7.00,partial_overlap,Low
2883,P072,Meeting,Project Discussion,Test Lab,Conference Room C,2025-11-15 11:45,2025-11-15 12:30,2025-11-15 12:00,2025-11-15 12:45,2025-11-15 12:00,2025-11-15 12:30,30.00,partial_overlap,Medium
2884,P072,Meeting,Product Demo,Test Lab,Cafe,2025-11-15 11:45,2025-11-15 12:30,2025-11-15 12:26,2025-11-15 12:57,2025-11-15 12:26,2025-11-15 12:30,4.00,partial_overlap,Low
2885,P072,Project Discussion,Requirements Analysis,Conference Room C,Conference Room A,2025-11-18 12:15,2025-11-18 12:30,2025-11-18 12:15,2025-11-18 12:30,2025-11-18 12:15,2025-11-18 12:30,15.00,containment,Medium
2886,P072,Project Discussion,Product Demo,Conference Room C,Cafe,2025-11-15 12:00,2025-11-15 12:45,2025-11-15 12:26,2025-11-15 12:57,2025-11-15 12:26,2025-11-15 12:45,19.00,partial_overlap,Medium
2887,P072,Design Review,Requirements Analysis,Client Reception,Conference Room A,2025-11-19 17:00,2025-11-19 17:30,2025-11-19 17:15,2025-11-19 17:44,2025-11-19 17:15,2025-11-19 17:30,15.00,partial_overlap,Medium
2888,P072,Requirements Analysis,Team Building,Client Reception,Conference Room A,2025-11-20 10:30,2025-11-20 11:15,2025-11-20 10:45,2025-11-20 11:33,2025-11-20 10:45,2025-11-20 11:15,30.00,partial_overlap,Medium
2889,P072,Deployment,Meeting,Remote,Conference Room A,2025-11-21 11:15,2025-11-21 12:00,2025-11-21 11:38,2025-11-21 12:25,2025-11-21 11:38,2025-11-21 12:00,22.00,partial_overlap,Medium
2890,P072,Meeting,Requirements Analysis,R&D Center,R&D Center,2025-11-21 08:00,2025-11-21 08:30,2025-11-21 08:25,2025-11-21 09:00,2025-11-21 08:25,2025-11-21 08:30,5.00,partial_overlap,Low
2891,P073,Product Demo,Tech Sharing,Remote,Demo Hall,2025-10-27 09:15,2025-10-27 10:45,2025-10-27 09:24,2025-10-27 09:52,2025-10-27 09:24,2025-10-27 09:52,28.00,containment,Medium
2892,P073,Client Visit,Code Review,Office Area 2,Conference Room A,2025-10-31 11:15,2025-10-31 11:45,2025-10-31 11:30,2025-10-31 12:15,2025-10-31 11:30,2025-10-31 11:45,15.00,partial_overlap,Medium
2893,P073,Product Demo,Training,Break Room,Cafe,2025-11-02 11:15,2025-11-02 12:15,2025-11-02 11:32,2025-11-02 12:15,2025-11-02 11:32,2025-11-02 12:15,43.00,containment,Medium
2894,P073,Deployment,Testing Acceptance,Conference Room B,Training Room,2025-11-04 08:15,2025-11-04 09:00,2025-11-04 08:26,2025-11-04 08:44,2025-11-04 08:26,2025-11-04 08:44,18.00,containment,Medium
2895,P073,Meeting,Product Demo,Test Lab,Online Meeting,2025-11-03 11:45,2025-11-03 13:15,2025-11-03 12:08,2025-11-03 12:37,2025-11-03 12:08,2025-11-03 12:37,29.00,containment,Medium
2896,P073,Code Review,Requirements Analysis,Conference Room A,Training Room,2025-10-31 11:30,2025-10-31 12:15,2025-10-31 11:50,2025-10-31 12:12,2025-10-31 11:50,2025-10-31 12:12,22.00,containment,Medium
2897,P073,Code Review,Testing Acceptance,Office Area 2,Break Room,2025-11-02 14:30,2025-11-02 16:00,2025-11-02 15:00,2025-11-02 15:30,2025-11-02 15:00,2025-11-02 15:30,30.00,containment,Medium
2898,P073,Product Demo,Testing Acceptance,Demo Hall,Product Showcase,2025-11-05 15:45,2025-11-05 16:15,2025-11-05 15:30,2025-11-05 16:30,2025-11-05 15:45,2025-11-05 16:15,30.00,containment,Medium
2899,P073,Product Demo,Testing Acceptance,Demo Hall,Online Meeting,2025-11-09 08:00,2025-11-09 08:45,2025-11-09 08:00,2025-11-09 08:30,2025-11-09 08:00,2025-11-09 08:30,30.00,containment,Medium
2900,P073,Operations Check,Product Demo,Cafe,Office Area 2,2025-11-08 13:30,2025-11-08 14:15,2025-11-08 13:59,2025-11-08 14:28,2025-11-08 13:59,2025-11-08 14:15,16.00,partial_overlap,Medium
2901,P073,Training,Operations Check,R&D Center,Cafe,2025-11-08 09:00,2025-11-08 10:00,2025-11-08 09:15,2025-11-08 10:00,2025-11-08 09:15,2025-11-08 10:00,45.00,containment,Medium
2902,P073,Tech Sharing,Meeting,Training Room,Test Lab,2025-11-13 15:45,2025-11-13 16:15,2025-11-13 15:52,2025-11-13 16:35,2025-11-13 15:52,2025-11-13 16:15,23.00,partial_overlap,Medium
2903,P073,Operations Check,Brainstorming,Office Area 2,Conference Room A,2025-11-14 09:00,2025-11-14 10:00,2025-11-14 09:00,2025-11-14 09:15,2025-11-14 09:00,2025-11-14 09:15,15.00,containment,Medium
2904,P073,Design Review,Project Discussion,Online Meeting,Test Lab,2025-11-11 17:00,2025-11-11 17:30,2025-11-11 17:13,2025-11-11 17:56,2025-11-11 17:13,2025-11-11 17:30,17.00,partial_overlap,Medium
2905,P073,One-on-One,Deployment,Office Area 1,Product Showcase,2025-11-13 09:15,2025-11-13 10:00,2025-11-13 09:00,2025-11-13 09:30,2025-11-13 09:15,2025-11-13 09:30,15.00,partial_overlap,Medium
2906,P073,One-on-One,Project Discussion,Conference Room A,Test Lab,2025-11-11 17:30,2025-11-11 18:00,2025-11-11 17:13,2025-11-11 17:56,2025-11-11 17:30,2025-11-11 17:56,26.00,partial_overlap,Medium
2907,P073,Deployment,Testing Acceptance,Conference Room A,Online Meeting,2025-11-17 15:00,2025-11-17 15:45,2025-11-17 14:30,2025-11-17 15:15,2025-11-17 15:00,2025-11-17 15:15,15.00,partial_overlap,Medium
2908,P073,Product Demo,Brainstorming,Office Area 2,Test Lab,2025-11-08 13:59,2025-11-08 14:28,2025-11-08 14:25,2025-11-08 15:10,2025-11-08 14:25,2025-11-08 14:28,3.00,partial_overlap,Low
2909,P073,Brainstorming,Testing Acceptance,Test Lab,Conference Room B,2025-11-08 14:25,2025-11-08 15:10,2025-11-08 14:55,2025-11-08 15:38,2025-11-08 14:55,2025-11-08 15:10,15.00,partial_overlap,Medium
2910,P073,Operations Check,Operations Check,Product Showcase,R&D Center,2025-11-17 14:00,2025-11-17 14:45,2025-11-17 14:30,2025-11-17 14:45,2025-11-17 14:30,2025-11-17 14:45,15.00,containment,Medium
2911,P073,Operations Check,Testing Acceptance,Product Showcase,Online Meeting,2025-11-17 14:00,2025-11-17 14:45,2025-11-17 14:30,2025-11-17 15:15,2025-11-17 14:30,2025-11-17 14:45,15.00,partial_overlap,Medium
2912,P073,Operations Check,Tech Sharing,Product Showcase,Office Area 1,2025-11-17 14:00,2025-11-17 14:45,2025-11-17 14:15,2025-11-17 14:45,2025-11-17 14:15,2025-11-17 14:45,30.00,containment,Medium
2913,P073,Brainstorming,Project Discussion,Conference Room B,Office Area 1,2025-11-18 15:30,2025-11-18 16:15,2025-11-18 15:45,2025-11-18 16:40,2025-11-18 15:45,2025-11-18 16:15,30.00,partial_overlap,Medium
2914,P073,Operations Check,Testing Acceptance,R&D Center,Online Meeting,2025-11-17 14:30,2025-11-17 14:45,2025-11-17 14:30,2025-11-17 15:15,2025-11-17 14:30,2025-11-17 14:45,15.00,containment,Medium
2915,P073,Operations Check,Tech Sharing,R&D Center,Office Area 1,2025-11-17 14:30,2025-11-17 14:45,2025-11-17 14:15,2025-11-17 14:45,2025-11-17 14:30,2025-11-17 14:45,15.00,containment,Medium
2916,P073,Tech Sharing,Project Discussion,Conference Room C,Conference Room C,2025-11-18 11:00,2025-11-18 11:30,2025-11-18 11:00,2025-11-18 11:15,2025-11-18 11:00,2025-11-18 11:15,15.00,containment,Medium
2917,P073,Testing Acceptance,Tech Sharing,Online Meeting,Office Area 1,2025-11-17 14:30,2025-11-17 15:15,2025-11-17 14:15,2025-11-17 14:45,2025-11-17 14:30,2025-11-17 14:45,15.00,partial_overlap,Medium
2918,P073,Requirements Analysis,Operations Check,Product Showcase,Remote,2025-11-24 08:15,2025-11-24 09:00,2025-11-24 08:45,2025-11-24 09:00,2025-11-24 08:45,2025-11-24 09:00,15.00,containment,Medium
2919,P073,Requirements Analysis,One-on-One,Product Showcase,Conference Room A,2025-11-24 08:15,2025-11-24 09:00,2025-11-24 08:43,2025-11-24 09:33,2025-11-24 08:43,2025-11-24 09:00,17.00,partial_overlap,Medium
2920,P073,Operations Check,One-on-One,Remote,Conference Room A,2025-11-24 08:45,2025-11-24 09:00,2025-11-24 08:43,2025-11-24 09:33,2025-11-24 08:45,2025-11-24 09:00,15.00,containment,Medium
2921,P074,Team Building,Team Building,R&D Center,Break Room,2025-10-28 13:00,2025-10-28 14:30,2025-10-28 14:15,2025-10-28 14:45,2025-10-28 14:15,2025-10-28 14:30,15.00,partial_overlap,Medium
2922,P074,Team Building,Requirements Analysis,Client Reception,Demo Hall,2025-11-01 09:30,2025-11-01 10:30,2025-11-01 09:15,2025-11-01 10:45,2025-11-01 09:30,2025-11-01 10:30,60.00,containment,High
2923,P074,Client Visit,Product Demo,Remote,Remote,2025-11-03 16:45,2025-11-03 17:45,2025-11-03 16:51,2025-11-03 17:34,2025-11-03 16:51,2025-11-03 17:34,43.00,containment,Medium
2924,P074,Requirements Analysis,Deployment,Demo Hall,Demo Hall,2025-11-07 16:15,2025-11-07 17:45,2025-11-07 15:45,2025-11-07 16:30,2025-11-07 16:15,2025-11-07 16:30,15.00,partial_overlap,Medium
2925,P074,Requirements Analysis,Client Visit,Demo Hall,R&D Center,2025-11-07 16:15,2025-11-07 17:45,2025-11-07 15:51,2025-11-07 16:20,2025-11-07 16:15,2025-11-07 16:20,5.00,partial_overlap,Low
2926,P074,Requirements Analysis,Requirements Analysis,Test Lab,Demo Hall,2025-11-08 15:15,2025-11-08 15:45,2025-11-08 15:15,2025-11-08 16:15,2025-11-08 15:15,2025-11-08 15:45,30.00,containment,Medium
2927,P074,Requirements Analysis,One-on-One,Test Lab,Training Room,2025-11-08 15:15,2025-11-08 15:45,2025-11-08 15:15,2025-11-08 16:15,2025-11-08 15:15,2025-11-08 15:45,30.00,containment,Medium
2928,P074,Requirements Analysis,Meeting,Test Lab,Online Meeting,2025-11-08 15:15,2025-11-08 15:45,2025-11-08 15:35,2025-11-08 16:13,2025-11-08 15:35,2025-11-08 15:45,10.00,partial_overlap,Low
2929,P074,Client Visit,Project Discussion,Test Lab,Office Area 2,2025-11-06 14:00,2025-11-06 15:00,2025-11-06 14:30,2025-11-06 15:00,2025-11-06 14:30,2025-11-06 15:00,30.00,containment,Medium
2930,P074,Requirements Analysis,One-on-One,Demo Hall,Training Room,2025-11-08 15:15,2025-11-08 16:15,2025-11-08 15:15,2025-11-08 16:15,2025-11-08 15:15,2025-11-08 16:15,60.00,containment,High
2931,P074,Requirements Analysis,Meeting,Demo Hall,Online Meeting,2025-11-08 15:15,2025-11-08 16:15,2025-11-08 15:35,2025-11-08 16:13,2025-11-08 15:35,2025-11-08 16:13,38.00,containment,Medium
2932,P074,Testing Acceptance,Client Visit,Test Lab,Cafe,2025-11-07 08:45,2025-11-07 09:45,2025-11-07 08:59,2025-11-07 09:14,2025-11-07 08:59,2025-11-07 09:14,15.00,containment,Medium
2933,P074,Project Discussion,Deployment,Demo Hall,Conference Room C,2025-11-08 09:30,2025-11-08 10:30,2025-11-08 09:35,2025-11-08 10:11,2025-11-08 09:35,2025-11-08 10:11,36.00,containment,Medium
2934,P074,Deployment,Client Visit,Demo Hall,R&D Center,2025-11-07 15:45,2025-11-07 16:30,2025-11-07 15:51,2025-11-07 16:20,2025-11-07 15:51,2025-11-07 16:20,29.00,containment,Medium
2935,P074,One-on-One,Meeting,Training Room,Online Meeting,2025-11-08 15:15,2025-11-08 16:15,2025-11-08 15:35,2025-11-08 16:13,2025-11-08 15:35,2025-11-08 16:13,38.00,containment,Medium
2936,P074,Client Visit,Requirements Analysis,Remote,Client Reception,2025-11-13 14:00,2025-11-13 14:30,2025-11-13 14:00,2025-11-13 14:15,2025-11-13 14:00,2025-11-13 14:15,15.00,containment,Medium
2937,P074,Team Building,Design Review,Conference Room C,Product Showcase,2025-11-14 17:15,2025-11-14 17:45,2025-11-14 16:35,2025-11-14 17:26,2025-11-14 17:15,2025-11-14 17:26,11.00,partial_overlap,Low
2938,P074,Requirements Analysis,Operations Check,Office Area 1,Office Area 1,2025-11-11 18:30,2025-11-11 19:30,2025-11-11 18:15,2025-11-11 19:00,2025-11-11 18:30,2025-11-11 19:00,30.00,partial_overlap,Medium
2939,P074,Deployment,Project Discussion,Demo Hall,Online Meeting,2025-11-16 12:45,2025-11-16 13:30,2025-11-16 12:45,2025-11-16 13:30,2025-11-16 12:45,2025-11-16 13:30,45.00,containment,Medium
2940,P074,Deployment,Operations Check,Demo Hall,Cafe,2025-11-16 12:45,2025-11-16 13:30,2025-11-16 12:54,2025-11-16 13:12,2025-11-16 12:54,2025-11-16 13:12,18.00,containment,Medium
2941,P074,Deployment,One-on-One,Demo Hall,Conference Room B,2025-11-16 12:45,2025-11-16 13:30,2025-11-16 12:55,2025-11-16 13:27,2025-11-16 12:55,2025-11-16 13:27,32.00,containment,Medium
2942,P074,Deployment,Requirements Analysis,Demo Hall,Conference Room C,2025-11-16 12:45,2025-11-16 13:30,2025-11-16 13:09,2025-11-16 13:39,2025-11-16 13:09,2025-11-16 13:30,21.00,partial_overlap,Medium
2943,P074,Requirements Analysis,Requirements Analysis,Cafe,Conference Room C,2025-11-16 13:30,2025-11-16 14:00,2025-11-16 13:09,2025-11-16 13:39,2025-11-16 13:30,2025-11-16 13:39,9.00,partial_overlap,Low
2944,P074,Tech Sharing,Meeting,Remote,Cafe,2025-11-18 15:00,2025-11-18 15:15,2025-11-18 14:45,2025-11-18 15:30,2025-11-18 15:00,2025-11-18 15:15,15.00,containment,Medium
2945,P074,Tech Sharing,Operations Check,Remote,Online Meeting,2025-11-18 15:00,2025-11-18 15:15,2025-11-18 15:06,2025-11-18 15:54,2025-11-18 15:06,2025-11-18 15:15,9.00,partial_overlap,Low
2946,P074,Meeting,Operations Check,Cafe,Online Meeting,2025-11-18 14:45,2025-11-18 15:30,2025-11-18 15:06,2025-11-18 15:54,2025-11-18 15:06,2025-11-18 15:30,24.00,partial_overlap,Medium
2947,P074,Tech Sharing,Design Review,Break Room,Product Showcase,2025-11-14 16:30,2025-11-14 16:45,2025-11-14 16:35,2025-11-14 17:26,2025-11-14 16:35,2025-11-14 16:45,10.00,partial_overlap,Low
2948,P074,Project Discussion,Operations Check,Online Meeting,Cafe,2025-11-16 12:45,2025-11-16 13:30,2025-11-16 12:54,2025-11-16 13:12,2025-11-16 12:54,2025-11-16 13:12,18.00,containment,Medium
2949,P074,Project Discussion,One-on-One,Online Meeting,Conference Room B,2025-11-16 12:45,2025-11-16 13:30,2025-11-16 12:55,2025-11-16 13:27,2025-11-16 12:55,2025-11-16 13:27,32.00,containment,Medium
2950,P074,Project Discussion,Requirements Analysis,Online Meeting,Conference Room C,2025-11-16 12:45,2025-11-16 13:30,2025-11-16 13:09,2025-11-16 13:39,2025-11-16 13:09,2025-11-16 13:30,21.00,partial_overlap,Medium
2951,P074,Team Building,Meeting,Conference Room B,Demo Hall,2025-11-18 11:45,2025-11-18 12:15,2025-11-18 11:45,2025-11-18 12:00,2025-11-18 11:45,2025-11-18 12:00,15.00,containment,Medium
2952,P074,Requirements Analysis,Team Building,Conference Room A,Remote,2025-11-19 18:15,2025-11-19 18:30,2025-11-19 18:15,2025-11-19 19:00,2025-11-19 18:15,2025-11-19 18:30,15.00,containment,Medium
2953,P074,Project Discussion,Design Review,Test Lab,Test Lab,2025-11-18 10:30,2025-11-18 10:45,2025-11-18 10:15,2025-11-18 10:45,2025-11-18 10:30,2025-11-18 10:45,15.00,containment,Medium
2954,P074,Project Discussion,Project Discussion,Test Lab,Demo Hall,2025-11-18 10:30,2025-11-18 10:45,2025-11-18 10:22,2025-11-18 10:43,2025-11-18 10:30,2025-11-18 10:43,13.00,partial_overlap,Low
2955,P074,Team Building,Design Review,Demo Hall,Client Reception,2025-11-17 13:30,2025-11-17 14:00,2025-11-17 13:30,2025-11-17 14:15,2025-11-17 13:30,2025-11-17 14:00,30.00,containment,Medium
2956,P074,Team Building,Operations Check,Test Lab,Office Area 2,2025-11-23 09:00,2025-11-23 09:30,2025-11-23 09:10,2025-11-23 09:33,2025-11-23 09:10,2025-11-23 09:30,20.00,partial_overlap,Medium
2957,P074,One-on-One,Product Demo,Cafe,Training Room,2025-11-19 15:15,2025-11-19 15:45,2025-11-19 15:44,2025-11-19 16:14,2025-11-19 15:44,2025-11-19 15:45,1.00,partial_overlap,Low
2958,P074,Client Visit,Meeting,Remote,Test Lab,2025-11-18 18:30,2025-11-18 19:00,2025-11-18 18:30,2025-11-18 19:00,2025-11-18 18:30,2025-11-18 19:00,30.00,containment,Medium
2959,P074,Deployment,Testing Acceptance,Cafe,R&D Center,2025-11-24 16:45,2025-11-24 17:30,2025-11-24 17:00,2025-11-24 17:30,2025-11-24 17:00,2025-11-24 17:30,30.00,containment,Medium
2960,P074,Design Review,Project Discussion,Test Lab,Demo Hall,2025-11-18 10:15,2025-11-18 10:45,2025-11-18 10:22,2025-11-18 10:43,2025-11-18 10:22,2025-11-18 10:43,21.00,containment,Medium
2961,P074,Deployment,One-on-One,Office Area 1,Product Showcase,2025-11-24 17:30,2025-11-24 17:45,2025-11-24 17:30,2025-11-24 18:00,2025-11-24 17:30,2025-11-24 17:45,15.00,containment,Medium
2962,P074,Operations Check,One-on-One,Cafe,Conference Room B,2025-11-16 12:54,2025-11-16 13:12,2025-11-16 12:55,2025-11-16 13:27,2025-11-16 12:55,2025-11-16 13:12,17.00,partial_overlap,Medium
2963,P074,Operations Check,Requirements Analysis,Cafe,Conference Room C,2025-11-16 12:54,2025-11-16 13:12,2025-11-16 13:09,2025-11-16 13:39,2025-11-16 13:09,2025-11-16 13:12,3.00,partial_overlap,Low
2964,P074,One-on-One,Requirements Analysis,Conference Room B,Conference Room C,2025-11-16 12:55,2025-11-16 13:27,2025-11-16 13:09,2025-11-16 13:39,2025-11-16 13:09,2025-11-16 13:27,18.00,partial_overlap,Medium
2965,P075,Brainstorming,Design Review,Client Reception,Training Room,2025-10-30 15:30,2025-10-30 16:15,2025-10-30 15:48,2025-10-30 16:20,2025-10-30 15:48,2025-10-30 16:15,27.00,partial_overlap,Medium
2966,P075,Client Visit,One-on-One,R&D Center,Conference Room A,2025-10-31 17:00,2025-10-31 17:30,2025-10-31 17:07,2025-10-31 17:50,2025-10-31 17:07,2025-10-31 17:30,23.00,partial_overlap,Medium
2967,P075,Product Demo,Client Visit,Conference Room B,Product Showcase,2025-10-30 18:15,2025-10-30 19:15,2025-10-30 18:30,2025-10-30 19:02,2025-10-30 18:30,2025-10-30 19:02,32.00,containment,Medium
2968,P075,Product Demo,Brainstorming,Office Area 1,Demo Hall,2025-11-05 08:45,2025-11-05 09:15,2025-11-05 08:58,2025-11-05 09:24,2025-11-05 08:58,2025-11-05 09:15,17.00,partial_overlap,Medium
2969,P075,Training,Team Building,Cafe,Product Showcase,2025-11-08 13:30,2025-11-08 14:30,2025-11-08 13:45,2025-11-08 14:30,2025-11-08 13:45,2025-11-08 14:30,45.00,containment,Medium
2970,P075,Training,Team Building,Cafe,Remote,2025-11-08 13:30,2025-11-08 14:30,2025-11-08 14:11,2025-11-08 14:34,2025-11-08 14:11,2025-11-08 14:30,19.00,partial_overlap,Medium
2971,P075,Design Review,Tech Sharing,Test Lab,Client Reception,2025-11-04 14:00,2025-11-04 14:30,2025-11-04 14:14,2025-11-04 15:09,2025-11-04 14:14,2025-11-04 14:30,16.00,partial_overlap,Medium
2972,P075,Operations Check,Deployment,Demo Hall,Office Area 2,2025-11-04 18:30,2025-11-04 19:30,2025-11-04 18:44,2025-11-04 19:35,2025-11-04 18:44,2025-11-04 19:30,46.00,partial_overlap,Medium
2973,P075,Team Building,Team Building,Product Showcase,Remote,2025-11-08 13:45,2025-11-08 14:30,2025-11-08 14:11,2025-11-08 14:34,2025-11-08 14:11,2025-11-08 14:30,19.00,partial_overlap,Medium
2974,P075,Operations Check,Brainstorming,Training Room,Office Area 1,2025-11-13 12:45,2025-11-13 13:45,2025-11-13 12:45,2025-11-13 13:30,2025-11-13 12:45,2025-11-13 13:30,45.00,containment,Medium
2975,P075,Meeting,Deployment,Office Area 1,Training Room,2025-11-14 08:00,2025-11-14 09:00,2025-11-14 08:00,2025-11-14 09:00,2025-11-14 08:00,2025-11-14 09:00,60.00,containment,High
2976,P075,Meeting,One-on-One,Office Area 2,Online Meeting,2025-11-14 16:00,2025-11-14 16:30,2025-11-14 15:45,2025-11-14 16:45,2025-11-14 16:00,2025-11-14 16:30,30.00,containment,Medium
2977,P075,One-on-One,Client Visit,Demo Hall,Online Meeting,2025-11-15 17:45,2025-11-15 18:30,2025-11-15 17:15,2025-11-15 18:00,2025-11-15 17:45,2025-11-15 18:00,15.00,partial_overlap,Medium
2978,P075,Tech Sharing,Design Review,Remote,Conference Room A,2025-11-16 10:30,2025-11-16 11:15,2025-11-16 10:30,2025-11-16 10:45,2025-11-16 10:30,2025-11-16 10:45,15.00,containment,Medium
2979,P075,Requirements Analysis,One-on-One,Office Area 2,Office Area 2,2025-11-14 11:45,2025-11-14 12:15,2025-11-14 11:56,2025-11-14 12:44,2025-11-14 11:56,2025-11-14 12:15,19.00,partial_overlap,Medium
2980,P075,Team Building,Training,Office Area 2,Conference Room A,2025-11-16 15:15,2025-11-16 16:00,2025-11-16 15:37,2025-11-16 16:00,2025-11-16 15:37,2025-11-16 16:00,23.00,containment,Medium
2981,P075,Tech Sharing,Client Visit,R&D Center,Cafe,2025-11-21 11:45,2025-11-21 12:15,2025-11-21 12:00,2025-11-21 12:30,2025-11-21 12:00,2025-11-21 12:15,15.00,partial_overlap,Medium
2982,P075,Requirements Analysis,Tech Sharing,Cafe,Remote,2025-11-17 17:30,2025-11-17 18:15,2025-11-17 17:37,2025-11-17 18:29,2025-11-17 17:37,2025-11-17 18:15,38.00,partial_overlap,Medium
2983,P075,Meeting,Brainstorming,Break Room,Demo Hall,2025-11-20 09:00,2025-11-20 09:30,2025-11-20 08:30,2025-11-20 09:15,2025-11-20 09:00,2025-11-20 09:15,15.00,partial_overlap,Medium
2984,P076,Client Visit,Requirements Analysis,Training Room,Conference Room B,2025-10-30 17:30,2025-10-30 18:00,2025-10-30 17:46,2025-10-30 18:35,2025-10-30 17:46,2025-10-30 18:00,14.00,partial_overlap,Low
2985,P076,Design Review,Requirements Analysis,Demo Hall,Office Area 1,2025-11-02 14:30,2025-11-02 16:00,2025-11-02 15:00,2025-11-02 15:45,2025-11-02 15:00,2025-11-02 15:45,45.00,containment,Medium
2986,P076,Design Review,Brainstorming,Demo Hall,Demo Hall,2025-11-02 14:30,2025-11-02 16:00,2025-11-02 15:45,2025-11-02 16:30,2025-11-02 15:45,2025-11-02 16:00,15.00,partial_overlap,Medium
2987,P076,Client Visit,Deployment,Product Showcase,Conference Room B,2025-11-07 17:00,2025-11-07 17:30,2025-11-07 16:30,2025-11-07 17:30,2025-11-07 17:00,2025-11-07 17:30,30.00,containment,Medium
2988,P076,Project Discussion,Team Building,Conference Room B,Office Area 1,2025-11-11 13:00,2025-11-11 14:00,2025-11-11 13:25,2025-11-11 14:03,2025-11-11 13:25,2025-11-11 14:00,35.00,partial_overlap,Medium
2989,P076,Design Review,One-on-One,Online Meeting,R&D Center,2025-11-08 08:45,2025-11-08 09:30,2025-11-08 09:15,2025-11-08 10:00,2025-11-08 09:15,2025-11-08 09:30,15.00,partial_overlap,Medium
2990,P076,Design Review,Brainstorming,Online Meeting,Conference Room B,2025-11-08 08:45,2025-11-08 09:30,2025-11-08 09:03,2025-11-08 09:44,2025-11-08 09:03,2025-11-08 09:30,27.00,partial_overlap,Medium
2991,P076,Operations Check,One-on-One,Conference Room C,Demo Hall,2025-11-13 14:15,2025-11-13 15:15,2025-11-13 14:45,2025-11-13 15:21,2025-11-13 14:45,2025-11-13 15:15,30.00,partial_overlap,Medium
2992,P076,Brainstorming,Testing Acceptance,Demo Hall,Remote,2025-11-09 12:15,2025-11-09 13:15,2025-11-09 12:30,2025-11-09 13:30,2025-11-09 12:30,2025-11-09 13:15,45.00,partial_overlap,Medium
2993,P076,Brainstorming,Requirements Analysis,Demo Hall,Break Room,2025-11-09 12:15,2025-11-09 13:15,2025-11-09 12:40,2025-11-09 13:38,2025-11-09 12:40,2025-11-09 13:15,35.00,partial_overlap,Medium
2994,P076,One-on-One,Brainstorming,R&D Center,Conference Room B,2025-11-08 09:15,2025-11-08 10:00,2025-11-08 09:03,2025-11-08 09:44,2025-11-08 09:15,2025-11-08 09:44,29.00,partial_overlap,Medium
2995,P076,Requirements Analysis,Requirements Analysis,Client Reception,Conference Room A,2025-11-12 09:30,2025-11-12 10:15,2025-11-12 09:43,2025-11-12 10:34,2025-11-12 09:43,2025-11-12 10:15,32.00,partial_overlap,Medium
2996,P076,Testing Acceptance,Requirements Analysis,Remote,Break Room,2025-11-09 12:30,2025-11-09 13:30,2025-11-09 12:40,2025-11-09 13:38,2025-11-09 12:40,2025-11-09 13:30,50.00,partial_overlap,Medium
2997,P076,Brainstorming,One-on-One,Office Area 2,Conference Room B,2025-11-16 16:15,2025-11-16 17:00,2025-11-16 16:00,2025-11-16 16:30,2025-11-16 16:15,2025-11-16 16:30,15.00,partial_overlap,Medium
2998,P076,Brainstorming,Meeting,Office Area 2,Test Lab,2025-11-16 16:15,2025-11-16 17:00,2025-11-16 16:45,2025-11-16 17:15,2025-11-16 16:45,2025-11-16 17:00,15.00,partial_overlap,Medium
2999,P076,Brainstorming,Requirements Analysis,Office Area 2,Office Area 1,2025-11-16 16:15,2025-11-16 17:00,2025-11-16 16:20,2025-11-16 16:50,2025-11-16 16:20,2025-11-16 16:50,30.00,containment,Medium
3000,P076,Brainstorming,Requirements Analysis,Office Area 2,Cafe,2025-11-16 16:15,2025-11-16 17:00,2025-11-16 16:27,2025-11-16 16:43,2025-11-16 16:27,2025-11-16 16:43,16.00,containment,Medium
3001,P076,Testing Acceptance,Code Review,Demo Hall,Conference Room A,2025-11-16 11:15,2025-11-16 11:45,2025-11-16 10:36,2025-11-16 11:24,2025-11-16 11:15,2025-11-16 11:24,9.00,partial_overlap,Low
3002,P076,Deployment,Code Review,Conference Room A,Conference Room A,2025-11-16 10:30,2025-11-16 11:00,2025-11-16 10:36,2025-11-16 11:24,2025-11-16 10:36,2025-11-16 11:00,24.00,partial_overlap,Medium
3003,P076,Design Review,Code Review,Office Area 2,Conference Room A,2025-11-19 17:45,2025-11-19 18:00,2025-11-19 17:45,2025-11-19 18:00,2025-11-19 17:45,2025-11-19 18:00,15.00,containment,Medium
3004,P076,One-on-One,Requirements Analysis,Conference Room B,Office Area 1,2025-11-16 16:00,2025-11-16 16:30,2025-11-16 16:20,2025-11-16 16:50,2025-11-16 16:20,2025-11-16 16:30,10.00,partial_overlap,Low
3005,P076,One-on-One,Requirements Analysis,Conference Room B,Cafe,2025-11-16 16:00,2025-11-16 16:30,2025-11-16 16:27,2025-11-16 16:43,2025-11-16 16:27,2025-11-16 16:30,3.00,partial_overlap,Low
3006,P076,Meeting,Requirements Analysis,Test Lab,Office Area 1,2025-11-16 16:45,2025-11-16 17:15,2025-11-16 16:20,2025-11-16 16:50,2025-11-16 16:45,2025-11-16 16:50,5.00,partial_overlap,Low
3007,P076,Client Visit,Training,Online Meeting,Conference Room C,2025-11-20 10:15,2025-11-20 11:00,2025-11-20 10:30,2025-11-20 11:00,2025-11-20 10:30,2025-11-20 11:00,30.00,containment,Medium
3008,P076,Requirements Analysis,Client Visit,Break Room,Online Meeting,2025-11-23 14:00,2025-11-23 14:30,2025-11-23 13:13,2025-11-23 14:06,2025-11-23 14:00,2025-11-23 14:06,6.00,partial_overlap,Low
3009,P076,Team Building,Client Visit,Conference Room A,Online Meeting,2025-11-23 13:00,2025-11-23 13:45,2025-11-23 13:13,2025-11-23 14:06,2025-11-23 13:13,2025-11-23 13:45,32.00,partial_overlap,Medium
3010,P076,Requirements Analysis,Requirements Analysis,Office Area 1,Cafe,2025-11-16 16:20,2025-11-16 16:50,2025-11-16 16:27,2025-11-16 16:43,2025-11-16 16:27,2025-11-16 16:43,16.00,containment,Medium
3011,P077,Requirements Analysis,Requirements Analysis,Demo Hall,Conference Room B,2025-11-02 14:15,2025-11-02 15:15,2025-11-02 14:32,2025-11-02 14:48,2025-11-02 14:32,2025-11-02 14:48,16.00,containment,Medium
3012,P077,Training,Requirements Analysis,Office Area 2,Conference Room A,2025-10-31 09:15,2025-10-31 10:45,2025-10-31 09:30,2025-10-31 10:26,2025-10-31 09:30,2025-10-31 10:26,56.00,containment,Medium
3013,P077,Meeting,One-on-One,Client Reception,Conference Room C,2025-11-04 14:45,2025-11-04 16:15,2025-11-04 15:30,2025-11-04 16:15,2025-11-04 15:30,2025-11-04 16:15,45.00,containment,Medium
3014,P077,Tech Sharing,Training,Test Lab,Conference Room A,2025-11-08 13:15,2025-11-08 14:45,2025-11-08 13:30,2025-11-08 14:00,2025-11-08 13:30,2025-11-08 14:00,30.00,containment,Medium
3015,P077,Tech Sharing,Brainstorming,Test Lab,Test Lab,2025-11-08 13:15,2025-11-08 14:45,2025-11-08 14:30,2025-11-08 15:15,2025-11-08 14:30,2025-11-08 14:45,15.00,partial_overlap,Medium
3016,P077,Meeting,One-on-One,Office Area 2,R&D Center,2025-11-11 15:00,2025-11-11 16:00,2025-11-11 15:45,2025-11-11 16:30,2025-11-11 15:45,2025-11-11 16:00,15.00,partial_overlap,Medium
3017,P077,Requirements Analysis,One-on-One,Online Meeting,R&D Center,2025-11-11 16:15,2025-11-11 17:00,2025-11-11 15:45,2025-11-11 16:30,2025-11-11 16:15,2025-11-11 16:30,15.00,partial_overlap,Medium
3018,P077,Product Demo,Meeting,Office Area 1,Conference Room B,2025-11-15 18:45,2025-11-15 19:15,2025-11-15 19:05,2025-11-15 19:57,2025-11-15 19:05,2025-11-15 19:15,10.00,partial_overlap,Low
3019,P077,Operations Check,Design Review,Online Meeting,Office Area 2,2025-11-16 10:00,2025-11-16 11:00,2025-11-16 10:30,2025-11-16 11:00,2025-11-16 10:30,2025-11-16 11:00,30.00,containment,Medium
3020,P077,Operations Check,Product Demo,Online Meeting,Office Area 1,2025-11-16 10:00,2025-11-16 11:00,2025-11-16 10:30,2025-11-16 10:45,2025-11-16 10:30,2025-11-16 10:45,15.00,containment,Medium
3021,P077,Operations Check,Testing Acceptance,Online Meeting,Cafe,2025-11-16 10:00,2025-11-16 11:00,2025-11-16 10:00,2025-11-16 10:45,2025-11-16 10:00,2025-11-16 10:45,45.00,containment,Medium
3022,P077,Design Review,Product Demo,Office Area 2,Office Area 1,2025-11-16 10:30,2025-11-16 11:00,2025-11-16 10:30,2025-11-16 10:45,2025-11-16 10:30,2025-11-16 10:45,15.00,containment,Medium
3023,P077,Design Review,Testing Acceptance,Office Area 2,Cafe,2025-11-16 10:30,2025-11-16 11:00,2025-11-16 10:00,2025-11-16 10:45,2025-11-16 10:30,2025-11-16 10:45,15.00,partial_overlap,Medium
3024,P077,Training,Meeting,Test Lab,Remote,2025-11-14 09:00,2025-11-14 10:00,2025-11-14 09:16,2025-11-14 09:50,2025-11-14 09:16,2025-11-14 09:50,34.00,containment,Medium
3025,P077,Brainstorming,Requirements Analysis,Break Room,Training Room,2025-11-16 08:15,2025-11-16 08:30,2025-11-16 08:15,2025-11-16 08:30,2025-11-16 08:15,2025-11-16 08:30,15.00,containment,Medium
3026,P077,Deployment,Brainstorming,Demo Hall,Demo Hall,2025-11-16 16:15,2025-11-16 17:00,2025-11-16 16:27,2025-11-16 17:04,2025-11-16 16:27,2025-11-16 17:00,33.00,partial_overlap,Medium
3027,P077,Product Demo,Team Building,Client Reception,Cafe,2025-11-14 16:45,2025-11-14 17:30,2025-11-14 16:58,2025-11-14 17:51,2025-11-14 16:58,2025-11-14 17:30,32.00,partial_overlap,Medium
3028,P077,Operations Check,Testing Acceptance,Demo Hall,Break Room,2025-11-20 11:00,2025-11-20 11:30,2025-11-20 10:45,2025-11-20 11:15,2025-11-20 11:00,2025-11-20 11:15,15.00,partial_overlap,Medium
3029,P077,Operations Check,Requirements Analysis,Demo Hall,Product Showcase,2025-11-20 11:00,2025-11-20 11:30,2025-11-20 11:23,2025-11-20 12:01,2025-11-20 11:23,2025-11-20 11:30,7.00,partial_overlap,Low
3030,P077,Operations Check,Brainstorming,Demo Hall,Office Area 2,2025-11-20 11:00,2025-11-20 11:30,2025-11-20 11:07,2025-11-20 12:01,2025-11-20 11:07,2025-11-20 11:30,23.00,partial_overlap,Medium
3031,P077,Product Demo,Product Demo,Conference Room C,Online Meeting,2025-11-17 15:15,2025-11-17 15:45,2025-11-17 15:21,2025-11-17 15:51,2025-11-17 15:21,2025-11-17 15:45,24.00,partial_overlap,Medium
3032,P077,One-on-One,Tech Sharing,R&D Center,Test Lab,2025-11-20 08:30,2025-11-20 09:15,2025-11-20 08:53,2025-11-20 09:52,2025-11-20 08:53,2025-11-20 09:15,22.00,partial_overlap,Medium
3033,P077,Product Demo,Testing Acceptance,Office Area 1,Cafe,2025-11-16 10:30,2025-11-16 10:45,2025-11-16 10:00,2025-11-16 10:45,2025-11-16 10:30,2025-11-16 10:45,15.00,containment,Medium
3034,P077,Tech Sharing,One-on-One,Remote,Break Room,2025-11-24 13:45,2025-11-24 14:30,2025-11-24 13:45,2025-11-24 14:15,2025-11-24 13:45,2025-11-24 14:15,30.00,containment,Medium
3035,P077,Testing Acceptance,Brainstorming,Break Room,Office Area 2,2025-11-20 10:45,2025-11-20 11:15,2025-11-20 11:07,2025-11-20 12:01,2025-11-20 11:07,2025-11-20 11:15,8.00,partial_overlap,Low
3036,P077,Deployment,Team Building,Product Showcase,Test Lab,2025-11-21 18:30,2025-11-21 19:00,2025-11-21 18:43,2025-11-21 19:30,2025-11-21 18:43,2025-11-21 19:00,17.00,partial_overlap,Medium
3037,P077,Requirements Analysis,Brainstorming,Product Showcase,Office Area 2,2025-11-20 11:23,2025-11-20 12:01,2025-11-20 11:07,2025-11-20 12:01,2025-11-20 11:23,2025-11-20 12:01,38.00,containment,Medium
3038,P078,Code Review,Operations Check,Break Room,Break Room,2025-10-30 10:45,2025-10-30 11:45,2025-10-30 11:30,2025-10-30 12:30,2025-10-30 11:30,2025-10-30 11:45,15.00,partial_overlap,Medium
3039,P078,Code Review,One-on-One,Break Room,Client Reception,2025-10-30 10:45,2025-10-30 11:45,2025-10-30 11:41,2025-10-30 12:13,2025-10-30 11:41,2025-10-30 11:45,4.00,partial_overlap,Low
3040,P078,Operations Check,One-on-One,Break Room,Client Reception,2025-10-30 11:30,2025-10-30 12:30,2025-10-30 11:41,2025-10-30 12:13,2025-10-30 11:41,2025-10-30 12:13,32.00,containment,Medium
3041,P078,Meeting,Design Review,Training Room,Client Reception,2025-11-08 18:15,2025-11-08 19:45,2025-11-08 18:00,2025-11-08 18:30,2025-11-08 18:15,2025-11-08 18:30,15.00,partial_overlap,Medium
3042,P078,Operations Check,Team Building,Cafe,Client Reception,2025-11-01 09:30,2025-11-01 10:15,2025-11-01 09:50,2025-11-01 10:35,2025-11-01 09:50,2025-11-01 10:15,25.00,partial_overlap,Medium
3043,P078,Operations Check,Deployment,Cafe,Training Room,2025-11-01 09:30,2025-11-01 10:15,2025-11-01 09:53,2025-11-01 10:23,2025-11-01 09:53,2025-11-01 10:15,22.00,partial_overlap,Medium
3044,P078,Client Visit,Project Discussion,R&D Center,Demo Hall,2025-11-09 11:45,2025-11-09 12:15,2025-11-09 12:00,2025-11-09 12:45,2025-11-09 12:00,2025-11-09 12:15,15.00,partial_overlap,Medium
3045,P078,Client Visit,One-on-One,R&D Center,Cafe,2025-11-09 11:45,2025-11-09 12:15,2025-11-09 12:09,2025-11-09 12:40,2025-11-09 12:09,2025-11-09 12:15,6.00,partial_overlap,Low
3046,P078,Project Discussion,One-on-One,Demo Hall,Cafe,2025-11-09 12:00,2025-11-09 12:45,2025-11-09 12:09,2025-11-09 12:40,2025-11-09 12:09,2025-11-09 12:40,31.00,containment,Medium
3047,P078,Project Discussion,Meeting,Demo Hall,Product Showcase,2025-11-09 12:00,2025-11-09 12:45,2025-11-09 12:30,2025-11-09 13:30,2025-11-09 12:30,2025-11-09 12:45,15.00,partial_overlap,Medium
3048,P078,One-on-One,Meeting,Cafe,Product Showcase,2025-11-09 12:09,2025-11-09 12:40,2025-11-09 12:30,2025-11-09 13:30,2025-11-09 12:30,2025-11-09 12:40,10.00,partial_overlap,Low
3049,P078,Team Building,Deployment,Client Reception,Training Room,2025-11-01 09:50,2025-11-01 10:35,2025-11-01 09:53,2025-11-01 10:23,2025-11-01 09:53,2025-11-01 10:23,30.00,containment,Medium
3050,P078,Meeting,Product Demo,Product Showcase,Office Area 2,2025-11-09 12:30,2025-11-09 13:30,2025-11-09 13:15,2025-11-09 14:00,2025-11-09 13:15,2025-11-09 13:30,15.00,partial_overlap,Medium
3051,P078,Project Discussion,Tech Sharing,Break Room,Online Meeting,2025-11-12 16:15,2025-11-12 17:15,2025-11-12 15:45,2025-11-12 16:30,2025-11-12 16:15,2025-11-12 16:30,15.00,partial_overlap,Medium
3052,P078,One-on-One,One-on-One,Conference Room C,Online Meeting,2025-11-12 12:45,2025-11-12 13:45,2025-11-12 12:45,2025-11-12 13:15,2025-11-12 12:45,2025-11-12 13:15,30.00,containment,Medium
3053,P078,Requirements Analysis,Testing Acceptance,Break Room,Training Room,2025-11-08 15:15,2025-11-08 16:15,2025-11-08 15:36,2025-11-08 16:09,2025-11-08 15:36,2025-11-08 16:09,33.00,containment,Medium
3054,P078,Team Building,Operations Check,Conference Room C,R&D Center,2025-11-11 13:45,2025-11-11 14:15,2025-11-11 13:55,2025-11-11 14:26,2025-11-11 13:55,2025-11-11 14:15,20.00,partial_overlap,Medium
3055,P078,Requirements Analysis,Deployment,Product Showcase,Training Room,2025-11-16 15:30,2025-11-16 16:15,2025-11-16 15:45,2025-11-16 16:00,2025-11-16 15:45,2025-11-16 16:00,15.00,containment,Medium
3056,P078,Requirements Analysis,Requirements Analysis,Product Showcase,Product Showcase,2025-11-16 15:30,2025-11-16 16:15,2025-11-16 16:00,2025-11-16 16:45,2025-11-16 16:00,2025-11-16 16:15,15.00,partial_overlap,Medium
3057,P078,Deployment,Product Demo,Conference Room A,Demo Hall,2025-11-19 14:30,2025-11-19 15:15,2025-11-19 14:30,2025-11-19 14:45,2025-11-19 14:30,2025-11-19 14:45,15.00,containment,Medium
3058,P078,Deployment,Requirements Analysis,Break Room,Break Room,2025-11-18 15:15,2025-11-18 16:00,2025-11-18 14:45,2025-11-18 15:30,2025-11-18 15:15,2025-11-18 15:30,15.00,partial_overlap,Medium
3059,P078,Deployment,Operations Check,Break Room,Remote,2025-11-18 15:15,2025-11-18 16:00,2025-11-18 14:45,2025-11-18 15:30,2025-11-18 15:15,2025-11-18 15:30,15.00,partial_overlap,Medium
3060,P078,Product Demo,Client Visit,Demo Hall,Product Showcase,2025-11-20 09:15,2025-11-20 09:45,2025-11-20 09:15,2025-11-20 09:45,2025-11-20 09:15,2025-11-20 09:45,30.00,containment,Medium
3061,P078,Requirements Analysis,Operations Check,Break Room,Remote,2025-11-18 14:45,2025-11-18 15:30,2025-11-18 14:45,2025-11-18 15:30,2025-11-18 14:45,2025-11-18 15:30,45.00,containment,Medium
3062,P078,One-on-One,Operations Check,Conference Room A,Test Lab,2025-11-21 18:00,2025-11-21 18:45,2025-11-21 18:15,2025-11-21 18:30,2025-11-21 18:15,2025-11-21 18:30,15.00,containment,Medium
3063,P078,One-on-One,Training,Conference Room A,Break Room,2025-11-21 18:00,2025-11-21 18:45,2025-11-21 18:29,2025-11-21 19:03,2025-11-21 18:29,2025-11-21 18:45,16.00,partial_overlap,Medium
3064,P078,Brainstorming,Project Discussion,R&D Center,Office Area 1,2025-11-21 15:15,2025-11-21 16:00,2025-11-21 15:15,2025-11-21 15:30,2025-11-21 15:15,2025-11-21 15:30,15.00,containment,Medium
3065,P078,Brainstorming,Deployment,R&D Center,Test Lab,2025-11-21 15:15,2025-11-21 16:00,2025-11-21 15:00,2025-11-21 15:45,2025-11-21 15:15,2025-11-21 15:45,30.00,partial_overlap,Medium
3066,P078,Operations Check,Training,Test Lab,Break Room,2025-11-21 18:15,2025-11-21 18:30,2025-11-21 18:29,2025-11-21 19:03,2025-11-21 18:29,2025-11-21 18:30,1.00,partial_overlap,Low
3067,P078,Project Discussion,Deployment,Office Area 1,Test Lab,2025-11-21 15:15,2025-11-21 15:30,2025-11-21 15:00,2025-11-21 15:45,2025-11-21 15:15,2025-11-21 15:30,15.00,containment,Medium
3068,P078,Brainstorming,Client Visit,Conference Room C,Demo Hall,2025-11-17 18:45,2025-11-17 19:00,2025-11-17 18:30,2025-11-17 19:15,2025-11-17 18:45,2025-11-17 19:00,15.00,containment,Medium
3069,P079,Design Review,Design Review,Office Area 2,Product Showcase,2025-11-05 12:30,2025-11-05 13:15,2025-11-05 12:30,2025-11-05 13:15,2025-11-05 12:30,2025-11-05 13:15,45.00,containment,Medium
3070,P079,Brainstorming,Operations Check,Conference Room B,Office Area 2,2025-11-07 09:00,2025-11-07 10:30,2025-11-07 10:00,2025-11-07 10:30,2025-11-07 10:00,2025-11-07 10:30,30.00,containment,Medium
3071,P079,One-on-One,Requirements Analysis,Break Room,Conference Room C,2025-11-06 16:45,2025-11-06 17:15,2025-11-06 16:15,2025-11-06 17:15,2025-11-06 16:45,2025-11-06 17:15,30.00,containment,Medium
3072,P079,One-on-One,Brainstorming,Break Room,Conference Room A,2025-11-06 16:45,2025-11-06 17:15,2025-11-06 16:45,2025-11-06 17:30,2025-11-06 16:45,2025-11-06 17:15,30.00,containment,Medium
3073,P079,Requirements Analysis,Brainstorming,Conference Room C,Conference Room A,2025-11-06 16:15,2025-11-06 17:15,2025-11-06 16:45,2025-11-06 17:30,2025-11-06 16:45,2025-11-06 17:15,30.00,partial_overlap,Medium
3074,P079,Tech Sharing,Design Review,Cafe,Demo Hall,2025-11-05 13:30,2025-11-05 14:00,2025-11-05 13:37,2025-11-05 14:30,2025-11-05 13:37,2025-11-05 14:00,23.00,partial_overlap,Medium
3075,P079,Requirements Analysis,Training,Remote,Test Lab,2025-11-13 15:15,2025-11-13 16:15,2025-11-13 15:15,2025-11-13 16:00,2025-11-13 15:15,2025-11-13 16:00,45.00,containment,Medium
3076,P079,Requirements Analysis,Operations Check,Remote,Remote,2025-11-13 15:15,2025-11-13 16:15,2025-11-13 16:00,2025-11-13 16:45,2025-11-13 16:00,2025-11-13 16:15,15.00,partial_overlap,Medium
3077,P079,Tech Sharing,Design Review,Conference Room A,Cafe,2025-11-10 16:30,2025-11-10 17:15,2025-11-10 16:00,2025-11-10 16:45,2025-11-10 16:30,2025-11-10 16:45,15.00,partial_overlap,Medium
3078,P079,One-on-One,Team Building,Cafe,Break Room,2025-11-16 14:30,2025-11-16 15:15,2025-11-16 14:45,2025-11-16 15:30,2025-11-16 14:45,2025-11-16 15:15,30.00,partial_overlap,Medium
3079,P079,One-on-One,Training,Cafe,Office Area 1,2025-11-16 14:30,2025-11-16 15:15,2025-11-16 14:15,2025-11-16 14:45,2025-11-16 14:30,2025-11-16 14:45,15.00,partial_overlap,Medium
3080,P079,One-on-One,Training,Cafe,Remote,2025-11-16 14:30,2025-11-16 15:15,2025-11-16 14:30,2025-11-16 14:45,2025-11-16 14:30,2025-11-16 14:45,15.00,containment,Medium
3081,P079,Product Demo,Deployment,Test Lab,Online Meeting,2025-11-13 09:15,2025-11-13 09:45,2025-11-13 09:00,2025-11-13 09:45,2025-11-13 09:15,2025-11-13 09:45,30.00,containment,Medium
3082,P079,Product Demo,Code Review,Test Lab,Training Room,2025-11-13 09:15,2025-11-13 09:45,2025-11-13 09:20,2025-11-13 09:47,2025-11-13 09:20,2025-11-13 09:45,25.00,partial_overlap,Medium
3083,P079,Product Demo,One-on-One,Product Showcase,Conference Room A,2025-11-15 12:30,2025-11-15 13:15,2025-11-15 12:30,2025-11-15 13:00,2025-11-15 12:30,2025-11-15 13:00,30.00,containment,Medium
3084,P079,One-on-One,One-on-One,Conference Room C,Conference Room B,2025-11-17 11:00,2025-11-17 11:45,2025-11-17 11:30,2025-11-17 12:15,2025-11-17 11:30,2025-11-17 11:45,15.00,partial_overlap,Medium
3085,P079,Code Review,One-on-One,Online Meeting,Online Meeting,2025-11-17 09:00,2025-11-17 09:45,2025-11-17 09:00,2025-11-17 09:45,2025-11-17 09:00,2025-11-17 09:45,45.00,containment,Medium
3086,P079,One-on-One,Code Review,Conference Room B,Conference Room A,2025-11-17 11:30,2025-11-17 12:15,2025-11-17 12:00,2025-11-17 12:15,2025-11-17 12:00,2025-11-17 12:15,15.00,containment,Medium
3087,P079,Deployment,Code Review,Online Meeting,Training Room,2025-11-13 09:00,2025-11-13 09:45,2025-11-13 09:20,2025-11-13 09:47,2025-11-13 09:20,2025-11-13 09:45,25.00,partial_overlap,Medium
3088,P079,Meeting,Meeting,Demo Hall,Cafe,2025-11-19 17:15,2025-11-19 17:45,2025-11-19 17:30,2025-11-19 18:15,2025-11-19 17:30,2025-11-19 17:45,15.00,partial_overlap,Medium
3089,P079,Training,Training,Office Area 1,Remote,2025-11-16 14:15,2025-11-16 14:45,2025-11-16 14:30,2025-11-16 14:45,2025-11-16 14:30,2025-11-16 14:45,15.00,containment,Medium
3090,P079,Brainstorming,Deployment,Break Room,Conference Room B,2025-11-20 16:30,2025-11-20 17:15,2025-11-20 16:54,2025-11-20 17:33,2025-11-20 16:54,2025-11-20 17:15,21.00,partial_overlap,Medium
3091,P079,Client Visit,Design Review,Demo Hall,Training Room,2025-11-22 18:00,2025-11-22 18:30,2025-11-22 18:06,2025-11-22 18:32,2025-11-22 18:06,2025-11-22 18:30,24.00,partial_overlap,Medium
3092,P079,Training,Client Visit,Break Room,Online Meeting,2025-11-20 13:45,2025-11-20 14:15,2025-11-20 14:00,2025-11-20 14:15,2025-11-20 14:00,2025-11-20 14:15,15.00,containment,Medium
3093,P079,Training,Training,Break Room,Conference Room A,2025-11-20 13:45,2025-11-20 14:15,2025-11-20 13:30,2025-11-20 14:15,2025-11-20 13:45,2025-11-20 14:15,30.00,containment,Medium
3094,P079,Operations Check,One-on-One,Training Room,Online Meeting,2025-11-18 15:45,2025-11-18 16:00,2025-11-18 15:45,2025-11-18 16:30,2025-11-18 15:45,2025-11-18 16:00,15.00,containment,Medium
3095,P079,Operations Check,Deployment,Training Room,Demo Hall,2025-11-18 15:45,2025-11-18 16:00,2025-11-18 15:51,2025-11-18 16:11,2025-11-18 15:51,2025-11-18 16:00,9.00,partial_overlap,Low
3096,P079,One-on-One,Deployment,Demo Hall,Conference Room B,2025-11-20 17:30,2025-11-20 18:00,2025-11-20 16:54,2025-11-20 17:33,2025-11-20 17:30,2025-11-20 17:33,3.00,partial_overlap,Low
3097,P079,One-on-One,Deployment,Online Meeting,Demo Hall,2025-11-18 15:45,2025-11-18 16:30,2025-11-18 15:51,2025-11-18 16:11,2025-11-18 15:51,2025-11-18 16:11,20.00,containment,Medium
3098,P079,One-on-One,Requirements Analysis,Online Meeting,Online Meeting,2025-11-18 15:45,2025-11-18 16:30,2025-11-18 16:08,2025-11-18 16:43,2025-11-18 16:08,2025-11-18 16:30,22.00,partial_overlap,Medium
3099,P079,Requirements Analysis,Training,R&D Center,Break Room,2025-11-22 11:30,2025-11-22 12:00,2025-11-22 11:55,2025-11-22 12:37,2025-11-22 11:55,2025-11-22 12:00,5.00,partial_overlap,Low
3100,P079,Client Visit,Training,Online Meeting,Conference Room A,2025-11-20 14:00,2025-11-20 14:15,2025-11-20 13:30,2025-11-20 14:15,2025-11-20 14:00,2025-11-20 14:15,15.00,containment,Medium
3101,P079,Deployment,Requirements Analysis,Demo Hall,Online Meeting,2025-11-18 15:51,2025-11-18 16:11,2025-11-18 16:08,2025-11-18 16:43,2025-11-18 16:08,2025-11-18 16:11,3.00,partial_overlap,Low
3102,P080,Client Visit,Testing Acceptance,Remote,Conference Room C,2025-11-02 18:15,2025-11-02 19:15,2025-11-02 18:30,2025-11-02 19:00,2025-11-02 18:30,2025-11-02 19:00,30.00,containment,Medium
3103,P080,Deployment,Operations Check,Training Room,Online Meeting,2025-11-04 16:45,2025-11-04 17:15,2025-11-04 16:30,2025-11-04 17:30,2025-11-04 16:45,2025-11-04 17:15,30.00,containment,Medium
3104,P080,Code Review,Requirements Analysis,Conference Room C,Office Area 2,2025-11-07 13:15,2025-11-07 14:15,2025-11-07 14:00,2025-11-07 15:00,2025-11-07 14:00,2025-11-07 14:15,15.00,partial_overlap,Medium
3105,P080,Brainstorming,Operations Check,Product Showcase,Test Lab,2025-11-08 15:15,2025-11-08 16:15,2025-11-08 15:38,2025-11-08 15:55,2025-11-08 15:38,2025-11-08 15:55,17.00,containment,Medium
3106,P080,Brainstorming,Code Review,Product Showcase,Remote,2025-11-08 15:15,2025-11-08 16:15,2025-11-08 15:45,2025-11-08 16:27,2025-11-08 15:45,2025-11-08 16:15,30.00,partial_overlap,Medium
3107,P080,Product Demo,Project Discussion,Office Area 2,R&D Center,2025-11-08 17:30,2025-11-08 18:15,2025-11-08 17:45,2025-11-08 18:01,2025-11-08 17:45,2025-11-08 18:01,16.00,containment,Medium
3108,P080,Product Demo,Client Visit,Office Area 2,Conference Room A,2025-11-08 17:30,2025-11-08 18:15,2025-11-08 18:04,2025-11-08 18:58,2025-11-08 18:04,2025-11-08 18:15,11.00,partial_overlap,Low
3109,P080,Product Demo,Client Visit,Office Area 2,Office Area 1,2025-11-08 17:30,2025-11-08 18:15,2025-11-08 17:30,2025-11-08 18:15,2025-11-08 17:30,2025-11-08 18:15,45.00,containment,Medium
3110,P080,Product Demo,Design Review,Office Area 2,Office Area 1,2025-11-08 17:30,2025-11-08 18:15,2025-11-08 17:50,2025-11-08 18:11,2025-11-08 17:50,2025-11-08 18:11,21.00,containment,Medium
3111,P080,Operations Check,Code Review,Test Lab,Remote,2025-11-08 15:38,2025-11-08 15:55,2025-11-08 15:45,2025-11-08 16:27,2025-11-08 15:45,2025-11-08 15:55,10.00,partial_overlap,Low
3112,P080,Project Discussion,Client Visit,R&D Center,Office Area 1,2025-11-08 17:45,2025-11-08 18:01,2025-11-08 17:30,2025-11-08 18:15,2025-11-08 17:45,2025-11-08 18:01,16.00,containment,Medium
3113,P080,Project Discussion,Design Review,R&D Center,Office Area 1,2025-11-08 17:45,2025-11-08 18:01,2025-11-08 17:50,2025-11-08 18:11,2025-11-08 17:50,2025-11-08 18:01,11.00,partial_overlap,Low
3114,P080,Client Visit,Client Visit,Conference Room A,Office Area 1,2025-11-08 18:04,2025-11-08 18:58,2025-11-08 17:30,2025-11-08 18:15,2025-11-08 18:04,2025-11-08 18:15,11.00,partial_overlap,Low
3115,P080,Client Visit,Design Review,Conference Room A,Office Area 1,2025-11-08 18:04,2025-11-08 18:58,2025-11-08 17:50,2025-11-08 18:11,2025-11-08 18:04,2025-11-08 18:11,7.00,partial_overlap,Low
3116,P080,Meeting,Operations Check,Test Lab,R&D Center,2025-11-07 17:00,2025-11-07 17:45,2025-11-07 16:30,2025-11-07 17:15,2025-11-07 17:00,2025-11-07 17:15,15.00,partial_overlap,Medium
3117,P080,Design Review,Product Demo,Product Showcase,Conference Room A,2025-11-05 13:00,2025-11-05 13:30,2025-11-05 13:16,2025-11-05 13:42,2025-11-05 13:16,2025-11-05 13:30,14.00,partial_overlap,Low
3118,P080,Team Building,Testing Acceptance,Client Reception,Break Room,2025-11-07 11:30,2025-11-07 12:30,2025-11-07 12:15,2025-11-07 13:15,2025-11-07 12:15,2025-11-07 12:30,15.00,partial_overlap,Medium
3119,P080,Team Building,Meeting,Client Reception,Product Showcase,2025-11-07 11:30,2025-11-07 12:30,2025-11-07 12:25,2025-11-07 12:51,2025-11-07 12:25,2025-11-07 12:30,5.00,partial_overlap,Low
3120,P080,Requirements Analysis,Deployment,R&D Center,Test Lab,2025-11-10 15:45,2025-11-10 16:15,2025-11-10 15:15,2025-11-10 16:15,2025-11-10 15:45,2025-11-10 16:15,30.00,containment,Medium
3121,P080,Requirements Analysis,Design Review,R&D Center,Product Showcase,2025-11-10 15:45,2025-11-10 16:15,2025-11-10 16:07,2025-11-10 16:24,2025-11-10 16:07,2025-11-10 16:15,8.00,partial_overlap,Low
3122,P080,Deployment,Testing Acceptance,R&D Center,Training Room,2025-11-12 14:00,2025-11-12 14:30,2025-11-12 13:30,2025-11-12 14:15,2025-11-12 14:00,2025-11-12 14:15,15.00,partial_overlap,Medium
3123,P080,Deployment,Requirements Analysis,R&D Center,Demo Hall,2025-11-12 14:00,2025-11-12 14:30,2025-11-12 14:11,2025-11-12 15:07,2025-11-12 14:11,2025-11-12 14:30,19.00,partial_overlap,Medium
3124,P080,Testing Acceptance,Meeting,Break Room,Product Showcase,2025-11-07 12:15,2025-11-07 13:15,2025-11-07 12:25,2025-11-07 12:51,2025-11-07 12:25,2025-11-07 12:51,26.00,containment,Medium
3125,P080,Requirements Analysis,Deployment,Office Area 2,Demo Hall,2025-11-07 14:00,2025-11-07 15:00,2025-11-07 14:30,2025-11-07 15:00,2025-11-07 14:30,2025-11-07 15:00,30.00,containment,Medium
3126,P080,Requirements Analysis,One-on-One,Office Area 2,Office Area 1,2025-11-07 14:00,2025-11-07 15:00,2025-11-07 14:36,2025-11-07 15:09,2025-11-07 14:36,2025-11-07 15:00,24.00,partial_overlap,Medium
3127,P080,Deployment,One-on-One,Demo Hall,Office Area 1,2025-11-07 14:30,2025-11-07 15:00,2025-11-07 14:36,2025-11-07 15:09,2025-11-07 14:36,2025-11-07 15:00,24.00,partial_overlap,Medium
3128,P080,Client Visit,Design Review,Office Area 1,Office Area 1,2025-11-08 17:30,2025-11-08 18:15,2025-11-08 17:50,2025-11-08 18:11,2025-11-08 17:50,2025-11-08 18:11,21.00,containment,Medium
3129,P080,Testing Acceptance,Requirements Analysis,Training Room,Demo Hall,2025-11-12 13:30,2025-11-12 14:15,2025-11-12 14:11,2025-11-12 15:07,2025-11-12 14:11,2025-11-12 14:15,4.00,partial_overlap,Low
3130,P080,Deployment,Design Review,Test Lab,Product Showcase,2025-11-10 15:15,2025-11-10 16:15,2025-11-10 16:07,2025-11-10 16:24,2025-11-10 16:07,2025-11-10 16:15,8.00,partial_overlap,Low
3131,P080,Code Review,Training,Training Room,Client Reception,2025-11-17 16:45,2025-11-17 17:30,2025-11-17 17:00,2025-11-17 17:15,2025-11-17 17:00,2025-11-17 17:15,15.00,containment,Medium
3132,P080,Code Review,Requirements Analysis,Conference Room A,Online Meeting,2025-11-14 08:00,2025-11-14 08:30,2025-11-14 08:15,2025-11-14 08:52,2025-11-14 08:15,2025-11-14 08:30,15.00,partial_overlap,Medium
3133,P080,Meeting,Deployment,Break Room,Conference Room C,2025-11-12 10:30,2025-11-12 10:45,2025-11-12 10:41,2025-11-12 11:33,2025-11-12 10:41,2025-11-12 10:45,4.00,partial_overlap,Low
3134,P080,One-on-One,Operations Check,Training Room,Remote,2025-11-14 11:45,2025-11-14 12:30,2025-11-14 11:30,2025-11-14 12:15,2025-11-14 11:45,2025-11-14 12:15,30.00,partial_overlap,Medium
3135,P080,One-on-One,Project Discussion,Training Room,Cafe,2025-11-14 11:45,2025-11-14 12:30,2025-11-14 11:45,2025-11-14 12:04,2025-11-14 11:45,2025-11-14 12:04,19.00,containment,Medium
3136,P080,Product Demo,Project Discussion,Office Area 1,Test Lab,2025-11-19 18:30,2025-11-19 18:45,2025-11-19 17:35,2025-11-19 18:31,2025-11-19 18:30,2025-11-19 18:31,1.00,partial_overlap,Low
3137,P080,Client Visit,Team Building,Training Room,R&D Center,2025-11-19 09:00,2025-11-19 09:45,2025-11-19 09:30,2025-11-19 09:45,2025-11-19 09:30,2025-11-19 09:45,15.00,containment,Medium
3138,P080,Product Demo,Testing Acceptance,Client Reception,Online Meeting,2025-11-18 13:45,2025-11-18 14:30,2025-11-18 13:45,2025-11-18 14:00,2025-11-18 13:45,2025-11-18 14:00,15.00,containment,Medium
3139,P080,Product Demo,Testing Acceptance,Client Reception,R&D Center,2025-11-18 13:45,2025-11-18 14:30,2025-11-18 14:12,2025-11-18 14:52,2025-11-18 14:12,2025-11-18 14:30,18.00,partial_overlap,Medium
3140,P080,Operations Check,Project Discussion,Remote,Cafe,2025-11-14 11:30,2025-11-14 12:15,2025-11-14 11:45,2025-11-14 12:04,2025-11-14 11:45,2025-11-14 12:04,19.00,containment,Medium
3141,P080,Meeting,Tech Sharing,Online Meeting,Test Lab,2025-11-21 16:00,2025-11-21 16:45,2025-11-21 16:00,2025-11-21 16:15,2025-11-21 16:00,2025-11-21 16:15,15.00,containment,Medium
3142,P080,Project Discussion,Code Review,Demo Hall,Client Reception,2025-11-18 08:45,2025-11-18 09:00,2025-11-18 08:15,2025-11-18 09:00,2025-11-18 08:45,2025-11-18 09:00,15.00,containment,Medium
3143,P080,Client Visit,Testing Acceptance,Cafe,Client Reception,2025-11-21 10:45,2025-11-21 11:15,2025-11-21 11:13,2025-11-21 12:03,2025-11-21 11:13,2025-11-21 11:15,2.00,partial_overlap,Low
3144,P080,Team Building,Project Discussion,R&D Center,Test Lab,2025-11-19 17:40,2025-11-19 18:30,2025-11-19 17:35,2025-11-19 18:31,2025-11-19 17:40,2025-11-19 18:30,50.00,containment,Medium
3145,P081,Code Review,Code Review,Online Meeting,Demo Hall,2025-11-01 16:30,2025-11-01 17:30,2025-11-01 16:45,2025-11-01 18:15,2025-11-01 16:45,2025-11-01 17:30,45.00,partial_overlap,Medium
3146,P081,Code Review,Operations Check,Online Meeting,R&D Center,2025-11-01 16:30,2025-11-01 17:30,2025-11-01 16:46,2025-11-01 17:38,2025-11-01 16:46,2025-11-01 17:30,44.00,partial_overlap,Medium
3147,P081,Meeting,Team Building,Office Area 2,Remote,2025-11-02 10:00,2025-11-02 11:00,2025-11-02 10:15,2025-11-02 11:00,2025-11-02 10:15,2025-11-02 11:00,45.00,containment,Medium
3148,P081,Code Review,Operations Check,Demo Hall,R&D Center,2025-11-01 16:45,2025-11-01 18:15,2025-11-01 16:46,2025-11-01 17:38,2025-11-01 16:46,2025-11-01 17:38,52.00,containment,Medium
3149,P081,Code Review,Project Discussion,Client Reception,Training Room,2025-11-07 10:15,2025-11-07 11:00,2025-11-07 10:35,2025-11-07 10:58,2025-11-07 10:35,2025-11-07 10:58,23.00,containment,Medium
3150,P081,Code Review,Training,Client Reception,Client Reception,2025-11-07 10:15,2025-11-07 11:00,2025-11-07 09:45,2025-11-07 10:30,2025-11-07 10:15,2025-11-07 10:30,15.00,partial_overlap,Medium
3151,P081,Requirements Analysis,Design Review,Conference Room B,Client Reception,2025-11-04 17:45,2025-11-04 18:30,2025-11-04 17:59,2025-11-04 18:46,2025-11-04 17:59,2025-11-04 18:30,31.00,partial_overlap,Medium
3152,P081,Requirements Analysis,Team Building,Conference Room B,Demo Hall,2025-11-04 17:45,2025-11-04 18:30,2025-11-04 17:58,2025-11-04 18:31,2025-11-04 17:58,2025-11-04 18:30,32.00,partial_overlap,Medium
3153,P081,Requirements Analysis,Client Visit,Conference Room B,Conference Room C,2025-11-04 17:45,2025-11-04 18:30,2025-11-04 18:14,2025-11-04 18:37,2025-11-04 18:14,2025-11-04 18:30,16.00,partial_overlap,Medium
3154,P081,Operations Check,Training,Test Lab,Product Showcase,2025-11-06 10:00,2025-11-06 10:45,2025-11-06 09:45,2025-11-06 10:45,2025-11-06 10:00,2025-11-06 10:45,45.00,containment,Medium
3155,P081,Brainstorming,Deployment,Online Meeting,Training Room,2025-11-08 12:00,2025-11-08 13:00,2025-11-08 12:12,2025-11-08 12:33,2025-11-08 12:12,2025-11-08 12:33,21.00,containment,Medium
3156,P081,Brainstorming,Client Visit,Test Lab,Client Reception,2025-11-08 14:15,2025-11-08 15:00,2025-11-08 14:26,2025-11-08 15:04,2025-11-08 14:26,2025-11-08 15:00,34.00,partial_overlap,Medium
3157,P081,Requirements Analysis,Code Review,Office Area 2,Demo Hall,2025-11-14 10:30,2025-11-14 11:15,2025-11-14 10:15,2025-11-14 10:45,2025-11-14 10:30,2025-11-14 10:45,15.00,partial_overlap,Medium
3158,P081,Requirements Analysis,Project Discussion,Office Area 2,Demo Hall,2025-11-14 10:30,2025-11-14 11:15,2025-11-14 10:55,2025-11-14 11:51,2025-11-14 10:55,2025-11-14 11:15,20.00,partial_overlap,Medium
3159,P081,Requirements Analysis,Product Demo,Office Area 2,Training Room,2025-11-14 10:30,2025-11-14 11:15,2025-11-14 11:00,2025-11-14 11:22,2025-11-14 11:00,2025-11-14 11:15,15.00,partial_overlap,Medium
3160,P081,Requirements Analysis,Operations Check,Office Area 2,Office Area 1,2025-11-14 10:30,2025-11-14 11:15,2025-11-14 10:35,2025-11-14 11:03,2025-11-14 10:35,2025-11-14 11:03,28.00,containment,Medium
3161,P081,Code Review,Operations Check,Demo Hall,Office Area 1,2025-11-14 10:15,2025-11-14 10:45,2025-11-14 10:35,2025-11-14 11:03,2025-11-14 10:35,2025-11-14 10:45,10.00,partial_overlap,Low
3162,P081,Operations Check,Tech Sharing,Remote,Demo Hall,2025-11-09 10:30,2025-11-09 11:00,2025-11-09 10:40,2025-11-09 11:08,2025-11-09 10:40,2025-11-09 11:00,20.00,partial_overlap,Medium
3163,P081,Operations Check,Tech Sharing,Remote,Conference Room A,2025-11-09 10:30,2025-11-09 11:00,2025-11-09 10:55,2025-11-09 11:17,2025-11-09 10:55,2025-11-09 11:00,5.00,partial_overlap,Low
3164,P081,Design Review,Deployment,Break Room,Conference Room C,2025-11-17 09:30,2025-11-17 10:15,2025-11-17 09:45,2025-11-17 10:27,2025-11-17 09:45,2025-11-17 10:15,30.00,partial_overlap,Medium
3165,P081,Design Review,Product Demo,Break Room,Office Area 2,2025-11-17 09:30,2025-11-17 10:15,2025-11-17 09:15,2025-11-17 10:00,2025-11-17 09:30,2025-11-17 10:00,30.00,partial_overlap,Medium
3166,P081,Project Discussion,Product Demo,Demo Hall,Training Room,2025-11-14 10:55,2025-11-14 11:51,2025-11-14 11:00,2025-11-14 11:22,2025-11-14 11:00,2025-11-14 11:22,22.00,containment,Medium
3167,P081,Project Discussion,Operations Check,Demo Hall,Office Area 1,2025-11-14 10:55,2025-11-14 11:51,2025-11-14 10:35,2025-11-14 11:03,2025-11-14 10:55,2025-11-14 11:03,8.00,partial_overlap,Low
3168,P081,Design Review,Team Building,Client Reception,Demo Hall,2025-11-04 17:59,2025-11-04 18:46,2025-11-04 17:58,2025-11-04 18:31,2025-11-04 17:59,2025-11-04 18:31,32.00,partial_overlap,Medium
3169,P081,Design Review,Client Visit,Client Reception,Conference Room C,2025-11-04 17:59,2025-11-04 18:46,2025-11-04 18:14,2025-11-04 18:37,2025-11-04 18:14,2025-11-04 18:37,23.00,containment,Medium
3170,P081,Tech Sharing,Tech Sharing,Demo Hall,Conference Room A,2025-11-09 10:40,2025-11-09 11:08,2025-11-09 10:55,2025-11-09 11:17,2025-11-09 10:55,2025-11-09 11:08,13.00,partial_overlap,Low
3171,P081,Product Demo,Operations Check,Training Room,Office Area 1,2025-11-14 11:00,2025-11-14 11:22,2025-11-14 10:35,2025-11-14 11:03,2025-11-14 11:00,2025-11-14 11:03,3.00,partial_overlap,Low
3172,P081,Deployment,Product Demo,Conference Room C,Office Area 2,2025-11-17 09:45,2025-11-17 10:27,2025-11-17 09:15,2025-11-17 10:00,2025-11-17 09:45,2025-11-17 10:00,15.00,partial_overlap,Medium
3173,P081,Team Building,Client Visit,Demo Hall,Conference Room C,2025-11-04 17:58,2025-11-04 18:31,2025-11-04 18:14,2025-11-04 18:37,2025-11-04 18:14,2025-11-04 18:31,17.00,partial_overlap,Medium
3174,P081,Deployment,Requirements Analysis,Conference Room C,Online Meeting,2025-11-18 15:15,2025-11-18 15:45,2025-11-18 14:27,2025-11-18 15:17,2025-11-18 15:15,2025-11-18 15:17,2.00,partial_overlap,Low
3175,P081,Meeting,Project Discussion,Online Meeting,Demo Hall,2025-11-17 17:30,2025-11-17 18:00,2025-11-17 17:45,2025-11-17 18:15,2025-11-17 17:45,2025-11-17 18:00,15.00,partial_overlap,Medium
3176,P081,Meeting,Client Visit,Online Meeting,Remote,2025-11-17 17:30,2025-11-17 18:00,2025-11-17 17:53,2025-11-17 18:08,2025-11-17 17:53,2025-11-17 18:00,7.00,partial_overlap,Low
3177,P081,Deployment,Requirements Analysis,Conference Room A,Online Meeting,2025-11-18 14:30,2025-11-18 15:15,2025-11-18 14:27,2025-11-18 15:17,2025-11-18 14:30,2025-11-18 15:15,45.00,containment,Medium
3178,P081,Code Review,Testing Acceptance,Test Lab,Training Room,2025-11-19 17:15,2025-11-19 18:00,2025-11-19 17:45,2025-11-19 18:00,2025-11-19 17:45,2025-11-19 18:00,15.00,containment,Medium
3179,P081,Training,Meeting,Office Area 1,Product Showcase,2025-11-21 13:00,2025-11-21 13:45,2025-11-21 13:15,2025-11-21 14:12,2025-11-21 13:15,2025-11-21 13:45,30.00,partial_overlap,Medium
3180,P081,Project Discussion,Client Visit,Demo Hall,Remote,2025-11-17 17:45,2025-11-17 18:15,2025-11-17 17:53,2025-11-17 18:08,2025-11-17 17:53,2025-11-17 18:08,15.00,containment,Medium
3181,P081,Operations Check,Client Visit,Remote,Demo Hall,2025-11-25 18:45,2025-11-25 19:15,2025-11-25 19:09,2025-11-25 19:51,2025-11-25 19:09,2025-11-25 19:15,6.00,partial_overlap,Low
3182,P081,Project Discussion,Operations Check,Cafe,Cafe,2025-11-18 12:15,2025-11-18 12:45,2025-11-18 12:23,2025-11-18 13:14,2025-11-18 12:23,2025-11-18 12:45,22.00,partial_overlap,Medium
3183,P081,Client Visit,Code Review,Demo Hall,Test Lab,2025-11-25 19:09,2025-11-25 19:51,2025-11-25 19:25,2025-11-25 19:54,2025-11-25 19:25,2025-11-25 19:51,26.00,partial_overlap,Medium
3184,P082,Code Review,Tech Sharing,Training Room,Office Area 2,2025-11-03 11:00,2025-11-03 12:30,2025-11-03 12:15,2025-11-03 13:00,2025-11-03 12:15,2025-11-03 12:30,15.00,partial_overlap,Medium
3185,P082,One-on-One,Meeting,Conference Room C,Remote,2025-10-27 13:15,2025-10-27 14:45,2025-10-27 13:21,2025-10-27 13:49,2025-10-27 13:21,2025-10-27 13:49,28.00,containment,Medium
3186,P082,Design Review,One-on-One,Client Reception,Conference Room B,2025-11-02 16:15,2025-11-02 17:15,2025-11-02 17:00,2025-11-02 18:00,2025-11-02 17:00,2025-11-02 17:15,15.00,partial_overlap,Medium
3187,P082,Design Review,Client Visit,Client Reception,Office Area 2,2025-11-02 16:15,2025-11-02 17:15,2025-11-02 16:34,2025-11-02 17:03,2025-11-02 16:34,2025-11-02 17:03,29.00,containment,Medium
3188,P082,Code Review,Project Discussion,Office Area 2,Remote,2025-11-04 09:30,2025-11-04 10:00,2025-11-04 09:08,2025-11-04 09:45,2025-11-04 09:30,2025-11-04 09:45,15.00,partial_overlap,Medium
3189,P082,One-on-One,Client Visit,Conference Room B,Office Area 2,2025-11-02 17:00,2025-11-02 18:00,2025-11-02 16:34,2025-11-02 17:03,2025-11-02 17:00,2025-11-02 17:03,3.00,partial_overlap,Low
3190,P082,Training,Testing Acceptance,Product Showcase,Cafe,2025-11-05 14:45,2025-11-05 15:45,2025-11-05 14:56,2025-11-05 15:30,2025-11-05 14:56,2025-11-05 15:30,34.00,containment,Medium
3191,P082,Code Review,Project Discussion,Break Room,Remote,2025-11-04 09:00,2025-11-04 09:30,2025-11-04 09:08,2025-11-04 09:45,2025-11-04 09:08,2025-11-04 09:30,22.00,partial_overlap,Medium
3192,P082,Code Review,Project Discussion,Office Area 2,Break Room,2025-11-07 11:45,2025-11-07 12:15,2025-11-07 11:45,2025-11-07 12:30,2025-11-07 11:45,2025-11-07 12:15,30.00,containment,Medium
3193,P082,One-on-One,Operations Check,Demo Hall,Client Reception,2025-11-11 17:45,2025-11-11 18:30,2025-11-11 17:55,2025-11-11 18:53,2025-11-11 17:55,2025-11-11 18:30,35.00,partial_overlap,Medium
3194,P082,Training,Operations Check,Demo Hall,Client Reception,2025-11-11 18:45,2025-11-11 19:30,2025-11-11 17:55,2025-11-11 18:53,2025-11-11 18:45,2025-11-11 18:53,8.00,partial_overlap,Low
3195,P082,Product Demo,Project Discussion,Demo Hall,Office Area 2,2025-11-10 09:00,2025-11-10 09:30,2025-11-10 09:28,2025-11-10 10:11,2025-11-10 09:28,2025-11-10 09:30,2.00,partial_overlap,Low
3196,P082,Team Building,Team Building,R&D Center,Conference Room B,2025-11-12 18:15,2025-11-12 19:15,2025-11-12 18:45,2025-11-12 19:30,2025-11-12 18:45,2025-11-12 19:15,30.00,partial_overlap,Medium
3197,P082,Design Review,Client Visit,Conference Room A,Demo Hall,2025-11-10 11:45,2025-11-10 12:30,2025-11-10 12:00,2025-11-10 13:00,2025-11-10 12:00,2025-11-10 12:30,30.00,partial_overlap,Medium
3198,P082,Design Review,Code Review,Conference Room A,R&D Center,2025-11-10 11:45,2025-11-10 12:30,2025-11-10 12:06,2025-11-10 12:35,2025-11-10 12:06,2025-11-10 12:30,24.00,partial_overlap,Medium
3199,P082,Design Review,Brainstorming,Conference Room A,Conference Room C,2025-11-10 11:45,2025-11-10 12:30,2025-11-10 12:20,2025-11-10 12:45,2025-11-10 12:20,2025-11-10 12:30,10.00,partial_overlap,Low
3200,P082,Client Visit,Code Review,Demo Hall,R&D Center,2025-11-10 12:00,2025-11-10 13:00,2025-11-10 12:06,2025-11-10 12:35,2025-11-10 12:06,2025-11-10 12:35,29.00,containment,Medium
3201,P082,Client Visit,Brainstorming,Demo Hall,Conference Room C,2025-11-10 12:00,2025-11-10 13:00,2025-11-10 12:20,2025-11-10 12:45,2025-11-10 12:20,2025-11-10 12:45,25.00,containment,Medium
3202,P082,Code Review,Brainstorming,R&D Center,Conference Room C,2025-11-10 12:06,2025-11-10 12:35,2025-11-10 12:20,2025-11-10 12:45,2025-11-10 12:20,2025-11-10 12:35,15.00,partial_overlap,Medium
3203,P082,Product Demo,Client Visit,Conference Room A,Test Lab,2025-11-15 13:15,2025-11-15 14:00,2025-11-15 13:04,2025-11-15 13:56,2025-11-15 13:15,2025-11-15 13:56,41.00,partial_overlap,Medium
3204,P082,Meeting,Code Review,Online Meeting,Conference Room B,2025-11-19 14:30,2025-11-19 15:00,2025-11-19 14:57,2025-11-19 15:50,2025-11-19 14:57,2025-11-19 15:00,3.00,partial_overlap,Low
3205,P082,Meeting,Training,Online Meeting,Online Meeting,2025-11-19 14:30,2025-11-19 15:00,2025-11-19 14:35,2025-11-19 14:55,2025-11-19 14:35,2025-11-19 14:55,20.00,containment,Medium
3206,P082,Requirements Analysis,Client Visit,Office Area 2,Test Lab,2025-11-15 12:45,2025-11-15 13:15,2025-11-15 13:04,2025-11-15 13:56,2025-11-15 13:04,2025-11-15 13:15,11.00,partial_overlap,Low
3207,P082,Requirements Analysis,Requirements Analysis,Office Area 1,Demo Hall,2025-11-17 17:30,2025-11-17 18:15,2025-11-17 17:30,2025-11-17 17:45,2025-11-17 17:30,2025-11-17 17:45,15.00,containment,Medium
3208,P082,Requirements Analysis,Deployment,Demo Hall,Demo Hall,2025-11-19 11:00,2025-11-19 11:45,2025-11-19 10:30,2025-11-19 11:15,2025-11-19 11:00,2025-11-19 11:15,15.00,partial_overlap,Medium
3209,P082,Operations Check,Deployment,Product Showcase,Demo Hall,2025-11-19 10:00,2025-11-19 10:45,2025-11-19 10:30,2025-11-19 11:15,2025-11-19 10:30,2025-11-19 10:45,15.00,partial_overlap,Medium
3210,P082,Client Visit,Training,Product Showcase,Office Area 2,2025-11-15 18:45,2025-11-15 19:30,2025-11-15 19:12,2025-11-15 19:51,2025-11-15 19:12,2025-11-15 19:30,18.00,partial_overlap,Medium
3211,P082,Training,Training,Demo Hall,Training Room,2025-11-25 11:00,2025-11-25 11:45,2025-11-25 11:14,2025-11-25 12:01,2025-11-25 11:14,2025-11-25 11:45,31.00,partial_overlap,Medium
3212,P083,Tech Sharing,Testing Acceptance,Conference Room A,Demo Hall,2025-11-02 16:00,2025-11-02 17:00,2025-11-02 16:16,2025-11-02 17:15,2025-11-02 16:16,2025-11-02 17:00,44.00,partial_overlap,Medium
3213,P083,Product Demo,Project Discussion,Cafe,Break Room,2025-11-01 16:15,2025-11-01 17:15,2025-11-01 16:40,2025-11-01 17:25,2025-11-01 16:40,2025-11-01 17:15,35.00,partial_overlap,Medium
3214,P083,Brainstorming,Tech Sharing,Product Showcase,Conference Room A,2025-11-04 08:45,2025-11-04 10:15,2025-11-04 08:57,2025-11-04 09:36,2025-11-04 08:57,2025-11-04 09:36,39.00,containment,Medium
3215,P083,One-on-One,Requirements Analysis,Remote,Break Room,2025-11-12 10:45,2025-11-12 11:15,2025-11-12 10:45,2025-11-12 11:45,2025-11-12 10:45,2025-11-12 11:15,30.00,containment,Medium
3216,P083,One-on-One,Code Review,Remote,Remote,2025-11-12 10:45,2025-11-12 11:15,2025-11-12 10:30,2025-11-12 11:15,2025-11-12 10:45,2025-11-12 11:15,30.00,containment,Medium
3217,P083,Requirements Analysis,Code Review,Break Room,Remote,2025-11-12 10:45,2025-11-12 11:45,2025-11-12 10:30,2025-11-12 11:15,2025-11-12 10:45,2025-11-12 11:15,30.00,partial_overlap,Medium
3218,P083,Deployment,Design Review,Client Reception,Online Meeting,2025-11-14 18:15,2025-11-14 19:00,2025-11-14 18:45,2025-11-14 19:45,2025-11-14 18:45,2025-11-14 19:00,15.00,partial_overlap,Medium
3219,P083,Deployment,Deployment,Client Reception,Cafe,2025-11-14 18:15,2025-11-14 19:00,2025-11-14 18:40,2025-11-14 19:28,2025-11-14 18:40,2025-11-14 19:00,20.00,partial_overlap,Medium
3220,P083,Deployment,Meeting,Client Reception,Break Room,2025-11-14 18:15,2025-11-14 19:00,2025-11-14 18:58,2025-11-14 19:19,2025-11-14 18:58,2025-11-14 19:00,2.00,partial_overlap,Low
3221,P083,Deployment,Code Review,Client Reception,Conference Room A,2025-11-14 18:15,2025-11-14 19:00,2025-11-14 18:00,2025-11-14 18:45,2025-11-14 18:15,2025-11-14 18:45,30.00,partial_overlap,Medium
3222,P083,Tech Sharing,Requirements Analysis,Product Showcase,Cafe,2025-11-12 13:15,2025-11-12 14:15,2025-11-12 13:38,2025-11-12 14:23,2025-11-12 13:38,2025-11-12 14:15,37.00,partial_overlap,Medium
3223,P083,Deployment,Design Review,Remote,Remote,2025-11-09 11:45,2025-11-09 12:30,2025-11-09 12:15,2025-11-09 13:00,2025-11-09 12:15,2025-11-09 12:30,15.00,partial_overlap,Medium
3224,P083,Design Review,Deployment,Online Meeting,Cafe,2025-11-14 18:45,2025-11-14 19:45,2025-11-14 18:40,2025-11-14 19:28,2025-11-14 18:45,2025-11-14 19:28,43.00,partial_overlap,Medium
3225,P083,Design Review,Meeting,Online Meeting,Break Room,2025-11-14 18:45,2025-11-14 19:45,2025-11-14 18:58,2025-11-14 19:19,2025-11-14 18:58,2025-11-14 19:19,21.00,containment,Medium
3226,P083,Client Visit,Testing Acceptance,Product Showcase,Online Meeting,2025-11-11 17:15,2025-11-11 17:45,2025-11-11 17:24,2025-11-11 18:03,2025-11-11 17:24,2025-11-11 17:45,21.00,partial_overlap,Medium
3227,P083,Operations Check,Deployment,R&D Center,Conference Room B,2025-11-14 08:45,2025-11-14 09:15,2025-11-14 08:45,2025-11-14 09:00,2025-11-14 08:45,2025-11-14 09:00,15.00,containment,Medium
3228,P083,Meeting,Meeting,Conference Room B,Test Lab,2025-11-15 11:30,2025-11-15 12:30,2025-11-15 11:15,2025-11-15 11:45,2025-11-15 11:30,2025-11-15 11:45,15.00,partial_overlap,Medium
3229,P083,Meeting,Training,Remote,Training Room,2025-11-17 15:30,2025-11-17 16:00,2025-11-17 15:42,2025-11-17 16:07,2025-11-17 15:42,2025-11-17 16:00,18.00,partial_overlap,Medium
3230,P083,Deployment,Meeting,Cafe,Break Room,2025-11-14 18:40,2025-11-14 19:28,2025-11-14 18:58,2025-11-14 19:19,2025-11-14 18:58,2025-11-14 19:19,21.00,containment,Medium
3231,P083,Deployment,Code Review,Cafe,Conference Room A,2025-11-14 18:40,2025-11-14 19:28,2025-11-14 18:00,2025-11-14 18:45,2025-11-14 18:40,2025-11-14 18:45,5.00,partial_overlap,Low
3232,P083,Code Review,One-on-One,Online Meeting,Test Lab,2025-11-16 09:30,2025-11-16 09:45,2025-11-16 09:15,2025-11-16 10:00,2025-11-16 09:30,2025-11-16 09:45,15.00,containment,Medium
3233,P083,Tech Sharing,Tech Sharing,Training Room,Online Meeting,2025-11-19 14:00,2025-11-19 14:30,2025-11-19 14:00,2025-11-19 14:45,2025-11-19 14:00,2025-11-19 14:30,30.00,containment,Medium
3234,P083,Tech Sharing,Requirements Analysis,Conference Room C,Client Reception,2025-11-18 13:30,2025-11-18 14:15,2025-11-18 13:15,2025-11-18 13:45,2025-11-18 13:30,2025-11-18 13:45,15.00,partial_overlap,Medium
3235,P083,Brainstorming,Tech Sharing,Office Area 1,R&D Center,2025-11-14 10:15,2025-11-14 11:00,2025-11-14 10:27,2025-11-14 11:13,2025-11-14 10:27,2025-11-14 11:00,33.00,partial_overlap,Medium
3236,P083,Training,Training,Conference Room B,Training Room,2025-11-17 08:15,2025-11-17 09:00,2025-11-17 08:00,2025-11-17 08:45,2025-11-17 08:15,2025-11-17 08:45,30.00,partial_overlap,Medium
3237,P083,Brainstorming,One-on-One,R&D Center,R&D Center,2025-11-21 16:00,2025-11-21 16:45,2025-11-21 16:15,2025-11-21 16:45,2025-11-21 16:15,2025-11-21 16:45,30.00,containment,Medium
3238,P083,Tech Sharing,Deployment,Break Room,Demo Hall,2025-11-15 14:30,2025-11-15 15:15,2025-11-15 14:58,2025-11-15 15:54,2025-11-15 14:58,2025-11-15 15:15,17.00,partial_overlap,Medium
3239,P083,Tech Sharing,Testing Acceptance,Break Room,Break Room,2025-11-15 14:30,2025-11-15 15:15,2025-11-15 14:43,2025-11-15 15:06,2025-11-15 14:43,2025-11-15 15:06,23.00,containment,Medium
3240,P083,Brainstorming,One-on-One,Online Meeting,Break Room,2025-11-18 18:45,2025-11-18 19:15,2025-11-18 18:45,2025-11-18 19:15,2025-11-18 18:45,2025-11-18 19:15,30.00,containment,Medium
3241,P083,Brainstorming,Product Demo,Online Meeting,Break Room,2025-11-18 18:45,2025-11-18 19:15,2025-11-18 18:50,2025-11-18 19:48,2025-11-18 18:50,2025-11-18 19:15,25.00,partial_overlap,Medium
3242,P083,One-on-One,Product Demo,Break Room,Break Room,2025-11-18 18:45,2025-11-18 19:15,2025-11-18 18:50,2025-11-18 19:48,2025-11-18 18:50,2025-11-18 19:15,25.00,partial_overlap,Medium
3243,P083,Meeting,One-on-One,R&D Center,Conference Room B,2025-11-20 09:30,2025-11-20 10:15,2025-11-20 09:30,2025-11-20 09:45,2025-11-20 09:30,2025-11-20 09:45,15.00,containment,Medium
3244,P083,Meeting,One-on-One,R&D Center,Demo Hall,2025-11-20 09:30,2025-11-20 10:15,2025-11-20 09:43,2025-11-20 10:41,2025-11-20 09:43,2025-11-20 10:15,32.00,partial_overlap,Medium
3245,P083,Tech Sharing,Tech Sharing,Break Room,Office Area 2,2025-11-20 16:45,2025-11-20 17:30,2025-11-20 17:10,2025-11-20 18:04,2025-11-20 17:10,2025-11-20 17:30,20.00,partial_overlap,Medium
3246,P083,One-on-One,One-on-One,Conference Room B,Demo Hall,2025-11-20 09:30,2025-11-20 09:45,2025-11-20 09:43,2025-11-20 10:41,2025-11-20 09:43,2025-11-20 09:45,2.00,partial_overlap,Low
3247,P083,Deployment,Testing Acceptance,Demo Hall,Break Room,2025-11-15 14:58,2025-11-15 15:54,2025-11-15 14:43,2025-11-15 15:06,2025-11-15 14:58,2025-11-15 15:06,8.00,partial_overlap,Low
3248,P084,Training,Operations Check,Online Meeting,Remote,2025-11-06 12:15,2025-11-06 12:45,2025-11-06 12:30,2025-11-06 13:00,2025-11-06 12:30,2025-11-06 12:45,15.00,partial_overlap,Medium
3249,P084,Project Discussion,Project Discussion,Online Meeting,Cafe,2025-11-03 11:30,2025-11-03 12:00,2025-11-03 11:38,2025-11-03 12:16,2025-11-03 11:38,2025-11-03 12:00,22.00,partial_overlap,Medium
3250,P084,Project Discussion,Operations Check,Conference Room C,Conference Room A,2025-11-11 16:45,2025-11-11 17:30,2025-11-11 17:14,2025-11-11 17:31,2025-11-11 17:14,2025-11-11 17:30,16.00,partial_overlap,Medium
3251,P084,Tech Sharing,Deployment,Office Area 2,Online Meeting,2025-11-06 14:45,2025-11-06 15:30,2025-11-06 15:09,2025-11-06 15:27,2025-11-06 15:09,2025-11-06 15:27,18.00,containment,Medium
3252,P084,Tech Sharing,Design Review,Break Room,Conference Room C,2025-11-07 09:45,2025-11-07 10:30,2025-11-07 10:06,2025-11-07 10:58,2025-11-07 10:06,2025-11-07 10:30,24.00,partial_overlap,Medium
3253,P084,Brainstorming,Team Building,Cafe,Break Room,2025-11-13 18:30,2025-11-13 19:00,2025-11-13 18:00,2025-11-13 19:00,2025-11-13 18:30,2025-11-13 19:00,30.00,containment,Medium
3254,P084,One-on-One,Tech Sharing,Conference Room A,Break Room,2025-11-09 14:30,2025-11-09 15:00,2025-11-09 14:30,2025-11-09 15:30,2025-11-09 14:30,2025-11-09 15:00,30.00,containment,Medium
3255,P084,One-on-One,Testing Acceptance,Conference Room C,Test Lab,2025-11-09 13:15,2025-11-09 14:15,2025-11-09 13:30,2025-11-09 14:20,2025-11-09 13:30,2025-11-09 14:15,45.00,partial_overlap,Medium
3256,P084,Meeting,Tech Sharing,Demo Hall,Office Area 2,2025-11-17 10:15,2025-11-17 11:00,2025-11-17 10:42,2025-11-17 11:04,2025-11-17 10:42,2025-11-17 11:00,18.00,partial_overlap,Medium
3257,P084,Tech Sharing,Code Review,Conference Room C,R&D Center,2025-11-16 11:30,2025-11-16 12:00,2025-11-16 11:21,2025-11-16 12:16,2025-11-16 11:30,2025-11-16 12:00,30.00,containment,Medium
3258,P084,Design Review,Code Review,Office Area 1,Client Reception,2025-11-16 13:45,2025-11-16 14:45,2025-11-16 14:15,2025-11-16 14:30,2025-11-16 14:15,2025-11-16 14:30,15.00,containment,Medium
3259,P084,Requirements Analysis,Project Discussion,Demo Hall,Client Reception,2025-11-17 12:30,2025-11-17 12:45,2025-11-17 12:30,2025-11-17 13:15,2025-11-17 12:30,2025-11-17 12:45,15.00,containment,Medium
3260,P084,Design Review,Operations Check,Conference Room A,Client Reception,2025-11-21 15:00,2025-11-21 15:45,2025-11-21 15:15,2025-11-21 15:30,2025-11-21 15:15,2025-11-21 15:30,15.00,containment,Medium
3261,P084,One-on-One,Client Visit,Client Reception,Product Showcase,2025-11-18 18:30,2025-11-18 19:15,2025-11-18 18:15,2025-11-18 18:45,2025-11-18 18:30,2025-11-18 18:45,15.00,partial_overlap,Medium
3262,P084,One-on-One,Brainstorming,Conference Room C,Conference Room A,2025-11-22 08:45,2025-11-22 09:30,2025-11-22 09:09,2025-11-22 09:48,2025-11-22 09:09,2025-11-22 09:30,21.00,partial_overlap,Medium
3263,P084,One-on-One,Operations Check,Conference Room C,Client Reception,2025-11-22 08:45,2025-11-22 09:30,2025-11-22 09:01,2025-11-22 09:52,2025-11-22 09:01,2025-11-22 09:30,29.00,partial_overlap,Medium
3264,P084,Tech Sharing,Requirements Analysis,Remote,Test Lab,2025-11-23 16:00,2025-11-23 16:30,2025-11-23 16:18,2025-11-23 16:48,2025-11-23 16:18,2025-11-23 16:30,12.00,partial_overlap,Low
3265,P084,One-on-One,Code Review,Training Room,Break Room,2025-11-21 09:45,2025-11-21 10:00,2025-11-21 09:45,2025-11-21 10:15,2025-11-21 09:45,2025-11-21 10:00,15.00,containment,Medium
3266,P084,Tech Sharing,Meeting,Conference Room A,Office Area 1,2025-11-24 11:00,2025-11-24 11:30,2025-11-24 11:03,2025-11-24 11:31,2025-11-24 11:03,2025-11-24 11:30,27.00,partial_overlap,Medium
3267,P084,Code Review,Meeting,Break Room,Break Room,2025-11-21 09:45,2025-11-21 10:15,2025-11-21 10:00,2025-11-21 10:30,2025-11-21 10:00,2025-11-21 10:15,15.00,partial_overlap,Medium
3268,P084,Code Review,Tech Sharing,Break Room,Product Showcase,2025-11-21 09:45,2025-11-21 10:15,2025-11-21 10:08,2025-11-21 10:36,2025-11-21 10:08,2025-11-21 10:15,7.00,partial_overlap,Low
3269,P084,Meeting,Tech Sharing,Break Room,Product Showcase,2025-11-21 10:00,2025-11-21 10:30,2025-11-21 10:08,2025-11-21 10:36,2025-11-21 10:08,2025-11-21 10:30,22.00,partial_overlap,Medium
3270,P084,Brainstorming,Training,Break Room,Conference Room B,2025-11-20 10:50,2025-11-20 11:40,2025-11-20 10:50,2025-11-20 11:23,2025-11-20 10:50,2025-11-20 11:23,33.00,containment,Medium
3271,P084,Brainstorming,Operations Check,Conference Room A,Client Reception,2025-11-22 09:09,2025-11-22 09:48,2025-11-22 09:01,2025-11-22 09:52,2025-11-22 09:09,2025-11-22 09:48,39.00,containment,Medium
3272,P085,Code Review,Testing Acceptance,Office Area 2,Online Meeting,2025-11-04 15:00,2025-11-04 16:00,2025-11-04 15:30,2025-11-04 17:00,2025-11-04 15:30,2025-11-04 16:00,30.00,partial_overlap,Medium
3273,P085,Code Review,Requirements Analysis,Office Area 2,Break Room,2025-11-04 15:00,2025-11-04 16:00,2025-11-04 15:00,2025-11-04 15:45,2025-11-04 15:00,2025-11-04 15:45,45.00,containment,Medium
3274,P085,Testing Acceptance,Requirements Analysis,Online Meeting,Break Room,2025-11-04 15:30,2025-11-04 17:00,2025-11-04 15:00,2025-11-04 15:45,2025-11-04 15:30,2025-11-04 15:45,15.00,partial_overlap,Medium
3275,P085,Project Discussion,Client Visit,R&D Center,Client Reception,2025-11-01 08:00,2025-11-01 08:30,2025-11-01 08:22,2025-11-01 08:50,2025-11-01 08:22,2025-11-01 08:30,8.00,partial_overlap,Low
3276,P085,One-on-One,Meeting,Product Showcase,Break Room,2025-11-09 08:00,2025-11-09 08:45,2025-11-09 08:11,2025-11-09 08:37,2025-11-09 08:11,2025-11-09 08:37,26.00,containment,Medium
3277,P085,Requirements Analysis,Team Building,Test Lab,Remote,2025-11-10 10:15,2025-11-10 11:15,2025-11-10 10:00,2025-11-10 11:00,2025-11-10 10:15,2025-11-10 11:00,45.00,partial_overlap,Medium
3278,P085,Team Building,Operations Check,R&D Center,Cafe,2025-11-12 14:45,2025-11-12 15:30,2025-11-12 14:45,2025-11-12 15:15,2025-11-12 14:45,2025-11-12 15:15,30.00,containment,Medium
3279,P085,Product Demo,Deployment,Product Showcase,Office Area 1,2025-11-07 14:15,2025-11-07 15:15,2025-11-07 14:15,2025-11-07 15:00,2025-11-07 14:15,2025-11-07 15:00,45.00,containment,Medium
3280,P085,Project Discussion,Product Demo,Test Lab,Office Area 2,2025-11-13 14:15,2025-11-13 15:00,2025-11-13 14:30,2025-11-13 15:00,2025-11-13 14:30,2025-11-13 15:00,30.00,containment,Medium
3281,P085,Meeting,Training,Demo Hall,Demo Hall,2025-11-10 12:45,2025-11-10 13:15,2025-11-10 12:51,2025-11-10 13:14,2025-11-10 12:51,2025-11-10 13:14,23.00,containment,Medium
3282,P085,Meeting,Code Review,Demo Hall,Conference Room A,2025-11-10 12:45,2025-11-10 13:15,2025-11-10 13:09,2025-11-10 14:06,2025-11-10 13:09,2025-11-10 13:15,6.00,partial_overlap,Low
3283,P085,Testing Acceptance,Design Review,Office Area 1,Office Area 2,2025-11-13 10:15,2025-11-13 11:00,2025-11-13 10:15,2025-11-13 11:00,2025-11-13 10:15,2025-11-13 11:00,45.00,containment,Medium
3284,P085,One-on-One,Code Review,Product Showcase,Conference Room B,2025-11-11 18:00,2025-11-11 19:00,2025-11-11 17:45,2025-11-11 18:30,2025-11-11 18:00,2025-11-11 18:30,30.00,partial_overlap,Medium
3285,P085,One-on-One,Tech Sharing,Conference Room C,Product Showcase,2025-11-15 15:15,2025-11-15 15:45,2025-11-15 15:15,2025-11-15 15:30,2025-11-15 15:15,2025-11-15 15:30,15.00,containment,Medium
3286,P085,Operations Check,Requirements Analysis,Product Showcase,Cafe,2025-11-13 15:30,2025-11-13 16:30,2025-11-13 15:45,2025-11-13 16:30,2025-11-13 15:45,2025-11-13 16:30,45.00,containment,Medium
3287,P085,Deployment,Testing Acceptance,Remote,Demo Hall,2025-11-17 18:00,2025-11-17 18:45,2025-11-17 18:06,2025-11-17 18:25,2025-11-17 18:06,2025-11-17 18:25,19.00,containment,Medium
3288,P085,Training,Code Review,Demo Hall,Conference Room A,2025-11-10 12:51,2025-11-10 13:14,2025-11-10 13:09,2025-11-10 14:06,2025-11-10 13:09,2025-11-10 13:14,5.00,partial_overlap,Low
3289,P085,Team Building,Client Visit,Conference Room A,Demo Hall,2025-11-19 17:30,2025-11-19 18:00,2025-11-19 17:15,2025-11-19 17:45,2025-11-19 17:30,2025-11-19 17:45,15.00,partial_overlap,Medium
3290,P085,Team Building,Tech Sharing,Conference Room A,Conference Room A,2025-11-19 17:30,2025-11-19 18:00,2025-11-19 17:30,2025-11-19 18:00,2025-11-19 17:30,2025-11-19 18:00,30.00,containment,Medium
3291,P085,Team Building,One-on-One,Conference Room A,Demo Hall,2025-11-19 17:30,2025-11-19 18:00,2025-11-19 17:56,2025-11-19 18:31,2025-11-19 17:56,2025-11-19 18:00,4.00,partial_overlap,Low
3292,P085,Product Demo,Code Review,Training Room,Training Room,2025-11-20 11:30,2025-11-20 12:00,2025-11-20 11:30,2025-11-20 11:45,2025-11-20 11:30,2025-11-20 11:45,15.00,containment,Medium
3293,P085,Product Demo,One-on-One,Training Room,Online Meeting,2025-11-20 11:30,2025-11-20 12:00,2025-11-20 11:07,2025-11-20 11:57,2025-11-20 11:30,2025-11-20 11:57,27.00,partial_overlap,Medium
3294,P085,Design Review,One-on-One,R&D Center,Demo Hall,2025-11-19 18:15,2025-11-19 19:00,2025-11-19 17:56,2025-11-19 18:31,2025-11-19 18:15,2025-11-19 18:31,16.00,partial_overlap,Medium
3295,P085,Requirements Analysis,Design Review,Online Meeting,Office Area 1,2025-11-14 18:15,2025-11-14 18:45,2025-11-14 18:36,2025-11-14 19:30,2025-11-14 18:36,2025-11-14 18:45,9.00,partial_overlap,Low
3296,P085,Meeting,One-on-One,Office Area 1,Online Meeting,2025-11-20 10:45,2025-11-20 11:30,2025-11-20 11:07,2025-11-20 11:57,2025-11-20 11:07,2025-11-20 11:30,23.00,partial_overlap,Medium
3297,P085,Design Review,Code Review,Test Lab,Client Reception,2025-11-21 17:15,2025-11-21 17:30,2025-11-21 17:20,2025-11-21 17:45,2025-11-21 17:20,2025-11-21 17:30,10.00,partial_overlap,Low
3298,P085,Code Review,One-on-One,Training Room,Online Meeting,2025-11-20 11:30,2025-11-20 11:45,2025-11-20 11:07,2025-11-20 11:57,2025-11-20 11:30,2025-11-20 11:45,15.00,containment,Medium
3299,P085,Team Building,Requirements Analysis,Office Area 2,Conference Room A,2025-11-22 11:30,2025-11-22 12:00,2025-11-22 11:45,2025-11-22 12:15,2025-11-22 11:45,2025-11-22 12:00,15.00,partial_overlap,Medium
3300,P085,Client Visit,Tech Sharing,Demo Hall,Conference Room A,2025-11-19 17:15,2025-11-19 17:45,2025-11-19 17:30,2025-11-19 18:00,2025-11-19 17:30,2025-11-19 17:45,15.00,partial_overlap,Medium
3301,P085,Deployment,One-on-One,Break Room,Test Lab,2025-11-20 15:30,2025-11-20 16:15,2025-11-20 15:50,2025-11-20 16:50,2025-11-20 15:50,2025-11-20 16:15,25.00,partial_overlap,Medium
3302,P085,Client Visit,Code Review,Conference Room A,Conference Room C,2025-11-25 17:45,2025-11-25 18:30,2025-11-25 17:53,2025-11-25 18:12,2025-11-25 17:53,2025-11-25 18:12,19.00,containment,Medium
3303,P085,Tech Sharing,One-on-One,Conference Room A,Demo Hall,2025-11-19 17:30,2025-11-19 18:00,2025-11-19 17:56,2025-11-19 18:31,2025-11-19 17:56,2025-11-19 18:00,4.00,partial_overlap,Low
3304,P086,Client Visit,Deployment,Online Meeting,Office Area 2,2025-11-02 15:00,2025-11-02 15:45,2025-11-02 14:15,2025-11-02 15:45,2025-11-02 15:00,2025-11-02 15:45,45.00,containment,Medium
3305,P086,Meeting,Testing Acceptance,Online Meeting,Training Room,2025-10-30 13:00,2025-10-30 13:45,2025-10-30 12:15,2025-10-30 13:45,2025-10-30 13:00,2025-10-30 13:45,45.00,containment,Medium
3306,P086,Project Discussion,Tech Sharing,Demo Hall,Office Area 2,2025-11-07 17:30,2025-11-07 18:30,2025-11-07 17:15,2025-11-07 18:00,2025-11-07 17:30,2025-11-07 18:00,30.00,partial_overlap,Medium
3307,P086,Deployment,Meeting,Conference Room B,Demo Hall,2025-11-10 17:30,2025-11-10 18:00,2025-11-10 17:45,2025-11-10 18:45,2025-11-10 17:45,2025-11-10 18:00,15.00,partial_overlap,Medium
3308,P086,Design Review,Training,Cafe,Client Reception,2025-11-10 11:15,2025-11-10 12:00,2025-11-10 11:34,2025-11-10 12:13,2025-11-10 11:34,2025-11-10 12:00,26.00,partial_overlap,Medium
3309,P086,Design Review,Requirements Analysis,Training Room,Conference Room B,2025-11-09 14:30,2025-11-09 15:00,2025-11-09 14:15,2025-11-09 15:00,2025-11-09 14:30,2025-11-09 15:00,30.00,containment,Medium
3310,P086,Tech Sharing,Project Discussion,Demo Hall,Remote,2025-11-12 12:30,2025-11-12 13:15,2025-11-12 12:30,2025-11-12 13:15,2025-11-12 12:30,2025-11-12 13:15,45.00,containment,Medium
3311,P086,Tech Sharing,Training,Product Showcase,Cafe,2025-11-21 09:30,2025-11-21 10:15,2025-11-21 09:48,2025-11-21 10:38,2025-11-21 09:48,2025-11-21 10:15,27.00,partial_overlap,Medium
3312,P086,Deployment,Operations Check,Demo Hall,Test Lab,2025-11-16 18:45,2025-11-16 19:30,2025-11-16 18:54,2025-11-16 19:39,2025-11-16 18:54,2025-11-16 19:30,36.00,partial_overlap,Medium
3313,P086,Client Visit,Training,Product Showcase,Conference Room A,2025-11-18 09:45,2025-11-18 10:30,2025-11-18 09:30,2025-11-18 10:15,2025-11-18 09:45,2025-11-18 10:15,30.00,partial_overlap,Medium
3314,P086,Client Visit,Testing Acceptance,Product Showcase,Conference Room C,2025-11-18 09:45,2025-11-18 10:30,2025-11-18 10:07,2025-11-18 10:39,2025-11-18 10:07,2025-11-18 10:30,23.00,partial_overlap,Medium
3315,P086,Requirements Analysis,Code Review,Remote,Training Room,2025-11-21 12:00,2025-11-21 12:30,2025-11-21 12:00,2025-11-21 12:30,2025-11-21 12:00,2025-11-21 12:30,30.00,containment,Medium
3316,P086,Design Review,Team Building,Online Meeting,Office Area 2,2025-11-23 12:00,2025-11-23 12:45,2025-11-23 11:45,2025-11-23 12:09,2025-11-23 12:00,2025-11-23 12:09,9.00,partial_overlap,Low
3317,P086,Product Demo,Deployment,Conference Room C,Remote,2025-11-20 18:45,2025-11-20 19:30,2025-11-20 18:45,2025-11-20 19:15,2025-11-20 18:45,2025-11-20 19:15,30.00,containment,Medium
3318,P086,Team Building,Team Building,Remote,Office Area 2,2025-11-23 11:45,2025-11-23 12:00,2025-11-23 11:45,2025-11-23 12:09,2025-11-23 11:45,2025-11-23 12:00,15.00,containment,Medium
3319,P086,Training,Testing Acceptance,Conference Room A,Conference Room C,2025-11-18 09:30,2025-11-18 10:15,2025-11-18 10:07,2025-11-18 10:39,2025-11-18 10:07,2025-11-18 10:15,8.00,partial_overlap,Low
3320,P086,Code Review,Team Building,Conference Room C,Online Meeting,2025-11-24 15:30,2025-11-24 16:15,2025-11-24 15:41,2025-11-24 16:20,2025-11-24 15:41,2025-11-24 16:15,34.00,partial_overlap,Medium
3321,P087,Training,Code Review,Training Room,Remote,2025-11-01 12:45,2025-11-01 13:30,2025-11-01 13:04,2025-11-01 13:29,2025-11-01 13:04,2025-11-01 13:29,25.00,containment,Medium
3322,P087,Design Review,Requirements Analysis,R&D Center,Online Meeting,2025-10-30 09:00,2025-10-30 10:00,2025-10-30 09:11,2025-10-30 10:08,2025-10-30 09:11,2025-10-30 10:00,49.00,partial_overlap,Medium
3323,P087,Tech Sharing,Project Discussion,R&D Center,Office Area 2,2025-11-03 18:30,2025-11-03 20:00,2025-11-03 18:44,2025-11-03 19:31,2025-11-03 18:44,2025-11-03 19:31,47.00,containment,Medium
3324,P087,Tech Sharing,Design Review,R&D Center,Online Meeting,2025-11-03 18:30,2025-11-03 20:00,2025-11-03 18:53,2025-11-03 19:51,2025-11-03 18:53,2025-11-03 19:51,58.00,containment,Medium
3325,P087,Project Discussion,Design Review,Office Area 2,Online Meeting,2025-11-03 18:44,2025-11-03 19:31,2025-11-03 18:53,2025-11-03 19:51,2025-11-03 18:53,2025-11-03 19:31,38.00,partial_overlap,Medium
3326,P087,Code Review,Meeting,Test Lab,Demo Hall,2025-11-12 11:15,2025-11-12 11:45,2025-11-12 10:45,2025-11-12 11:30,2025-11-12 11:15,2025-11-12 11:30,15.00,partial_overlap,Medium
3327,P087,Code Review,Operations Check,Test Lab,Product Showcase,2025-11-12 11:15,2025-11-12 11:45,2025-11-12 11:05,2025-11-12 11:55,2025-11-12 11:15,2025-11-12 11:45,30.00,containment,Medium
3328,P087,Testing Acceptance,One-on-One,R&D Center,Test Lab,2025-11-05 11:00,2025-11-05 12:00,2025-11-05 10:15,2025-11-05 11:15,2025-11-05 11:00,2025-11-05 11:15,15.00,partial_overlap,Medium
3329,P087,Testing Acceptance,Testing Acceptance,R&D Center,Conference Room A,2025-11-05 11:00,2025-11-05 12:00,2025-11-05 11:17,2025-11-05 12:01,2025-11-05 11:17,2025-11-05 12:00,43.00,partial_overlap,Medium
3330,P087,Meeting,Operations Check,Demo Hall,Product Showcase,2025-11-12 10:45,2025-11-12 11:30,2025-11-12 11:05,2025-11-12 11:55,2025-11-12 11:05,2025-11-12 11:30,25.00,partial_overlap,Medium
3331,P087,Product Demo,Product Demo,Client Reception,Conference Room A,2025-11-06 13:00,2025-11-06 14:00,2025-11-06 13:16,2025-11-06 14:07,2025-11-06 13:16,2025-11-06 14:00,44.00,partial_overlap,Medium
3332,P087,Design Review,Project Discussion,Test Lab,Conference Room A,2025-11-14 09:00,2025-11-14 09:45,2025-11-14 09:27,2025-11-14 10:25,2025-11-14 09:27,2025-11-14 09:45,18.00,partial_overlap,Medium
3333,P087,Product Demo,Operations Check,Office Area 1,Office Area 2,2025-11-13 08:45,2025-11-13 09:15,2025-11-13 09:09,2025-11-13 10:06,2025-11-13 09:09,2025-11-13 09:15,6.00,partial_overlap,Low
3334,P087,Meeting,Requirements Analysis,Training Room,Demo Hall,2025-11-14 11:15,2025-11-14 12:15,2025-11-14 11:15,2025-11-14 12:15,2025-11-14 11:15,2025-11-14 12:15,60.00,containment,High
3335,P087,Project Discussion,Product Demo,Training Room,Online Meeting,2025-11-12 12:00,2025-11-12 12:30,2025-11-12 12:27,2025-11-12 12:43,2025-11-12 12:27,2025-11-12 12:30,3.00,partial_overlap,Low
3336,P087,Training,Team Building,Conference Room B,Break Room,2025-11-13 11:15,2025-11-13 12:00,2025-11-13 11:20,2025-11-13 11:40,2025-11-13 11:20,2025-11-13 11:40,20.00,containment,Medium
3337,P087,Meeting,One-on-One,Remote,R&D Center,2025-11-19 16:30,2025-11-19 17:00,2025-11-19 16:30,2025-11-19 16:45,2025-11-19 16:30,2025-11-19 16:45,15.00,containment,Medium
3338,P087,Operations Check,Product Demo,Conference Room B,Demo Hall,2025-11-17 13:00,2025-11-17 13:15,2025-11-17 13:00,2025-11-17 13:45,2025-11-17 13:00,2025-11-17 13:15,15.00,containment,Medium
3339,P087,Team Building,Training,Online Meeting,Training Room,2025-11-17 15:00,2025-11-17 15:45,2025-11-17 15:30,2025-11-17 16:15,2025-11-17 15:30,2025-11-17 15:45,15.00,partial_overlap,Medium
3340,P087,Design Review,Client Visit,R&D Center,R&D Center,2025-11-18 15:30,2025-11-18 15:45,2025-11-18 15:30,2025-11-18 16:15,2025-11-18 15:30,2025-11-18 15:45,15.00,containment,Medium
3341,P087,Project Discussion,Project Discussion,R&D Center,R&D Center,2025-11-20 09:45,2025-11-20 10:15,2025-11-20 09:45,2025-11-20 10:15,2025-11-20 09:45,2025-11-20 10:15,30.00,containment,Medium
3342,P087,Design Review,Code Review,Test Lab,Client Reception,2025-11-19 15:00,2025-11-19 15:30,2025-11-19 14:30,2025-11-19 15:15,2025-11-19 15:00,2025-11-19 15:15,15.00,partial_overlap,Medium
3343,P087,Product Demo,Code Review,Demo Hall,Conference Room B,2025-11-17 13:00,2025-11-17 13:45,2025-11-17 13:24,2025-11-17 13:50,2025-11-17 13:24,2025-11-17 13:45,21.00,partial_overlap,Medium
3344,P087,Product Demo,Project Discussion,Demo Hall,Client Reception,2025-11-17 13:00,2025-11-17 13:45,2025-11-17 13:37,2025-11-17 14:11,2025-11-17 13:37,2025-11-17 13:45,8.00,partial_overlap,Low
3345,P087,Deployment,Team Building,Conference Room B,Cafe,2025-11-19 11:00,2025-11-19 11:15,2025-11-19 10:45,2025-11-19 11:30,2025-11-19 11:00,2025-11-19 11:15,15.00,containment,Medium
3346,P087,Operations Check,Code Review,Online Meeting,Conference Room B,2025-11-17 13:45,2025-11-17 14:30,2025-11-17 13:24,2025-11-17 13:50,2025-11-17 13:45,2025-11-17 13:50,5.00,partial_overlap,Low
3347,P087,Operations Check,Project Discussion,Online Meeting,Client Reception,2025-11-17 13:45,2025-11-17 14:30,2025-11-17 13:37,2025-11-17 14:11,2025-11-17 13:45,2025-11-17 14:11,26.00,partial_overlap,Medium
3348,P087,Code Review,Project Discussion,Conference Room B,Client Reception,2025-11-17 13:24,2025-11-17 13:50,2025-11-17 13:37,2025-11-17 14:11,2025-11-17 13:37,2025-11-17 13:50,13.00,partial_overlap,Low
3349,P088,Team Building,Deployment,Demo Hall,Test Lab,2025-11-03 12:45,2025-11-03 13:30,2025-11-03 12:30,2025-11-03 13:15,2025-11-03 12:45,2025-11-03 13:15,30.00,partial_overlap,Medium
3350,P088,Product Demo,Brainstorming,Online Meeting,Training Room,2025-11-03 11:00,2025-11-03 11:45,2025-11-03 10:00,2025-11-03 11:30,2025-11-03 11:00,2025-11-03 11:30,30.00,partial_overlap,Medium
3351,P088,Project Discussion,Tech Sharing,Office Area 1,Remote,2025-11-01 09:30,2025-11-01 10:00,2025-11-01 09:38,2025-11-01 10:35,2025-11-01 09:38,2025-11-01 10:00,22.00,partial_overlap,Medium
3352,P088,Project Discussion,Team Building,Office Area 1,Remote,2025-11-01 09:30,2025-11-01 10:00,2025-11-01 09:56,2025-11-01 10:38,2025-11-01 09:56,2025-11-01 10:00,4.00,partial_overlap,Low
3353,P088,Project Discussion,Meeting,Office Area 1,Break Room,2025-11-01 09:30,2025-11-01 10:00,2025-11-01 09:53,2025-11-01 10:28,2025-11-01 09:53,2025-11-01 10:00,7.00,partial_overlap,Low
3354,P088,Testing Acceptance,Design Review,Remote,Break Room,2025-11-07 10:15,2025-11-07 11:45,2025-11-07 09:30,2025-11-07 10:30,2025-11-07 10:15,2025-11-07 10:30,15.00,partial_overlap,Medium
3355,P088,Testing Acceptance,Training,Remote,Break Room,2025-11-07 10:15,2025-11-07 11:45,2025-11-07 09:45,2025-11-07 10:45,2025-11-07 10:15,2025-11-07 10:45,30.00,partial_overlap,Medium
3356,P088,Meeting,Meeting,Client Reception,Conference Room B,2025-11-08 18:15,2025-11-08 19:15,2025-11-08 18:27,2025-11-08 19:12,2025-11-08 18:27,2025-11-08 19:12,45.00,containment,Medium
3357,P088,Deployment,Design Review,Conference Room C,Office Area 2,2025-11-05 09:30,2025-11-05 11:00,2025-11-05 09:47,2025-11-05 10:33,2025-11-05 09:47,2025-11-05 10:33,46.00,containment,Medium
3358,P088,Tech Sharing,Team Building,Remote,Remote,2025-11-01 09:38,2025-11-01 10:35,2025-11-01 09:56,2025-11-01 10:38,2025-11-01 09:56,2025-11-01 10:35,39.00,partial_overlap,Medium
3359,P088,Tech Sharing,Meeting,Remote,Break Room,2025-11-01 09:38,2025-11-01 10:35,2025-11-01 09:53,2025-11-01 10:28,2025-11-01 09:53,2025-11-01 10:28,35.00,containment,Medium
3360,P088,Tech Sharing,Tech Sharing,Remote,Client Reception,2025-11-01 09:38,2025-11-01 10:35,2025-11-01 10:10,2025-11-01 10:36,2025-11-01 10:10,2025-11-01 10:35,25.00,partial_overlap,Medium
3361,P088,Team Building,Meeting,Remote,Break Room,2025-11-01 09:56,2025-11-01 10:38,2025-11-01 09:53,2025-11-01 10:28,2025-11-01 09:56,2025-11-01 10:28,32.00,partial_overlap,Medium
3362,P088,Team Building,Tech Sharing,Remote,Client Reception,2025-11-01 09:56,2025-11-01 10:38,2025-11-01 10:10,2025-11-01 10:36,2025-11-01 10:10,2025-11-01 10:36,26.00,containment,Medium
3363,P088,Meeting,Tech Sharing,Break Room,Client Reception,2025-11-01 09:53,2025-11-01 10:28,2025-11-01 10:10,2025-11-01 10:36,2025-11-01 10:10,2025-11-01 10:28,18.00,partial_overlap,Medium
3364,P088,Design Review,Training,Break Room,Break Room,2025-11-07 09:30,2025-11-07 10:30,2025-11-07 09:45,2025-11-07 10:45,2025-11-07 09:45,2025-11-07 10:30,45.00,partial_overlap,Medium
3365,P088,Product Demo,Testing Acceptance,Break Room,Conference Room A,2025-11-11 17:15,2025-11-11 18:15,2025-11-11 16:45,2025-11-11 17:45,2025-11-11 17:15,2025-11-11 17:45,30.00,partial_overlap,Medium
3366,P088,Product Demo,Design Review,Break Room,Office Area 2,2025-11-11 17:15,2025-11-11 18:15,2025-11-11 17:07,2025-11-11 17:52,2025-11-11 17:15,2025-11-11 17:52,37.00,partial_overlap,Medium
3367,P088,Product Demo,Training,R&D Center,Test Lab,2025-11-14 18:00,2025-11-14 18:45,2025-11-14 18:14,2025-11-14 19:07,2025-11-14 18:14,2025-11-14 18:45,31.00,partial_overlap,Medium
3368,P088,Product Demo,Training,R&D Center,Conference Room C,2025-11-14 18:00,2025-11-14 18:45,2025-11-14 18:41,2025-11-14 19:12,2025-11-14 18:41,2025-11-14 18:45,4.00,partial_overlap,Low
3369,P088,Testing Acceptance,Design Review,Conference Room A,Office Area 2,2025-11-11 16:45,2025-11-11 17:45,2025-11-11 17:07,2025-11-11 17:52,2025-11-11 17:07,2025-11-11 17:45,38.00,partial_overlap,Medium
3370,P088,Brainstorming,Requirements Analysis,Office Area 1,Demo Hall,2025-11-15 09:15,2025-11-15 10:00,2025-11-15 09:45,2025-11-15 10:45,2025-11-15 09:45,2025-11-15 10:00,15.00,partial_overlap,Medium
3371,P088,Brainstorming,Deployment,Office Area 1,Training Room,2025-11-15 09:15,2025-11-15 10:00,2025-11-15 09:15,2025-11-15 09:45,2025-11-15 09:15,2025-11-15 09:45,30.00,containment,Medium
3372,P088,Brainstorming,One-on-One,R&D Center,Conference Room C,2025-11-15 17:15,2025-11-15 18:00,2025-11-15 17:29,2025-11-15 18:01,2025-11-15 17:29,2025-11-15 18:00,31.00,partial_overlap,Medium
3373,P088,Training,Training,Test Lab,Conference Room C,2025-11-14 18:14,2025-11-14 19:07,2025-11-14 18:41,2025-11-14 19:12,2025-11-14 18:41,2025-11-14 19:07,26.00,partial_overlap,Medium
3374,P088,Product Demo,One-on-One,Office Area 2,Client Reception,2025-11-13 14:00,2025-11-13 14:45,2025-11-13 14:23,2025-11-13 14:43,2025-11-13 14:23,2025-11-13 14:43,20.00,containment,Medium
3375,P088,Training,Meeting,Break Room,Cafe,2025-11-17 08:00,2025-11-17 08:45,2025-11-17 08:30,2025-11-17 09:15,2025-11-17 08:30,2025-11-17 08:45,15.00,partial_overlap,Medium
3376,P088,Product Demo,One-on-One,Cafe,Product Showcase,2025-11-18 08:45,2025-11-18 09:00,2025-11-18 08:45,2025-11-18 09:15,2025-11-18 08:45,2025-11-18 09:00,15.00,containment,Medium
3377,P088,Product Demo,Requirements Analysis,Cafe,R&D Center,2025-11-18 08:45,2025-11-18 09:00,2025-11-18 08:52,2025-11-18 09:40,2025-11-18 08:52,2025-11-18 09:00,8.00,partial_overlap,Low
3378,P088,Operations Check,Deployment,Test Lab,R&D Center,2025-11-17 18:30,2025-11-17 19:15,2025-11-17 18:49,2025-11-17 19:05,2025-11-17 18:49,2025-11-17 19:05,16.00,containment,Medium
3379,P088,Testing Acceptance,Brainstorming,Online Meeting,Test Lab,2025-11-19 16:45,2025-11-19 17:15,2025-11-19 16:30,2025-11-19 17:00,2025-11-19 16:45,2025-11-19 17:00,15.00,partial_overlap,Medium
3380,P088,Meeting,Project Discussion,Cafe,Training Room,2025-11-17 08:30,2025-11-17 09:15,2025-11-17 08:57,2025-11-17 09:23,2025-11-17 08:57,2025-11-17 09:15,18.00,partial_overlap,Medium
3381,P088,Meeting,Client Visit,Cafe,Conference Room C,2025-11-17 08:30,2025-11-17 09:15,2025-11-17 08:58,2025-11-17 09:20,2025-11-17 08:58,2025-11-17 09:15,17.00,partial_overlap,Medium
3382,P088,Requirements Analysis,Project Discussion,Conference Room B,Break Room,2025-11-21 16:00,2025-11-21 16:45,2025-11-21 16:11,2025-11-21 16:44,2025-11-21 16:11,2025-11-21 16:44,33.00,containment,Medium
3383,P088,One-on-One,Requirements Analysis,Product Showcase,R&D Center,2025-11-18 08:45,2025-11-18 09:15,2025-11-18 08:52,2025-11-18 09:40,2025-11-18 08:52,2025-11-18 09:15,23.00,partial_overlap,Medium
3384,P088,Operations Check,Code Review,Remote,Online Meeting,2025-11-23 11:45,2025-11-23 12:30,2025-11-23 12:15,2025-11-23 13:00,2025-11-23 12:15,2025-11-23 12:30,15.00,partial_overlap,Medium
3385,P088,Project Discussion,Client Visit,Training Room,Conference Room C,2025-11-17 08:57,2025-11-17 09:23,2025-11-17 08:58,2025-11-17 09:20,2025-11-17 08:58,2025-11-17 09:20,22.00,containment,Medium
3386,P089,Deployment,Product Demo,Break Room,Conference Room A,2025-10-29 11:30,2025-10-29 12:15,2025-10-29 11:15,2025-10-29 11:45,2025-10-29 11:30,2025-10-29 11:45,15.00,partial_overlap,Medium
3387,P089,Testing Acceptance,Design Review,Conference Room A,Test Lab,2025-11-04 12:15,2025-11-04 13:45,2025-11-04 11:45,2025-11-04 12:30,2025-11-04 12:15,2025-11-04 12:30,15.00,partial_overlap,Medium
3388,P089,Testing Acceptance,Project Discussion,Conference Room A,Test Lab,2025-11-04 12:15,2025-11-04 13:45,2025-11-04 12:01,2025-11-04 12:16,2025-11-04 12:15,2025-11-04 12:16,1.00,partial_overlap,Low
3389,P089,Design Review,Project Discussion,Test Lab,Test Lab,2025-11-04 11:45,2025-11-04 12:30,2025-11-04 12:01,2025-11-04 12:16,2025-11-04 12:01,2025-11-04 12:16,15.00,containment,Medium
3390,P089,Brainstorming,Testing Acceptance,Demo Hall,Office Area 1,2025-11-06 18:45,2025-11-06 19:30,2025-11-06 18:45,2025-11-06 19:15,2025-11-06 18:45,2025-11-06 19:15,30.00,containment,Medium
3391,P089,Code Review,Testing Acceptance,R&D Center,R&D Center,2025-11-07 10:15,2025-11-07 11:15,2025-11-07 11:00,2025-11-07 11:45,2025-11-07 11:00,2025-11-07 11:15,15.00,partial_overlap,Medium
3392,P089,One-on-One,Requirements Analysis,Break Room,Conference Room C,2025-11-06 08:45,2025-11-06 09:30,2025-11-06 08:56,2025-11-06 09:27,2025-11-06 08:56,2025-11-06 09:27,31.00,containment,Medium
3393,P089,Operations Check,Brainstorming,Training Room,Conference Room C,2025-11-10 11:15,2025-11-10 12:00,2025-11-10 11:23,2025-11-10 12:08,2025-11-10 11:23,2025-11-10 12:00,37.00,partial_overlap,Medium
3394,P089,One-on-One,Client Visit,Demo Hall,Office Area 2,2025-11-09 08:00,2025-11-09 08:30,2025-11-09 08:00,2025-11-09 08:45,2025-11-09 08:00,2025-11-09 08:30,30.00,containment,Medium
3395,P089,Tech Sharing,Deployment,Test Lab,Office Area 1,2025-11-14 11:30,2025-11-14 12:30,2025-11-14 12:15,2025-11-14 13:15,2025-11-14 12:15,2025-11-14 12:30,15.00,partial_overlap,Medium
3396,P089,Client Visit,Project Discussion,Office Area 1,Client Reception,2025-11-13 18:15,2025-11-13 19:15,2025-11-13 18:45,2025-11-13 19:30,2025-11-13 18:45,2025-11-13 19:15,30.00,partial_overlap,Medium
3397,P089,Brainstorming,Brainstorming,Conference Room C,Conference Room C,2025-11-10 12:00,2025-11-10 13:00,2025-11-10 11:23,2025-11-10 12:08,2025-11-10 12:00,2025-11-10 12:08,8.00,partial_overlap,Low
3398,P089,Requirements Analysis,Design Review,Conference Room B,Cafe,2025-11-15 10:30,2025-11-15 11:30,2025-11-15 10:45,2025-11-15 11:15,2025-11-15 10:45,2025-11-15 11:15,30.00,containment,Medium
3399,P089,Requirements Analysis,Brainstorming,Demo Hall,Conference Room C,2025-11-12 11:30,2025-11-12 12:15,2025-11-12 11:48,2025-11-12 12:47,2025-11-12 11:48,2025-11-12 12:15,27.00,partial_overlap,Medium
3400,P089,Testing Acceptance,Team Building,Break Room,Online Meeting,2025-11-17 14:00,2025-11-17 15:00,2025-11-17 14:28,2025-11-17 15:09,2025-11-17 14:28,2025-11-17 15:00,32.00,partial_overlap,Medium
3401,P089,Testing Acceptance,Team Building,Break Room,Demo Hall,2025-11-17 14:00,2025-11-17 15:00,2025-11-17 13:30,2025-11-17 14:15,2025-11-17 14:00,2025-11-17 14:15,15.00,partial_overlap,Medium
3402,P089,One-on-One,Design Review,Demo Hall,Demo Hall,2025-11-14 15:15,2025-11-14 15:45,2025-11-14 15:00,2025-11-14 15:30,2025-11-14 15:15,2025-11-14 15:30,15.00,partial_overlap,Medium
3403,P089,Tech Sharing,Deployment,Conference Room C,Office Area 2,2025-11-19 12:00,2025-11-19 12:30,2025-11-19 11:45,2025-11-19 12:15,2025-11-19 12:00,2025-11-19 12:15,15.00,partial_overlap,Medium
3404,P089,One-on-One,Product Demo,Online Meeting,Office Area 1,2025-11-20 17:15,2025-11-20 18:00,2025-11-20 16:45,2025-11-20 17:30,2025-11-20 17:15,2025-11-20 17:30,15.00,partial_overlap,Medium
3405,P089,Product Demo,Training,Conference Room C,Office Area 2,2025-11-15 15:45,2025-11-15 16:15,2025-11-15 16:06,2025-11-15 16:22,2025-11-15 16:06,2025-11-15 16:15,9.00,partial_overlap,Low
3406,P089,Tech Sharing,One-on-One,Product Showcase,Online Meeting,2025-11-18 10:45,2025-11-18 11:30,2025-11-18 11:11,2025-11-18 12:08,2025-11-18 11:11,2025-11-18 11:30,19.00,partial_overlap,Medium
3407,P089,Meeting,Project Discussion,Product Showcase,Cafe,2025-11-21 12:45,2025-11-21 13:30,2025-11-21 13:00,2025-11-21 13:45,2025-11-21 13:00,2025-11-21 13:30,30.00,partial_overlap,Medium
3408,P089,Meeting,Design Review,Product Showcase,Remote,2025-11-21 12:45,2025-11-21 13:30,2025-11-21 13:11,2025-11-21 13:38,2025-11-21 13:11,2025-11-21 13:30,19.00,partial_overlap,Medium
3409,P089,Operations Check,Operations Check,Office Area 1,Cafe,2025-11-18 13:45,2025-11-18 14:15,2025-11-18 13:35,2025-11-18 13:54,2025-11-18 13:45,2025-11-18 13:54,9.00,partial_overlap,Low
3410,P089,Operations Check,Operations Check,Break Room,Office Area 2,2025-11-23 10:45,2025-11-23 11:15,2025-11-23 11:13,2025-11-23 11:32,2025-11-23 11:13,2025-11-23 11:15,2.00,partial_overlap,Low
3411,P089,Operations Check,One-on-One,Office Area 2,Remote,2025-11-16 13:15,2025-11-16 14:00,2025-11-16 13:29,2025-11-16 13:58,2025-11-16 13:29,2025-11-16 13:58,29.00,containment,Medium
3412,P089,Requirements Analysis,Project Discussion,Office Area 1,Product Showcase,2025-11-21 10:30,2025-11-21 11:00,2025-11-21 10:30,2025-11-21 11:00,2025-11-21 10:30,2025-11-21 11:00,30.00,containment,Medium
3413,P089,Meeting,One-on-One,Client Reception,Online Meeting,2025-11-18 11:45,2025-11-18 12:15,2025-11-18 11:11,2025-11-18 12:08,2025-11-18 11:45,2025-11-18 12:08,23.00,partial_overlap,Medium
3414,P089,Project Discussion,Deployment,Cafe,Product Showcase,2025-11-21 13:00,2025-11-21 13:45,2025-11-21 13:30,2025-11-21 13:45,2025-11-21 13:30,2025-11-21 13:45,15.00,containment,Medium
3415,P089,Project Discussion,Design Review,Cafe,Remote,2025-11-21 13:00,2025-11-21 13:45,2025-11-21 13:11,2025-11-21 13:38,2025-11-21 13:11,2025-11-21 13:38,27.00,containment,Medium
3416,P089,Brainstorming,Operations Check,Conference Room A,Cafe,2025-11-18 13:30,2025-11-18 13:45,2025-11-18 13:35,2025-11-18 13:54,2025-11-18 13:35,2025-11-18 13:45,10.00,partial_overlap,Low
3417,P089,Deployment,Design Review,Product Showcase,Remote,2025-11-21 13:30,2025-11-21 13:45,2025-11-21 13:11,2025-11-21 13:38,2025-11-21 13:30,2025-11-21 13:38,8.00,partial_overlap,Low
3418,P090,Team Building,Tech Sharing,Client Reception,Office Area 1,2025-11-01 17:15,2025-11-01 18:15,2025-11-01 17:39,2025-11-01 18:10,2025-11-01 17:39,2025-11-01 18:10,31.00,containment,Medium
3419,P090,Deployment,Client Visit,Conference Room C,Client Reception,2025-11-05 16:15,2025-11-05 17:15,2025-11-05 16:38,2025-11-05 17:35,2025-11-05 16:38,2025-11-05 17:15,37.00,partial_overlap,Medium
3420,P090,Design Review,Deployment,Conference Room A,Product Showcase,2025-11-04 16:00,2025-11-04 16:45,2025-11-04 16:05,2025-11-04 16:54,2025-11-04 16:05,2025-11-04 16:45,40.00,partial_overlap,Medium
3421,P090,Training,Meeting,Remote,Test Lab,2025-11-06 16:00,2025-11-06 17:00,2025-11-06 15:45,2025-11-06 16:30,2025-11-06 16:00,2025-11-06 16:30,30.00,partial_overlap,Medium
3422,P090,Training,Project Discussion,Remote,Online Meeting,2025-11-06 16:00,2025-11-06 17:00,2025-11-06 16:28,2025-11-06 17:22,2025-11-06 16:28,2025-11-06 17:00,32.00,partial_overlap,Medium
3423,P090,Client Visit,Deployment,Office Area 2,Demo Hall,2025-11-11 08:45,2025-11-11 09:15,2025-11-11 08:45,2025-11-11 09:15,2025-11-11 08:45,2025-11-11 09:15,30.00,containment,Medium
3424,P090,Testing Acceptance,Product Demo,Online Meeting,Office Area 1,2025-11-09 14:00,2025-11-09 14:45,2025-11-09 14:15,2025-11-09 14:45,2025-11-09 14:15,2025-11-09 14:45,30.00,containment,Medium
3425,P090,Testing Acceptance,Product Demo,Online Meeting,Training Room,2025-11-09 14:00,2025-11-09 14:45,2025-11-09 14:25,2025-11-09 15:22,2025-11-09 14:25,2025-11-09 14:45,20.00,partial_overlap,Medium
3426,P090,Brainstorming,Project Discussion,Product Showcase,Online Meeting,2025-11-08 16:30,2025-11-08 17:00,2025-11-08 16:59,2025-11-08 17:36,2025-11-08 16:59,2025-11-08 17:00,1.00,partial_overlap,Low
3427,P090,Deployment,Client Visit,Product Showcase,Conference Room B,2025-11-13 16:15,2025-11-13 17:00,2025-11-13 16:38,2025-11-13 17:36,2025-11-13 16:38,2025-11-13 17:00,22.00,partial_overlap,Medium
3428,P090,Meeting,Project Discussion,Test Lab,Online Meeting,2025-11-06 15:45,2025-11-06 16:30,2025-11-06 16:28,2025-11-06 17:22,2025-11-06 16:28,2025-11-06 16:30,2.00,partial_overlap,Low
3429,P090,Product Demo,Product Demo,Office Area 1,Training Room,2025-11-09 14:15,2025-11-09 14:45,2025-11-09 14:25,2025-11-09 15:22,2025-11-09 14:25,2025-11-09 14:45,20.00,partial_overlap,Medium
3430,P090,Meeting,Product Demo,Client Reception,Training Room,2025-11-14 17:00,2025-11-14 18:00,2025-11-14 17:19,2025-11-14 17:42,2025-11-14 17:19,2025-11-14 17:42,23.00,containment,Medium
3431,P090,Meeting,Design Review,Client Reception,Conference Room C,2025-11-14 17:00,2025-11-14 18:00,2025-11-14 16:30,2025-11-14 17:15,2025-11-14 17:00,2025-11-14 17:15,15.00,partial_overlap,Medium
3432,P090,Code Review,Project Discussion,Training Room,Conference Room B,2025-11-15 10:15,2025-11-15 11:00,2025-11-15 10:39,2025-11-15 10:54,2025-11-15 10:39,2025-11-15 10:54,15.00,containment,Medium
3433,P090,Training,Client Visit,Office Area 2,Office Area 2,2025-11-17 15:45,2025-11-17 16:30,2025-11-17 15:36,2025-11-17 16:29,2025-11-17 15:45,2025-11-17 16:29,44.00,partial_overlap,Medium
3434,P090,Requirements Analysis,Requirements Analysis,Demo Hall,Test Lab,2025-11-12 10:00,2025-11-12 10:45,2025-11-12 10:12,2025-11-12 10:30,2025-11-12 10:12,2025-11-12 10:30,18.00,containment,Medium
3435,P090,Tech Sharing,Team Building,Office Area 2,R&D Center,2025-11-20 16:00,2025-11-20 16:45,2025-11-20 16:00,2025-11-20 16:45,2025-11-20 16:00,2025-11-20 16:45,45.00,containment,Medium
3436,P090,Tech Sharing,Tech Sharing,Office Area 2,Break Room,2025-11-20 16:00,2025-11-20 16:45,2025-11-20 16:28,2025-11-20 16:51,2025-11-20 16:28,2025-11-20 16:45,17.00,partial_overlap,Medium
3437,P090,Design Review,Design Review,Conference Room C,Test Lab,2025-11-14 16:30,2025-11-14 17:15,2025-11-14 16:30,2025-11-14 17:00,2025-11-14 16:30,2025-11-14 17:00,30.00,containment,Medium
3438,P090,Design Review,Code Review,Cafe,Client Reception,2025-11-19 13:15,2025-11-19 13:30,2025-11-19 13:29,2025-11-19 14:02,2025-11-19 13:29,2025-11-19 13:30,1.00,partial_overlap,Low
3439,P090,Deployment,Brainstorming,Online Meeting,Client Reception,2025-11-20 08:45,2025-11-20 09:15,2025-11-20 08:30,2025-11-20 09:00,2025-11-20 08:45,2025-11-20 09:00,15.00,partial_overlap,Medium
3440,P090,Brainstorming,Design Review,R&D Center,Remote,2025-11-21 12:45,2025-11-21 13:15,2025-11-21 13:00,2025-11-21 13:51,2025-11-21 13:00,2025-11-21 13:15,15.00,partial_overlap,Medium
3441,P090,Brainstorming,Operations Check,R&D Center,R&D Center,2025-11-21 12:45,2025-11-21 13:15,2025-11-21 13:14,2025-11-21 13:44,2025-11-21 13:14,2025-11-21 13:15,1.00,partial_overlap,Low
3442,P090,Tech Sharing,One-on-One,Client Reception,Office Area 1,2025-11-21 10:30,2025-11-21 11:15,2025-11-21 10:40,2025-11-21 10:57,2025-11-21 10:40,2025-11-21 10:57,17.00,containment,Medium
3443,P090,Training,One-on-One,Demo Hall,Break Room,2025-11-23 08:30,2025-11-23 09:00,2025-11-23 08:45,2025-11-23 09:30,2025-11-23 08:45,2025-11-23 09:00,15.00,partial_overlap,Medium
3444,P090,Team Building,Tech Sharing,R&D Center,Break Room,2025-11-20 16:00,2025-11-20 16:45,2025-11-20 16:28,2025-11-20 16:51,2025-11-20 16:28,2025-11-20 16:45,17.00,partial_overlap,Medium
3445,P090,Design Review,Training,Cafe,Demo Hall,2025-11-17 15:00,2025-11-17 15:45,2025-11-17 15:30,2025-11-17 15:45,2025-11-17 15:30,2025-11-17 15:45,15.00,containment,Medium
3446,P090,Design Review,Client Visit,Cafe,Office Area 2,2025-11-17 15:00,2025-11-17 15:45,2025-11-17 15:36,2025-11-17 16:29,2025-11-17 15:36,2025-11-17 15:45,9.00,partial_overlap,Low
3447,P090,Meeting,Operations Check,Client Reception,Break Room,2025-11-17 12:30,2025-11-17 13:00,2025-11-17 12:30,2025-11-17 13:00,2025-11-17 12:30,2025-11-17 13:00,30.00,containment,Medium
3448,P090,Training,Client Visit,Demo Hall,Office Area 2,2025-11-17 15:30,2025-11-17 15:45,2025-11-17 15:36,2025-11-17 16:29,2025-11-17 15:36,2025-11-17 15:45,9.00,partial_overlap,Low
3449,P090,Training,Deployment,Break Room,Online Meeting,2025-11-20 12:15,2025-11-20 13:00,2025-11-20 12:00,2025-11-20 12:45,2025-11-20 12:15,2025-11-20 12:45,30.00,partial_overlap,Medium
3450,P090,Design Review,Operations Check,Remote,R&D Center,2025-11-21 13:00,2025-11-21 13:51,2025-11-21 13:14,2025-11-21 13:44,2025-11-21 13:14,2025-11-21 13:44,30.00,containment,Medium
3451,P091,Requirements Analysis,Requirements Analysis,Test Lab,Conference Room A,2025-10-31 10:45,2025-10-31 11:45,2025-10-31 09:30,2025-10-31 11:00,2025-10-31 10:45,2025-10-31 11:00,15.00,partial_overlap,Medium
3452,P091,Requirements Analysis,Client Visit,Test Lab,Demo Hall,2025-10-31 10:45,2025-10-31 11:45,2025-10-31 11:07,2025-10-31 11:58,2025-10-31 11:07,2025-10-31 11:45,38.00,partial_overlap,Medium
3453,P091,Requirements Analysis,Deployment,Conference Room A,Conference Room C,2025-10-31 09:30,2025-10-31 11:00,2025-10-31 09:55,2025-10-31 10:42,2025-10-31 09:55,2025-10-31 10:42,47.00,containment,Medium
3454,P091,One-on-One,Brainstorming,Demo Hall,Conference Room B,2025-11-08 16:45,2025-11-08 17:30,2025-11-08 17:00,2025-11-08 17:30,2025-11-08 17:00,2025-11-08 17:30,30.00,containment,Medium
3455,P091,One-on-One,Testing Acceptance,Test Lab,R&D Center,2025-11-08 11:30,2025-11-08 12:00,2025-11-08 11:59,2025-11-08 12:46,2025-11-08 11:59,2025-11-08 12:00,1.00,partial_overlap,Low
3456,P091,Team Building,One-on-One,R&D Center,Demo Hall,2025-11-11 10:00,2025-11-11 10:45,2025-11-11 10:15,2025-11-11 10:45,2025-11-11 10:15,2025-11-11 10:45,30.00,containment,Medium
3457,P091,Operations Check,Design Review,Product Showcase,Break Room,2025-11-11 12:30,2025-11-11 13:15,2025-11-11 13:00,2025-11-11 13:45,2025-11-11 13:00,2025-11-11 13:15,15.00,partial_overlap,Medium
3458,P091,Operations Check,Requirements Analysis,Product Showcase,Training Room,2025-11-11 12:30,2025-11-11 13:15,2025-11-11 12:45,2025-11-11 13:45,2025-11-11 12:45,2025-11-11 13:15,30.00,partial_overlap,Medium
3459,P091,Deployment,Tech Sharing,Conference Room B,Cafe,2025-11-10 13:45,2025-11-10 14:15,2025-11-10 14:10,2025-11-10 14:59,2025-11-10 14:10,2025-11-10 14:15,5.00,partial_overlap,Low
3460,P091,Brainstorming,Operations Check,Office Area 1,Online Meeting,2025-11-14 17:45,2025-11-14 18:30,2025-11-14 17:55,2025-11-14 18:31,2025-11-14 17:55,2025-11-14 18:30,35.00,partial_overlap,Medium
3461,P091,Team Building,Testing Acceptance,Training Room,R&D Center,2025-11-08 12:30,2025-11-08 13:00,2025-11-08 11:59,2025-11-08 12:46,2025-11-08 12:30,2025-11-08 12:46,16.00,partial_overlap,Medium
3462,P091,Training,Training,Test Lab,Product Showcase,2025-11-09 17:45,2025-11-09 18:45,2025-11-09 18:10,2025-11-09 19:00,2025-11-09 18:10,2025-11-09 18:45,35.00,partial_overlap,Medium
3463,P091,Design Review,Requirements Analysis,Break Room,Training Room,2025-11-11 13:00,2025-11-11 13:45,2025-11-11 12:45,2025-11-11 13:45,2025-11-11 13:00,2025-11-11 13:45,45.00,containment,Medium
3464,P091,Requirements Analysis,Deployment,Remote,Client Reception,2025-11-16 09:45,2025-11-16 10:15,2025-11-16 10:00,2025-11-16 10:15,2025-11-16 10:00,2025-11-16 10:15,15.00,containment,Medium
3465,P091,Testing Acceptance,Brainstorming,Cafe,Conference Room C,2025-11-15 13:15,2025-11-15 13:45,2025-11-15 13:41,2025-11-15 14:09,2025-11-15 13:41,2025-11-15 13:45,4.00,partial_overlap,Low
3466,P091,Requirements Analysis,Brainstorming,Client Reception,Client Reception,2025-11-17 18:30,2025-11-17 19:15,2025-11-17 18:50,2025-11-17 19:12,2025-11-17 18:50,2025-11-17 19:12,22.00,containment,Medium
3467,P091,Design Review,Team Building,Break Room,R&D Center,2025-11-14 09:00,2025-11-14 09:30,2025-11-14 09:15,2025-11-14 09:48,2025-11-14 09:15,2025-11-14 09:30,15.00,partial_overlap,Medium
3468,P091,Product Demo,Code Review,Office Area 1,R&D Center,2025-11-17 15:45,2025-11-17 16:15,2025-11-17 16:00,2025-11-17 16:45,2025-11-17 16:00,2025-11-17 16:15,15.00,partial_overlap,Medium
3469,P091,Tech Sharing,Operations Check,Break Room,Conference Room B,2025-11-18 13:30,2025-11-18 14:00,2025-11-18 13:15,2025-11-18 14:00,2025-11-18 13:30,2025-11-18 14:00,30.00,containment,Medium
3470,P091,Project Discussion,Project Discussion,Conference Room B,Demo Hall,2025-11-19 13:45,2025-11-19 14:00,2025-11-19 13:15,2025-11-19 14:00,2025-11-19 13:45,2025-11-19 14:00,15.00,containment,Medium
3471,P091,Brainstorming,Team Building,Conference Room B,Conference Room C,2025-11-18 11:15,2025-11-18 12:00,2025-11-18 11:37,2025-11-18 12:13,2025-11-18 11:37,2025-11-18 12:00,23.00,partial_overlap,Medium
3472,P091,Testing Acceptance,Meeting,Product Showcase,Break Room,2025-11-16 08:00,2025-11-16 08:30,2025-11-16 08:27,2025-11-16 09:10,2025-11-16 08:27,2025-11-16 08:30,3.00,partial_overlap,Low
3473,P091,Code Review,Meeting,Training Room,Conference Room A,2025-11-15 10:00,2025-11-15 10:30,2025-11-15 10:00,2025-11-15 10:45,2025-11-15 10:00,2025-11-15 10:30,30.00,containment,Medium
3474,P091,Tech Sharing,Requirements Analysis,Cafe,Online Meeting,2025-11-20 12:30,2025-11-20 13:15,2025-11-20 12:43,2025-11-20 13:06,2025-11-20 12:43,2025-11-20 13:06,23.00,containment,Medium
3475,P091,Training,Design Review,Conference Room C,Break Room,2025-11-20 14:30,2025-11-20 15:00,2025-11-20 14:30,2025-11-20 14:45,2025-11-20 14:30,2025-11-20 14:45,15.00,containment,Medium
3476,P091,Client Visit,Product Demo,Conference Room B,Conference Room B,2025-11-19 10:45,2025-11-19 11:30,2025-11-19 11:15,2025-11-19 11:30,2025-11-19 11:15,2025-11-19 11:30,15.00,containment,Medium
3477,P092,Tech Sharing,Client Visit,Test Lab,Demo Hall,2025-10-28 18:15,2025-10-28 19:00,2025-10-28 18:23,2025-10-28 19:06,2025-10-28 18:23,2025-10-28 19:00,37.00,partial_overlap,Medium
3478,P092,Client Visit,Project Discussion,Client Reception,Test Lab,2025-10-30 08:00,2025-10-30 08:45,2025-10-30 08:00,2025-10-30 08:30,2025-10-30 08:00,2025-10-30 08:30,30.00,containment,Medium
3479,P092,Product Demo,One-on-One,Demo Hall,Conference Room C,2025-11-03 16:00,2025-11-03 17:30,2025-11-03 16:17,2025-11-03 16:51,2025-11-03 16:17,2025-11-03 16:51,34.00,containment,Medium
3480,P092,Operations Check,Requirements Analysis,Cafe,Conference Room B,2025-11-08 10:15,2025-11-08 11:15,2025-11-08 10:00,2025-11-08 10:30,2025-11-08 10:15,2025-11-08 10:30,15.00,partial_overlap,Medium
3481,P092,Operations Check,Training,Cafe,Product Showcase,2025-11-08 10:15,2025-11-08 11:15,2025-11-08 10:00,2025-11-08 11:00,2025-11-08 10:15,2025-11-08 11:00,45.00,partial_overlap,Medium
3482,P092,Operations Check,One-on-One,Cafe,Test Lab,2025-11-08 10:15,2025-11-08 11:15,2025-11-08 10:30,2025-11-08 11:00,2025-11-08 10:30,2025-11-08 11:00,30.00,containment,Medium
3483,P092,Requirements Analysis,Training,Conference Room B,Product Showcase,2025-11-08 10:00,2025-11-08 10:30,2025-11-08 10:00,2025-11-08 11:00,2025-11-08 10:00,2025-11-08 10:30,30.00,containment,Medium
3484,P092,Training,One-on-One,Product Showcase,Test Lab,2025-11-08 10:00,2025-11-08 11:00,2025-11-08 10:30,2025-11-08 11:00,2025-11-08 10:30,2025-11-08 11:00,30.00,containment,Medium
3485,P092,Client Visit,Requirements Analysis,Training Room,Test Lab,2025-11-11 12:30,2025-11-11 13:00,2025-11-11 12:45,2025-11-11 13:15,2025-11-11 12:45,2025-11-11 13:00,15.00,partial_overlap,Medium
3486,P092,Client Visit,Team Building,Training Room,Training Room,2025-11-11 12:30,2025-11-11 13:00,2025-11-11 12:42,2025-11-11 13:07,2025-11-11 12:42,2025-11-11 13:00,18.00,partial_overlap,Medium
3487,P092,Team Building,Product Demo,Remote,Conference Room C,2025-11-14 10:15,2025-11-14 11:15,2025-11-14 10:00,2025-11-14 10:45,2025-11-14 10:15,2025-11-14 10:45,30.00,partial_overlap,Medium
3488,P092,Training,Operations Check,Online Meeting,Conference Room A,2025-11-15 11:15,2025-11-15 12:00,2025-11-15 10:45,2025-11-15 11:30,2025-11-15 11:15,2025-11-15 11:30,15.00,partial_overlap,Medium
3489,P092,Requirements Analysis,Team Building,Test Lab,Training Room,2025-11-11 12:45,2025-11-11 13:15,2025-11-11 12:42,2025-11-11 13:07,2025-11-11 12:45,2025-11-11 13:07,22.00,partial_overlap,Medium
3490,P092,Testing Acceptance,Requirements Analysis,Training Room,Cafe,2025-11-14 15:30,2025-11-14 16:15,2025-11-14 15:45,2025-11-14 16:30,2025-11-14 15:45,2025-11-14 16:15,30.00,partial_overlap,Medium
3491,P092,Operations Check,Testing Acceptance,Break Room,Product Showcase,2025-11-20 08:00,2025-11-20 08:45,2025-11-20 08:10,2025-11-20 08:29,2025-11-20 08:10,2025-11-20 08:29,19.00,containment,Medium
3492,P092,Client Visit,Project Discussion,Training Room,Conference Room C,2025-11-13 11:30,2025-11-13 12:00,2025-11-13 11:35,2025-11-13 12:12,2025-11-13 11:35,2025-11-13 12:00,25.00,partial_overlap,Medium
3493,P092,Client Visit,Project Discussion,Training Room,Product Showcase,2025-11-13 11:30,2025-11-13 12:00,2025-11-13 11:39,2025-11-13 12:14,2025-11-13 11:39,2025-11-13 12:00,21.00,partial_overlap,Medium
3494,P092,One-on-One,Tech Sharing,Conference Room B,Office Area 1,2025-11-18 11:00,2025-11-18 11:30,2025-11-18 11:15,2025-11-18 12:00,2025-11-18 11:15,2025-11-18 11:30,15.00,partial_overlap,Medium
3495,P092,Training,One-on-One,Office Area 1,Cafe,2025-11-21 17:30,2025-11-21 18:00,2025-11-21 17:56,2025-11-21 18:34,2025-11-21 17:56,2025-11-21 18:00,4.00,partial_overlap,Low
3496,P092,Requirements Analysis,Code Review,Office Area 1,R&D Center,2025-11-16 10:45,2025-11-16 11:30,2025-11-16 11:10,2025-11-16 11:52,2025-11-16 11:10,2025-11-16 11:30,20.00,partial_overlap,Medium
3497,P092,Meeting,Operations Check,Break Room,Cafe,2025-11-19 16:15,2025-11-19 16:30,2025-11-19 16:15,2025-11-19 16:30,2025-11-19 16:15,2025-11-19 16:30,15.00,containment,Medium
3498,P092,Client Visit,Testing Acceptance,Conference Room B,Break Room,2025-11-17 13:30,2025-11-17 14:15,2025-11-17 14:00,2025-11-17 14:17,2025-11-17 14:00,2025-11-17 14:15,15.00,partial_overlap,Medium
3499,P092,Testing Acceptance,One-on-One,Cafe,Cafe,2025-11-21 18:30,2025-11-21 19:00,2025-11-21 17:56,2025-11-21 18:34,2025-11-21 18:30,2025-11-21 18:34,4.00,partial_overlap,Low
3500,P092,Project Discussion,Project Discussion,Online Meeting,R&D Center,2025-11-19 13:15,2025-11-19 14:00,2025-11-19 13:15,2025-11-19 13:45,2025-11-19 13:15,2025-11-19 13:45,30.00,containment,Medium
3501,P092,Client Visit,Team Building,Remote,Test Lab,2025-11-25 15:15,2025-11-25 15:45,2025-11-25 15:29,2025-11-25 16:13,2025-11-25 15:29,2025-11-25 15:45,16.00,partial_overlap,Medium
3502,P092,Client Visit,Team Building,R&D Center,Test Lab,2025-11-25 15:45,2025-11-25 16:30,2025-11-25 15:29,2025-11-25 16:13,2025-11-25 15:45,2025-11-25 16:13,28.00,partial_overlap,Medium
3503,P092,Project Discussion,Project Discussion,Conference Room C,Product Showcase,2025-11-13 11:35,2025-11-13 12:12,2025-11-13 11:39,2025-11-13 12:14,2025-11-13 11:39,2025-11-13 12:12,33.00,partial_overlap,Medium
3504,P093,Training,Project Discussion,Conference Room C,Conference Room C,2025-11-05 16:00,2025-11-05 16:30,2025-11-05 16:11,2025-11-05 16:54,2025-11-05 16:11,2025-11-05 16:30,19.00,partial_overlap,Medium
3505,P093,Project Discussion,Requirements Analysis,Office Area 1,Online Meeting,2025-11-09 17:30,2025-11-09 18:00,2025-11-09 17:00,2025-11-09 17:45,2025-11-09 17:30,2025-11-09 17:45,15.00,partial_overlap,Medium
3506,P093,Deployment,Testing Acceptance,Client Reception,Office Area 2,2025-11-08 09:45,2025-11-08 10:15,2025-11-08 09:45,2025-11-08 10:45,2025-11-08 09:45,2025-11-08 10:15,30.00,containment,Medium
3507,P093,Operations Check,Training,Product Showcase,Test Lab,2025-11-12 14:00,2025-11-12 14:45,2025-11-12 14:24,2025-11-12 14:58,2025-11-12 14:24,2025-11-12 14:45,21.00,partial_overlap,Medium
3508,P093,Tech Sharing,Tech Sharing,R&D Center,Training Room,2025-11-09 14:45,2025-11-09 15:30,2025-11-09 14:30,2025-11-09 15:15,2025-11-09 14:45,2025-11-09 15:15,30.00,partial_overlap,Medium
3509,P093,Training,Requirements Analysis,Product Showcase,Online Meeting,2025-11-09 16:15,2025-11-09 17:15,2025-11-09 17:00,2025-11-09 17:45,2025-11-09 17:00,2025-11-09 17:15,15.00,partial_overlap,Medium
3510,P093,Training,One-on-One,Product Showcase,Test Lab,2025-11-09 16:15,2025-11-09 17:15,2025-11-09 16:45,2025-11-09 17:15,2025-11-09 16:45,2025-11-09 17:15,30.00,containment,Medium
3511,P093,Requirements Analysis,One-on-One,Online Meeting,Test Lab,2025-11-09 17:00,2025-11-09 17:45,2025-11-09 16:45,2025-11-09 17:15,2025-11-09 17:00,2025-11-09 17:15,15.00,partial_overlap,Medium
3512,P093,Testing Acceptance,Training,Training Room,Test Lab,2025-11-14 17:45,2025-11-14 18:45,2025-11-14 17:51,2025-11-14 18:46,2025-11-14 17:51,2025-11-14 18:45,54.00,partial_overlap,Medium
3513,P093,Training,Training,Demo Hall,Online Meeting,2025-11-13 10:30,2025-11-13 11:30,2025-11-13 10:45,2025-11-13 11:07,2025-11-13 10:45,2025-11-13 11:07,22.00,containment,Medium
3514,P093,Training,Training,Demo Hall,Cafe,2025-11-13 10:30,2025-11-13 11:30,2025-11-13 11:15,2025-11-13 12:00,2025-11-13 11:15,2025-11-13 11:30,15.00,partial_overlap,Medium
3515,P093,Product Demo,Tech Sharing,Conference Room A,Test Lab,2025-11-15 12:00,2025-11-15 12:30,2025-11-15 12:00,2025-11-15 12:15,2025-11-15 12:00,2025-11-15 12:15,15.00,containment,Medium
3516,P093,Client Visit,Tech Sharing,Remote,Conference Room A,2025-11-11 14:30,2025-11-11 15:15,2025-11-11 14:57,2025-11-11 15:23,2025-11-11 14:57,2025-11-11 15:15,18.00,partial_overlap,Medium
3517,P093,Project Discussion,Operations Check,Training Room,Office Area 2,2025-11-14 13:30,2025-11-14 14:00,2025-11-14 13:45,2025-11-14 14:30,2025-11-14 13:45,2025-11-14 14:00,15.00,partial_overlap,Medium
3518,P093,Client Visit,Deployment,Demo Hall,Online Meeting,2025-11-19 08:00,2025-11-19 08:15,2025-11-19 08:00,2025-11-19 08:30,2025-11-19 08:00,2025-11-19 08:15,15.00,containment,Medium
3519,P093,Client Visit,Requirements Analysis,Remote,Test Lab,2025-11-18 12:45,2025-11-18 13:30,2025-11-18 12:45,2025-11-18 13:15,2025-11-18 12:45,2025-11-18 13:15,30.00,containment,Medium
3520,P093,Client Visit,Deployment,Remote,Break Room,2025-11-18 12:45,2025-11-18 13:30,2025-11-18 13:06,2025-11-18 13:22,2025-11-18 13:06,2025-11-18 13:22,16.00,containment,Medium
3521,P093,Design Review,Tech Sharing,Cafe,Online Meeting,2025-11-18 11:00,2025-11-18 11:30,2025-11-18 10:45,2025-11-18 11:30,2025-11-18 11:00,2025-11-18 11:30,30.00,containment,Medium
3522,P093,Requirements Analysis,Deployment,Test Lab,Break Room,2025-11-18 12:45,2025-11-18 13:15,2025-11-18 13:06,2025-11-18 13:22,2025-11-18 13:06,2025-11-18 13:15,9.00,partial_overlap,Low
3523,P093,Brainstorming,Client Visit,Break Room,Break Room,2025-11-16 12:15,2025-11-16 13:00,2025-11-16 12:32,2025-11-16 12:52,2025-11-16 12:32,2025-11-16 12:52,20.00,containment,Medium
3524,P093,Tech Sharing,Deployment,Office Area 2,Conference Room A,2025-11-23 11:15,2025-11-23 11:45,2025-11-23 11:35,2025-11-23 12:13,2025-11-23 11:35,2025-11-23 11:45,10.00,partial_overlap,Low
3525,P093,Project Discussion,One-on-One,Office Area 1,Remote,2025-11-23 18:30,2025-11-23 19:15,2025-11-23 18:58,2025-11-23 19:39,2025-11-23 18:58,2025-11-23 19:15,17.00,partial_overlap,Medium
3526,P094,Product Demo,Operations Check,Training Room,Break Room,2025-10-29 11:45,2025-10-29 13:15,2025-10-29 12:45,2025-10-29 14:15,2025-10-29 12:45,2025-10-29 13:15,30.00,partial_overlap,Medium
3527,P094,Product Demo,Tech Sharing,Training Room,Office Area 2,2025-10-29 11:45,2025-10-29 13:15,2025-10-29 11:18,2025-10-29 12:00,2025-10-29 11:45,2025-10-29 12:00,15.00,partial_overlap,Medium
3528,P094,Product Demo,Requirements Analysis,Training Room,R&D Center,2025-10-29 11:45,2025-10-29 13:15,2025-10-29 11:20,2025-10-29 12:01,2025-10-29 11:45,2025-10-29 12:01,16.00,partial_overlap,Medium
3529,P094,Design Review,Tech Sharing,Remote,Office Area 2,2025-10-29 11:00,2025-10-29 11:30,2025-10-29 11:18,2025-10-29 12:00,2025-10-29 11:18,2025-10-29 11:30,12.00,partial_overlap,Low
3530,P094,Design Review,Requirements Analysis,Remote,R&D Center,2025-10-29 11:00,2025-10-29 11:30,2025-10-29 11:20,2025-10-29 12:01,2025-10-29 11:20,2025-10-29 11:30,10.00,partial_overlap,Low
3531,P094,One-on-One,Deployment,Training Room,Remote,2025-11-05 12:30,2025-11-05 13:15,2025-11-05 12:58,2025-11-05 13:25,2025-11-05 12:58,2025-11-05 13:15,17.00,partial_overlap,Medium
3532,P094,Operations Check,Testing Acceptance,Office Area 1,Test Lab,2025-11-01 18:45,2025-11-01 20:15,2025-11-01 17:59,2025-11-01 18:51,2025-11-01 18:45,2025-11-01 18:51,6.00,partial_overlap,Low
3533,P094,Operations Check,Operations Check,Office Area 1,Training Room,2025-11-01 18:45,2025-11-01 20:15,2025-11-01 19:02,2025-11-01 19:42,2025-11-01 19:02,2025-11-01 19:42,40.00,containment,Medium
3534,P094,Tech Sharing,Testing Acceptance,Test Lab,Test Lab,2025-11-01 17:30,2025-11-01 18:00,2025-11-01 17:59,2025-11-01 18:51,2025-11-01 17:59,2025-11-01 18:00,1.00,partial_overlap,Low
3535,P094,Code Review,Meeting,Break Room,Client Reception,2025-11-05 10:15,2025-11-05 10:59,2025-11-05 10:23,2025-11-05 10:53,2025-11-05 10:23,2025-11-05 10:53,30.00,containment,Medium
3536,P094,Tech Sharing,Requirements Analysis,Office Area 2,R&D Center,2025-10-29 11:18,2025-10-29 12:00,2025-10-29 11:20,2025-10-29 12:01,2025-10-29 11:20,2025-10-29 12:00,40.00,partial_overlap,Medium
3537,P094,Design Review,Design Review,Office Area 1,Client Reception,2025-11-07 13:15,2025-11-07 14:15,2025-11-07 13:00,2025-11-07 14:00,2025-11-07 13:15,2025-11-07 14:00,45.00,partial_overlap,Medium
3538,P094,Deployment,Team Building,Cafe,Client Reception,2025-11-10 17:45,2025-11-10 18:30,2025-11-10 17:00,2025-11-10 18:00,2025-11-10 17:45,2025-11-10 18:00,15.00,partial_overlap,Medium
3539,P094,Product Demo,Brainstorming,Office Area 2,Test Lab,2025-11-10 11:45,2025-11-10 12:45,2025-11-10 12:12,2025-11-10 13:10,2025-11-10 12:12,2025-11-10 12:45,33.00,partial_overlap,Medium
3540,P094,Product Demo,Requirements Analysis,Office Area 2,Conference Room B,2025-11-10 11:45,2025-11-10 12:45,2025-11-10 12:13,2025-11-10 12:49,2025-11-10 12:13,2025-11-10 12:45,32.00,partial_overlap,Medium
3541,P094,Client Visit,One-on-One,Office Area 2,Remote,2025-11-09 18:15,2025-11-09 18:45,2025-11-09 18:26,2025-11-09 18:55,2025-11-09 18:26,2025-11-09 18:45,19.00,partial_overlap,Medium
3542,P094,Product Demo,Team Building,Client Reception,Client Reception,2025-11-10 17:00,2025-11-10 17:30,2025-11-10 17:00,2025-11-10 18:00,2025-11-10 17:00,2025-11-10 17:30,30.00,containment,Medium
3543,P094,Tech Sharing,One-on-One,Product Showcase,Online Meeting,2025-11-13 16:30,2025-11-13 17:30,2025-11-13 16:30,2025-11-13 17:15,2025-11-13 16:30,2025-11-13 17:15,45.00,containment,Medium
3544,P094,Testing Acceptance,Design Review,Demo Hall,Demo Hall,2025-11-14 08:45,2025-11-14 09:15,2025-11-14 08:15,2025-11-14 09:00,2025-11-14 08:45,2025-11-14 09:00,15.00,partial_overlap,Medium
3545,P094,Testing Acceptance,Requirements Analysis,Demo Hall,Office Area 2,2025-11-14 08:45,2025-11-14 09:15,2025-11-14 08:45,2025-11-14 09:30,2025-11-14 08:45,2025-11-14 09:15,30.00,containment,Medium
3546,P094,Design Review,Operations Check,Cafe,Test Lab,2025-11-12 13:30,2025-11-12 14:30,2025-11-12 13:57,2025-11-12 14:16,2025-11-12 13:57,2025-11-12 14:16,19.00,containment,Medium
3547,P094,Client Visit,One-on-One,Office Area 1,Product Showcase,2025-11-15 09:00,2025-11-15 10:00,2025-11-15 09:05,2025-11-15 09:25,2025-11-15 09:05,2025-11-15 09:25,20.00,containment,Medium
3548,P094,Design Review,Client Visit,Online Meeting,Conference Room C,2025-11-08 17:00,2025-11-08 17:30,2025-11-08 17:11,2025-11-08 17:26,2025-11-08 17:11,2025-11-08 17:26,15.00,containment,Medium
3549,P094,Design Review,Product Demo,Online Meeting,Office Area 2,2025-11-08 17:00,2025-11-08 17:30,2025-11-08 17:23,2025-11-08 18:23,2025-11-08 17:23,2025-11-08 17:30,7.00,partial_overlap,Low
3550,P094,Project Discussion,Code Review,Demo Hall,Training Room,2025-11-16 10:00,2025-11-16 10:45,2025-11-16 10:15,2025-11-16 10:45,2025-11-16 10:15,2025-11-16 10:45,30.00,containment,Medium
3551,P094,Project Discussion,Tech Sharing,Client Reception,Conference Room B,2025-11-13 11:00,2025-11-13 11:45,2025-11-13 11:12,2025-11-13 11:47,2025-11-13 11:12,2025-11-13 11:45,33.00,partial_overlap,Medium
3552,P094,Training,Project Discussion,Demo Hall,R&D Center,2025-11-12 18:00,2025-11-12 19:00,2025-11-12 18:00,2025-11-12 18:30,2025-11-12 18:00,2025-11-12 18:30,30.00,containment,Medium
3553,P094,Brainstorming,Requirements Analysis,Test Lab,Conference Room B,2025-11-10 12:12,2025-11-10 13:10,2025-11-10 12:13,2025-11-10 12:49,2025-11-10 12:13,2025-11-10 12:49,36.00,containment,Medium
3554,P094,Client Visit,Product Demo,Conference Room C,Office Area 2,2025-11-08 17:11,2025-11-08 17:26,2025-11-08 17:23,2025-11-08 18:23,2025-11-08 17:23,2025-11-08 17:26,3.00,partial_overlap,Low
3555,P094,Brainstorming,Code Review,Remote,Conference Room C,2025-11-15 08:15,2025-11-15 09:00,2025-11-15 08:30,2025-11-15 08:52,2025-11-15 08:30,2025-11-15 08:52,22.00,containment,Medium
3556,P094,Design Review,Requirements Analysis,Demo Hall,Office Area 2,2025-11-14 08:15,2025-11-14 09:00,2025-11-14 08:45,2025-11-14 09:30,2025-11-14 08:45,2025-11-14 09:00,15.00,partial_overlap,Medium
3557,P094,Code Review,Brainstorming,Training Room,Office Area 2,2025-11-20 10:30,2025-11-20 11:00,2025-11-20 10:45,2025-11-20 11:15,2025-11-20 10:45,2025-11-20 11:00,15.00,partial_overlap,Medium
3558,P094,Code Review,One-on-One,Training Room,Test Lab,2025-11-20 10:30,2025-11-20 11:00,2025-11-20 10:41,2025-11-20 11:04,2025-11-20 10:41,2025-11-20 11:00,19.00,partial_overlap,Medium
3559,P094,Deployment,Testing Acceptance,R&D Center,Cafe,2025-11-18 17:30,2025-11-18 18:15,2025-11-18 17:59,2025-11-18 18:17,2025-11-18 17:59,2025-11-18 18:15,16.00,partial_overlap,Medium
3560,P094,Operations Check,Testing Acceptance,Demo Hall,Cafe,2025-11-18 18:15,2025-11-18 18:30,2025-11-18 17:59,2025-11-18 18:17,2025-11-18 18:15,2025-11-18 18:17,2.00,partial_overlap,Low
3561,P094,Team Building,Brainstorming,Demo Hall,Office Area 2,2025-11-20 11:00,2025-11-20 11:45,2025-11-20 10:45,2025-11-20 11:15,2025-11-20 11:00,2025-11-20 11:15,15.00,partial_overlap,Medium
3562,P094,Team Building,Operations Check,Demo Hall,Training Room,2025-11-20 11:00,2025-11-20 11:45,2025-11-20 11:00,2025-11-20 11:45,2025-11-20 11:00,2025-11-20 11:45,45.00,containment,Medium
3563,P094,Team Building,Design Review,Demo Hall,Demo Hall,2025-11-20 11:00,2025-11-20 11:45,2025-11-20 11:21,2025-11-20 11:46,2025-11-20 11:21,2025-11-20 11:45,24.00,partial_overlap,Medium
3564,P094,Team Building,One-on-One,Demo Hall,Test Lab,2025-11-20 11:00,2025-11-20 11:45,2025-11-20 10:41,2025-11-20 11:04,2025-11-20 11:00,2025-11-20 11:04,4.00,partial_overlap,Low
3565,P094,Brainstorming,Operations Check,Office Area 2,Training Room,2025-11-20 10:45,2025-11-20 11:15,2025-11-20 11:00,2025-11-20 11:45,2025-11-20 11:00,2025-11-20 11:15,15.00,partial_overlap,Medium
3566,P094,Brainstorming,One-on-One,Office Area 2,Test Lab,2025-11-20 10:45,2025-11-20 11:15,2025-11-20 10:41,2025-11-20 11:04,2025-11-20 10:45,2025-11-20 11:04,19.00,partial_overlap,Medium
3567,P094,Testing Acceptance,Deployment,Demo Hall,Remote,2025-11-17 14:45,2025-11-17 15:30,2025-11-17 15:14,2025-11-17 15:44,2025-11-17 15:14,2025-11-17 15:30,16.00,partial_overlap,Medium
3568,P094,Requirements Analysis,Design Review,Office Area 2,Client Reception,2025-11-17 13:15,2025-11-17 13:45,2025-11-17 13:26,2025-11-17 13:46,2025-11-17 13:26,2025-11-17 13:45,19.00,partial_overlap,Medium
3569,P094,Operations Check,Design Review,Training Room,Demo Hall,2025-11-20 11:00,2025-11-20 11:45,2025-11-20 11:21,2025-11-20 11:46,2025-11-20 11:21,2025-11-20 11:45,24.00,partial_overlap,Medium
3570,P094,Operations Check,One-on-One,Training Room,Test Lab,2025-11-20 11:00,2025-11-20 11:45,2025-11-20 10:41,2025-11-20 11:04,2025-11-20 11:00,2025-11-20 11:04,4.00,partial_overlap,Low
3571,P095,Team Building,Training,Conference Room A,Cafe,2025-11-04 17:45,2025-11-04 19:15,2025-11-04 17:50,2025-11-04 18:10,2025-11-04 17:50,2025-11-04 18:10,20.00,containment,Medium
3572,P095,Team Building,Deployment,Conference Room A,Office Area 1,2025-11-04 17:45,2025-11-04 19:15,2025-11-04 18:30,2025-11-04 19:30,2025-11-04 18:30,2025-11-04 19:15,45.00,partial_overlap,Medium
3573,P095,Project Discussion,Tech Sharing,Conference Room A,Office Area 2,2025-11-03 13:45,2025-11-03 15:15,2025-11-03 13:30,2025-11-03 14:15,2025-11-03 13:45,2025-11-03 14:15,30.00,partial_overlap,Medium
3574,P095,Testing Acceptance,Tech Sharing,Online Meeting,Product Showcase,2025-11-07 11:00,2025-11-07 11:45,2025-11-07 10:30,2025-11-07 11:15,2025-11-07 11:00,2025-11-07 11:15,15.00,partial_overlap,Medium
3575,P095,Code Review,Training,Demo Hall,Cafe,2025-11-11 16:45,2025-11-11 17:45,2025-11-11 16:15,2025-11-11 17:00,2025-11-11 16:45,2025-11-11 17:00,15.00,partial_overlap,Medium
3576,P095,Client Visit,Training,Conference Room C,Office Area 1,2025-11-11 10:15,2025-11-11 11:15,2025-11-11 09:45,2025-11-11 10:45,2025-11-11 10:15,2025-11-11 10:45,30.00,partial_overlap,Medium
3577,P095,Tech Sharing,Operations Check,Conference Room C,R&D Center,2025-11-11 18:00,2025-11-11 18:45,2025-11-11 18:30,2025-11-11 19:01,2025-11-11 18:30,2025-11-11 18:45,15.00,partial_overlap,Medium
3578,P095,Requirements Analysis,Testing Acceptance,Conference Room A,Office Area 1,2025-11-12 15:30,2025-11-12 16:00,2025-11-12 15:36,2025-11-12 16:05,2025-11-12 15:36,2025-11-12 16:00,24.00,partial_overlap,Medium
3579,P095,Team Building,One-on-One,Office Area 1,Conference Room C,2025-11-16 11:45,2025-11-16 12:30,2025-11-16 12:15,2025-11-16 13:00,2025-11-16 12:15,2025-11-16 12:30,15.00,partial_overlap,Medium
3580,P095,Requirements Analysis,One-on-One,Break Room,Conference Room C,2025-11-15 15:15,2025-11-15 16:00,2025-11-15 15:32,2025-11-15 15:59,2025-11-15 15:32,2025-11-15 15:59,27.00,containment,Medium
3581,P095,Design Review,Code Review,Test Lab,Remote,2025-11-17 08:45,2025-11-17 09:30,2025-11-17 08:45,2025-11-17 09:45,2025-11-17 08:45,2025-11-17 09:30,45.00,containment,Medium
3582,P095,Design Review,Operations Check,Test Lab,Client Reception,2025-11-17 08:45,2025-11-17 09:30,2025-11-17 08:45,2025-11-17 09:00,2025-11-17 08:45,2025-11-17 09:00,15.00,containment,Medium
3583,P095,Code Review,Operations Check,Remote,Client Reception,2025-11-17 08:45,2025-11-17 09:45,2025-11-17 08:45,2025-11-17 09:00,2025-11-17 08:45,2025-11-17 09:00,15.00,containment,Medium
3584,P095,Code Review,Tech Sharing,Remote,Client Reception,2025-11-17 08:45,2025-11-17 09:45,2025-11-17 09:30,2025-11-17 10:00,2025-11-17 09:30,2025-11-17 09:45,15.00,partial_overlap,Medium
3585,P095,Code Review,Project Discussion,Remote,Demo Hall,2025-11-17 08:45,2025-11-17 09:45,2025-11-17 09:30,2025-11-17 10:15,2025-11-17 09:30,2025-11-17 09:45,15.00,partial_overlap,Medium
3586,P095,Training,Client Visit,Client Reception,Office Area 2,2025-11-15 10:45,2025-11-15 11:15,2025-11-15 10:15,2025-11-15 11:00,2025-11-15 10:45,2025-11-15 11:00,15.00,partial_overlap,Medium
3587,P095,Client Visit,Brainstorming,Client Reception,Online Meeting,2025-11-19 15:45,2025-11-19 16:15,2025-11-19 15:51,2025-11-19 16:22,2025-11-19 15:51,2025-11-19 16:15,24.00,partial_overlap,Medium
3588,P095,Tech Sharing,Project Discussion,Client Reception,Demo Hall,2025-11-17 09:30,2025-11-17 10:00,2025-11-17 09:30,2025-11-17 10:15,2025-11-17 09:30,2025-11-17 10:00,30.00,containment,Medium
3589,P095,Tech Sharing,Testing Acceptance,Client Reception,Office Area 1,2025-11-17 09:30,2025-11-17 10:00,2025-11-17 09:45,2025-11-17 10:15,2025-11-17 09:45,2025-11-17 10:00,15.00,partial_overlap,Medium
3590,P095,Tech Sharing,One-on-One,Client Reception,Conference Room C,2025-11-17 09:30,2025-11-17 10:00,2025-11-17 09:53,2025-11-17 10:42,2025-11-17 09:53,2025-11-17 10:00,7.00,partial_overlap,Low
3591,P095,Testing Acceptance,Meeting,Break Room,R&D Center,2025-11-18 12:00,2025-11-18 12:30,2025-11-18 12:15,2025-11-18 13:00,2025-11-18 12:15,2025-11-18 12:30,15.00,partial_overlap,Medium
3592,P095,Testing Acceptance,Operations Check,Break Room,Client Reception,2025-11-18 12:00,2025-11-18 12:30,2025-11-18 12:26,2025-11-18 13:23,2025-11-18 12:26,2025-11-18 12:30,4.00,partial_overlap,Low
3593,P095,Testing Acceptance,Design Review,Office Area 1,Client Reception,2025-11-17 16:30,2025-11-17 17:00,2025-11-17 16:30,2025-11-17 17:15,2025-11-17 16:30,2025-11-17 17:00,30.00,containment,Medium
3594,P095,Testing Acceptance,Testing Acceptance,Office Area 1,Test Lab,2025-11-17 16:30,2025-11-17 17:00,2025-11-17 16:58,2025-11-17 17:26,2025-11-17 16:58,2025-11-17 17:00,2.00,partial_overlap,Low
3595,P095,Meeting,Project Discussion,R&D Center,Online Meeting,2025-11-18 12:15,2025-11-18 13:00,2025-11-18 12:30,2025-11-18 13:22,2025-11-18 12:30,2025-11-18 13:00,30.00,partial_overlap,Medium
3596,P095,Meeting,Operations Check,R&D Center,Client Reception,2025-11-18 12:15,2025-11-18 13:00,2025-11-18 12:26,2025-11-18 13:23,2025-11-18 12:26,2025-11-18 13:00,34.00,partial_overlap,Medium
3597,P095,Meeting,One-on-One,R&D Center,Online Meeting,2025-11-18 12:15,2025-11-18 13:00,2025-11-18 12:31,2025-11-18 13:24,2025-11-18 12:31,2025-11-18 13:00,29.00,partial_overlap,Medium
3598,P095,One-on-One,Meeting,Conference Room C,Test Lab,2025-11-16 12:15,2025-11-16 13:00,2025-11-16 12:36,2025-11-16 12:51,2025-11-16 12:36,2025-11-16 12:51,15.00,containment,Medium
3599,P095,Design Review,Testing Acceptance,Client Reception,Test Lab,2025-11-17 16:30,2025-11-17 17:15,2025-11-17 16:58,2025-11-17 17:26,2025-11-17 16:58,2025-11-17 17:15,17.00,partial_overlap,Medium
3600,P095,Training,One-on-One,Break Room,Office Area 1,2025-11-22 17:15,2025-11-22 17:45,2025-11-22 17:00,2025-11-22 17:30,2025-11-22 17:15,2025-11-22 17:30,15.00,partial_overlap,Medium
3601,P095,Project Discussion,Testing Acceptance,Demo Hall,Office Area 1,2025-11-17 09:30,2025-11-17 10:15,2025-11-17 09:45,2025-11-17 10:15,2025-11-17 09:45,2025-11-17 10:15,30.00,containment,Medium
3602,P095,Project Discussion,One-on-One,Demo Hall,Conference Room C,2025-11-17 09:30,2025-11-17 10:15,2025-11-17 09:53,2025-11-17 10:42,2025-11-17 09:53,2025-11-17 10:15,22.00,partial_overlap,Medium
3603,P095,Product Demo,Tech Sharing,Client Reception,Remote,2025-11-22 15:00,2025-11-22 15:45,2025-11-22 15:15,2025-11-22 15:30,2025-11-22 15:15,2025-11-22 15:30,15.00,containment,Medium
3604,P095,Testing Acceptance,One-on-One,Office Area 1,Conference Room C,2025-11-17 09:45,2025-11-17 10:15,2025-11-17 09:53,2025-11-17 10:42,2025-11-17 09:53,2025-11-17 10:15,22.00,partial_overlap,Medium
3605,P095,Code Review,Tech Sharing,Office Area 2,Conference Room B,2025-11-21 11:00,2025-11-21 11:45,2025-11-21 11:15,2025-11-21 11:30,2025-11-21 11:15,2025-11-21 11:30,15.00,containment,Medium
3606,P095,One-on-One,Meeting,Conference Room C,Conference Room A,2025-11-23 15:30,2025-11-23 16:00,2025-11-23 15:46,2025-11-23 16:30,2025-11-23 15:46,2025-11-23 16:00,14.00,partial_overlap,Low
3607,P095,Project Discussion,Operations Check,Online Meeting,Client Reception,2025-11-18 12:30,2025-11-18 13:22,2025-11-18 12:26,2025-11-18 13:23,2025-11-18 12:30,2025-11-18 13:22,52.00,containment,Medium
3608,P095,Project Discussion,One-on-One,Online Meeting,Online Meeting,2025-11-18 12:30,2025-11-18 13:22,2025-11-18 12:31,2025-11-18 13:24,2025-11-18 12:31,2025-11-18 13:22,51.00,partial_overlap,Medium
3609,P095,Operations Check,One-on-One,Client Reception,Online Meeting,2025-11-18 12:26,2025-11-18 13:23,2025-11-18 12:31,2025-11-18 13:24,2025-11-18 12:31,2025-11-18 13:23,52.00,partial_overlap,Medium
3610,P096,Team Building,Client Visit,Online Meeting,Office Area 2,2025-10-30 15:15,2025-10-30 16:00,2025-10-30 15:43,2025-10-30 16:35,2025-10-30 15:43,2025-10-30 16:00,17.00,partial_overlap,Medium
3611,P096,Deployment,Tech Sharing,R&D Center,Office Area 2,2025-11-02 11:00,2025-11-02 12:30,2025-11-02 11:15,2025-11-02 11:45,2025-11-02 11:15,2025-11-02 11:45,30.00,containment,Medium
3612,P096,Product Demo,Training,R&D Center,Conference Room C,2025-11-02 12:30,2025-11-02 13:30,2025-11-02 13:15,2025-11-02 14:45,2025-11-02 13:15,2025-11-02 13:30,15.00,partial_overlap,Medium
3613,P096,Requirements Analysis,Requirements Analysis,Office Area 2,Break Room,2025-11-06 15:15,2025-11-06 16:00,2025-11-06 14:45,2025-11-06 15:45,2025-11-06 15:15,2025-11-06 15:45,30.00,partial_overlap,Medium
3614,P096,Project Discussion,One-on-One,Test Lab,Client Reception,2025-11-04 14:45,2025-11-04 16:15,2025-11-04 15:02,2025-11-04 15:21,2025-11-04 15:02,2025-11-04 15:21,19.00,containment,Medium
3615,P096,Design Review,Training,Office Area 1,Break Room,2025-11-12 16:00,2025-11-12 17:00,2025-11-12 16:09,2025-11-12 16:41,2025-11-12 16:09,2025-11-12 16:41,32.00,containment,Medium
3616,P096,Design Review,Requirements Analysis,Office Area 1,Demo Hall,2025-11-12 16:00,2025-11-12 17:00,2025-11-12 16:29,2025-11-12 17:04,2025-11-12 16:29,2025-11-12 17:00,31.00,partial_overlap,Medium
3617,P096,Design Review,Training,Conference Room A,Training Room,2025-11-08 13:15,2025-11-08 14:15,2025-11-08 13:41,2025-11-08 14:15,2025-11-08 13:41,2025-11-08 14:15,34.00,containment,Medium
3618,P096,Operations Check,Code Review,Product Showcase,Demo Hall,2025-11-13 11:15,2025-11-13 12:15,2025-11-13 11:15,2025-11-13 12:00,2025-11-13 11:15,2025-11-13 12:00,45.00,containment,Medium
3619,P096,Meeting,Meeting,Test Lab,Training Room,2025-11-14 12:30,2025-11-14 13:15,2025-11-14 11:45,2025-11-14 12:45,2025-11-14 12:30,2025-11-14 12:45,15.00,partial_overlap,Medium
3620,P096,Testing Acceptance,Brainstorming,Demo Hall,Cafe,2025-11-15 14:30,2025-11-15 15:30,2025-11-15 14:30,2025-11-15 15:15,2025-11-15 14:30,2025-11-15 15:15,45.00,containment,Medium
3621,P096,Training,Requirements Analysis,Break Room,Demo Hall,2025-11-12 16:09,2025-11-12 16:41,2025-11-12 16:29,2025-11-12 17:04,2025-11-12 16:29,2025-11-12 16:41,12.00,partial_overlap,Low
3622,P096,Deployment,Product Demo,R&D Center,Demo Hall,2025-11-16 10:00,2025-11-16 10:45,2025-11-16 10:30,2025-11-16 10:45,2025-11-16 10:30,2025-11-16 10:45,15.00,containment,Medium
3623,P096,Brainstorming,Deployment,Client Reception,Client Reception,2025-11-17 18:15,2025-11-17 18:45,2025-11-17 18:15,2025-11-17 19:00,2025-11-17 18:15,2025-11-17 18:45,30.00,containment,Medium
3624,P096,Brainstorming,Operations Check,Client Reception,Conference Room B,2025-11-17 18:15,2025-11-17 18:45,2025-11-17 18:44,2025-11-17 19:32,2025-11-17 18:44,2025-11-17 18:45,1.00,partial_overlap,Low
3625,P096,Design Review,Requirements Analysis,Cafe,Office Area 1,2025-11-14 09:30,2025-11-14 10:00,2025-11-14 09:27,2025-11-14 09:48,2025-11-14 09:30,2025-11-14 09:48,18.00,partial_overlap,Medium
3626,P096,Meeting,Tech Sharing,Office Area 1,Demo Hall,2025-11-18 10:15,2025-11-18 11:00,2025-11-18 10:45,2025-11-18 11:00,2025-11-18 10:45,2025-11-18 11:00,15.00,containment,Medium
3627,P096,Meeting,Deployment,Office Area 1,Product Showcase,2025-11-18 10:15,2025-11-18 11:00,2025-11-18 10:30,2025-11-18 11:15,2025-11-18 10:30,2025-11-18 11:00,30.00,partial_overlap,Medium
3628,P096,Meeting,Brainstorming,Office Area 1,Client Reception,2025-11-18 10:15,2025-11-18 11:00,2025-11-18 10:40,2025-11-18 11:35,2025-11-18 10:40,2025-11-18 11:00,20.00,partial_overlap,Medium
3629,P096,Meeting,Requirements Analysis,Conference Room B,Office Area 1,2025-11-14 09:15,2025-11-14 09:30,2025-11-14 09:27,2025-11-14 09:48,2025-11-14 09:27,2025-11-14 09:30,3.00,partial_overlap,Low
3630,P096,One-on-One,Training,Online Meeting,Conference Room C,2025-11-16 12:45,2025-11-16 13:15,2025-11-16 13:05,2025-11-16 13:38,2025-11-16 13:05,2025-11-16 13:15,10.00,partial_overlap,Low
3631,P096,Deployment,Operations Check,Client Reception,Conference Room B,2025-11-17 18:15,2025-11-17 19:00,2025-11-17 18:44,2025-11-17 19:32,2025-11-17 18:44,2025-11-17 19:00,16.00,partial_overlap,Medium
3632,P096,Project Discussion,One-on-One,Remote,Office Area 2,2025-11-21 10:45,2025-11-21 11:30,2025-11-21 10:58,2025-11-21 11:38,2025-11-21 10:58,2025-11-21 11:30,32.00,partial_overlap,Medium
3633,P096,Operations Check,Testing Acceptance,Office Area 1,Training Room,2025-11-23 09:00,2025-11-23 09:45,2025-11-23 09:30,2025-11-23 10:15,2025-11-23 09:30,2025-11-23 09:45,15.00,partial_overlap,Medium
3634,P096,Tech Sharing,Deployment,Demo Hall,Product Showcase,2025-11-18 10:45,2025-11-18 11:00,2025-11-18 10:30,2025-11-18 11:15,2025-11-18 10:45,2025-11-18 11:00,15.00,containment,Medium
3635,P096,Tech Sharing,Brainstorming,Demo Hall,Client Reception,2025-11-18 10:45,2025-11-18 11:00,2025-11-18 10:40,2025-11-18 11:35,2025-11-18 10:45,2025-11-18 11:00,15.00,containment,Medium
3636,P096,Deployment,Brainstorming,Product Showcase,Client Reception,2025-11-18 10:30,2025-11-18 11:15,2025-11-18 10:40,2025-11-18 11:35,2025-11-18 10:40,2025-11-18 11:15,35.00,partial_overlap,Medium
3637,P096,Team Building,One-on-One,Conference Room A,Demo Hall,2025-11-22 15:15,2025-11-22 15:30,2025-11-22 15:15,2025-11-22 16:00,2025-11-22 15:15,2025-11-22 15:30,15.00,containment,Medium
3638,P096,Operations Check,Product Demo,R&D Center,Product Showcase,2025-11-21 08:15,2025-11-21 08:45,2025-11-21 08:30,2025-11-21 09:00,2025-11-21 08:30,2025-11-21 08:45,15.00,partial_overlap,Medium
3639,P097,Operations Check,One-on-One,Office Area 2,Client Reception,2025-10-29 16:30,2025-10-29 17:15,2025-10-29 16:43,2025-10-29 17:26,2025-10-29 16:43,2025-10-29 17:15,32.00,partial_overlap,Medium
3640,P097,Tech Sharing,Testing Acceptance,Office Area 1,Conference Room A,2025-11-03 13:45,2025-11-03 14:45,2025-11-03 14:30,2025-11-03 15:15,2025-11-03 14:30,2025-11-03 14:45,15.00,partial_overlap,Medium
3641,P097,Code Review,Requirements Analysis,Test Lab,Break Room,2025-11-05 18:15,2025-11-05 19:45,2025-11-05 18:30,2025-11-05 19:30,2025-11-05 18:30,2025-11-05 19:30,60.00,containment,High
3642,P097,Code Review,Design Review,Office Area 2,Cafe,2025-11-01 08:15,2025-11-01 09:15,2025-11-01 08:39,2025-11-01 09:29,2025-11-01 08:39,2025-11-01 09:15,36.00,partial_overlap,Medium
3643,P097,Meeting,Team Building,Conference Room C,Client Reception,2025-11-10 16:00,2025-11-10 16:45,2025-11-10 15:45,2025-11-10 16:45,2025-11-10 16:00,2025-11-10 16:45,45.00,containment,Medium
3644,P097,Project Discussion,Code Review,Cafe,Training Room,2025-11-12 09:45,2025-11-12 10:45,2025-11-12 09:25,2025-11-12 09:51,2025-11-12 09:45,2025-11-12 09:51,6.00,partial_overlap,Low
3645,P097,Client Visit,Client Visit,Office Area 2,Client Reception,2025-11-13 10:30,2025-11-13 11:00,2025-11-13 10:35,2025-11-13 11:05,2025-11-13 10:35,2025-11-13 11:00,25.00,partial_overlap,Medium
3646,P097,Deployment,Team Building,Training Room,Office Area 2,2025-11-12 18:30,2025-11-12 19:00,2025-11-12 18:30,2025-11-12 19:00,2025-11-12 18:30,2025-11-12 19:00,30.00,containment,Medium
3647,P097,Requirements Analysis,Deployment,Test Lab,Office Area 1,2025-11-12 10:45,2025-11-12 11:30,2025-11-12 11:15,2025-11-12 12:00,2025-11-12 11:15,2025-11-12 11:30,15.00,partial_overlap,Medium
3648,P097,Client Visit,Code Review,Product Showcase,Training Room,2025-11-12 09:00,2025-11-12 09:45,2025-11-12 09:25,2025-11-12 09:51,2025-11-12 09:25,2025-11-12 09:45,20.00,partial_overlap,Medium
3649,P097,Meeting,Code Review,Office Area 2,Break Room,2025-11-16 11:15,2025-11-16 12:15,2025-11-16 11:31,2025-11-16 11:57,2025-11-16 11:31,2025-11-16 11:57,26.00,containment,Medium
3650,P097,Tech Sharing,Operations Check,Break Room,Product Showcase,2025-11-11 11:15,2025-11-11 12:15,2025-11-11 11:41,2025-11-11 12:09,2025-11-11 11:41,2025-11-11 12:09,28.00,containment,Medium
3651,P097,Tech Sharing,Operations Check,Break Room,Conference Room C,2025-11-11 11:15,2025-11-11 12:15,2025-11-11 11:25,2025-11-11 12:15,2025-11-11 11:25,2025-11-11 12:15,50.00,containment,Medium
3652,P097,Tech Sharing,Brainstorming,Break Room,Client Reception,2025-11-11 11:15,2025-11-11 12:15,2025-11-11 12:03,2025-11-11 12:24,2025-11-11 12:03,2025-11-11 12:15,12.00,partial_overlap,Low
3653,P097,Project Discussion,One-on-One,Office Area 1,Office Area 1,2025-11-13 14:30,2025-11-13 15:15,2025-11-13 14:00,2025-11-13 14:45,2025-11-13 14:30,2025-11-13 14:45,15.00,partial_overlap,Medium
3654,P097,Operations Check,Operations Check,Product Showcase,Conference Room C,2025-11-11 11:41,2025-11-11 12:09,2025-11-11 11:25,2025-11-11 12:15,2025-11-11 11:41,2025-11-11 12:09,28.00,containment,Medium
3655,P097,Operations Check,Brainstorming,Product Showcase,Client Reception,2025-11-11 11:41,2025-11-11 12:09,2025-11-11 12:03,2025-11-11 12:24,2025-11-11 12:03,2025-11-11 12:09,6.00,partial_overlap,Low
3656,P097,Operations Check,Brainstorming,Conference Room C,Client Reception,2025-11-11 11:25,2025-11-11 12:15,2025-11-11 12:03,2025-11-11 12:24,2025-11-11 12:03,2025-11-11 12:15,12.00,partial_overlap,Low
3657,P097,Project Discussion,Testing Acceptance,Office Area 2,Break Room,2025-11-15 17:00,2025-11-15 17:30,2025-11-15 17:15,2025-11-15 17:45,2025-11-15 17:15,2025-11-15 17:30,15.00,partial_overlap,Medium
3658,P097,Team Building,One-on-One,Product Showcase,Online Meeting,2025-11-20 09:45,2025-11-20 10:30,2025-11-20 09:53,2025-11-20 10:45,2025-11-20 09:53,2025-11-20 10:30,37.00,partial_overlap,Medium
3659,P097,Project Discussion,Client Visit,Demo Hall,Product Showcase,2025-11-17 18:15,2025-11-17 18:45,2025-11-17 18:30,2025-11-17 19:15,2025-11-17 18:30,2025-11-17 18:45,15.00,partial_overlap,Medium
3660,P097,Team Building,Team Building,Conference Room B,Training Room,2025-11-19 18:00,2025-11-19 18:30,2025-11-19 17:55,2025-11-19 18:10,2025-11-19 18:00,2025-11-19 18:10,10.00,partial_overlap,Low
3661,P097,Deployment,Testing Acceptance,Conference Room A,Online Meeting,2025-11-21 12:15,2025-11-21 13:00,2025-11-21 12:30,2025-11-21 13:15,2025-11-21 12:30,2025-11-21 13:00,30.00,partial_overlap,Medium
3662,P097,Deployment,Code Review,Conference Room A,Demo Hall,2025-11-21 12:15,2025-11-21 13:00,2025-11-21 12:45,2025-11-21 13:30,2025-11-21 12:45,2025-11-21 13:00,15.00,partial_overlap,Medium
3663,P097,Testing Acceptance,Code Review,Online Meeting,Demo Hall,2025-11-21 12:30,2025-11-21 13:15,2025-11-21 12:45,2025-11-21 13:30,2025-11-21 12:45,2025-11-21 13:15,30.00,partial_overlap,Medium
3664,P097,Meeting,Brainstorming,Office Area 2,Demo Hall,2025-11-20 12:00,2025-11-20 12:30,2025-11-20 12:17,2025-11-20 13:02,2025-11-20 12:17,2025-11-20 12:30,13.00,partial_overlap,Low
3665,P097,Project Discussion,Team Building,Client Reception,Break Room,2025-11-17 16:45,2025-11-17 17:30,2025-11-17 17:15,2025-11-17 17:30,2025-11-17 17:15,2025-11-17 17:30,15.00,containment,Medium
3666,P097,Product Demo,Design Review,Product Showcase,Demo Hall,2025-11-20 15:00,2025-11-20 15:45,2025-11-20 14:45,2025-11-20 15:15,2025-11-20 15:00,2025-11-20 15:15,15.00,partial_overlap,Medium
3667,P097,Operations Check,Meeting,Cafe,Conference Room A,2025-11-23 08:00,2025-11-23 08:45,2025-11-23 08:00,2025-11-23 08:45,2025-11-23 08:00,2025-11-23 08:45,45.00,containment,Medium
3668,P097,Operations Check,Project Discussion,Cafe,Conference Room A,2025-11-23 08:00,2025-11-23 08:45,2025-11-23 08:24,2025-11-23 09:21,2025-11-23 08:24,2025-11-23 08:45,21.00,partial_overlap,Medium
3669,P097,Meeting,Project Discussion,Conference Room A,Conference Room A,2025-11-23 08:00,2025-11-23 08:45,2025-11-23 08:24,2025-11-23 09:21,2025-11-23 08:24,2025-11-23 08:45,21.00,partial_overlap,Medium
3670,P098,One-on-One,Brainstorming,Office Area 2,Remote,2025-11-05 17:30,2025-11-05 18:30,2025-11-05 17:47,2025-11-05 18:08,2025-11-05 17:47,2025-11-05 18:08,21.00,containment,Medium
3671,P098,Team Building,Testing Acceptance,Test Lab,Conference Room C,2025-11-04 11:15,2025-11-04 12:15,2025-11-04 11:45,2025-11-04 12:45,2025-11-04 11:45,2025-11-04 12:15,30.00,partial_overlap,Medium
3672,P098,Client Visit,Testing Acceptance,R&D Center,Cafe,2025-11-07 15:30,2025-11-07 16:30,2025-11-07 15:46,2025-11-07 16:33,2025-11-07 15:46,2025-11-07 16:30,44.00,partial_overlap,Medium
3673,P098,Product Demo,Tech Sharing,Client Reception,R&D Center,2025-11-12 13:30,2025-11-12 14:15,2025-11-12 12:45,2025-11-12 13:45,2025-11-12 13:30,2025-11-12 13:45,15.00,partial_overlap,Medium
3674,P098,Product Demo,One-on-One,Client Reception,Demo Hall,2025-11-12 13:30,2025-11-12 14:15,2025-11-12 12:56,2025-11-12 13:38,2025-11-12 13:30,2025-11-12 13:38,8.00,partial_overlap,Low
3675,P098,Product Demo,Operations Check,Client Reception,Conference Room A,2025-11-12 13:30,2025-11-12 14:15,2025-11-12 13:18,2025-11-12 13:56,2025-11-12 13:30,2025-11-12 13:56,26.00,partial_overlap,Medium
3676,P098,Meeting,Training,Product Showcase,Conference Room B,2025-11-06 09:00,2025-11-06 09:45,2025-11-06 09:06,2025-11-06 09:31,2025-11-06 09:06,2025-11-06 09:31,25.00,containment,Medium
3677,P098,Product Demo,Tech Sharing,Remote,Conference Room A,2025-11-08 16:15,2025-11-08 16:45,2025-11-08 15:45,2025-11-08 16:30,2025-11-08 16:15,2025-11-08 16:30,15.00,partial_overlap,Medium
3678,P098,Deployment,Team Building,Conference Room B,Online Meeting,2025-11-10 13:30,2025-11-10 14:15,2025-11-10 13:00,2025-11-10 13:45,2025-11-10 13:30,2025-11-10 13:45,15.00,partial_overlap,Medium
3679,P098,Testing Acceptance,Project Discussion,Client Reception,Remote,2025-11-16 15:45,2025-11-16 16:45,2025-11-16 16:09,2025-11-16 16:32,2025-11-16 16:09,2025-11-16 16:32,23.00,containment,Medium
3680,P098,Testing Acceptance,Requirements Analysis,Client Reception,R&D Center,2025-11-16 15:45,2025-11-16 16:45,2025-11-16 16:30,2025-11-16 17:00,2025-11-16 16:30,2025-11-16 16:45,15.00,partial_overlap,Medium
3681,P098,Design Review,Testing Acceptance,Conference Room B,Online Meeting,2025-11-13 18:15,2025-11-13 19:15,2025-11-13 18:26,2025-11-13 19:10,2025-11-13 18:26,2025-11-13 19:10,44.00,containment,Medium
3682,P098,Design Review,Team Building,Conference Room B,Conference Room C,2025-11-13 18:15,2025-11-13 19:15,2025-11-13 18:31,2025-11-13 18:56,2025-11-13 18:31,2025-11-13 18:56,25.00,containment,Medium
3683,P098,Design Review,Tech Sharing,Conference Room B,Remote,2025-11-13 18:15,2025-11-13 19:15,2025-11-13 18:40,2025-11-13 18:59,2025-11-13 18:40,2025-11-13 18:59,19.00,containment,Medium
3684,P098,Design Review,Product Demo,Conference Room B,Training Room,2025-11-13 18:15,2025-11-13 19:15,2025-11-13 18:00,2025-11-13 18:45,2025-11-13 18:15,2025-11-13 18:45,30.00,partial_overlap,Medium
3685,P098,Design Review,Design Review,Conference Room B,Conference Room C,2025-11-13 18:15,2025-11-13 19:15,2025-11-13 18:29,2025-11-13 18:53,2025-11-13 18:29,2025-11-13 18:53,24.00,containment,Medium
3686,P098,One-on-One,Code Review,Online Meeting,Test Lab,2025-11-16 08:30,2025-11-16 09:15,2025-11-16 08:45,2025-11-16 09:34,2025-11-16 08:45,2025-11-16 09:15,30.00,partial_overlap,Medium
3687,P098,One-on-One,Meeting,Online Meeting,Training Room,2025-11-16 08:30,2025-11-16 09:15,2025-11-16 08:30,2025-11-16 09:15,2025-11-16 08:30,2025-11-16 09:15,45.00,containment,Medium
3688,P098,Tech Sharing,One-on-One,R&D Center,Demo Hall,2025-11-12 12:45,2025-11-12 13:45,2025-11-12 12:56,2025-11-12 13:38,2025-11-12 12:56,2025-11-12 13:38,42.00,containment,Medium
3689,P098,Tech Sharing,Operations Check,R&D Center,Conference Room A,2025-11-12 12:45,2025-11-12 13:45,2025-11-12 13:18,2025-11-12 13:56,2025-11-12 13:18,2025-11-12 13:45,27.00,partial_overlap,Medium
3690,P098,One-on-One,Operations Check,Demo Hall,Conference Room A,2025-11-12 12:56,2025-11-12 13:38,2025-11-12 13:18,2025-11-12 13:56,2025-11-12 13:18,2025-11-12 13:38,20.00,partial_overlap,Medium
3691,P098,Testing Acceptance,Team Building,Online Meeting,Conference Room C,2025-11-13 18:26,2025-11-13 19:10,2025-11-13 18:31,2025-11-13 18:56,2025-11-13 18:31,2025-11-13 18:56,25.00,containment,Medium
3692,P098,Testing Acceptance,Tech Sharing,Online Meeting,Remote,2025-11-13 18:26,2025-11-13 19:10,2025-11-13 18:40,2025-11-13 18:59,2025-11-13 18:40,2025-11-13 18:59,19.00,containment,Medium
3693,P098,Testing Acceptance,Product Demo,Online Meeting,Training Room,2025-11-13 18:26,2025-11-13 19:10,2025-11-13 18:00,2025-11-13 18:45,2025-11-13 18:26,2025-11-13 18:45,19.00,partial_overlap,Medium
3694,P098,Testing Acceptance,Design Review,Online Meeting,Conference Room C,2025-11-13 18:26,2025-11-13 19:10,2025-11-13 18:29,2025-11-13 18:53,2025-11-13 18:29,2025-11-13 18:53,24.00,containment,Medium
3695,P098,Code Review,Meeting,Test Lab,Training Room,2025-11-16 08:45,2025-11-16 09:34,2025-11-16 08:30,2025-11-16 09:15,2025-11-16 08:45,2025-11-16 09:15,30.00,partial_overlap,Medium
3696,P098,Code Review,Design Review,Test Lab,Break Room,2025-11-16 08:45,2025-11-16 09:34,2025-11-16 09:15,2025-11-16 09:45,2025-11-16 09:15,2025-11-16 09:34,19.00,partial_overlap,Medium
3697,P098,Code Review,Brainstorming,Test Lab,Client Reception,2025-11-16 08:45,2025-11-16 09:34,2025-11-16 09:20,2025-11-16 10:10,2025-11-16 09:20,2025-11-16 09:34,14.00,partial_overlap,Low
3698,P098,Team Building,Tech Sharing,Conference Room C,Remote,2025-11-13 18:31,2025-11-13 18:56,2025-11-13 18:40,2025-11-13 18:59,2025-11-13 18:40,2025-11-13 18:56,16.00,partial_overlap,Medium
3699,P098,Team Building,Product Demo,Conference Room C,Training Room,2025-11-13 18:31,2025-11-13 18:56,2025-11-13 18:00,2025-11-13 18:45,2025-11-13 18:31,2025-11-13 18:45,14.00,partial_overlap,Low
3700,P098,Team Building,Design Review,Conference Room C,Conference Room C,2025-11-13 18:31,2025-11-13 18:56,2025-11-13 18:29,2025-11-13 18:53,2025-11-13 18:31,2025-11-13 18:53,22.00,partial_overlap,Medium
3701,P098,Project Discussion,Requirements Analysis,Remote,R&D Center,2025-11-16 16:09,2025-11-16 16:32,2025-11-16 16:30,2025-11-16 17:00,2025-11-16 16:30,2025-11-16 16:32,2.00,partial_overlap,Low
3702,P098,Tech Sharing,Product Demo,Remote,Training Room,2025-11-13 18:40,2025-11-13 18:59,2025-11-13 18:00,2025-11-13 18:45,2025-11-13 18:40,2025-11-13 18:45,5.00,partial_overlap,Low
3703,P098,Tech Sharing,Design Review,Remote,Conference Room C,2025-11-13 18:40,2025-11-13 18:59,2025-11-13 18:29,2025-11-13 18:53,2025-11-13 18:40,2025-11-13 18:53,13.00,partial_overlap,Low
3704,P098,Product Demo,Design Review,Training Room,Conference Room C,2025-11-13 18:00,2025-11-13 18:45,2025-11-13 18:29,2025-11-13 18:53,2025-11-13 18:29,2025-11-13 18:45,16.00,partial_overlap,Medium
3705,P098,Design Review,Requirements Analysis,Client Reception,Client Reception,2025-11-17 14:15,2025-11-17 14:45,2025-11-17 14:30,2025-11-17 15:00,2025-11-17 14:30,2025-11-17 14:45,15.00,partial_overlap,Medium
3706,P098,Design Review,Product Demo,Client Reception,R&D Center,2025-11-17 14:15,2025-11-17 14:45,2025-11-17 13:39,2025-11-17 14:36,2025-11-17 14:15,2025-11-17 14:36,21.00,partial_overlap,Medium
3707,P098,Requirements Analysis,Product Demo,Client Reception,R&D Center,2025-11-17 14:30,2025-11-17 15:00,2025-11-17 13:39,2025-11-17 14:36,2025-11-17 14:30,2025-11-17 14:36,6.00,partial_overlap,Low
3708,P098,Operations Check,Operations Check,R&D Center,Cafe,2025-11-20 15:45,2025-11-20 16:30,2025-11-20 15:51,2025-11-20 16:12,2025-11-20 15:51,2025-11-20 16:12,21.00,containment,Medium
3709,P098,Code Review,Product Demo,Training Room,R&D Center,2025-11-17 13:30,2025-11-17 13:45,2025-11-17 13:39,2025-11-17 14:36,2025-11-17 13:39,2025-11-17 13:45,6.00,partial_overlap,Low
3710,P098,One-on-One,Project Discussion,Test Lab,Break Room,2025-11-19 11:30,2025-11-19 12:15,2025-11-19 11:40,2025-11-19 12:36,2025-11-19 11:40,2025-11-19 12:15,35.00,partial_overlap,Medium
3711,P098,Tech Sharing,Requirements Analysis,Training Room,R&D Center,2025-11-19 16:00,2025-11-19 16:45,2025-11-19 16:20,2025-11-19 16:35,2025-11-19 16:20,2025-11-19 16:35,15.00,containment,Medium
3712,P098,Tech Sharing,Product Demo,Training Room,Office Area 2,2025-11-19 16:00,2025-11-19 16:45,2025-11-19 16:16,2025-11-19 16:56,2025-11-19 16:16,2025-11-19 16:45,29.00,partial_overlap,Medium
3713,P098,Team Building,Project Discussion,Conference Room B,Break Room,2025-11-19 12:15,2025-11-19 12:45,2025-11-19 11:40,2025-11-19 12:36,2025-11-19 12:15,2025-11-19 12:36,21.00,partial_overlap,Medium
3714,P098,Product Demo,Operations Check,Conference Room C,Conference Room C,2025-11-17 09:45,2025-11-17 10:30,2025-11-17 09:27,2025-11-17 09:49,2025-11-17 09:45,2025-11-17 09:49,4.00,partial_overlap,Low
3715,P098,Design Review,Brainstorming,Online Meeting,Office Area 1,2025-11-18 11:00,2025-11-18 11:45,2025-11-18 11:15,2025-11-18 11:30,2025-11-18 11:15,2025-11-18 11:30,15.00,containment,Medium
3716,P098,Design Review,Meeting,Online Meeting,Office Area 2,2025-11-18 11:00,2025-11-18 11:45,2025-11-18 11:26,2025-11-18 11:59,2025-11-18 11:26,2025-11-18 11:45,19.00,partial_overlap,Medium
3717,P098,Project Discussion,Meeting,Product Showcase,Demo Hall,2025-11-17 11:45,2025-11-17 12:15,2025-11-17 12:06,2025-11-17 12:42,2025-11-17 12:06,2025-11-17 12:15,9.00,partial_overlap,Low
3718,P098,Design Review,Brainstorming,Break Room,Client Reception,2025-11-16 09:15,2025-11-16 09:45,2025-11-16 09:20,2025-11-16 10:10,2025-11-16 09:20,2025-11-16 09:45,25.00,partial_overlap,Medium
3719,P098,Product Demo,Team Building,Break Room,Remote,2025-11-19 14:30,2025-11-19 15:15,2025-11-19 14:55,2025-11-19 15:36,2025-11-19 14:55,2025-11-19 15:15,20.00,partial_overlap,Medium
3720,P098,Brainstorming,Meeting,Office Area 1,Office Area 2,2025-11-18 11:15,2025-11-18 11:30,2025-11-18 11:26,2025-11-18 11:59,2025-11-18 11:26,2025-11-18 11:30,4.00,partial_overlap,Low
3721,P098,Tech Sharing,Brainstorming,Online Meeting,Conference Room C,2025-11-20 16:30,2025-11-20 17:15,2025-11-20 16:38,2025-11-20 17:02,2025-11-20 16:38,2025-11-20 17:02,24.00,containment,Medium
3722,P098,Requirements Analysis,Product Demo,R&D Center,Office Area 2,2025-11-19 16:20,2025-11-19 16:35,2025-11-19 16:16,2025-11-19 16:56,2025-11-19 16:20,2025-11-19 16:35,15.00,containment,Medium
3723,P099,Design Review,Meeting,Online Meeting,Product Showcase,2025-11-02 18:15,2025-11-02 19:45,2025-11-02 18:22,2025-11-02 18:58,2025-11-02 18:22,2025-11-02 18:58,36.00,containment,Medium
3724,P099,Design Review,Project Discussion,Online Meeting,Client Reception,2025-11-02 18:15,2025-11-02 19:45,2025-11-02 18:32,2025-11-02 18:48,2025-11-02 18:32,2025-11-02 18:48,16.00,containment,Medium
3725,P099,Testing Acceptance,Client Visit,R&D Center,Cafe,2025-11-01 10:15,2025-11-01 10:45,2025-11-01 10:00,2025-11-01 11:30,2025-11-01 10:15,2025-11-01 10:45,30.00,containment,Medium
3726,P099,Operations Check,Deployment,Client Reception,Training Room,2025-11-05 09:15,2025-11-05 10:00,2025-11-05 09:30,2025-11-05 10:30,2025-11-05 09:30,2025-11-05 10:00,30.00,partial_overlap,Medium
3727,P099,One-on-One,Client Visit,Client Reception,Online Meeting,2025-10-29 16:30,2025-10-29 17:30,2025-10-29 16:58,2025-10-29 17:18,2025-10-29 16:58,2025-10-29 17:18,20.00,containment,Medium
3728,P099,Product Demo,Deployment,R&D Center,R&D Center,2025-11-04 13:30,2025-11-04 14:30,2025-11-04 13:43,2025-11-04 14:06,2025-11-04 13:43,2025-11-04 14:06,23.00,containment,Medium
3729,P099,Meeting,Project Discussion,Product Showcase,Client Reception,2025-11-02 18:22,2025-11-02 18:58,2025-11-02 18:32,2025-11-02 18:48,2025-11-02 18:32,2025-11-02 18:48,16.00,containment,Medium
3730,P099,One-on-One,Code Review,Online Meeting,Remote,2025-11-09 17:15,2025-11-09 17:45,2025-11-09 16:42,2025-11-09 17:36,2025-11-09 17:15,2025-11-09 17:36,21.00,partial_overlap,Medium
3731,P099,Tech Sharing,Code Review,Training Room,Remote,2025-11-09 16:30,2025-11-09 17:15,2025-11-09 16:42,2025-11-09 17:36,2025-11-09 16:42,2025-11-09 17:15,33.00,partial_overlap,Medium
3732,P099,Testing Acceptance,Code Review,Demo Hall,Remote,2025-11-15 14:30,2025-11-15 15:15,2025-11-15 14:45,2025-11-15 15:39,2025-11-15 14:45,2025-11-15 15:15,30.00,partial_overlap,Medium
3733,P099,Operations Check,Testing Acceptance,Test Lab,Client Reception,2025-11-15 10:15,2025-11-15 11:00,2025-11-15 10:30,2025-11-15 11:15,2025-11-15 10:30,2025-11-15 11:00,30.00,partial_overlap,Medium
3734,P099,Team Building,Requirements Analysis,Training Room,Client Reception,2025-11-13 16:00,2025-11-13 16:30,2025-11-13 16:22,2025-11-13 17:10,2025-11-13 16:22,2025-11-13 16:30,8.00,partial_overlap,Low
3735,P099,Brainstorming,Operations Check,Conference Room A,Break Room,2025-11-12 10:45,2025-11-12 11:15,2025-11-12 11:03,2025-11-12 11:36,2025-11-12 11:03,2025-11-12 11:15,12.00,partial_overlap,Low
3736,P099,Client Visit,Operations Check,Demo Hall,R&D Center,2025-11-20 17:45,2025-11-20 18:00,2025-11-20 17:15,2025-11-20 18:00,2025-11-20 17:45,2025-11-20 18:00,15.00,containment,Medium
3737,P099,Testing Acceptance,Meeting,Client Reception,Training Room,2025-11-22 14:00,2025-11-22 14:30,2025-11-22 14:25,2025-11-22 14:43,2025-11-22 14:25,2025-11-22 14:30,5.00,partial_overlap,Low
3738,P099,Deployment,Team Building,Break Room,Cafe,2025-11-16 08:45,2025-11-16 09:30,2025-11-16 08:15,2025-11-16 09:00,2025-11-16 08:45,2025-11-16 09:00,15.00,partial_overlap,Medium
3739,P099,Deployment,Requirements Analysis,Break Room,Training Room,2025-11-16 08:45,2025-11-16 09:30,2025-11-16 08:41,2025-11-16 09:13,2025-11-16 08:45,2025-11-16 09:13,28.00,partial_overlap,Medium
3740,P099,Team Building,Requirements Analysis,Cafe,Training Room,2025-11-16 08:15,2025-11-16 09:00,2025-11-16 08:41,2025-11-16 09:13,2025-11-16 08:41,2025-11-16 09:00,19.00,partial_overlap,Medium
3741,P099,Training,Brainstorming,R&D Center,Online Meeting,2025-11-24 17:45,2025-11-24 18:15,2025-11-24 17:45,2025-11-24 18:15,2025-11-24 17:45,2025-11-24 18:15,30.00,containment,Medium
3742,P099,Training,Code Review,R&D Center,Conference Room A,2025-11-24 17:45,2025-11-24 18:15,2025-11-24 17:50,2025-11-24 18:41,2025-11-24 17:50,2025-11-24 18:15,25.00,partial_overlap,Medium
3743,P099,Brainstorming,Code Review,Online Meeting,Conference Room A,2025-11-24 17:45,2025-11-24 18:15,2025-11-24 17:50,2025-11-24 18:41,2025-11-24 17:50,2025-11-24 18:15,25.00,partial_overlap,Medium
3744,P099,Product Demo,Training,Conference Room B,Demo Hall,2025-11-24 16:00,2025-11-24 16:45,2025-11-24 16:14,2025-11-24 17:14,2025-11-24 16:14,2025-11-24 16:45,31.00,partial_overlap,Medium
3745,P100,Training,Training,Client Reception,Client Reception,2025-11-02 14:00,2025-11-02 15:30,2025-11-02 14:15,2025-11-02 15:45,2025-11-02 14:15,2025-11-02 15:30,75.00,partial_overlap,High
3746,P100,One-on-One,Brainstorming,Online Meeting,Conference Room C,2025-11-06 10:30,2025-11-06 11:15,2025-11-06 10:49,2025-11-06 11:43,2025-11-06 10:49,2025-11-06 11:15,26.00,partial_overlap,Medium
3747,P100,One-on-One,Team Building,Online Meeting,Conference Room C,2025-11-06 10:30,2025-11-06 11:15,2025-11-06 11:02,2025-11-06 11:56,2025-11-06 11:02,2025-11-06 11:15,13.00,partial_overlap,Low
3748,P100,Brainstorming,Team Building,Conference Room C,Conference Room C,2025-11-06 10:49,2025-11-06 11:43,2025-11-06 11:02,2025-11-06 11:56,2025-11-06 11:02,2025-11-06 11:43,41.00,partial_overlap,Medium
3749,P100,Code Review,Design Review,Conference Room B,Break Room,2025-11-04 12:45,2025-11-04 13:15,2025-11-04 12:59,2025-11-04 13:16,2025-11-04 12:59,2025-11-04 13:15,16.00,partial_overlap,Medium
3750,P100,Testing Acceptance,Training,Break Room,R&D Center,2025-11-09 15:45,2025-11-09 16:15,2025-11-09 15:00,2025-11-09 16:00,2025-11-09 15:45,2025-11-09 16:00,15.00,partial_overlap,Medium
3751,P100,Client Visit,Design Review,Break Room,Test Lab,2025-11-07 11:15,2025-11-07 12:15,2025-11-07 10:45,2025-11-07 11:30,2025-11-07 11:15,2025-11-07 11:30,15.00,partial_overlap,Medium
3752,P100,Design Review,Meeting,Test Lab,R&D Center,2025-11-09 17:00,2025-11-09 17:45,2025-11-09 17:30,2025-11-09 18:00,2025-11-09 17:30,2025-11-09 17:45,15.00,partial_overlap,Medium
3753,P100,Design Review,One-on-One,Test Lab,Break Room,2025-11-09 17:00,2025-11-09 17:45,2025-11-09 17:06,2025-11-09 17:43,2025-11-09 17:06,2025-11-09 17:43,37.00,containment,Medium
3754,P100,Design Review,Testing Acceptance,Test Lab,Conference Room C,2025-11-09 17:00,2025-11-09 17:45,2025-11-09 17:19,2025-11-09 17:53,2025-11-09 17:19,2025-11-09 17:45,26.00,partial_overlap,Medium
3755,P100,Code Review,Brainstorming,Break Room,Conference Room C,2025-11-12 16:30,2025-11-12 17:15,2025-11-12 16:54,2025-11-12 17:37,2025-11-12 16:54,2025-11-12 17:15,21.00,partial_overlap,Medium
3756,P100,Brainstorming,Code Review,Conference Room C,Online Meeting,2025-11-15 11:15,2025-11-15 11:45,2025-11-15 11:15,2025-11-15 11:45,2025-11-15 11:15,2025-11-15 11:45,30.00,containment,Medium
3757,P100,Meeting,One-on-One,R&D Center,Break Room,2025-11-09 17:30,2025-11-09 18:00,2025-11-09 17:06,2025-11-09 17:43,2025-11-09 17:30,2025-11-09 17:43,13.00,partial_overlap,Low
3758,P100,Meeting,Testing Acceptance,R&D Center,Conference Room C,2025-11-09 17:30,2025-11-09 18:00,2025-11-09 17:19,2025-11-09 17:53,2025-11-09 17:30,2025-11-09 17:53,23.00,partial_overlap,Medium
3759,P100,Operations Check,Testing Acceptance,Office Area 1,Client Reception,2025-11-14 18:00,2025-11-14 19:00,2025-11-14 18:15,2025-11-14 18:45,2025-11-14 18:15,2025-11-14 18:45,30.00,containment,Medium
3760,P100,One-on-One,Testing Acceptance,Break Room,Conference Room C,2025-11-09 17:06,2025-11-09 17:43,2025-11-09 17:19,2025-11-09 17:53,2025-11-09 17:19,2025-11-09 17:43,24.00,partial_overlap,Medium
3761,P100,Requirements Analysis,Design Review,Conference Room C,Online Meeting,2025-11-21 10:00,2025-11-21 10:15,2025-11-21 09:45,2025-11-21 10:15,2025-11-21 10:00,2025-11-21 10:15,15.00,containment,Medium
3762,P100,Testing Acceptance,Training,Office Area 1,Remote,2025-11-20 10:45,2025-11-20 11:30,2025-11-20 11:04,2025-11-20 11:22,2025-11-20 11:04,2025-11-20 11:22,18.00,containment,Medium
3763,P100,Operations Check,Project Discussion,Conference Room A,Demo Hall,2025-11-18 15:30,2025-11-18 15:45,2025-11-18 15:15,2025-11-18 15:45,2025-11-18 15:30,2025-11-18 15:45,15.00,containment,Medium
3764,P100,Training,Operations Check,Conference Room B,Break Room,2025-11-23 13:30,2025-11-23 14:15,2025-11-23 13:45,2025-11-23 14:00,2025-11-23 13:45,2025-11-23 14:00,15.00,containment,Medium
3765,P100,Training,Meeting,Online Meeting,Client Reception,2025-11-23 12:45,2025-11-23 13:00,2025-11-23 12:45,2025-11-23 13:00,2025-11-23 12:45,2025-11-23 13:00,15.00,containment,Medium
3766,P100,One-on-One,Client Visit,Cafe,Product Showcase,2025-11-24 14:45,2025-11-24 15:30,2025-11-24 15:00,2025-11-24 15:45,2025-11-24 15:00,2025-11-24 15:30,30.00,partial_overlap,Medium
