conflict_id,person_id,activity_1,activity_2,time_interval,conflict_type,overlap_minutes,severity
1,P001,Team Building,Deployment,2025-09-19 10:30 - 2025-09-19 11:00,containment,30,Medium
2,P001,Project Discussion,Product Demo,2025-09-20 13:29 - 2025-09-20 13:45,partial overlap,16,Medium
3,P001,Training,Operations Check,2025-09-25 11:07 - 2025-09-25 11:30,partial overlap,23,Medium
4,P001,One-on-One,Product Demo,2025-09-25 18:30 - 2025-09-25 19:00,partial overlap,30,Medium
5,P001,Tech Sharing,One-on-One,2025-09-25 12:00 - 2025-09-25 12:30,partial overlap,30,Medium
6,P001,Product Demo,One-on-One,2025-09-25 12:00 - 2025-09-25 12:45,full overlap,45,High
7,P001,Testing Acceptance,Testing Acceptance,2025-09-23 11:30 - 2025-09-23 12:00,partial overlap,30,Medium
8,P001,Tech Sharing,Testing Acceptance,2025-09-23 11:48 - 2025-09-23 12:00,partial overlap,12,Low
9,P001,Code Review,Operations Check,2025-09-24 14:15 - 2025-09-24 14:45,partial overlap,30,Medium
10,P001,Training,Training,2025-09-28 16:00 - 2025-09-28 16:30,containment,30,Medium
11,P001,Requirements Analysis,Training,2025-09-28 16:11 - 2025-09-28 16:30,partial overlap,19,Medium
12,P001,Design Review,Code Review,2025-09-25 17:30 - 2025-09-25 18:00,partial overlap,30,Medium
13,P001,Code Review,Code Review,2025-09-25 17:43 - 2025-09-25 18:09,containment,26,Medium
14,P001,One-on-One,Code Review,2025-09-25 18:00 - 2025-09-25 18:15,partial overlap,15,Medium
15,P001,Code Review,One-on-One,2025-09-25 18:00 - 2025-09-25 18:09,partial overlap,9,Low
16,P001,Tech Sharing,Testing Acceptance,2025-09-23 11:48 - 2025-09-23 12:24,containment,36,Medium
17,P001,Design Review,Code Review,2025-09-25 17:43 - 2025-09-25 18:00,partial overlap,17,Medium
18,P001,Requirements Analysis,Tech Sharing,2025-09-26 11:11 - 2025-09-26 11:45,partial overlap,34,Medium
19,P001,Product Demo,Tech Sharing,2025-09-25 12:00 - 2025-09-25 12:30,partial overlap,30,Medium
20,P001,Requirements Analysis,Training,2025-09-28 16:11 - 2025-09-28 16:30,partial overlap,19,Medium
21,P001,Training,Tech Sharing,2025-10-03 13:15 - 2025-10-03 13:30,partial overlap,15,Medium
22,P001,Brainstorming,Tech Sharing,2025-10-03 13:15 - 2025-10-03 13:45,containment,30,Medium
23,P001,Meeting,Code Review,2025-10-02 13:00 - 2025-10-02 13:30,containment,30,Medium
24,P001,Deployment,Requirements Analysis,2025-09-30 14:15 - 2025-09-30 14:45,partial overlap,30,Medium
25,P001,Team Building,Operations Check,2025-10-02 08:30 - 2025-10-02 09:00,containment,30,Medium
26,P001,Operations Check,Operations Check,2025-10-02 09:00 - 2025-10-02 09:15,partial overlap,15,Medium
27,P001,Client Visit,Testing Acceptance,2025-10-01 11:15 - 2025-10-01 11:30,containment,15,Medium
28,P001,Deployment,Testing Acceptance,2025-10-01 11:15 - 2025-10-01 11:30,full overlap,15,Medium
29,P001,Project Discussion,Project Discussion,2025-10-05 14:00 - 2025-10-05 14:45,containment,45,High
30,P001,Meeting,Project Discussion,2025-10-05 14:19 - 2025-10-05 14:45,partial overlap,26,Medium
31,P001,Design Review,Tech Sharing,2025-10-02 18:51 - 2025-10-02 19:15,partial overlap,24,Medium
32,P001,Training,Brainstorming,2025-10-03 13:15 - 2025-10-03 13:30,partial overlap,15,Medium
33,P001,Deployment,Client Visit,2025-10-01 11:15 - 2025-10-01 11:30,containment,15,Medium
34,P001,Operations Check,Design Review,2025-10-02 09:45 - 2025-10-02 10:00,containment,15,Medium
35,P001,Training,Meeting,2025-10-08 13:57 - 2025-10-08 14:00,partial overlap,3,Low
36,P001,Deployment,Client Visit,2025-10-02 15:40 - 2025-10-02 16:00,partial overlap,20,Medium
37,P001,Product Demo,Team Building,2025-10-08 11:00 - 2025-10-08 11:45,containment,45,High
38,P001,Testing Acceptance,Team Building,2025-10-08 11:25 - 2025-10-08 11:45,containment,20,Medium
39,P001,Meeting,Project Discussion,2025-10-05 14:19 - 2025-10-05 15:00,partial overlap,41,Medium
40,P001,Testing Acceptance,Product Demo,2025-10-08 11:25 - 2025-10-08 11:45,containment,20,Medium
41,P001,Code Review,Team Building,2025-10-12 15:00 - 2025-10-12 15:30,containment,30,Medium
42,P001,Operations Check,Design Review,2025-10-15 09:00 - 2025-10-15 09:15,partial overlap,15,Medium
43,P001,Brainstorming,Code Review,2025-10-16 14:41 - 2025-10-16 15:15,partial overlap,34,Medium
44,P001,Testing Acceptance,Requirements Analysis,2025-10-18 09:00 - 2025-10-18 09:45,partial overlap,45,High
45,P001,Meeting,Team Building,2025-10-12 12:15 - 2025-10-12 12:30,partial overlap,15,Medium
46,P001,Client Visit,Product Demo,2025-10-15 09:50 - 2025-10-15 10:14,containment,24,Medium
47,P001,One-on-One,Operations Check,2025-10-15 16:30 - 2025-10-15 16:45,partial overlap,15,Medium
48,P001,Operations Check,Operations Check,2025-10-15 16:43 - 2025-10-15 17:00,partial overlap,17,Medium
49,P001,Operations Check,One-on-One,2025-10-15 16:43 - 2025-10-15 16:45,partial overlap,2,Low
50,P001,Product Demo,Design Review,2025-10-16 17:36 - 2025-10-16 18:10,containment,34,Medium
51,P001,Design Review,Project Discussion,2025-10-16 11:30 - 2025-10-16 11:45,partial overlap,15,Medium
52,P001,Design Review,Code Review,2025-10-21 11:31 - 2025-10-21 11:45,partial overlap,14,Low
53,P001,Design Review,Design Review,2025-10-21 12:00 - 2025-10-21 12:17,partial overlap,17,Medium
54,P001,Training,Client Visit,2025-10-23 09:00 - 2025-10-23 09:30,containment,30,Medium
55,P001,Requirements Analysis,Client Visit,2025-10-22 08:30 - 2025-10-22 09:15,containment,45,High
56,P001,Client Visit,Project Discussion,2025-10-23 09:30 - 2025-10-23 10:00,containment,30,Medium
57,P001,Design Review,Tech Sharing,2025-10-23 18:50 - 2025-10-23 19:15,partial overlap,25,Medium
58,P001,Project Discussion,Client Visit,2025-10-24 10:45 - 2025-10-24 11:30,full overlap,45,High
59,P001,Design Review,Code Review,2025-10-23 15:45 - 2025-10-23 16:00,containment,15,Medium
60,P001,Tech Sharing,Design Review,2025-10-23 15:30 - 2025-10-23 15:31,partial overlap,1,Low
61,P001,Deployment,Code Review,2025-10-24 16:28 - 2025-10-24 16:45,partial overlap,17,Medium
62,P001,Training,Requirements Analysis,2025-10-25 13:45 - 2025-10-25 14:00,partial overlap,15,Medium
63,P001,One-on-One,Requirements Analysis,2025-10-24 18:15 - 2025-10-24 18:30,containment,15,Medium
64,P001,Tech Sharing,Product Demo,2025-10-25 15:30 - 2025-10-25 15:56,partial overlap,26,Medium
65,P001,One-on-One,Client Visit,2025-10-31 18:14 - 2025-10-31 18:45,partial overlap,31,Medium
66,P001,Team Building,Tech Sharing,2025-10-30 13:17 - 2025-10-30 14:01,containment,44,Medium
67,P001,Design Review,One-on-One,2025-11-05 19:05 - 2025-11-05 19:45,partial overlap,40,Medium
68,P001,Training,One-on-One,2025-11-05 19:17 - 2025-11-05 19:35,containment,18,Medium
69,P001,Requirements Analysis,Team Building,2025-11-02 17:30 - 2025-11-02 18:00,containment,30,Medium
70,P001,One-on-One,Team Building,2025-11-02 17:45 - 2025-11-02 18:15,partial overlap,30,Medium
71,P001,One-on-One,Requirements Analysis,2025-11-02 17:45 - 2025-11-02 18:00,partial overlap,15,Medium
72,P001,Training,Design Review,2025-11-05 19:17 - 2025-11-05 19:35,containment,18,Medium
73,P001,Design Review,Training,2025-11-11 16:45 - 2025-11-11 17:15,partial overlap,30,Medium
74,P001,Training,One-on-One,2025-11-08 15:00 - 2025-11-08 15:15,partial overlap,15,Medium
75,P001,Operations Check,Code Review,2025-11-13 14:15 - 2025-11-13 14:45,containment,30,Medium
76,P001,Design Review,Brainstorming,2025-11-12 16:11 - 2025-11-12 16:15,partial overlap,4,Low
77,P001,Design Review,Requirements Analysis,2025-11-13 08:15 - 2025-11-13 08:30,containment,15,Medium
78,P001,Requirements Analysis,Design Review,2025-11-14 17:45 - 2025-11-14 18:00,partial overlap,15,Medium
79,P001,Deployment,Training,2025-11-12 11:00 - 2025-11-12 11:15,partial overlap,15,Medium
80,P001,Product Demo,Requirements Analysis,2025-11-14 18:30 - 2025-11-14 18:45,partial overlap,15,Medium
81,P001,Project Discussion,Deployment,2025-11-12 11:17 - 2025-11-12 11:45,partial overlap,28,Medium
82,P001,Product Demo,Training,2025-11-16 12:14 - 2025-11-16 12:30,partial overlap,16,Medium
83,P001,Brainstorming,Client Visit,2025-11-15 09:05 - 2025-11-15 09:39,containment,34,Medium
84,P001,Training,Client Visit,2025-11-15 09:27 - 2025-11-15 09:45,partial overlap,18,Medium
85,P001,Team Building,Client Visit,2025-11-15 09:33 - 2025-11-15 09:45,partial overlap,12,Low
86,P001,Requirements Analysis,Client Visit,2025-11-15 09:39 - 2025-11-15 09:45,partial overlap,6,Low
87,P001,Training,One-on-One,2025-11-14 08:56 - 2025-11-14 09:30,partial overlap,34,Medium
88,P001,Deployment,Client Visit,2025-11-19 09:07 - 2025-11-19 09:45,partial overlap,38,Medium
89,P001,Team Building,Brainstorming,2025-11-20 13:30 - 2025-11-20 13:45,full overlap,15,Medium
90,P001,Brainstorming,Training,2025-11-15 09:27 - 2025-11-15 09:39,partial overlap,12,Low
91,P001,Team Building,Training,2025-11-15 09:33 - 2025-11-15 09:51,partial overlap,18,Medium
92,P001,Requirements Analysis,Training,2025-11-15 09:39 - 2025-11-15 09:51,partial overlap,12,Low
93,P001,Team Building,Brainstorming,2025-11-15 09:33 - 2025-11-15 09:39,partial overlap,6,Low
94,P001,Team Building,Requirements Analysis,2025-11-15 09:39 - 2025-11-15 10:31,containment,52,High
95,P002,Operations Check,Training,2025-09-13 12:30 - 2025-09-13 13:15,partial overlap,45,High
96,P002,Requirements Analysis,Team Building,2025-09-14 16:45 - 2025-09-14 17:45,containment,60,High
97,P002,Deployment,Brainstorming,2025-09-21 12:22 - 2025-09-21 12:47,containment,25,Medium
98,P002,Meeting,Design Review,2025-09-24 16:35 - 2025-09-24 16:50,containment,15,Medium
99,P002,Client Visit,Testing Acceptance,2025-09-21 10:15 - 2025-09-21 10:45,partial overlap,30,Medium
100,P002,Client Visit,Deployment,2025-09-21 08:16 - 2025-09-21 09:00,partial overlap,44,Medium
101,P002,One-on-One,Training,2025-09-26 09:15 - 2025-09-26 09:45,partial overlap,30,Medium
102,P002,Testing Acceptance,Training,2025-09-26 09:15 - 2025-09-26 09:45,partial overlap,30,Medium
103,P002,Code Review,Training,2025-09-26 09:15 - 2025-09-26 09:45,partial overlap,30,Medium
104,P002,Tech Sharing,Training,2025-09-24 12:20 - 2025-09-24 12:45,partial overlap,25,Medium
105,P002,Deployment,Training,2025-09-24 12:40 - 2025-09-24 12:45,partial overlap,5,Low
106,P002,Testing Acceptance,Tech Sharing,2025-09-23 17:15 - 2025-09-23 17:45,partial overlap,30,Medium
107,P002,Testing Acceptance,One-on-One,2025-09-26 09:00 - 2025-09-26 09:45,full overlap,45,High
108,P002,Code Review,One-on-One,2025-09-26 09:12 - 2025-09-26 09:45,containment,33,Medium
109,P002,Product Demo,Design Review,2025-09-26 14:45 - 2025-09-26 15:15,containment,30,Medium
110,P002,Team Building,Brainstorming,2025-09-25 13:15 - 2025-09-25 13:45,partial overlap,30,Medium
111,P002,Project Discussion,Requirements Analysis,2025-09-25 17:45 - 2025-09-25 18:15,containment,30,Medium
112,P002,Client Visit,Code Review,2025-09-28 11:15 - 2025-09-28 12:00,full overlap,45,High
113,P002,Brainstorming,Code Review,2025-09-28 11:15 - 2025-09-28 11:30,containment,15,Medium
114,P002,Team Building,Testing Acceptance,2025-09-28 15:59 - 2025-09-28 16:15,partial overlap,16,Medium
115,P002,Design Review,Testing Acceptance,2025-09-28 16:00 - 2025-09-28 16:15,partial overlap,15,Medium
116,P002,Code Review,Testing Acceptance,2025-09-26 09:12 - 2025-09-26 09:45,containment,33,Medium
117,P002,Brainstorming,Client Visit,2025-09-28 11:15 - 2025-09-28 11:30,containment,15,Medium
118,P002,Tech Sharing,Deployment,2025-09-24 12:40 - 2025-09-24 13:01,partial overlap,21,Medium
119,P002,Deployment,Brainstorming,2025-10-01 16:00 - 2025-10-01 16:09,partial overlap,9,Low
120,P002,Code Review,Brainstorming,2025-10-01 16:00 - 2025-10-01 16:15,containment,15,Medium
121,P002,Requirements Analysis,Product Demo,2025-10-01 17:30 - 2025-10-01 17:45,containment,15,Medium
122,P002,Operations Check,Deployment,2025-09-29 10:00 - 2025-09-29 10:15,partial overlap,15,Medium
123,P002,Testing Acceptance,Brainstorming,2025-09-30 15:15 - 2025-09-30 15:30,partial overlap,15,Medium
124,P002,Requirements Analysis,Training,2025-10-01 17:15 - 2025-10-01 17:30,containment,15,Medium
125,P002,Requirements Analysis,Product Demo,2025-10-01 17:12 - 2025-10-01 17:15,partial overlap,3,Low
126,P002,Meeting,Requirements Analysis,2025-10-04 13:16 - 2025-10-04 13:37,containment,21,Medium
127,P002,Operations Check,One-on-One,2025-10-03 09:04 - 2025-10-03 09:30,partial overlap,26,Medium
128,P002,Deployment,Code Review,2025-10-01 15:45 - 2025-10-01 16:09,partial overlap,24,Medium
129,P002,Design Review,Brainstorming,2025-10-06 14:45 - 2025-10-06 15:00,containment,15,Medium
130,P002,Design Review,Team Building,2025-09-28 16:00 - 2025-09-28 16:59,partial overlap,59,High
131,P002,Brainstorming,Testing Acceptance,2025-10-07 18:00 - 2025-10-07 18:45,containment,45,High
132,P002,Design Review,Testing Acceptance,2025-10-09 16:15 - 2025-10-09 16:30,partial overlap,15,Medium
133,P002,Code Review,Testing Acceptance,2025-10-18 11:47 - 2025-10-18 12:07,containment,20,Medium
134,P002,Meeting,Project Discussion,2025-10-15 13:30 - 2025-10-15 14:15,containment,45,High
135,P002,Team Building,Project Discussion,2025-10-15 14:00 - 2025-10-15 14:30,partial overlap,30,Medium
136,P002,Product Demo,Requirements Analysis,2025-10-14 08:15 - 2025-10-14 08:45,full overlap,30,Medium
137,P002,Requirements Analysis,Testing Acceptance,2025-10-13 16:45 - 2025-10-13 17:15,containment,30,Medium
138,P002,Requirements Analysis,Project Discussion,2025-10-18 18:15 - 2025-10-18 18:30,partial overlap,15,Medium
139,P002,Team Building,Meeting,2025-10-15 14:00 - 2025-10-15 14:15,partial overlap,15,Medium
140,P002,Requirements Analysis,Brainstorming,2025-10-18 18:30 - 2025-10-18 18:45,partial overlap,15,Medium
141,P002,Operations Check,Client Visit,2025-10-22 14:00 - 2025-10-22 14:30,containment,30,Medium
142,P002,Design Review,Client Visit,2025-10-22 14:15 - 2025-10-22 14:30,containment,15,Medium
143,P002,Training,Client Visit,2025-10-22 14:24 - 2025-10-22 14:45,partial overlap,21,Medium
144,P002,Tech Sharing,Project Discussion,2025-10-18 12:30 - 2025-10-18 13:15,partial overlap,45,High
145,P002,Design Review,Operations Check,2025-10-22 14:15 - 2025-10-22 14:30,containment,15,Medium
146,P002,Training,Operations Check,2025-10-22 14:24 - 2025-10-22 14:30,partial overlap,6,Low
147,P002,Training,Team Building,2025-10-25 13:30 - 2025-10-25 14:00,full overlap,30,Medium
148,P002,Meeting,Team Building,2025-10-25 13:45 - 2025-10-25 14:00,partial overlap,15,Medium
149,P002,Training,Design Review,2025-10-22 14:24 - 2025-10-22 14:30,partial overlap,6,Low
150,P002,Operations Check,Deployment,2025-10-22 18:15 - 2025-10-22 18:30,partial overlap,15,Medium
151,P002,Training,Meeting,2025-10-25 13:45 - 2025-10-25 14:00,partial overlap,15,Medium
152,P002,Team Building,Operations Check,2025-10-25 11:52 - 2025-10-25 12:00,partial overlap,8,Low
153,P002,Team Building,Product Demo,2025-10-25 12:00 - 2025-10-25 12:20,partial overlap,20,Medium
154,P002,Deployment,Project Discussion,2025-10-30 11:59 - 2025-10-30 12:30,partial overlap,31,Medium
155,P002,Team Building,Client Visit,2025-11-01 14:15 - 2025-11-01 14:45,partial overlap,30,Medium
156,P002,Training,Brainstorming,2025-10-29 17:30 - 2025-10-29 17:45,partial overlap,15,Medium
157,P002,Project Discussion,Brainstorming,2025-10-29 17:45 - 2025-10-29 18:15,partial overlap,30,Medium
158,P002,Project Discussion,Brainstorming,2025-10-29 18:14 - 2025-10-29 18:15,partial overlap,1,Low
159,P002,Tech Sharing,Deployment,2025-10-30 12:45 - 2025-10-30 12:46,partial overlap,1,Low
160,P002,Project Discussion,Project Discussion,2025-10-29 18:14 - 2025-10-29 18:37,containment,23,Medium
161,P002,Code Review,Project Discussion,2025-11-03 15:24 - 2025-11-03 16:08,containment,44,Medium
162,P002,Team Building,Client Visit,2025-11-07 18:45 - 2025-11-07 19:15,partial overlap,30,Medium
163,P002,Team Building,Design Review,2025-11-01 11:20 - 2025-11-01 12:16,containment,56,High
164,P002,Meeting,Design Review,2025-11-08 14:46 - 2025-11-08 15:11,containment,25,Medium
165,P002,Brainstorming,Testing Acceptance,2025-11-09 14:45 - 2025-11-09 15:15,containment,30,Medium
166,P002,Tech Sharing,Design Review,2025-11-12 12:30 - 2025-11-12 12:45,partial overlap,15,Medium
167,P002,Testing Acceptance,Team Building,2025-11-10 18:15 - 2025-11-10 18:30,partial overlap,15,Medium
168,P002,Brainstorming,Team Building,2025-11-10 18:44 - 2025-11-10 19:15,partial overlap,31,Medium
169,P002,Team Building,Requirements Analysis,2025-11-14 14:15 - 2025-11-14 14:30,containment,15,Medium
170,P002,Training,Requirements Analysis,2025-11-14 14:20 - 2025-11-14 14:30,partial overlap,10,Low
171,P002,Deployment,Brainstorming,2025-11-14 18:45 - 2025-11-14 19:15,containment,30,Medium
172,P002,Testing Acceptance,Training,2025-11-13 10:45 - 2025-11-13 11:30,containment,45,High
173,P002,Tech Sharing,Training,2025-11-13 10:52 - 2025-11-13 11:09,containment,17,Medium
174,P002,Design Review,Training,2025-11-13 11:16 - 2025-11-13 11:30,partial overlap,14,Low
175,P002,Tech Sharing,Testing Acceptance,2025-11-13 10:52 - 2025-11-13 11:09,containment,17,Medium
176,P002,Design Review,Testing Acceptance,2025-11-13 11:16 - 2025-11-13 11:30,partial overlap,14,Low
177,P002,Training,Team Building,2025-11-14 14:20 - 2025-11-14 14:30,partial overlap,10,Low
178,P002,Testing Acceptance,Brainstorming,2025-11-21 08:30 - 2025-11-21 09:00,containment,30,Medium
179,P002,Team Building,One-on-One,2025-11-18 09:35 - 2025-11-18 09:45,partial overlap,10,Low
180,P002,Team Building,Training,2025-11-20 16:45 - 2025-11-20 17:15,containment,30,Medium
181,P002,Deployment,Training,2025-11-20 17:00 - 2025-11-20 17:15,partial overlap,15,Medium
182,P002,Client Visit,Operations Check,2025-11-16 16:00 - 2025-11-16 16:15,containment,15,Medium
183,P002,Client Visit,Client Visit,2025-11-16 16:30 - 2025-11-16 16:45,partial overlap,15,Medium
184,P002,Tech Sharing,Client Visit,2025-11-16 16:30 - 2025-11-16 17:00,partial overlap,30,Medium
185,P002,Requirements Analysis,Client Visit,2025-11-16 16:30 - 2025-11-16 17:15,containment,45,High
186,P002,Tech Sharing,Client Visit,2025-11-16 16:15 - 2025-11-16 16:45,partial overlap,30,Medium
187,P002,Requirements Analysis,Client Visit,2025-11-16 16:25 - 2025-11-16 16:45,partial overlap,20,Medium
188,P002,Requirements Analysis,Tech Sharing,2025-11-16 16:25 - 2025-11-16 17:00,partial overlap,35,Medium
189,P002,Deployment,Team Building,2025-11-20 17:00 - 2025-11-20 17:15,partial overlap,15,Medium
190,P002,Operations Check,Team Building,2025-11-23 13:10 - 2025-11-23 13:45,partial overlap,35,Medium
191,P002,Client Visit,Deployment,2025-11-23 09:00 - 2025-11-23 09:15,partial overlap,15,Medium
192,P003,Team Building,Product Demo,2025-09-14 17:15 - 2025-09-14 17:30,partial overlap,15,Medium
193,P003,Testing Acceptance,Team Building,2025-09-11 13:13 - 2025-09-11 13:15,partial overlap,2,Low
194,P003,Client Visit,Meeting,2025-09-23 08:59 - 2025-09-23 09:30,containment,31,Medium
195,P003,Requirements Analysis,Meeting,2025-09-23 09:00 - 2025-09-23 09:45,containment,45,High
196,P003,Requirements Analysis,Code Review,2025-09-24 17:30 - 2025-09-24 18:00,containment,30,Medium
197,P003,Client Visit,Requirements Analysis,2025-09-23 09:00 - 2025-09-23 09:30,partial overlap,30,Medium
198,P003,Code Review,Brainstorming,2025-09-20 10:24 - 2025-09-20 11:04,containment,40,Medium
199,P003,Brainstorming,Client Visit,2025-09-24 16:15 - 2025-09-24 16:30,partial overlap,15,Medium
200,P003,Training,Meeting,2025-09-27 08:45 - 2025-09-27 09:30,containment,45,High
201,P003,Meeting,One-on-One,2025-09-25 16:45 - 2025-09-25 17:15,containment,30,Medium
202,P003,Project Discussion,Code Review,2025-09-29 09:45 - 2025-09-29 10:00,partial overlap,15,Medium
203,P003,Team Building,Deployment,2025-09-24 13:38 - 2025-09-24 14:00,partial overlap,22,Medium
204,P003,Project Discussion,Training,2025-09-25 18:07 - 2025-09-25 18:45,partial overlap,38,Medium
205,P003,Project Discussion,Brainstorming,2025-09-26 15:15 - 2025-09-26 15:30,containment,15,Medium
206,P003,Meeting,Brainstorming,2025-09-29 13:43 - 2025-09-29 14:07,containment,24,Medium
207,P003,Brainstorming,Team Building,2025-10-01 16:30 - 2025-10-01 17:00,full overlap,30,Medium
208,P003,Deployment,Deployment,2025-10-03 09:00 - 2025-10-03 09:15,containment,15,Medium
209,P003,Tech Sharing,Training,2025-09-30 12:34 - 2025-09-30 12:45,partial overlap,11,Low
210,P003,Product Demo,Training,2025-09-30 12:42 - 2025-09-30 12:45,partial overlap,3,Low
211,P003,Operations Check,Testing Acceptance,2025-10-06 14:00 - 2025-10-06 14:45,full overlap,45,High
212,P003,Tech Sharing,Operations Check,2025-10-05 09:05 - 2025-10-05 09:15,partial overlap,10,Low
213,P003,Tech Sharing,Meeting,2025-10-06 18:08 - 2025-10-06 18:15,partial overlap,7,Low
214,P003,Tech Sharing,Testing Acceptance,2025-10-06 18:15 - 2025-10-06 18:34,partial overlap,19,Medium
215,P003,Team Building,Testing Acceptance,2025-10-06 18:24 - 2025-10-06 19:00,partial overlap,36,Medium
216,P003,Tech Sharing,Product Demo,2025-09-30 12:42 - 2025-09-30 13:04,containment,22,Medium
217,P003,One-on-One,Product Demo,2025-09-30 12:47 - 2025-09-30 13:02,containment,15,Medium
218,P003,Team Building,Tech Sharing,2025-10-06 18:24 - 2025-10-06 18:34,partial overlap,10,Low
219,P003,Tech Sharing,One-on-One,2025-09-30 12:47 - 2025-09-30 13:02,containment,15,Medium
220,P003,One-on-One,Code Review,2025-10-12 08:21 - 2025-10-12 08:40,containment,19,Medium
221,P003,Client Visit,Project Discussion,2025-10-14 16:00 - 2025-10-14 16:45,full overlap,45,High
222,P003,One-on-One,Training,2025-10-14 14:56 - 2025-10-14 15:00,partial overlap,4,Low
223,P003,Tech Sharing,Operations Check,2025-10-18 09:23 - 2025-10-18 09:53,containment,30,Medium
224,P003,One-on-One,Operations Check,2025-10-18 09:23 - 2025-10-18 09:56,containment,33,Medium
225,P003,One-on-One,Testing Acceptance,2025-10-14 15:15 - 2025-10-14 15:25,partial overlap,10,Low
226,P003,Team Building,Operations Check,2025-10-16 09:09 - 2025-10-16 09:30,partial overlap,21,Medium
227,P003,Tech Sharing,Tech Sharing,2025-10-21 09:00 - 2025-10-21 09:15,containment,15,Medium
228,P003,Operations Check,Project Discussion,2025-10-19 10:30 - 2025-10-19 10:45,partial overlap,15,Medium
229,P003,Operations Check,Design Review,2025-10-15 19:03 - 2025-10-15 19:34,containment,31,Medium
230,P003,One-on-One,Design Review,2025-10-15 19:08 - 2025-10-15 19:32,containment,24,Medium
231,P003,Operations Check,Project Discussion,2025-10-21 09:15 - 2025-10-21 09:45,containment,30,Medium
232,P003,Brainstorming,Project Discussion,2025-10-21 09:28 - 2025-10-21 09:57,containment,29,Medium
233,P003,Brainstorming,Operations Check,2025-10-21 09:28 - 2025-10-21 09:45,partial overlap,17,Medium
234,P003,One-on-One,Tech Sharing,2025-10-18 09:23 - 2025-10-18 09:53,containment,30,Medium
235,P003,One-on-One,Operations Check,2025-10-15 19:08 - 2025-10-15 19:32,containment,24,Medium
236,P003,Brainstorming,Product Demo,2025-10-26 14:26 - 2025-10-26 14:30,partial overlap,4,Low
237,P003,Operations Check,One-on-One,2025-10-24 13:00 - 2025-10-24 13:15,partial overlap,15,Medium
238,P003,Team Building,Product Demo,2025-10-23 11:15 - 2025-10-23 11:30,containment,15,Medium
239,P003,Deployment,Deployment,2025-10-27 09:24 - 2025-10-27 09:45,partial overlap,21,Medium
240,P003,Brainstorming,Brainstorming,2025-10-23 18:20 - 2025-10-23 18:36,containment,16,Medium
241,P003,Brainstorming,Operations Check,2025-10-26 15:15 - 2025-10-26 15:17,partial overlap,2,Low
242,P003,Deployment,Code Review,2025-10-30 16:15 - 2025-10-30 16:45,full overlap,30,Medium
243,P003,Project Discussion,Training,2025-11-02 18:15 - 2025-11-02 18:30,partial overlap,15,Medium
244,P003,Design Review,Testing Acceptance,2025-11-02 13:45 - 2025-11-02 14:15,partial overlap,30,Medium
245,P003,Requirements Analysis,Meeting,2025-11-05 14:15 - 2025-11-05 14:45,containment,30,Medium
246,P003,Client Visit,Meeting,2025-11-04 10:31 - 2025-11-04 10:46,containment,15,Medium
247,P003,Operations Check,Deployment,2025-11-05 15:00 - 2025-11-05 15:30,partial overlap,30,Medium
248,P003,Deployment,Brainstorming,2025-11-07 09:30 - 2025-11-07 09:45,partial overlap,15,Medium
249,P003,Training,Brainstorming,2025-11-13 18:10 - 2025-11-13 18:51,containment,41,Medium
250,P003,Training,Brainstorming,2025-11-13 18:39 - 2025-11-13 19:00,partial overlap,21,Medium
251,P003,One-on-One,Deployment,2025-11-13 17:15 - 2025-11-13 17:45,containment,30,Medium
252,P003,Design Review,Tech Sharing,2025-11-15 16:30 - 2025-11-15 16:45,partial overlap,15,Medium
253,P003,Operations Check,Tech Sharing,2025-11-15 16:30 - 2025-11-15 17:00,containment,30,Medium
254,P003,Brainstorming,Project Discussion,2025-11-15 12:00 - 2025-11-15 12:15,containment,15,Medium
255,P003,Training,Training,2025-11-13 18:39 - 2025-11-13 18:51,partial overlap,12,Low
256,P003,Operations Check,Code Review,2025-11-19 15:51 - 2025-11-19 16:15,partial overlap,24,Medium
257,P003,Training,Client Visit,2025-11-16 17:00 - 2025-11-16 17:15,partial overlap,15,Medium
258,P003,Code Review,Operations Check,2025-11-16 10:00 - 2025-11-16 10:15,containment,15,Medium
259,P003,Operations Check,Design Review,2025-11-15 16:30 - 2025-11-15 16:45,partial overlap,15,Medium
260,P003,Deployment,Deployment,2025-11-20 10:15 - 2025-11-20 10:30,partial overlap,15,Medium
261,P003,Training,Training,2025-11-16 17:30 - 2025-11-16 17:49,partial overlap,19,Medium
262,P003,Training,Testing Acceptance,2025-11-16 17:15 - 2025-11-16 17:30,containment,15,Medium
263,P003,Tech Sharing,Project Discussion,2025-11-22 15:00 - 2025-11-22 15:30,partial overlap,30,Medium
264,P003,Deployment,Project Discussion,2025-11-22 15:00 - 2025-11-22 15:30,containment,30,Medium
265,P003,Testing Acceptance,Brainstorming,2025-11-18 11:16 - 2025-11-18 11:36,containment,20,Medium
266,P003,Deployment,Tech Sharing,2025-11-22 15:00 - 2025-11-22 15:30,containment,30,Medium
267,P003,Tech Sharing,Product Demo,2025-11-18 08:51 - 2025-11-18 09:15,partial overlap,24,Medium
268,P004,Operations Check,Training,2025-09-12 15:40 - 2025-09-12 16:05,containment,25,Medium
269,P004,Design Review,Requirements Analysis,2025-09-17 19:02 - 2025-09-17 19:15,partial overlap,13,Low
270,P004,Project Discussion,One-on-One,2025-09-18 17:35 - 2025-09-18 18:00,partial overlap,25,Medium
271,P004,Requirements Analysis,Product Demo,2025-09-22 11:06 - 2025-09-22 11:27,containment,21,Medium
272,P004,Meeting,Tech Sharing,2025-09-20 11:45 - 2025-09-20 12:15,partial overlap,30,Medium
273,P004,Training,Tech Sharing,2025-09-20 11:53 - 2025-09-20 12:15,partial overlap,22,Medium
274,P004,Deployment,Tech Sharing,2025-09-23 10:45 - 2025-09-23 11:14,containment,29,Medium
275,P004,Code Review,Training,2025-09-26 17:15 - 2025-09-26 17:30,partial overlap,15,Medium
276,P004,Training,Meeting,2025-09-20 11:53 - 2025-09-20 12:30,partial overlap,37,Medium
277,P004,Design Review,Meeting,2025-09-25 13:15 - 2025-09-25 13:45,partial overlap,30,Medium
278,P004,Deployment,Meeting,2025-09-25 13:45 - 2025-09-25 14:00,partial overlap,15,Medium
279,P004,Deployment,Project Discussion,2025-09-24 16:00 - 2025-09-24 16:15,partial overlap,15,Medium
280,P004,Brainstorming,Project Discussion,2025-09-28 17:15 - 2025-09-28 17:45,partial overlap,30,Medium
281,P004,Team Building,Brainstorming,2025-09-30 11:15 - 2025-09-30 11:45,containment,30,Medium
282,P004,Code Review,Client Visit,2025-09-30 15:30 - 2025-09-30 15:45,partial overlap,15,Medium
283,P004,Tech Sharing,Client Visit,2025-09-30 15:51 - 2025-09-30 16:15,partial overlap,24,Medium
284,P004,Tech Sharing,Testing Acceptance,2025-10-01 17:00 - 2025-10-01 17:15,containment,15,Medium
285,P004,Client Visit,Product Demo,2025-09-29 10:10 - 2025-09-29 10:15,partial overlap,5,Low
286,P004,One-on-One,Client Visit,2025-10-04 11:30 - 2025-10-04 12:00,containment,30,Medium
287,P004,Meeting,Product Demo,2025-09-28 13:44 - 2025-09-28 13:45,partial overlap,1,Low
288,P004,Project Discussion,Tech Sharing,2025-10-04 09:23 - 2025-10-04 09:45,partial overlap,22,Medium
289,P004,Training,Brainstorming,2025-09-29 18:41 - 2025-09-29 18:45,partial overlap,4,Low
290,P004,One-on-One,Operations Check,2025-10-04 13:30 - 2025-10-04 13:45,containment,15,Medium
291,P004,Project Discussion,Project Discussion,2025-10-05 08:15 - 2025-10-05 08:45,partial overlap,30,Medium
292,P004,Meeting,Team Building,2025-10-03 19:06 - 2025-10-03 19:30,containment,24,Medium
293,P004,One-on-One,Team Building,2025-10-03 19:27 - 2025-10-03 19:30,partial overlap,3,Low
294,P004,Product Demo,Meeting,2025-10-01 11:30 - 2025-10-01 11:45,containment,15,Medium
295,P004,Project Discussion,Client Visit,2025-10-04 09:45 - 2025-10-04 09:52,partial overlap,7,Low
296,P004,Product Demo,Design Review,2025-10-03 11:24 - 2025-10-03 11:45,partial overlap,21,Medium
297,P004,Product Demo,Tech Sharing,2025-10-03 12:15 - 2025-10-03 12:16,partial overlap,1,Low
298,P004,One-on-One,Meeting,2025-10-03 19:27 - 2025-10-03 19:30,partial overlap,3,Low
299,P004,Training,Client Visit,2025-09-29 18:47 - 2025-09-29 19:08,partial overlap,21,Medium
300,P004,Product Demo,Client Visit,2025-09-29 18:47 - 2025-09-29 19:00,partial overlap,13,Low
301,P004,Product Demo,Training,2025-09-29 18:45 - 2025-09-29 19:00,containment,15,Medium
302,P004,Product Demo,Testing Acceptance,2025-10-10 15:15 - 2025-10-10 15:45,partial overlap,30,Medium
303,P004,Code Review,Design Review,2025-10-07 11:59 - 2025-10-07 12:15,partial overlap,16,Medium
304,P004,Tech Sharing,Code Review,2025-10-06 17:26 - 2025-10-06 18:00,partial overlap,34,Medium
305,P004,Meeting,Code Review,2025-10-06 17:55 - 2025-10-06 18:00,partial overlap,5,Low
306,P004,Project Discussion,Product Demo,2025-10-10 12:10 - 2025-10-10 12:45,partial overlap,35,Medium
307,P004,Meeting,Tech Sharing,2025-10-06 17:55 - 2025-10-06 18:10,partial overlap,15,Medium
308,P004,One-on-One,One-on-One,2025-10-16 15:30 - 2025-10-16 16:00,containment,30,Medium
309,P004,Project Discussion,Product Demo,2025-10-15 10:00 - 2025-10-15 10:30,partial overlap,30,Medium
310,P004,Requirements Analysis,Product Demo,2025-10-15 10:10 - 2025-10-15 10:30,partial overlap,20,Medium
311,P004,Project Discussion,Meeting,2025-10-16 14:08 - 2025-10-16 14:28,containment,20,Medium
312,P004,Operations Check,Deployment,2025-10-18 13:45 - 2025-10-18 14:30,full overlap,45,High
313,P004,Requirements Analysis,Project Discussion,2025-10-15 10:10 - 2025-10-15 10:45,partial overlap,35,Medium
314,P004,Requirements Analysis,Team Building,2025-10-20 14:14 - 2025-10-20 14:45,partial overlap,31,Medium
315,P004,Meeting,Project Discussion,2025-10-24 14:30 - 2025-10-24 14:45,containment,15,Medium
316,P004,Requirements Analysis,One-on-One,2025-10-25 09:00 - 2025-10-25 09:04,partial overlap,4,Low
317,P004,Training,Operations Check,2025-10-27 11:15 - 2025-10-27 11:45,containment,30,Medium
318,P004,Tech Sharing,Meeting,2025-10-22 15:45 - 2025-10-22 16:15,containment,30,Medium
319,P004,Project Discussion,Meeting,2025-10-26 10:00 - 2025-10-26 10:15,containment,15,Medium
320,P004,Training,Testing Acceptance,2025-10-25 08:30 - 2025-10-25 08:45,partial overlap,15,Medium
321,P004,Project Discussion,Requirements Analysis,2025-10-25 19:11 - 2025-10-25 19:15,partial overlap,4,Low
322,P004,Requirements Analysis,Training,2025-10-25 08:45 - 2025-10-25 09:00,partial overlap,15,Medium
323,P004,Product Demo,Code Review,2025-10-31 13:45 - 2025-10-31 14:15,containment,30,Medium
324,P004,Product Demo,Product Demo,2025-10-31 13:30 - 2025-10-31 13:45,containment,15,Medium
325,P004,Requirements Analysis,Brainstorming,2025-11-03 08:30 - 2025-11-03 09:00,containment,30,Medium
326,P004,Brainstorming,One-on-One,2025-11-02 18:15 - 2025-11-02 19:00,partial overlap,45,High
327,P004,Meeting,Design Review,2025-11-06 13:45 - 2025-11-06 14:15,containment,30,Medium
328,P004,One-on-One,Design Review,2025-11-06 13:47 - 2025-11-06 14:04,containment,17,Medium
329,P004,Design Review,Operations Check,2025-11-12 09:30 - 2025-11-12 10:15,containment,45,High
330,P004,Code Review,Team Building,2025-11-10 17:15 - 2025-11-10 17:45,partial overlap,30,Medium
331,P004,One-on-One,Meeting,2025-11-06 13:47 - 2025-11-06 14:04,containment,17,Medium
332,P004,Testing Acceptance,Testing Acceptance,2025-11-10 13:15 - 2025-11-10 13:45,containment,30,Medium
333,P004,Brainstorming,Operations Check,2025-11-07 13:30 - 2025-11-07 13:48,containment,18,Medium
334,P004,Brainstorming,Design Review,2025-11-09 17:30 - 2025-11-09 17:45,partial overlap,15,Medium
335,P004,Project Discussion,Design Review,2025-11-09 17:48 - 2025-11-09 18:04,containment,16,Medium
336,P004,Deployment,Deployment,2025-11-09 11:11 - 2025-11-09 11:30,partial overlap,19,Medium
337,P004,Product Demo,Deployment,2025-11-09 11:20 - 2025-11-09 11:30,partial overlap,10,Low
338,P004,Deployment,Training,2025-11-17 12:30 - 2025-11-17 13:00,containment,30,Medium
339,P004,Team Building,Training,2025-11-17 12:41 - 2025-11-17 13:30,partial overlap,49,High
340,P004,Deployment,Team Building,2025-11-17 12:41 - 2025-11-17 13:00,partial overlap,19,Medium
341,P004,Product Demo,Deployment,2025-11-09 11:20 - 2025-11-09 11:34,partial overlap,14,Low
342,P004,One-on-One,Team Building,2025-11-15 15:35 - 2025-11-15 15:45,partial overlap,10,Low
343,P004,Design Review,One-on-One,2025-11-22 11:00 - 2025-11-22 11:15,partial overlap,15,Medium
344,P004,Brainstorming,Operations Check,2025-11-22 14:37 - 2025-11-22 14:57,containment,20,Medium
345,P004,Meeting,Requirements Analysis,2025-11-20 15:45 - 2025-11-20 16:00,partial overlap,15,Medium
346,P004,Requirements Analysis,Team Building,2025-11-17 11:09 - 2025-11-17 11:30,partial overlap,21,Medium
347,P004,Design Review,Brainstorming,2025-11-20 10:52 - 2025-11-20 11:15,partial overlap,23,Medium
348,P004,Product Demo,Requirements Analysis,2025-11-16 13:44 - 2025-11-16 13:45,partial overlap,1,Low
349,P005,Design Review,Project Discussion,2025-09-15 10:28 - 2025-09-15 11:15,partial overlap,47,High
350,P005,Testing Acceptance,One-on-One,2025-09-16 17:45 - 2025-09-16 18:00,partial overlap,15,Medium
351,P005,One-on-One,One-on-One,2025-09-16 18:00 - 2025-09-16 18:15,partial overlap,15,Medium
352,P005,Operations Check,One-on-One,2025-09-16 18:11 - 2025-09-16 18:15,partial overlap,4,Low
353,P005,Product Demo,Tech Sharing,2025-09-19 14:15 - 2025-09-19 14:45,partial overlap,30,Medium
354,P005,Operations Check,One-on-One,2025-09-16 18:11 - 2025-09-16 18:45,containment,34,Medium
355,P005,Client Visit,Client Visit,2025-09-18 18:45 - 2025-09-18 19:00,partial overlap,15,Medium
356,P005,Design Review,Product Demo,2025-09-17 08:22 - 2025-09-17 08:45,partial overlap,23,Medium
357,P005,Product Demo,Product Demo,2025-09-22 13:30 - 2025-09-22 14:15,full overlap,45,High
358,P005,Code Review,Product Demo,2025-09-22 13:52 - 2025-09-22 14:09,containment,17,Medium
359,P005,Team Building,Operations Check,2025-09-26 12:00 - 2025-09-26 12:15,partial overlap,15,Medium
360,P005,Product Demo,Code Review,2025-09-20 08:36 - 2025-09-20 09:00,partial overlap,24,Medium
361,P005,One-on-One,Deployment,2025-09-26 10:15 - 2025-09-26 10:30,partial overlap,15,Medium
362,P005,Operations Check,Deployment,2025-09-26 10:30 - 2025-09-26 10:45,partial overlap,15,Medium
363,P005,Meeting,Tech Sharing,2025-09-27 18:41 - 2025-09-27 18:45,partial overlap,4,Low
364,P005,Code Review,Product Demo,2025-09-22 13:52 - 2025-09-22 14:09,containment,17,Medium
365,P005,Testing Acceptance,Operations Check,2025-09-25 18:35 - 2025-09-25 19:00,partial overlap,25,Medium
366,P005,Product Demo,Client Visit,2025-09-27 12:45 - 2025-09-27 13:15,partial overlap,30,Medium
367,P005,Tech Sharing,Requirements Analysis,2025-10-03 14:15 - 2025-10-03 14:30,partial overlap,15,Medium
368,P005,Requirements Analysis,Project Discussion,2025-10-02 18:00 - 2025-10-02 18:15,containment,15,Medium
369,P005,Client Visit,Project Discussion,2025-10-02 09:30 - 2025-10-02 09:45,partial overlap,15,Medium
370,P005,Meeting,Requirements Analysis,2025-10-02 18:27 - 2025-10-02 18:43,containment,16,Medium
371,P005,Code Review,Meeting,2025-10-04 10:00 - 2025-10-04 10:30,full overlap,30,Medium
372,P005,Meeting,Code Review,2025-10-05 15:30 - 2025-10-05 15:45,partial overlap,15,Medium
373,P005,Tech Sharing,Meeting,2025-10-07 18:15 - 2025-10-07 18:30,containment,15,Medium
374,P005,Training,Design Review,2025-10-10 15:15 - 2025-10-10 16:00,containment,45,High
375,P005,Deployment,Design Review,2025-10-10 15:15 - 2025-10-10 16:00,full overlap,45,High
376,P005,Operations Check,Design Review,2025-10-10 15:36 - 2025-10-10 16:00,partial overlap,24,Medium
377,P005,Deployment,Training,2025-10-10 15:15 - 2025-10-10 16:00,containment,45,High
378,P005,Operations Check,Training,2025-10-10 15:36 - 2025-10-10 16:04,containment,28,Medium
379,P005,Operations Check,Deployment,2025-10-10 15:36 - 2025-10-10 16:00,partial overlap,24,Medium
380,P005,Training,Code Review,2025-10-13 18:19 - 2025-10-13 18:30,partial overlap,11,Low
381,P005,One-on-One,Product Demo,2025-10-18 14:00 - 2025-10-18 14:15,partial overlap,15,Medium
382,P005,Design Review,Product Demo,2025-10-18 14:06 - 2025-10-18 14:30,partial overlap,24,Medium
383,P005,Training,Brainstorming,2025-10-13 16:54 - 2025-10-13 17:15,partial overlap,21,Medium
384,P005,One-on-One,Deployment,2025-10-11 15:03 - 2025-10-11 15:30,partial overlap,27,Medium
385,P005,Design Review,One-on-One,2025-10-18 14:06 - 2025-10-18 14:15,partial overlap,9,Low
386,P005,Product Demo,Testing Acceptance,2025-10-19 17:45 - 2025-10-19 18:00,partial overlap,15,Medium
387,P005,Operations Check,Testing Acceptance,2025-10-19 17:45 - 2025-10-19 18:15,containment,30,Medium
388,P005,Tech Sharing,Testing Acceptance,2025-10-19 17:49 - 2025-10-19 18:15,partial overlap,26,Medium
389,P005,Product Demo,Testing Acceptance,2025-10-19 17:52 - 2025-10-19 18:13,containment,21,Medium
390,P005,Meeting,Testing Acceptance,2025-10-20 12:00 - 2025-10-20 12:30,containment,30,Medium
391,P005,Tech Sharing,One-on-One,2025-10-17 10:30 - 2025-10-17 11:00,partial overlap,30,Medium
392,P005,Team Building,One-on-One,2025-10-17 10:49 - 2025-10-17 11:15,partial overlap,26,Medium
393,P005,Testing Acceptance,Client Visit,2025-10-20 14:35 - 2025-10-20 15:00,partial overlap,25,Medium
394,P005,Meeting,Requirements Analysis,2025-10-17 18:00 - 2025-10-17 18:15,partial overlap,15,Medium
395,P005,Design Review,Training,2025-10-17 16:08 - 2025-10-17 16:30,partial overlap,22,Medium
396,P005,Team Building,Tech Sharing,2025-10-17 10:49 - 2025-10-17 11:00,partial overlap,11,Low
397,P005,Requirements Analysis,Product Demo,2025-10-19 17:30 - 2025-10-19 17:45,partial overlap,15,Medium
398,P005,Operations Check,Product Demo,2025-10-19 17:30 - 2025-10-19 18:00,containment,30,Medium
399,P005,Tech Sharing,Product Demo,2025-10-19 17:49 - 2025-10-19 18:00,partial overlap,11,Low
400,P005,Product Demo,Product Demo,2025-10-19 17:52 - 2025-10-19 18:00,partial overlap,8,Low
401,P005,Client Visit,Project Discussion,2025-10-21 15:30 - 2025-10-21 15:45,containment,15,Medium
402,P005,Operations Check,Requirements Analysis,2025-10-19 17:30 - 2025-10-19 17:45,partial overlap,15,Medium
403,P005,Operations Check,Tech Sharing,2025-10-19 17:49 - 2025-10-19 18:15,partial overlap,26,Medium
404,P005,Product Demo,Tech Sharing,2025-10-19 17:52 - 2025-10-19 18:13,containment,21,Medium
405,P005,Operations Check,Product Demo,2025-10-19 17:52 - 2025-10-19 18:13,containment,21,Medium
406,P005,Testing Acceptance,Tech Sharing,2025-10-24 14:00 - 2025-10-24 14:30,partial overlap,30,Medium
407,P005,One-on-One,Testing Acceptance,2025-10-23 11:00 - 2025-10-23 11:45,full overlap,45,High
408,P005,Design Review,Deployment,2025-10-28 15:51 - 2025-10-28 16:17,containment,26,Medium
409,P005,Code Review,Deployment,2025-10-28 16:02 - 2025-10-28 16:30,partial overlap,28,Medium
410,P005,Tech Sharing,Deployment,2025-10-28 16:08 - 2025-10-28 16:30,partial overlap,22,Medium
411,P005,Code Review,Code Review,2025-10-23 17:45 - 2025-10-23 18:15,partial overlap,30,Medium
412,P005,Tech Sharing,Deployment,2025-10-29 16:00 - 2025-10-29 16:15,containment,15,Medium
413,P005,Training,Team Building,2025-10-27 12:25 - 2025-10-27 12:30,partial overlap,5,Low
414,P005,Design Review,Design Review,2025-10-29 10:28 - 2025-10-29 10:30,partial overlap,2,Low
415,P005,Training,Brainstorming,2025-10-25 18:00 - 2025-10-25 18:30,containment,30,Medium
416,P005,Deployment,Testing Acceptance,2025-10-26 16:25 - 2025-10-26 16:30,partial overlap,5,Low
417,P005,One-on-One,Client Visit,2025-10-28 17:30 - 2025-10-28 18:00,partial overlap,30,Medium
418,P005,Design Review,Product Demo,2025-10-29 17:13 - 2025-10-29 17:30,partial overlap,17,Medium
419,P005,Code Review,Design Review,2025-10-28 16:02 - 2025-10-28 16:17,partial overlap,15,Medium
420,P005,Tech Sharing,Design Review,2025-10-28 16:08 - 2025-10-28 16:17,partial overlap,9,Low
421,P005,Tech Sharing,Code Review,2025-10-28 16:08 - 2025-10-28 16:57,partial overlap,49,High
422,P005,One-on-One,Product Demo,2025-11-02 17:00 - 2025-11-02 17:45,containment,45,High
423,P005,Project Discussion,Project Discussion,2025-10-30 09:44 - 2025-10-30 10:36,containment,52,High
424,P005,Product Demo,Product Demo,2025-11-04 09:30 - 2025-11-04 10:00,partial overlap,30,Medium
425,P005,Requirements Analysis,Training,2025-11-05 14:05 - 2025-11-05 14:37,containment,32,Medium
426,P005,Deployment,Tech Sharing,2025-11-07 16:57 - 2025-11-07 17:22,containment,25,Medium
427,P005,Meeting,Client Visit,2025-11-09 11:15 - 2025-11-09 11:30,partial overlap,15,Medium
428,P005,Brainstorming,Brainstorming,2025-11-09 10:19 - 2025-11-09 10:47,containment,28,Medium
429,P005,Requirements Analysis,Operations Check,2025-11-13 13:30 - 2025-11-13 13:45,partial overlap,15,Medium
430,P005,Meeting,Deployment,2025-11-13 16:45 - 2025-11-13 17:15,partial overlap,30,Medium
431,P005,Meeting,Deployment,2025-11-13 16:53 - 2025-11-13 17:15,partial overlap,22,Medium
432,P005,Meeting,Meeting,2025-11-13 16:53 - 2025-11-13 17:30,partial overlap,37,Medium
433,P005,One-on-One,Testing Acceptance,2025-11-11 11:05 - 2025-11-11 11:15,partial overlap,10,Low
434,P005,Deployment,Team Building,2025-11-11 14:39 - 2025-11-11 15:00,partial overlap,21,Medium
435,P005,Team Building,Code Review,2025-11-19 10:47 - 2025-11-19 11:00,partial overlap,13,Low
436,P005,Brainstorming,Tech Sharing,2025-11-12 11:38 - 2025-11-12 11:45,partial overlap,7,Low
437,P005,Project Discussion,Operations Check,2025-11-16 12:00 - 2025-11-16 12:45,full overlap,45,High
438,P005,Team Building,One-on-One,2025-11-20 09:09 - 2025-11-20 09:15,partial overlap,6,Low
439,P005,Testing Acceptance,Team Building,2025-11-20 10:54 - 2025-11-20 11:15,partial overlap,21,Medium
440,P005,Client Visit,Team Building,2025-11-20 11:10 - 2025-11-20 11:15,partial overlap,5,Low
441,P005,Code Review,Tech Sharing,2025-11-18 08:45 - 2025-11-18 09:00,containment,15,Medium
442,P005,Team Building,Project Discussion,2025-11-21 14:00 - 2025-11-21 14:15,containment,15,Medium
443,P005,Meeting,Meeting,2025-11-23 08:14 - 2025-11-23 08:15,partial overlap,1,Low
444,P005,Client Visit,Team Building,2025-11-22 14:29 - 2025-11-22 14:30,partial overlap,1,Low
445,P005,Team Building,Meeting,2025-11-20 09:30 - 2025-11-20 09:36,partial overlap,6,Low
446,P005,Training,Meeting,2025-11-23 08:28 - 2025-11-23 08:44,partial overlap,16,Medium
447,P005,Client Visit,Testing Acceptance,2025-11-20 11:10 - 2025-11-20 11:36,containment,26,Medium
448,P006,Project Discussion,Team Building,2025-10-07 11:45 - 2025-10-07 12:30,partial overlap,45,High
449,P006,Training,Team Building,2025-10-07 11:58 - 2025-10-07 12:30,partial overlap,32,Medium
450,P006,Project Discussion,Testing Acceptance,2025-10-07 12:30 - 2025-10-07 13:15,partial overlap,45,High
451,P006,Training,Testing Acceptance,2025-10-07 12:30 - 2025-10-07 12:55,partial overlap,25,Medium
452,P006,Training,Project Discussion,2025-10-07 11:58 - 2025-10-07 12:55,containment,57,High
453,P006,Testing Acceptance,Project Discussion,2025-10-15 09:45 - 2025-10-15 10:00,partial overlap,15,Medium
454,P006,Product Demo,Team Building,2025-10-11 15:45 - 2025-10-11 16:00,partial overlap,15,Medium
455,P006,Project Discussion,Tech Sharing,2025-10-14 12:33 - 2025-10-14 12:54,containment,21,Medium
456,P006,Product Demo,Brainstorming,2025-10-14 16:56 - 2025-10-14 17:15,partial overlap,19,Medium
457,P006,Code Review,Design Review,2025-10-19 15:58 - 2025-10-19 16:30,partial overlap,32,Medium
458,P006,Code Review,Design Review,2025-10-19 16:15 - 2025-10-19 16:30,containment,15,Medium
459,P006,Requirements Analysis,Tech Sharing,2025-10-22 11:45 - 2025-10-22 12:15,containment,30,Medium
460,P006,Team Building,Brainstorming,2025-10-21 18:00 - 2025-10-21 18:30,containment,30,Medium
461,P006,Brainstorming,Design Review,2025-10-24 15:30 - 2025-10-24 15:45,partial overlap,15,Medium
462,P006,Requirements Analysis,Design Review,2025-10-24 15:30 - 2025-10-24 15:45,containment,15,Medium
463,P006,Code Review,Code Review,2025-10-19 16:15 - 2025-10-19 16:30,containment,15,Medium
464,P006,Tech Sharing,Team Building,2025-10-21 17:45 - 2025-10-21 18:00,containment,15,Medium
465,P006,Brainstorming,Requirements Analysis,2025-10-24 15:30 - 2025-10-24 15:45,containment,15,Medium
466,P006,Requirements Analysis,One-on-One,2025-10-23 14:00 - 2025-10-23 14:15,containment,15,Medium
467,P006,Code Review,Meeting,2025-10-26 08:45 - 2025-10-26 09:00,partial overlap,15,Medium
468,P006,Requirements Analysis,One-on-One,2025-10-23 16:37 - 2025-10-23 17:04,containment,27,Medium
469,P006,Deployment,One-on-One,2025-10-23 17:00 - 2025-10-23 17:15,containment,15,Medium
470,P006,Deployment,Training,2025-10-28 17:41 - 2025-10-28 18:00,partial overlap,19,Medium
471,P006,Code Review,Deployment,2025-10-26 09:00 - 2025-10-26 09:15,partial overlap,15,Medium
472,P006,Requirements Analysis,Product Demo,2025-10-24 10:21 - 2025-10-24 11:00,partial overlap,39,Medium
473,P006,Requirements Analysis,Deployment,2025-10-23 17:00 - 2025-10-23 17:04,partial overlap,4,Low
474,P006,Code Review,One-on-One,2025-10-24 08:21 - 2025-10-24 08:30,partial overlap,9,Low
475,P006,Design Review,Code Review,2025-10-23 09:00 - 2025-10-23 09:43,partial overlap,43,Medium
476,P006,Training,Team Building,2025-10-26 11:56 - 2025-10-26 12:30,partial overlap,34,Medium
477,P006,Meeting,Deployment,2025-10-31 11:00 - 2025-10-31 11:15,full overlap,15,Medium
478,P006,Training,Requirements Analysis,2025-10-26 12:30 - 2025-10-26 12:43,partial overlap,13,Low
479,P006,Deployment,Code Review,2025-10-30 14:39 - 2025-10-30 14:45,partial overlap,6,Low
480,P006,Product Demo,Design Review,2025-10-31 15:08 - 2025-10-31 15:30,partial overlap,22,Medium
481,P006,Deployment,Project Discussion,2025-10-30 15:30 - 2025-10-30 15:38,partial overlap,8,Low
482,P006,Design Review,One-on-One,2025-11-06 18:21 - 2025-11-06 18:38,containment,17,Medium
483,P006,Brainstorming,Deployment,2025-11-10 11:56 - 2025-11-10 12:00,partial overlap,4,Low
484,P006,Meeting,Code Review,2025-11-11 14:15 - 2025-11-11 14:45,partial overlap,30,Medium
485,P006,Operations Check,Tech Sharing,2025-11-10 17:30 - 2025-11-10 18:00,partial overlap,30,Medium
486,P006,Operations Check,Deployment,2025-11-10 16:55 - 2025-11-10 17:27,containment,32,Medium
487,P006,Operations Check,Deployment,2025-11-10 17:15 - 2025-11-10 17:30,partial overlap,15,Medium
488,P006,Design Review,Client Visit,2025-11-07 10:45 - 2025-11-07 11:15,containment,30,Medium
489,P006,Meeting,Deployment,2025-11-11 15:00 - 2025-11-11 15:15,partial overlap,15,Medium
490,P006,Design Review,Code Review,2025-11-11 17:30 - 2025-11-11 17:45,partial overlap,15,Medium
491,P006,Operations Check,Operations Check,2025-11-10 17:15 - 2025-11-10 17:27,partial overlap,12,Low
492,P006,Training,Client Visit,2025-11-10 10:40 - 2025-11-10 11:00,partial overlap,20,Medium
493,P006,Project Discussion,Client Visit,2025-11-16 14:35 - 2025-11-16 14:45,partial overlap,10,Low
494,P006,Project Discussion,Deployment,2025-11-14 11:00 - 2025-11-14 11:15,partial overlap,15,Medium
495,P006,Training,Product Demo,2025-11-15 16:15 - 2025-11-15 16:30,partial overlap,15,Medium
496,P006,Meeting,Project Discussion,2025-11-16 14:45 - 2025-11-16 15:03,partial overlap,18,Medium
497,P006,Testing Acceptance,Client Visit,2025-11-19 11:00 - 2025-11-19 11:15,containment,15,Medium
498,P006,Team Building,Product Demo,2025-11-19 08:39 - 2025-11-19 08:45,partial overlap,6,Low
499,P006,Operations Check,Meeting,2025-11-18 17:03 - 2025-11-18 17:30,partial overlap,27,Medium
500,P006,Code Review,Testing Acceptance,2025-11-18 12:45 - 2025-11-18 13:00,partial overlap,15,Medium
501,P006,One-on-One,Training,2025-11-21 17:30 - 2025-11-21 17:45,containment,15,Medium
502,P006,Tech Sharing,Training,2025-11-21 11:45 - 2025-11-21 12:00,containment,15,Medium
503,P006,One-on-One,Tech Sharing,2025-11-21 12:21 - 2025-11-21 12:30,partial overlap,9,Low
504,P006,Project Discussion,Operations Check,2025-11-21 14:53 - 2025-11-21 15:15,partial overlap,22,Medium
505,P006,Requirements Analysis,Team Building,2025-11-18 15:30 - 2025-11-18 15:45,containment,15,Medium
506,P006,One-on-One,Testing Acceptance,2025-11-20 09:56 - 2025-11-20 10:15,containment,19,Medium
507,P007,Testing Acceptance,Code Review,2025-10-13 17:45 - 2025-10-13 18:00,partial overlap,15,Medium
508,P007,Design Review,Meeting,2025-10-14 18:30 - 2025-10-14 20:00,full overlap,90,High
509,P007,Brainstorming,Meeting,2025-10-14 18:53 - 2025-10-14 19:30,containment,37,Medium
510,P007,Project Discussion,Code Review,2025-10-14 16:00 - 2025-10-14 16:45,containment,45,High
511,P007,Brainstorming,Design Review,2025-10-14 18:53 - 2025-10-14 19:30,containment,37,Medium
512,P007,Training,Project Discussion,2025-10-15 14:47 - 2025-10-15 15:08,containment,21,Medium
513,P007,Meeting,Requirements Analysis,2025-10-17 10:20 - 2025-10-17 10:57,containment,37,Medium
514,P007,Operations Check,Meeting,2025-10-19 17:30 - 2025-10-19 18:00,containment,30,Medium
515,P007,Product Demo,Design Review,2025-10-18 15:04 - 2025-10-18 15:15,partial overlap,11,Low
516,P007,One-on-One,Deployment,2025-10-21 09:15 - 2025-10-21 09:45,containment,30,Medium
517,P007,Brainstorming,Deployment,2025-10-21 09:40 - 2025-10-21 10:00,partial overlap,20,Medium
518,P007,Training,Tech Sharing,2025-10-21 12:30 - 2025-10-21 13:15,containment,45,High
519,P007,Design Review,Tech Sharing,2025-10-21 12:50 - 2025-10-21 13:17,containment,27,Medium
520,P007,Training,Tech Sharing,2025-10-21 13:15 - 2025-10-21 13:30,containment,15,Medium
521,P007,Design Review,Training,2025-10-21 12:50 - 2025-10-21 13:15,partial overlap,25,Medium
522,P007,One-on-One,Brainstorming,2025-10-21 09:40 - 2025-10-21 09:45,partial overlap,5,Low
523,P007,Training,Design Review,2025-10-21 13:15 - 2025-10-21 13:17,partial overlap,2,Low
524,P007,Tech Sharing,Team Building,2025-10-26 18:45 - 2025-10-26 19:00,full overlap,15,Medium
525,P007,Requirements Analysis,Training,2025-10-27 15:30 - 2025-10-27 15:45,partial overlap,15,Medium
526,P007,Product Demo,One-on-One,2025-10-28 08:21 - 2025-10-28 08:51,containment,30,Medium
527,P007,One-on-One,Project Discussion,2025-10-26 09:45 - 2025-10-26 10:00,containment,15,Medium
528,P007,Tech Sharing,Code Review,2025-10-29 13:30 - 2025-10-29 13:45,partial overlap,15,Medium
529,P007,Tech Sharing,One-on-One,2025-10-30 08:30 - 2025-10-30 09:15,full overlap,45,High
530,P007,Product Demo,One-on-One,2025-10-30 08:40 - 2025-10-30 09:15,partial overlap,35,Medium
531,P007,Code Review,One-on-One,2025-10-30 08:55 - 2025-10-30 09:14,containment,19,Medium
532,P007,Product Demo,Operations Check,2025-10-28 11:00 - 2025-10-28 11:15,partial overlap,15,Medium
533,P007,Product Demo,Tech Sharing,2025-10-30 08:40 - 2025-10-30 09:15,partial overlap,35,Medium
534,P007,Code Review,Tech Sharing,2025-10-30 08:55 - 2025-10-30 09:14,containment,19,Medium
535,P007,Team Building,Code Review,2025-11-01 10:30 - 2025-11-01 10:45,containment,15,Medium
536,P007,Team Building,Team Building,2025-11-01 11:30 - 2025-11-01 11:45,partial overlap,15,Medium
537,P007,Code Review,Team Building,2025-11-01 11:55 - 2025-11-01 12:00,partial overlap,5,Low
538,P007,Code Review,Product Demo,2025-10-30 08:55 - 2025-10-30 09:14,containment,19,Medium
539,P007,Product Demo,Tech Sharing,2025-11-02 08:41 - 2025-11-02 09:15,containment,34,Medium
540,P007,Project Discussion,Team Building,2025-11-04 17:30 - 2025-11-04 17:45,partial overlap,15,Medium
541,P007,Code Review,Team Building,2025-11-04 17:30 - 2025-11-04 17:45,partial overlap,15,Medium
542,P007,Project Discussion,Team Building,2025-11-04 17:30 - 2025-11-04 17:47,partial overlap,17,Medium
543,P007,Client Visit,Team Building,2025-11-04 17:30 - 2025-11-04 17:36,partial overlap,6,Low
544,P007,Product Demo,Team Building,2025-11-04 17:30 - 2025-11-04 17:48,partial overlap,18,Medium
545,P007,Code Review,Project Discussion,2025-11-04 17:00 - 2025-11-04 17:45,full overlap,45,High
546,P007,Project Discussion,Project Discussion,2025-11-04 17:07 - 2025-11-04 17:45,partial overlap,38,Medium
547,P007,Client Visit,Project Discussion,2025-11-04 17:07 - 2025-11-04 17:36,containment,29,Medium
548,P007,Product Demo,Project Discussion,2025-11-04 17:29 - 2025-11-04 17:45,partial overlap,16,Medium
549,P007,Project Discussion,Brainstorming,2025-11-08 10:45 - 2025-11-08 11:15,partial overlap,30,Medium
550,P007,Requirements Analysis,Brainstorming,2025-11-08 16:45 - 2025-11-08 17:00,partial overlap,15,Medium
551,P007,Project Discussion,Code Review,2025-11-04 17:07 - 2025-11-04 17:45,partial overlap,38,Medium
552,P007,Client Visit,Code Review,2025-11-04 17:07 - 2025-11-04 17:36,containment,29,Medium
553,P007,Product Demo,Code Review,2025-11-04 17:29 - 2025-11-04 17:45,partial overlap,16,Medium
554,P007,Design Review,Project Discussion,2025-11-08 11:15 - 2025-11-08 11:33,containment,18,Medium
555,P007,Tech Sharing,Deployment,2025-11-10 12:15 - 2025-11-10 12:30,partial overlap,15,Medium
556,P007,Training,Requirements Analysis,2025-11-14 18:30 - 2025-11-14 19:00,full overlap,30,Medium
557,P007,Design Review,Tech Sharing,2025-11-13 08:30 - 2025-11-13 09:15,partial overlap,45,High
558,P007,Code Review,Tech Sharing,2025-11-10 17:15 - 2025-11-10 17:45,containment,30,Medium
559,P007,Team Building,Product Demo,2025-11-17 13:30 - 2025-11-17 14:15,containment,45,High
560,P007,Meeting,Brainstorming,2025-11-17 10:45 - 2025-11-17 11:30,containment,45,High
561,P007,Tech Sharing,Brainstorming,2025-11-17 10:45 - 2025-11-17 11:00,containment,15,Medium
562,P007,Client Visit,Project Discussion,2025-11-04 17:07 - 2025-11-04 17:36,containment,29,Medium
563,P007,Product Demo,Project Discussion,2025-11-04 17:29 - 2025-11-04 17:47,partial overlap,18,Medium
564,P007,Product Demo,Client Visit,2025-11-04 17:29 - 2025-11-04 17:36,partial overlap,7,Low
565,P007,Design Review,Training,2025-11-13 16:36 - 2025-11-13 17:15,partial overlap,39,Medium
566,P007,Design Review,Training,2025-11-13 16:58 - 2025-11-13 17:15,partial overlap,17,Medium
567,P007,Deployment,Project Discussion,2025-11-18 16:30 - 2025-11-18 17:15,full overlap,45,High
568,P007,Meeting,Testing Acceptance,2025-11-18 16:00 - 2025-11-18 16:30,containment,30,Medium
569,P007,Brainstorming,Training,2025-11-21 09:15 - 2025-11-21 09:30,full overlap,15,Medium
570,P007,Team Building,Operations Check,2025-11-17 13:27 - 2025-11-17 13:30,partial overlap,3,Low
571,P007,Operations Check,One-on-One,2025-11-21 17:08 - 2025-11-21 17:25,containment,17,Medium
572,P007,Tech Sharing,Meeting,2025-11-17 10:45 - 2025-11-17 11:00,containment,15,Medium
573,P007,Team Building,Code Review,2025-11-20 09:00 - 2025-11-20 09:15,partial overlap,15,Medium
574,P007,Project Discussion,Brainstorming,2025-11-16 18:15 - 2025-11-16 18:30,containment,15,Medium
575,P007,Team Building,Brainstorming,2025-11-16 18:31 - 2025-11-16 19:00,partial overlap,29,Medium
576,P007,Project Discussion,Brainstorming,2025-11-16 12:30 - 2025-11-16 12:45,partial overlap,15,Medium
577,P007,Deployment,Product Demo,2025-11-23 10:30 - 2025-11-23 10:45,containment,15,Medium
578,P007,Client Visit,Product Demo,2025-11-23 10:30 - 2025-11-23 10:45,containment,15,Medium
579,P007,Client Visit,Deployment,2025-11-23 10:23 - 2025-11-23 10:45,partial overlap,22,Medium
580,P007,Training,Meeting,2025-11-23 11:45 - 2025-11-23 12:00,containment,15,Medium
581,P007,Design Review,Design Review,2025-11-13 16:58 - 2025-11-13 17:32,partial overlap,34,Medium
582,P008,Code Review,Operations Check,2025-10-03 18:56 - 2025-10-03 19:14,containment,18,Medium
583,P008,Project Discussion,Design Review,2025-10-07 10:28 - 2025-10-07 11:00,partial overlap,32,Medium
584,P008,Brainstorming,Training,2025-10-13 17:45 - 2025-10-13 18:15,partial overlap,30,Medium
585,P008,Product Demo,Testing Acceptance,2025-10-09 16:54 - 2025-10-09 17:15,partial overlap,21,Medium
586,P008,Requirements Analysis,Meeting,2025-10-14 16:23 - 2025-10-14 16:43,containment,20,Medium
587,P008,Testing Acceptance,Client Visit,2025-10-16 13:30 - 2025-10-16 14:00,containment,30,Medium
588,P008,Code Review,Client Visit,2025-10-16 13:45 - 2025-10-16 14:00,partial overlap,15,Medium
589,P008,Client Visit,Deployment,2025-10-16 15:58 - 2025-10-16 16:15,partial overlap,17,Medium
590,P008,Product Demo,Product Demo,2025-10-20 08:15 - 2025-10-20 08:45,partial overlap,30,Medium
591,P008,Code Review,Testing Acceptance,2025-10-16 13:45 - 2025-10-16 14:15,partial overlap,30,Medium
592,P008,Product Demo,Operations Check,2025-10-22 16:45 - 2025-10-22 17:00,partial overlap,15,Medium
593,P008,Deployment,Design Review,2025-10-23 11:00 - 2025-10-23 11:30,containment,30,Medium
594,P008,Operations Check,Design Review,2025-10-23 11:00 - 2025-10-23 11:30,containment,30,Medium
595,P008,Deployment,Design Review,2025-10-23 11:22 - 2025-10-23 11:30,partial overlap,8,Low
596,P008,Requirements Analysis,Project Discussion,2025-10-25 09:42 - 2025-10-25 10:15,partial overlap,33,Medium
597,P008,Testing Acceptance,Project Discussion,2025-10-25 10:01 - 2025-10-25 10:15,partial overlap,14,Low
598,P008,Team Building,Meeting,2025-10-28 15:44 - 2025-10-28 16:08,containment,24,Medium
599,P008,Operations Check,Deployment,2025-10-23 11:00 - 2025-10-23 11:30,full overlap,30,Medium
600,P008,Deployment,Deployment,2025-10-23 11:22 - 2025-10-23 11:30,partial overlap,8,Low
601,P008,Brainstorming,Project Discussion,2025-10-22 14:10 - 2025-10-22 14:15,partial overlap,5,Low
602,P008,Meeting,Design Review,2025-10-26 11:00 - 2025-10-26 11:15,containment,15,Medium
603,P008,Deployment,Operations Check,2025-10-23 11:22 - 2025-10-23 11:30,partial overlap,8,Low
604,P008,Deployment,Brainstorming,2025-10-24 12:14 - 2025-10-24 12:34,containment,20,Medium
605,P008,Client Visit,Training,2025-10-30 15:30 - 2025-10-30 16:15,containment,45,High
606,P008,Brainstorming,Meeting,2025-10-28 16:32 - 2025-10-28 17:00,partial overlap,28,Medium
607,P008,Operations Check,Testing Acceptance,2025-11-01 17:15 - 2025-11-01 17:30,partial overlap,15,Medium
608,P008,Requirements Analysis,Meeting,2025-10-25 10:15 - 2025-10-25 10:27,partial overlap,12,Low
609,P008,Testing Acceptance,Meeting,2025-10-25 10:15 - 2025-10-25 10:43,partial overlap,28,Medium
610,P008,Client Visit,Design Review,2025-10-31 12:45 - 2025-10-31 13:00,partial overlap,15,Medium
611,P008,Tech Sharing,Team Building,2025-10-29 10:30 - 2025-10-29 11:00,containment,30,Medium
612,P008,Tech Sharing,Design Review,2025-10-25 16:21 - 2025-10-25 16:56,containment,35,Medium
613,P008,Product Demo,Design Review,2025-10-25 16:36 - 2025-10-25 17:00,partial overlap,24,Medium
614,P008,Testing Acceptance,Requirements Analysis,2025-10-25 10:01 - 2025-10-25 10:27,partial overlap,26,Medium
615,P008,Product Demo,Tech Sharing,2025-10-25 16:36 - 2025-10-25 16:56,partial overlap,20,Medium
616,P008,Client Visit,Operations Check,2025-10-30 10:56 - 2025-10-30 11:15,partial overlap,19,Medium
617,P008,Client Visit,Tech Sharing,2025-10-30 11:30 - 2025-10-30 11:42,partial overlap,12,Low
618,P008,Design Review,Project Discussion,2025-10-31 16:30 - 2025-10-31 17:00,partial overlap,30,Medium
619,P008,Testing Acceptance,Design Review,2025-11-08 11:15 - 2025-11-08 11:30,partial overlap,15,Medium
620,P008,Training,Operations Check,2025-11-10 16:59 - 2025-11-10 17:15,partial overlap,16,Medium
621,P008,Brainstorming,Operations Check,2025-11-10 17:01 - 2025-11-10 17:15,partial overlap,14,Low
622,P008,Team Building,Code Review,2025-11-11 13:30 - 2025-11-11 13:45,partial overlap,15,Medium
623,P008,Design Review,Team Building,2025-11-09 10:15 - 2025-11-09 11:15,full overlap,60,High
624,P008,Deployment,Requirements Analysis,2025-11-08 08:05 - 2025-11-08 08:25,containment,20,Medium
625,P008,Brainstorming,Meeting,2025-11-14 16:45 - 2025-11-14 17:15,containment,30,Medium
626,P008,Deployment,Meeting,2025-11-14 17:10 - 2025-11-14 17:30,partial overlap,20,Medium
627,P008,Team Building,Meeting,2025-11-14 17:13 - 2025-11-14 17:30,partial overlap,17,Medium
628,P008,Testing Acceptance,Brainstorming,2025-11-08 10:45 - 2025-11-08 11:00,partial overlap,15,Medium
629,P008,Training,Client Visit,2025-11-10 17:15 - 2025-11-10 17:58,partial overlap,43,Medium
630,P008,Brainstorming,Client Visit,2025-11-10 17:15 - 2025-11-10 17:38,partial overlap,23,Medium
631,P008,Training,Brainstorming,2025-11-10 17:01 - 2025-11-10 17:38,containment,37,Medium
632,P008,Deployment,Client Visit,2025-11-19 14:45 - 2025-11-19 15:00,partial overlap,15,Medium
633,P008,Deployment,Deployment,2025-11-15 18:51 - 2025-11-15 19:30,partial overlap,39,Medium
634,P008,Requirements Analysis,Deployment,2025-11-15 18:54 - 2025-11-15 19:23,containment,29,Medium
635,P008,Deployment,Brainstorming,2025-11-14 17:10 - 2025-11-14 17:15,partial overlap,5,Low
636,P008,Team Building,Brainstorming,2025-11-14 17:13 - 2025-11-14 17:15,partial overlap,2,Low
637,P008,Deployment,Deployment,2025-11-19 14:15 - 2025-11-19 14:45,containment,30,Medium
638,P008,Product Demo,Design Review,2025-11-20 08:13 - 2025-11-20 08:15,partial overlap,2,Low
639,P008,Testing Acceptance,Meeting,2025-11-21 14:19 - 2025-11-21 14:30,partial overlap,11,Low
640,P008,Design Review,Testing Acceptance,2025-11-23 18:30 - 2025-11-23 18:45,partial overlap,15,Medium
641,P008,One-on-One,One-on-One,2025-11-22 09:15 - 2025-11-22 10:00,full overlap,45,High
642,P008,Client Visit,Brainstorming,2025-11-19 17:58 - 2025-11-19 18:00,partial overlap,2,Low
643,P008,Deployment,Team Building,2025-11-14 17:13 - 2025-11-14 17:38,partial overlap,25,Medium
644,P008,Deployment,Requirements Analysis,2025-11-15 18:54 - 2025-11-15 19:23,containment,29,Medium
645,P009,Requirements Analysis,Deployment,2025-10-11 10:30 - 2025-10-11 10:45,partial overlap,15,Medium
646,P009,Product Demo,Product Demo,2025-10-13 13:30 - 2025-10-13 14:15,containment,45,High
647,P009,Project Discussion,Testing Acceptance,2025-10-18 11:45 - 2025-10-18 12:00,partial overlap,15,Medium
648,P009,Brainstorming,Training,2025-10-16 18:45 - 2025-10-16 19:15,partial overlap,30,Medium
649,P009,Code Review,Training,2025-10-16 18:51 - 2025-10-16 19:15,partial overlap,24,Medium
650,P009,Brainstorming,Product Demo,2025-10-21 12:15 - 2025-10-21 12:30,partial overlap,15,Medium
651,P009,Client Visit,Operations Check,2025-10-20 11:45 - 2025-10-20 12:15,containment,30,Medium
652,P009,Code Review,Brainstorming,2025-10-16 18:51 - 2025-10-16 19:23,containment,32,Medium
653,P009,Code Review,Brainstorming,2025-10-16 19:20 - 2025-10-16 19:45,partial overlap,25,Medium
654,P009,Code Review,Code Review,2025-10-16 19:20 - 2025-10-16 19:23,partial overlap,3,Low
655,P009,Design Review,Team Building,2025-10-22 14:40 - 2025-10-22 15:00,partial overlap,20,Medium
656,P009,Requirements Analysis,Operations Check,2025-10-28 15:15 - 2025-10-28 15:45,containment,30,Medium
657,P009,Operations Check,Operations Check,2025-10-28 15:35 - 2025-10-28 15:45,partial overlap,10,Low
658,P009,Operations Check,Operations Check,2025-10-29 16:30 - 2025-10-29 17:00,partial overlap,30,Medium
659,P009,Product Demo,Training,2025-10-27 14:30 - 2025-10-27 14:45,partial overlap,15,Medium
660,P009,Team Building,Meeting,2025-10-30 15:15 - 2025-10-30 16:00,full overlap,45,High
661,P009,Team Building,Meeting,2025-10-24 12:24 - 2025-10-24 12:30,partial overlap,6,Low
662,P009,Project Discussion,One-on-One,2025-10-26 09:15 - 2025-10-26 09:30,partial overlap,15,Medium
663,P009,Meeting,Product Demo,2025-10-28 10:00 - 2025-10-28 10:15,containment,15,Medium
664,P009,Operations Check,Requirements Analysis,2025-10-28 15:35 - 2025-10-28 15:45,partial overlap,10,Low
665,P009,One-on-One,Code Review,2025-11-01 12:15 - 2025-11-01 12:30,containment,15,Medium
666,P009,Deployment,Code Review,2025-11-01 12:17 - 2025-11-01 12:30,partial overlap,13,Low
667,P009,Requirements Analysis,Training,2025-11-05 17:30 - 2025-11-05 18:15,containment,45,High
668,P009,Requirements Analysis,Code Review,2025-11-05 16:00 - 2025-11-05 16:30,containment,30,Medium
669,P009,Brainstorming,Code Review,2025-11-05 16:28 - 2025-11-05 16:45,partial overlap,17,Medium
670,P009,Deployment,One-on-One,2025-11-01 12:17 - 2025-11-01 12:40,containment,23,Medium
671,P009,Brainstorming,Deployment,2025-11-10 08:15 - 2025-11-10 08:30,partial overlap,15,Medium
672,P009,Brainstorming,Requirements Analysis,2025-11-05 16:28 - 2025-11-05 16:30,partial overlap,2,Low
673,P009,Client Visit,Training,2025-11-12 11:30 - 2025-11-12 11:45,partial overlap,15,Medium
674,P009,Deployment,Tech Sharing,2025-11-09 17:28 - 2025-11-09 18:08,containment,40,Medium
675,P009,Team Building,Tech Sharing,2025-11-09 17:31 - 2025-11-09 17:59,containment,28,Medium
676,P009,Brainstorming,Deployment,2025-11-10 14:15 - 2025-11-10 14:45,partial overlap,30,Medium
677,P009,Brainstorming,Deployment,2025-11-10 14:15 - 2025-11-10 14:37,partial overlap,22,Medium
678,P009,Brainstorming,Training,2025-11-08 10:48 - 2025-11-08 11:15,partial overlap,27,Medium
679,P009,One-on-One,Training,2025-11-15 14:15 - 2025-11-15 14:45,containment,30,Medium
680,P009,Design Review,Client Visit,2025-11-12 10:45 - 2025-11-12 11:15,partial overlap,30,Medium
681,P009,Brainstorming,Brainstorming,2025-11-10 14:06 - 2025-11-10 14:37,containment,31,Medium
682,P009,Requirements Analysis,Meeting,2025-11-17 14:30 - 2025-11-17 14:45,containment,15,Medium
683,P009,Team Building,Deployment,2025-11-09 17:31 - 2025-11-09 17:59,containment,28,Medium
684,P009,Training,Team Building,2025-11-15 18:55 - 2025-11-15 19:00,partial overlap,5,Low
685,P009,Client Visit,Code Review,2025-11-17 17:26 - 2025-11-17 17:45,partial overlap,19,Medium
686,P009,Operations Check,Testing Acceptance,2025-11-17 12:00 - 2025-11-17 12:15,partial overlap,15,Medium
687,P009,Meeting,Client Visit,2025-11-21 16:30 - 2025-11-21 17:00,containment,30,Medium
688,P009,Operations Check,Client Visit,2025-11-21 16:58 - 2025-11-21 17:15,partial overlap,17,Medium
689,P009,Team Building,Meeting,2025-11-16 12:41 - 2025-11-16 13:00,partial overlap,19,Medium
690,P009,Code Review,Deployment,2025-11-18 10:00 - 2025-11-18 10:24,partial overlap,24,Medium
691,P009,Operations Check,Team Building,2025-11-23 11:44 - 2025-11-23 11:45,partial overlap,1,Low
692,P009,Testing Acceptance,Deployment,2025-11-17 18:38 - 2025-11-17 19:00,partial overlap,22,Medium
693,P009,Operations Check,Meeting,2025-11-21 16:58 - 2025-11-21 17:00,partial overlap,2,Low
694,P009,Client Visit,Meeting,2025-11-19 14:30 - 2025-11-19 15:00,full overlap,30,Medium
695,P009,Deployment,Meeting,2025-11-24 17:19 - 2025-11-24 17:45,partial overlap,26,Medium
696,P010,Testing Acceptance,Operations Check,2025-10-03 12:24 - 2025-10-03 13:18,containment,54,High
697,P010,Training,Code Review,2025-10-06 12:00 - 2025-10-06 12:45,containment,45,High
698,P010,Deployment,Brainstorming,2025-10-05 10:43 - 2025-10-05 11:05,containment,22,Medium
699,P010,Project Discussion,Design Review,2025-10-11 10:45 - 2025-10-11 11:00,partial overlap,15,Medium
700,P010,Deployment,Operations Check,2025-10-17 10:00 - 2025-10-17 10:30,containment,30,Medium
701,P010,Brainstorming,Team Building,2025-10-15 11:55 - 2025-10-15 12:30,containment,35,Medium
702,P010,Meeting,Team Building,2025-10-15 12:11 - 2025-10-15 12:30,partial overlap,19,Medium
703,P010,Meeting,Meeting,2025-10-15 13:37 - 2025-10-15 14:01,containment,24,Medium
704,P010,Training,Meeting,2025-10-15 14:15 - 2025-10-15 14:30,partial overlap,15,Medium
705,P010,Code Review,Requirements Analysis,2025-10-13 09:21 - 2025-10-13 09:41,containment,20,Medium
706,P010,Brainstorming,Deployment,2025-10-13 18:22 - 2025-10-13 19:04,containment,42,Medium
707,P010,Project Discussion,Deployment,2025-10-17 10:30 - 2025-10-17 10:51,containment,21,Medium
708,P010,Training,Code Review,2025-10-21 16:07 - 2025-10-21 16:30,partial overlap,23,Medium
709,P010,Testing Acceptance,Product Demo,2025-10-18 18:57 - 2025-10-18 19:13,containment,16,Medium
710,P010,Brainstorming,Requirements Analysis,2025-10-18 17:18 - 2025-10-18 17:30,partial overlap,12,Low
711,P010,Design Review,One-on-One,2025-10-20 11:45 - 2025-10-20 12:30,containment,45,High
712,P010,Brainstorming,Code Review,2025-10-18 17:30 - 2025-10-18 17:37,partial overlap,7,Low
713,P010,One-on-One,Code Review,2025-10-18 17:42 - 2025-10-18 18:09,partial overlap,27,Medium
714,P010,Meeting,Brainstorming,2025-10-15 12:11 - 2025-10-15 12:30,partial overlap,19,Medium
715,P010,Client Visit,Deployment,2025-10-24 18:00 - 2025-10-24 18:15,full overlap,15,Medium
716,P010,Design Review,Design Review,2025-10-25 09:00 - 2025-10-25 09:15,partial overlap,15,Medium
717,P010,Meeting,Meeting,2025-10-26 09:15 - 2025-10-26 09:30,partial overlap,15,Medium
718,P010,Project Discussion,Training,2025-10-23 14:58 - 2025-10-23 15:15,partial overlap,17,Medium
719,P010,Tech Sharing,Project Discussion,2025-10-26 14:45 - 2025-10-26 15:00,partial overlap,15,Medium
720,P010,Code Review,Brainstorming,2025-10-31 12:27 - 2025-10-31 12:45,partial overlap,18,Medium
721,P010,Meeting,Project Discussion,2025-11-04 08:00 - 2025-11-04 08:45,containment,45,High
722,P010,Meeting,Project Discussion,2025-10-31 09:15 - 2025-10-31 09:30,partial overlap,15,Medium
723,P010,Team Building,One-on-One,2025-10-31 18:41 - 2025-10-31 19:00,partial overlap,19,Medium
724,P010,Brainstorming,Brainstorming,2025-11-07 14:35 - 2025-11-07 14:52,containment,17,Medium
725,P010,Tech Sharing,Requirements Analysis,2025-11-10 15:15 - 2025-11-10 15:45,containment,30,Medium
726,P010,Deployment,Project Discussion,2025-11-11 10:30 - 2025-11-11 11:00,containment,30,Medium
727,P010,Deployment,Project Discussion,2025-11-11 10:45 - 2025-11-11 11:15,containment,30,Medium
728,P010,Operations Check,Project Discussion,2025-11-11 11:01 - 2025-11-11 11:15,partial overlap,14,Low
729,P010,Testing Acceptance,Design Review,2025-11-10 09:15 - 2025-11-10 09:45,partial overlap,30,Medium
730,P010,Team Building,Design Review,2025-11-10 09:31 - 2025-11-10 09:45,partial overlap,14,Low
731,P010,Testing Acceptance,Team Building,2025-11-09 13:00 - 2025-11-09 13:15,partial overlap,15,Medium
732,P010,Deployment,Deployment,2025-11-11 10:45 - 2025-11-11 11:00,partial overlap,15,Medium
733,P010,Operations Check,Deployment,2025-11-11 11:01 - 2025-11-11 11:15,partial overlap,14,Low
734,P010,Team Building,Testing Acceptance,2025-11-10 09:31 - 2025-11-10 10:15,partial overlap,44,Medium
735,P010,Testing Acceptance,One-on-One,2025-11-13 12:15 - 2025-11-13 12:25,partial overlap,10,Low
736,P010,Operations Check,One-on-One,2025-11-13 12:36 - 2025-11-13 13:00,partial overlap,24,Medium
737,P010,One-on-One,Testing Acceptance,2025-11-16 13:00 - 2025-11-16 13:15,partial overlap,15,Medium
738,P010,Design Review,Code Review,2025-11-16 10:00 - 2025-11-16 10:30,containment,30,Medium
739,P010,Operations Check,Code Review,2025-11-16 10:45 - 2025-11-16 11:00,containment,15,Medium
740,P010,Operations Check,Product Demo,2025-11-13 15:46 - 2025-11-13 16:15,partial overlap,29,Medium
741,P010,One-on-One,Product Demo,2025-11-13 15:46 - 2025-11-13 16:07,containment,21,Medium
742,P010,Code Review,Training,2025-11-19 08:15 - 2025-11-19 08:45,full overlap,30,Medium
743,P010,Client Visit,Team Building,2025-11-17 10:52 - 2025-11-17 11:30,partial overlap,38,Medium
744,P010,Code Review,Team Building,2025-11-17 14:42 - 2025-11-17 15:15,partial overlap,33,Medium
745,P010,Product Demo,Team Building,2025-11-17 14:59 - 2025-11-17 15:15,partial overlap,16,Medium
746,P010,Brainstorming,Product Demo,2025-11-21 12:49 - 2025-11-21 13:15,partial overlap,26,Medium
747,P010,Requirements Analysis,One-on-One,2025-11-20 18:16 - 2025-11-20 18:30,partial overlap,14,Low
748,P010,Code Review,Product Demo,2025-11-17 14:59 - 2025-11-17 15:39,partial overlap,40,Medium
749,P010,One-on-One,Operations Check,2025-11-13 15:46 - 2025-11-13 16:07,containment,21,Medium
750,P011,Meeting,Testing Acceptance,2025-10-05 15:49 - 2025-10-05 16:18,containment,29,Medium
751,P011,Project Discussion,Requirements Analysis,2025-10-13 09:06 - 2025-10-13 09:30,partial overlap,24,Medium
752,P011,Product Demo,Team Building,2025-10-15 16:25 - 2025-10-15 16:45,partial overlap,20,Medium
753,P011,One-on-One,Brainstorming,2025-10-10 14:59 - 2025-10-10 15:00,partial overlap,1,Low
754,P011,One-on-One,Product Demo,2025-10-17 17:15 - 2025-10-17 17:30,partial overlap,15,Medium
755,P011,Meeting,Client Visit,2025-10-15 18:00 - 2025-10-15 18:15,partial overlap,15,Medium
756,P011,Testing Acceptance,Project Discussion,2025-10-18 13:30 - 2025-10-18 14:15,full overlap,45,High
757,P011,Brainstorming,Training,2025-10-18 15:15 - 2025-10-18 15:30,partial overlap,15,Medium
758,P011,Client Visit,Training,2025-10-18 15:15 - 2025-10-18 15:45,containment,30,Medium
759,P011,Brainstorming,Team Building,2025-10-16 10:17 - 2025-10-16 10:30,partial overlap,13,Low
760,P011,Client Visit,Team Building,2025-10-19 15:00 - 2025-10-19 15:15,partial overlap,15,Medium
761,P011,Training,Project Discussion,2025-10-22 12:01 - 2025-10-22 12:15,partial overlap,14,Low
762,P011,Training,Operations Check,2025-10-20 09:00 - 2025-10-20 09:30,containment,30,Medium
763,P011,Brainstorming,Client Visit,2025-10-18 15:15 - 2025-10-18 15:30,partial overlap,15,Medium
764,P011,Deployment,Deployment,2025-10-24 15:30 - 2025-10-24 15:45,partial overlap,15,Medium
765,P011,Design Review,Deployment,2025-10-24 15:45 - 2025-10-24 16:00,containment,15,Medium
766,P011,Client Visit,Client Visit,2025-10-19 15:15 - 2025-10-19 15:30,partial overlap,15,Medium
767,P011,One-on-One,Tech Sharing,2025-10-23 10:45 - 2025-10-23 11:00,partial overlap,15,Medium
768,P011,Brainstorming,Operations Check,2025-10-24 13:45 - 2025-10-24 14:00,containment,15,Medium
769,P011,Code Review,Deployment,2025-10-26 14:30 - 2025-10-26 14:45,partial overlap,15,Medium
770,P011,Deployment,Testing Acceptance,2025-10-24 15:15 - 2025-10-24 15:30,containment,15,Medium
771,P011,Tech Sharing,Team Building,2025-10-26 08:50 - 2025-10-26 09:00,partial overlap,10,Low
772,P011,Brainstorming,Code Review,2025-10-31 15:30 - 2025-10-31 16:00,containment,30,Medium
773,P011,Deployment,Brainstorming,2025-10-28 09:30 - 2025-10-28 09:45,partial overlap,15,Medium
774,P011,Training,Brainstorming,2025-10-28 09:53 - 2025-10-28 10:00,partial overlap,7,Low
775,P011,One-on-One,Client Visit,2025-10-29 11:10 - 2025-10-29 11:45,partial overlap,35,Medium
776,P011,Testing Acceptance,Tech Sharing,2025-11-03 16:38 - 2025-11-03 16:45,partial overlap,7,Low
777,P011,Project Discussion,Code Review,2025-11-07 09:45 - 2025-11-07 10:15,partial overlap,30,Medium
778,P011,Operations Check,One-on-One,2025-11-01 09:43 - 2025-11-01 10:15,partial overlap,32,Medium
779,P011,Project Discussion,One-on-One,2025-11-01 10:01 - 2025-11-01 10:15,partial overlap,14,Low
780,P011,Operations Check,One-on-One,2025-11-01 10:12 - 2025-11-01 10:15,partial overlap,3,Low
781,P011,Project Discussion,Operations Check,2025-11-01 10:01 - 2025-11-01 10:32,partial overlap,31,Medium
782,P011,Operations Check,Operations Check,2025-11-01 10:12 - 2025-11-01 10:32,partial overlap,20,Medium
783,P011,Operations Check,Project Discussion,2025-11-01 10:12 - 2025-11-01 10:39,containment,27,Medium
784,P011,Requirements Analysis,Deployment,2025-11-11 13:15 - 2025-11-11 14:00,containment,45,High
785,P011,Design Review,Deployment,2025-11-11 13:23 - 2025-11-11 14:00,partial overlap,37,Medium
786,P011,Training,Code Review,2025-11-08 09:55 - 2025-11-08 10:45,containment,50,High
787,P011,Product Demo,Code Review,2025-11-08 10:30 - 2025-11-08 10:45,partial overlap,15,Medium
788,P011,Product Demo,Client Visit,2025-11-08 11:00 - 2025-11-08 11:30,containment,30,Medium
789,P011,Tech Sharing,Client Visit,2025-11-09 10:00 - 2025-11-09 10:15,partial overlap,15,Medium
790,P011,Brainstorming,Operations Check,2025-11-10 08:15 - 2025-11-10 09:00,partial overlap,45,High
791,P011,Operations Check,Operations Check,2025-11-10 08:23 - 2025-11-10 09:00,partial overlap,37,Medium
792,P011,Deployment,Operations Check,2025-11-10 08:30 - 2025-11-10 09:00,containment,30,Medium
793,P011,Training,Operations Check,2025-11-10 08:43 - 2025-11-10 09:00,partial overlap,17,Medium
794,P011,Brainstorming,Tech Sharing,2025-11-13 13:41 - 2025-11-13 13:45,partial overlap,4,Low
795,P011,Requirements Analysis,One-on-One,2025-11-11 16:42 - 2025-11-11 17:00,partial overlap,18,Medium
796,P011,Operations Check,Brainstorming,2025-11-10 08:23 - 2025-11-10 09:08,containment,45,High
797,P011,Deployment,Brainstorming,2025-11-10 08:30 - 2025-11-10 09:00,containment,30,Medium
798,P011,Training,Brainstorming,2025-11-10 08:43 - 2025-11-10 09:15,partial overlap,32,Medium
799,P011,Training,Product Demo,2025-11-08 10:30 - 2025-11-08 10:45,partial overlap,15,Medium
800,P011,Operations Check,Deployment,2025-11-10 08:30 - 2025-11-10 09:00,containment,30,Medium
801,P011,Training,Deployment,2025-11-10 08:43 - 2025-11-10 09:00,partial overlap,17,Medium
802,P011,Design Review,Requirements Analysis,2025-11-11 13:23 - 2025-11-11 14:00,partial overlap,37,Medium
803,P011,Operations Check,Training,2025-11-10 08:43 - 2025-11-10 09:08,partial overlap,25,Medium
804,P011,One-on-One,Meeting,2025-11-13 11:35 - 2025-11-13 11:56,containment,21,Medium
805,P011,One-on-One,Meeting,2025-11-17 17:45 - 2025-11-17 18:00,full overlap,15,Medium
806,P011,Operations Check,Team Building,2025-11-19 10:45 - 2025-11-19 11:00,partial overlap,15,Medium
807,P011,Operations Check,Code Review,2025-11-18 18:45 - 2025-11-18 19:15,partial overlap,30,Medium
808,P011,Operations Check,Training,2025-11-19 10:15 - 2025-11-19 10:45,partial overlap,30,Medium
809,P011,Deployment,Operations Check,2025-11-21 11:24 - 2025-11-21 11:47,containment,23,Medium
810,P011,Brainstorming,One-on-One,2025-11-24 17:52 - 2025-11-24 18:00,partial overlap,8,Low
811,P011,Tech Sharing,Deployment,2025-11-19 08:40 - 2025-11-19 09:00,partial overlap,20,Medium
812,P011,Tech Sharing,Client Visit,2025-11-19 09:15 - 2025-11-19 09:26,partial overlap,11,Low
813,P011,Client Visit,Deployment,2025-11-20 12:45 - 2025-11-20 13:15,containment,30,Medium
814,P012,Client Visit,Client Visit,2025-10-06 12:27 - 2025-10-06 12:57,containment,30,Medium
815,P012,Project Discussion,Client Visit,2025-10-09 18:11 - 2025-10-09 18:30,partial overlap,19,Medium
816,P012,Team Building,Operations Check,2025-10-13 18:45 - 2025-10-13 19:00,partial overlap,15,Medium
817,P012,Design Review,Product Demo,2025-10-14 12:18 - 2025-10-14 12:54,containment,36,Medium
818,P012,Client Visit,Product Demo,2025-10-14 12:23 - 2025-10-14 13:00,partial overlap,37,Medium
819,P012,Code Review,Design Review,2025-10-12 13:03 - 2025-10-12 13:30,partial overlap,27,Medium
820,P012,Meeting,Deployment,2025-10-15 17:00 - 2025-10-15 17:03,partial overlap,3,Low
821,P012,Code Review,Requirements Analysis,2025-10-20 15:00 - 2025-10-20 15:30,partial overlap,30,Medium
822,P012,One-on-One,Requirements Analysis,2025-10-20 15:09 - 2025-10-20 15:45,partial overlap,36,Medium
823,P012,Deployment,Operations Check,2025-10-20 16:39 - 2025-10-20 17:00,partial overlap,21,Medium
824,P012,Meeting,Tech Sharing,2025-10-15 16:05 - 2025-10-15 16:15,partial overlap,10,Low
825,P012,One-on-One,Project Discussion,2025-10-20 15:45 - 2025-10-20 15:54,partial overlap,9,Low
826,P012,Brainstorming,Code Review,2025-10-15 08:38 - 2025-10-15 09:00,partial overlap,22,Medium
827,P012,Testing Acceptance,Code Review,2025-10-22 16:24 - 2025-10-22 16:45,partial overlap,21,Medium
828,P012,One-on-One,Code Review,2025-10-20 15:09 - 2025-10-20 15:30,partial overlap,21,Medium
829,P012,Client Visit,Code Review,2025-10-21 12:00 - 2025-10-21 12:15,partial overlap,15,Medium
830,P012,Client Visit,Design Review,2025-10-14 12:23 - 2025-10-14 12:54,partial overlap,31,Medium
831,P012,Tech Sharing,Project Discussion,2025-10-25 08:50 - 2025-10-25 09:30,partial overlap,40,Medium
832,P012,Product Demo,Requirements Analysis,2025-10-23 12:30 - 2025-10-23 12:45,partial overlap,15,Medium
833,P012,Design Review,Requirements Analysis,2025-10-23 12:30 - 2025-10-23 12:45,partial overlap,15,Medium
834,P012,Client Visit,Requirements Analysis,2025-10-23 12:36 - 2025-10-23 12:45,partial overlap,9,Low
835,P012,Requirements Analysis,Client Visit,2025-10-27 09:00 - 2025-10-27 09:15,containment,15,Medium
836,P012,Meeting,Training,2025-10-23 16:15 - 2025-10-23 16:30,containment,15,Medium
837,P012,Product Demo,Operations Check,2025-10-23 13:00 - 2025-10-23 13:15,partial overlap,15,Medium
838,P012,Client Visit,Operations Check,2025-10-23 13:00 - 2025-10-23 13:01,partial overlap,1,Low
839,P012,Meeting,Operations Check,2025-10-23 13:00 - 2025-10-23 13:22,partial overlap,22,Medium
840,P012,Deployment,Code Review,2025-10-23 18:58 - 2025-10-23 19:00,partial overlap,2,Low
841,P012,Requirements Analysis,Tech Sharing,2025-10-26 11:15 - 2025-10-26 11:30,partial overlap,15,Medium
842,P012,Design Review,Product Demo,2025-10-23 12:30 - 2025-10-23 13:00,containment,30,Medium
843,P012,Client Visit,Product Demo,2025-10-23 12:36 - 2025-10-23 13:01,containment,25,Medium
844,P012,Meeting,Product Demo,2025-10-23 12:47 - 2025-10-23 13:15,partial overlap,28,Medium
845,P012,Client Visit,Design Review,2025-10-23 12:36 - 2025-10-23 13:00,partial overlap,24,Medium
846,P012,Meeting,Design Review,2025-10-23 12:47 - 2025-10-23 13:00,partial overlap,13,Low
847,P012,Requirements Analysis,Tech Sharing,2025-10-30 09:52 - 2025-10-30 10:30,partial overlap,38,Medium
848,P012,Client Visit,Project Discussion,2025-10-28 14:06 - 2025-10-28 14:30,partial overlap,24,Medium
849,P012,Deployment,Deployment,2025-10-26 12:27 - 2025-10-26 12:30,partial overlap,3,Low
850,P012,Meeting,Client Visit,2025-10-23 12:47 - 2025-10-23 13:01,partial overlap,14,Low
851,P012,One-on-One,Project Discussion,2025-11-03 10:57 - 2025-11-03 11:00,partial overlap,3,Low
852,P012,Tech Sharing,Product Demo,2025-11-05 17:45 - 2025-11-05 18:30,full overlap,45,High
853,P012,Training,Code Review,2025-11-09 13:00 - 2025-11-09 13:15,partial overlap,15,Medium
854,P012,Design Review,Operations Check,2025-11-10 12:08 - 2025-11-10 12:45,partial overlap,37,Medium
855,P012,Project Discussion,Operations Check,2025-11-10 12:28 - 2025-11-10 12:45,partial overlap,17,Medium
856,P012,Operations Check,One-on-One,2025-11-11 13:44 - 2025-11-11 14:05,containment,21,Medium
857,P012,Operations Check,Project Discussion,2025-11-13 13:45 - 2025-11-13 14:30,partial overlap,45,High
858,P012,Meeting,Deployment,2025-11-13 11:30 - 2025-11-13 11:45,partial overlap,15,Medium
859,P012,Operations Check,Deployment,2025-11-13 11:30 - 2025-11-13 11:45,partial overlap,15,Medium
860,P012,Meeting,Product Demo,2025-11-15 16:15 - 2025-11-15 16:30,partial overlap,15,Medium
861,P012,Operations Check,Code Review,2025-11-14 10:00 - 2025-11-14 10:15,partial overlap,15,Medium
862,P012,Operations Check,Meeting,2025-11-13 11:30 - 2025-11-13 12:15,full overlap,45,High
863,P012,Client Visit,Client Visit,2025-11-12 13:00 - 2025-11-12 13:30,partial overlap,30,Medium
864,P012,Code Review,Client Visit,2025-11-12 13:15 - 2025-11-12 13:30,partial overlap,15,Medium
865,P012,Client Visit,Project Discussion,2025-11-12 13:30 - 2025-11-12 13:45,partial overlap,15,Medium
866,P012,Code Review,Project Discussion,2025-11-12 13:30 - 2025-11-12 13:45,partial overlap,15,Medium
867,P012,Product Demo,Project Discussion,2025-11-12 13:48 - 2025-11-12 14:00,partial overlap,12,Low
868,P012,Project Discussion,Design Review,2025-11-10 12:28 - 2025-11-10 12:52,containment,24,Medium
869,P012,Client Visit,Code Review,2025-11-12 13:15 - 2025-11-12 13:45,containment,30,Medium
870,P012,Design Review,Brainstorming,2025-11-19 13:15 - 2025-11-19 13:45,full overlap,30,Medium
871,P012,Brainstorming,Brainstorming,2025-11-19 13:37 - 2025-11-19 13:45,partial overlap,8,Low
872,P012,Brainstorming,Training,2025-11-18 18:58 - 2025-11-18 19:15,partial overlap,17,Medium
873,P012,Requirements Analysis,Client Visit,2025-11-17 17:26 - 2025-11-17 17:45,partial overlap,19,Medium
874,P012,Testing Acceptance,Deployment,2025-11-22 15:30 - 2025-11-22 15:45,containment,15,Medium
875,P012,Product Demo,Deployment,2025-11-22 15:50 - 2025-11-22 16:00,partial overlap,10,Low
876,P012,Brainstorming,Design Review,2025-11-19 13:37 - 2025-11-19 13:45,partial overlap,8,Low
877,P012,Requirements Analysis,One-on-One,2025-11-17 18:00 - 2025-11-17 18:04,partial overlap,4,Low
878,P012,Meeting,Client Visit,2025-11-15 12:12 - 2025-11-15 12:33,partial overlap,21,Medium
879,P013,Tech Sharing,Project Discussion,2025-10-10 13:30 - 2025-10-10 14:30,containment,60,High
880,P013,Testing Acceptance,One-on-One,2025-10-10 10:37 - 2025-10-10 11:15,partial overlap,38,Medium
881,P013,Tech Sharing,Meeting,2025-10-16 14:45 - 2025-10-16 15:15,partial overlap,30,Medium
882,P013,One-on-One,Client Visit,2025-10-13 15:15 - 2025-10-13 16:00,containment,45,High
883,P013,Design Review,Client Visit,2025-10-13 15:15 - 2025-10-13 15:31,partial overlap,16,Medium
884,P013,Design Review,One-on-One,2025-10-13 15:12 - 2025-10-13 15:31,containment,19,Medium
885,P013,Tech Sharing,Code Review,2025-10-19 16:30 - 2025-10-19 16:45,partial overlap,15,Medium
886,P013,Design Review,Tech Sharing,2025-10-18 11:30 - 2025-10-18 12:00,containment,30,Medium
887,P013,Design Review,Tech Sharing,2025-10-18 11:41 - 2025-10-18 12:00,partial overlap,19,Medium
888,P013,Product Demo,Design Review,2025-10-20 17:40 - 2025-10-20 17:55,containment,15,Medium
889,P013,Training,Design Review,2025-10-23 10:00 - 2025-10-23 10:30,partial overlap,30,Medium
890,P013,Design Review,Design Review,2025-10-18 11:41 - 2025-10-18 12:00,partial overlap,19,Medium
891,P013,One-on-One,Product Demo,2025-10-24 18:45 - 2025-10-24 19:00,partial overlap,15,Medium
892,P013,Team Building,Operations Check,2025-10-24 10:00 - 2025-10-24 10:15,containment,15,Medium
893,P013,Tech Sharing,Testing Acceptance,2025-10-22 13:43 - 2025-10-22 14:15,partial overlap,32,Medium
894,P013,Tech Sharing,Training,2025-10-26 09:23 - 2025-10-26 09:30,partial overlap,7,Low
895,P013,Meeting,One-on-One,2025-10-27 11:15 - 2025-10-27 11:30,partial overlap,15,Medium
896,P013,Product Demo,Design Review,2025-10-27 16:15 - 2025-10-27 16:30,containment,15,Medium
897,P013,Tech Sharing,Design Review,2025-10-27 16:15 - 2025-10-27 16:30,containment,15,Medium
898,P013,Meeting,Requirements Analysis,2025-10-27 11:30 - 2025-10-27 11:45,containment,15,Medium
899,P013,Team Building,Training,2025-10-28 13:55 - 2025-10-28 14:15,partial overlap,20,Medium
900,P013,Tech Sharing,Product Demo,2025-10-27 16:09 - 2025-10-27 16:45,partial overlap,36,Medium
901,P013,Product Demo,Tech Sharing,2025-10-30 09:30 - 2025-10-30 09:45,partial overlap,15,Medium
902,P013,Product Demo,Code Review,2025-10-29 18:11 - 2025-10-29 18:30,partial overlap,19,Medium
903,P013,Project Discussion,Brainstorming,2025-10-29 13:28 - 2025-10-29 14:00,partial overlap,32,Medium
904,P013,Project Discussion,Brainstorming,2025-10-29 08:50 - 2025-10-29 09:00,partial overlap,10,Low
905,P013,Deployment,Project Discussion,2025-10-29 09:02 - 2025-10-29 09:08,partial overlap,6,Low
906,P013,Deployment,Deployment,2025-10-29 09:13 - 2025-10-29 10:02,containment,49,High
907,P013,Brainstorming,Meeting,2025-10-23 09:15 - 2025-10-23 09:32,containment,17,Medium
908,P013,Client Visit,Meeting,2025-11-01 09:52 - 2025-11-01 10:30,partial overlap,38,Medium
909,P013,Requirements Analysis,Brainstorming,2025-11-09 13:26 - 2025-11-09 13:56,containment,30,Medium
910,P013,Brainstorming,Brainstorming,2025-11-09 13:45 - 2025-11-09 14:00,partial overlap,15,Medium
911,P013,Tech Sharing,Testing Acceptance,2025-11-07 13:14 - 2025-11-07 13:45,partial overlap,31,Medium
912,P013,Team Building,Training,2025-11-07 18:40 - 2025-11-07 19:00,partial overlap,20,Medium
913,P013,Requirements Analysis,Brainstorming,2025-11-09 13:45 - 2025-11-09 13:56,partial overlap,11,Low
914,P013,Operations Check,Design Review,2025-11-13 14:45 - 2025-11-13 15:15,partial overlap,30,Medium
915,P013,Design Review,Design Review,2025-11-13 15:11 - 2025-11-13 15:15,partial overlap,4,Low
916,P013,Team Building,Design Review,2025-11-13 16:30 - 2025-11-13 16:45,containment,15,Medium
917,P013,Requirements Analysis,Meeting,2025-11-14 16:06 - 2025-11-14 16:23,containment,17,Medium
918,P013,Team Building,Meeting,2025-11-14 16:06 - 2025-11-14 16:24,containment,18,Medium
919,P013,Requirements Analysis,Meeting,2025-11-14 16:15 - 2025-11-14 16:30,partial overlap,15,Medium
920,P013,Testing Acceptance,Testing Acceptance,2025-11-16 18:00 - 2025-11-16 18:15,partial overlap,15,Medium
921,P013,Operations Check,Requirements Analysis,2025-11-14 13:20 - 2025-11-14 13:45,partial overlap,25,Medium
922,P013,Brainstorming,Requirements Analysis,2025-11-14 13:28 - 2025-11-14 13:45,partial overlap,17,Medium
923,P013,Testing Acceptance,Requirements Analysis,2025-11-14 13:30 - 2025-11-14 13:45,containment,15,Medium
924,P013,Design Review,Operations Check,2025-11-13 15:11 - 2025-11-13 15:30,partial overlap,19,Medium
925,P013,Testing Acceptance,Client Visit,2025-11-16 18:45 - 2025-11-16 18:50,partial overlap,5,Low
926,P013,Operations Check,Testing Acceptance,2025-11-14 13:30 - 2025-11-14 13:45,containment,15,Medium
927,P013,Brainstorming,Testing Acceptance,2025-11-14 13:30 - 2025-11-14 13:45,containment,15,Medium
928,P013,Design Review,Deployment,2025-11-19 17:45 - 2025-11-19 18:00,containment,15,Medium
929,P013,Tech Sharing,Design Review,2025-11-19 18:15 - 2025-11-19 18:30,partial overlap,15,Medium
930,P013,Operations Check,Product Demo,2025-11-14 17:52 - 2025-11-14 18:15,partial overlap,23,Medium
931,P013,Brainstorming,Requirements Analysis,2025-11-20 13:00 - 2025-11-20 13:15,full overlap,15,Medium
932,P013,Team Building,Requirements Analysis,2025-11-20 13:05 - 2025-11-20 13:15,partial overlap,10,Low
933,P013,Design Review,Product Demo,2025-11-21 11:45 - 2025-11-21 12:00,partial overlap,15,Medium
934,P013,Brainstorming,Code Review,2025-11-23 13:41 - 2025-11-23 13:45,partial overlap,4,Low
935,P013,One-on-One,Client Visit,2025-11-24 18:42 - 2025-11-24 19:13,containment,31,Medium
936,P013,Product Demo,Client Visit,2025-11-24 19:11 - 2025-11-24 19:15,partial overlap,4,Low
937,P013,Team Building,Brainstorming,2025-11-20 13:05 - 2025-11-20 13:15,partial overlap,10,Low
938,P013,Brainstorming,Operations Check,2025-11-14 13:28 - 2025-11-14 13:53,partial overlap,25,Medium
939,P013,Team Building,Requirements Analysis,2025-11-14 16:06 - 2025-11-14 16:23,containment,17,Medium
940,P013,Requirements Analysis,Requirements Analysis,2025-11-14 16:15 - 2025-11-14 16:23,partial overlap,8,Low
941,P013,Product Demo,One-on-One,2025-11-24 19:11 - 2025-11-24 19:13,partial overlap,2,Low
942,P013,Team Building,Requirements Analysis,2025-11-14 16:15 - 2025-11-14 16:24,partial overlap,9,Low
943,P014,Client Visit,Meeting,2025-10-09 10:15 - 2025-10-09 10:30,partial overlap,15,Medium
944,P014,Meeting,Meeting,2025-10-09 10:15 - 2025-10-09 10:34,partial overlap,19,Medium
945,P014,Product Demo,Requirements Analysis,2025-10-09 12:00 - 2025-10-09 12:15,partial overlap,15,Medium
946,P014,Tech Sharing,Requirements Analysis,2025-10-09 12:05 - 2025-10-09 12:15,partial overlap,10,Low
947,P014,Training,Client Visit,2025-10-05 12:35 - 2025-10-05 13:00,partial overlap,25,Medium
948,P014,Team Building,Client Visit,2025-10-09 10:00 - 2025-10-09 10:15,partial overlap,15,Medium
949,P014,Meeting,Client Visit,2025-10-09 10:00 - 2025-10-09 10:30,containment,30,Medium
950,P014,Tech Sharing,Product Demo,2025-10-09 12:05 - 2025-10-09 12:50,containment,45,High
951,P014,Product Demo,Product Demo,2025-10-09 12:17 - 2025-10-09 12:45,containment,28,Medium
952,P014,Meeting,Team Building,2025-10-09 10:00 - 2025-10-09 10:15,partial overlap,15,Medium
953,P014,Project Discussion,Team Building,2025-10-11 17:45 - 2025-10-11 18:30,partial overlap,45,High
954,P014,Code Review,Project Discussion,2025-10-15 16:15 - 2025-10-15 16:45,partial overlap,30,Medium
955,P014,Product Demo,Tech Sharing,2025-10-09 12:17 - 2025-10-09 12:45,containment,28,Medium
956,P014,Product Demo,Project Discussion,2025-10-18 09:00 - 2025-10-18 09:15,partial overlap,15,Medium
957,P014,Training,Code Review,2025-10-21 12:00 - 2025-10-21 12:30,containment,30,Medium
958,P014,Testing Acceptance,Testing Acceptance,2025-10-21 16:30 - 2025-10-21 17:00,partial overlap,30,Medium
959,P014,Brainstorming,Client Visit,2025-10-23 09:00 - 2025-10-23 09:15,containment,15,Medium
960,P014,Meeting,Operations Check,2025-10-18 12:00 - 2025-10-18 12:15,partial overlap,15,Medium
961,P014,Testing Acceptance,Testing Acceptance,2025-10-20 08:30 - 2025-10-20 08:45,partial overlap,15,Medium
962,P014,Deployment,Testing Acceptance,2025-10-18 15:28 - 2025-10-18 15:45,partial overlap,17,Medium
963,P014,Operations Check,One-on-One,2025-10-26 11:00 - 2025-10-26 11:15,partial overlap,15,Medium
964,P014,Design Review,Testing Acceptance,2025-10-20 15:00 - 2025-10-20 15:30,containment,30,Medium
965,P014,Client Visit,Testing Acceptance,2025-10-20 15:23 - 2025-10-20 15:30,partial overlap,7,Low
966,P014,Client Visit,Design Review,2025-10-20 15:23 - 2025-10-20 15:42,containment,19,Medium
967,P014,Client Visit,One-on-One,2025-10-20 11:19 - 2025-10-20 11:44,containment,25,Medium
968,P014,Brainstorming,Tech Sharing,2025-10-27 18:38 - 2025-10-27 19:00,partial overlap,22,Medium
969,P014,Requirements Analysis,Meeting,2025-10-25 12:15 - 2025-10-25 12:30,containment,15,Medium
970,P014,Requirements Analysis,Brainstorming,2025-10-27 08:30 - 2025-10-27 08:45,containment,15,Medium
971,P014,One-on-One,Project Discussion,2025-10-25 16:15 - 2025-10-25 16:36,partial overlap,21,Medium
972,P014,One-on-One,Design Review,2025-10-25 16:08 - 2025-10-25 16:15,partial overlap,7,Low
973,P014,Code Review,Product Demo,2025-10-30 16:45 - 2025-10-30 17:12,partial overlap,27,Medium
974,P014,One-on-One,Product Demo,2025-10-30 16:45 - 2025-10-30 17:15,partial overlap,30,Medium
975,P014,Training,Product Demo,2025-10-30 16:57 - 2025-10-30 17:30,partial overlap,33,Medium
976,P014,Project Discussion,One-on-One,2025-10-30 16:30 - 2025-10-30 16:45,partial overlap,15,Medium
977,P014,Code Review,One-on-One,2025-10-30 16:30 - 2025-10-30 17:12,partial overlap,42,Medium
978,P014,Training,One-on-One,2025-10-30 16:57 - 2025-10-30 17:15,partial overlap,18,Medium
979,P014,Code Review,Project Discussion,2025-10-30 16:21 - 2025-10-30 16:45,partial overlap,24,Medium
980,P014,Client Visit,Requirements Analysis,2025-10-26 12:47 - 2025-10-26 13:15,partial overlap,28,Medium
981,P014,Training,Code Review,2025-10-30 16:57 - 2025-10-30 17:12,partial overlap,15,Medium
982,P014,Client Visit,Brainstorming,2025-11-02 13:45 - 2025-11-02 14:45,containment,60,High
983,P014,Training,Client Visit,2025-11-08 15:30 - 2025-11-08 16:00,containment,30,Medium
984,P014,Project Discussion,Operations Check,2025-11-04 13:30 - 2025-11-04 13:45,partial overlap,15,Medium
985,P014,Deployment,Code Review,2025-11-06 14:30 - 2025-11-06 15:00,containment,30,Medium
986,P014,Project Discussion,Operations Check,2025-11-07 18:57 - 2025-11-07 19:25,containment,28,Medium
987,P014,Brainstorming,Client Visit,2025-11-06 09:09 - 2025-11-06 09:30,partial overlap,21,Medium
988,P014,Deployment,Brainstorming,2025-11-11 15:35 - 2025-11-11 16:29,containment,54,High
989,P014,Requirements Analysis,Design Review,2025-11-14 16:00 - 2025-11-14 16:45,full overlap,45,High
990,P014,Operations Check,Design Review,2025-11-14 16:30 - 2025-11-14 16:45,containment,15,Medium
991,P014,Team Building,Client Visit,2025-11-15 09:30 - 2025-11-15 10:15,containment,45,High
992,P014,Product Demo,Code Review,2025-11-14 10:00 - 2025-11-14 10:30,containment,30,Medium
993,P014,One-on-One,Meeting,2025-11-14 18:30 - 2025-11-14 18:45,containment,15,Medium
994,P014,Brainstorming,Deployment,2025-11-15 12:15 - 2025-11-15 12:30,partial overlap,15,Medium
995,P014,Training,Deployment,2025-11-15 12:30 - 2025-11-15 12:45,partial overlap,15,Medium
996,P014,Requirements Analysis,Operations Check,2025-11-14 16:30 - 2025-11-14 16:45,containment,15,Medium
997,P014,Training,Operations Check,2025-11-19 18:40 - 2025-11-19 19:00,partial overlap,20,Medium
998,P014,Code Review,Tech Sharing,2025-11-20 11:29 - 2025-11-20 11:45,partial overlap,16,Medium
999,P014,One-on-One,Tech Sharing,2025-11-20 11:30 - 2025-11-20 11:45,containment,15,Medium
1000,P014,Brainstorming,Design Review,2025-11-16 16:15 - 2025-11-16 16:30,containment,15,Medium
1001,P014,Tech Sharing,Design Review,2025-11-16 16:15 - 2025-11-16 16:30,full overlap,15,Medium
1002,P014,Brainstorming,Tech Sharing,2025-11-16 16:15 - 2025-11-16 16:30,containment,15,Medium
1003,P014,Requirements Analysis,Deployment,2025-11-17 18:25 - 2025-11-17 18:45,partial overlap,20,Medium
1004,P014,Training,Deployment,2025-11-17 18:31 - 2025-11-17 18:45,partial overlap,14,Low
1005,P014,Code Review,One-on-One,2025-11-20 11:30 - 2025-11-20 11:45,containment,15,Medium
1006,P014,Code Review,Deployment,2025-11-20 12:00 - 2025-11-20 12:28,partial overlap,28,Medium
1007,P014,Team Building,Deployment,2025-11-20 12:00 - 2025-11-20 12:15,containment,15,Medium
1008,P014,Code Review,Team Building,2025-11-20 12:00 - 2025-11-20 12:15,containment,15,Medium
1009,P014,Testing Acceptance,Project Discussion,2025-11-24 17:05 - 2025-11-24 17:15,partial overlap,10,Low
1010,P014,Brainstorming,Testing Acceptance,2025-11-19 12:15 - 2025-11-19 12:20,partial overlap,5,Low
1011,P014,Requirements Analysis,Training,2025-11-17 18:31 - 2025-11-17 19:00,containment,29,Medium
1012,P015,Team Building,Tech Sharing,2025-10-19 17:45 - 2025-10-19 18:00,partial overlap,15,Medium
1013,P015,Product Demo,Testing Acceptance,2025-10-22 11:15 - 2025-10-22 11:45,containment,30,Medium
1014,P015,Testing Acceptance,Code Review,2025-10-25 18:14 - 2025-10-25 18:30,partial overlap,16,Medium
1015,P015,Team Building,Code Review,2025-10-25 18:15 - 2025-10-25 18:30,partial overlap,15,Medium
1016,P015,Operations Check,Product Demo,2025-10-25 08:30 - 2025-10-25 09:00,containment,30,Medium
1017,P015,Product Demo,Product Demo,2025-10-25 08:30 - 2025-10-25 09:00,partial overlap,30,Medium
1018,P015,Operations Check,Product Demo,2025-10-25 08:52 - 2025-10-25 09:00,partial overlap,8,Low
1019,P015,Product Demo,Operations Check,2025-10-25 08:30 - 2025-10-25 09:00,containment,30,Medium
1020,P015,Operations Check,Operations Check,2025-10-25 08:52 - 2025-10-25 09:00,partial overlap,8,Low
1021,P015,Brainstorming,Meeting,2025-10-24 09:05 - 2025-10-24 09:41,containment,36,Medium
1022,P015,Requirements Analysis,Meeting,2025-10-24 09:15 - 2025-10-24 09:45,containment,30,Medium
1023,P015,Testing Acceptance,Code Review,2025-10-28 13:15 - 2025-10-28 13:30,partial overlap,15,Medium
1024,P015,Testing Acceptance,Team Building,2025-10-25 18:15 - 2025-10-25 18:45,containment,30,Medium
1025,P015,Brainstorming,Requirements Analysis,2025-10-24 09:15 - 2025-10-24 09:41,partial overlap,26,Medium
1026,P015,Testing Acceptance,Training,2025-10-25 18:45 - 2025-10-25 18:57,partial overlap,12,Low
1027,P015,Brainstorming,Training,2025-10-25 18:57 - 2025-10-25 19:14,containment,17,Medium
1028,P015,One-on-One,Team Building,2025-10-24 10:57 - 2025-10-24 11:30,containment,33,Medium
1029,P015,Brainstorming,Training,2025-10-31 09:15 - 2025-10-31 09:30,full overlap,15,Medium
1030,P015,Operations Check,Product Demo,2025-10-25 08:52 - 2025-10-25 09:15,partial overlap,23,Medium
1031,P015,Design Review,Meeting,2025-11-01 17:15 - 2025-11-01 17:30,containment,15,Medium
1032,P015,One-on-One,Meeting,2025-11-01 17:17 - 2025-11-01 17:30,partial overlap,13,Low
1033,P015,Testing Acceptance,Meeting,2025-11-01 17:21 - 2025-11-01 17:30,partial overlap,9,Low
1034,P015,Design Review,Requirements Analysis,2025-11-01 17:45 - 2025-11-01 18:00,partial overlap,15,Medium
1035,P015,One-on-One,Requirements Analysis,2025-11-01 17:45 - 2025-11-01 18:01,partial overlap,16,Medium
1036,P015,Brainstorming,Requirements Analysis,2025-11-01 17:45 - 2025-11-01 18:15,containment,30,Medium
1037,P015,Requirements Analysis,Requirements Analysis,2025-11-01 17:46 - 2025-11-01 18:15,partial overlap,29,Medium
1038,P015,Tech Sharing,Training,2025-11-03 14:30 - 2025-11-03 14:45,partial overlap,15,Medium
1039,P015,One-on-One,Design Review,2025-11-01 17:17 - 2025-11-01 18:00,partial overlap,43,Medium
1040,P015,Testing Acceptance,Design Review,2025-11-01 17:21 - 2025-11-01 17:45,containment,24,Medium
1041,P015,Brainstorming,Design Review,2025-11-01 17:33 - 2025-11-01 18:00,partial overlap,27,Medium
1042,P015,Requirements Analysis,Design Review,2025-11-01 17:46 - 2025-11-01 18:00,partial overlap,14,Low
1043,P015,Requirements Analysis,Client Visit,2025-11-01 18:30 - 2025-11-01 18:46,partial overlap,16,Medium
1044,P015,Team Building,Project Discussion,2025-11-03 13:23 - 2025-11-03 13:45,partial overlap,22,Medium
1045,P015,Testing Acceptance,One-on-One,2025-11-01 17:21 - 2025-11-01 17:45,containment,24,Medium
1046,P015,Brainstorming,One-on-One,2025-11-01 17:33 - 2025-11-01 18:01,partial overlap,28,Medium
1047,P015,Requirements Analysis,One-on-One,2025-11-01 17:46 - 2025-11-01 18:01,partial overlap,15,Medium
1048,P015,Testing Acceptance,Brainstorming,2025-11-01 17:33 - 2025-11-01 17:45,partial overlap,12,Low
1049,P015,Requirements Analysis,Brainstorming,2025-11-01 17:46 - 2025-11-01 18:17,partial overlap,31,Medium
1050,P015,Brainstorming,Testing Acceptance,2025-11-09 11:00 - 2025-11-09 11:15,partial overlap,15,Medium
1051,P015,Operations Check,Testing Acceptance,2025-11-09 11:00 - 2025-11-09 11:30,containment,30,Medium
1052,P015,Testing Acceptance,Meeting,2025-11-10 15:15 - 2025-11-10 16:00,full overlap,45,High
1053,P015,Brainstorming,One-on-One,2025-11-09 10:35 - 2025-11-09 11:00,partial overlap,25,Medium
1054,P015,Operations Check,One-on-One,2025-11-09 10:45 - 2025-11-09 11:00,partial overlap,15,Medium
1055,P015,Training,Design Review,2025-11-13 18:44 - 2025-11-13 19:30,partial overlap,46,High
1056,P015,Deployment,Operations Check,2025-11-09 16:13 - 2025-11-09 16:28,containment,15,Medium
1057,P015,Team Building,Client Visit,2025-11-16 13:32 - 2025-11-16 13:45,partial overlap,13,Low
1058,P015,Operations Check,Operations Check,2025-11-12 18:15 - 2025-11-12 18:30,partial overlap,15,Medium
1059,P015,Meeting,Design Review,2025-11-17 11:00 - 2025-11-17 11:15,containment,15,Medium
1060,P015,Deployment,Project Discussion,2025-11-13 15:45 - 2025-11-13 16:30,containment,45,High
1061,P015,Operations Check,Brainstorming,2025-11-09 10:45 - 2025-11-09 11:15,partial overlap,30,Medium
1062,P015,Product Demo,Brainstorming,2025-11-18 16:15 - 2025-11-18 16:30,partial overlap,15,Medium
1063,P015,Product Demo,Brainstorming,2025-11-18 16:15 - 2025-11-18 16:45,containment,30,Medium
1064,P015,Deployment,Training,2025-11-14 16:00 - 2025-11-14 16:30,containment,30,Medium
1065,P015,Product Demo,Product Demo,2025-11-18 16:08 - 2025-11-18 16:30,partial overlap,22,Medium
1066,P015,Operations Check,Design Review,2025-11-13 11:50 - 2025-11-13 12:14,containment,24,Medium
1067,P015,Deployment,Tech Sharing,2025-11-20 12:45 - 2025-11-20 13:00,containment,15,Medium
1068,P015,Training,Training,2025-11-20 14:00 - 2025-11-20 14:06,partial overlap,6,Low
1069,P015,Training,Training,2025-11-20 14:00 - 2025-11-20 14:30,containment,30,Medium
1070,P015,Requirements Analysis,Brainstorming,2025-11-20 17:00 - 2025-11-20 17:15,containment,15,Medium
1071,P015,Training,Training,2025-11-20 14:00 - 2025-11-20 14:06,partial overlap,6,Low
1072,P015,Training,Operations Check,2025-11-20 13:10 - 2025-11-20 13:44,containment,34,Medium
1073,P015,Project Discussion,Operations Check,2025-11-20 13:19 - 2025-11-20 13:44,partial overlap,25,Medium
1074,P015,Training,Project Discussion,2025-11-20 13:19 - 2025-11-20 13:53,containment,34,Medium
1075,P016,Product Demo,Design Review,2025-10-09 18:45 - 2025-10-09 20:00,partial overlap,75,High
1076,P016,Product Demo,Product Demo,2025-10-11 12:32 - 2025-10-11 13:05,containment,33,Medium
1077,P016,Team Building,Requirements Analysis,2025-10-18 15:07 - 2025-10-18 15:30,partial overlap,23,Medium
1078,P016,Project Discussion,Client Visit,2025-10-13 17:30 - 2025-10-13 18:00,partial overlap,30,Medium
1079,P016,Meeting,Meeting,2025-10-21 16:15 - 2025-10-21 16:45,containment,30,Medium
1080,P016,Deployment,Meeting,2025-10-21 16:15 - 2025-10-21 16:45,containment,30,Medium
1081,P016,Code Review,Testing Acceptance,2025-10-21 15:00 - 2025-10-21 15:15,containment,15,Medium
1082,P016,Brainstorming,Training,2025-10-22 09:15 - 2025-10-22 09:45,containment,30,Medium
1083,P016,Requirements Analysis,Training,2025-10-22 09:30 - 2025-10-22 09:45,containment,15,Medium
1084,P016,One-on-One,Training,2025-10-22 09:32 - 2025-10-22 10:00,partial overlap,28,Medium
1085,P016,Deployment,Training,2025-10-22 09:41 - 2025-10-22 10:00,partial overlap,19,Medium
1086,P016,Brainstorming,One-on-One,2025-10-22 09:32 - 2025-10-22 09:45,partial overlap,13,Low
1087,P016,Requirements Analysis,One-on-One,2025-10-22 09:32 - 2025-10-22 09:45,partial overlap,13,Low
1088,P016,Deployment,One-on-One,2025-10-22 09:41 - 2025-10-22 10:01,partial overlap,20,Medium
1089,P016,One-on-One,Client Visit,2025-10-23 15:15 - 2025-10-23 15:30,containment,15,Medium
1090,P016,Product Demo,Deployment,2025-10-25 10:45 - 2025-10-25 11:15,partial overlap,30,Medium
1091,P016,Product Demo,Requirements Analysis,2025-10-25 09:15 - 2025-10-25 09:30,containment,15,Medium
1092,P016,Client Visit,Operations Check,2025-10-26 09:35 - 2025-10-26 09:54,containment,19,Medium
1093,P016,Design Review,Design Review,2025-10-25 16:00 - 2025-10-25 16:30,full overlap,30,Medium
1094,P016,Meeting,Deployment,2025-10-21 16:00 - 2025-10-21 16:45,containment,45,High
1095,P016,Testing Acceptance,Training,2025-10-24 12:15 - 2025-10-24 12:30,containment,15,Medium
1096,P016,Requirements Analysis,Deployment,2025-10-22 08:06 - 2025-10-22 08:30,partial overlap,24,Medium
1097,P016,Testing Acceptance,Deployment,2025-10-22 08:29 - 2025-10-22 08:30,partial overlap,1,Low
1098,P016,Meeting,Testing Acceptance,2025-10-21 15:58 - 2025-10-21 16:00,partial overlap,2,Low
1099,P016,Brainstorming,Requirements Analysis,2025-10-22 09:30 - 2025-10-22 09:45,containment,15,Medium
1100,P016,Deployment,Requirements Analysis,2025-10-22 09:41 - 2025-10-22 09:45,partial overlap,4,Low
1101,P016,Design Review,Testing Acceptance,2025-10-27 13:00 - 2025-10-27 13:15,partial overlap,15,Medium
1102,P016,Project Discussion,Tech Sharing,2025-10-26 14:10 - 2025-10-26 14:15,partial overlap,5,Low
1103,P016,Deployment,Brainstorming,2025-10-22 09:41 - 2025-10-22 09:45,partial overlap,4,Low
1104,P016,Project Discussion,Requirements Analysis,2025-10-26 14:45 - 2025-10-26 14:48,partial overlap,3,Low
1105,P016,Design Review,Team Building,2025-10-25 15:37 - 2025-10-25 15:45,partial overlap,8,Low
1106,P016,One-on-One,Team Building,2025-10-27 13:45 - 2025-10-27 14:30,full overlap,45,High
1107,P016,Testing Acceptance,Requirements Analysis,2025-10-22 08:29 - 2025-10-22 09:02,containment,33,Medium
1108,P016,Meeting,Meeting,2025-11-01 12:30 - 2025-11-01 12:45,partial overlap,15,Medium
1109,P016,Design Review,Brainstorming,2025-11-03 16:30 - 2025-11-03 17:15,partial overlap,45,High
1110,P016,Training,Brainstorming,2025-11-03 16:45 - 2025-11-03 17:15,partial overlap,30,Medium
1111,P016,Design Review,Training,2025-11-03 16:45 - 2025-11-03 18:00,partial overlap,75,High
1112,P016,Client Visit,One-on-One,2025-11-06 10:30 - 2025-11-06 12:00,full overlap,90,High
1113,P016,Brainstorming,Requirements Analysis,2025-11-08 09:30 - 2025-11-08 10:00,containment,30,Medium
1114,P016,Meeting,Code Review,2025-11-05 10:15 - 2025-11-05 10:45,containment,30,Medium
1115,P016,Requirements Analysis,Code Review,2025-11-05 10:41 - 2025-11-05 10:45,partial overlap,4,Low
1116,P016,Code Review,Testing Acceptance,2025-11-10 13:21 - 2025-11-10 13:30,partial overlap,9,Low
1117,P016,Brainstorming,One-on-One,2025-11-08 09:23 - 2025-11-08 09:30,partial overlap,7,Low
1118,P016,Project Discussion,Design Review,2025-11-06 15:22 - 2025-11-06 15:45,partial overlap,23,Medium
1119,P016,Requirements Analysis,Meeting,2025-11-05 10:41 - 2025-11-05 10:45,partial overlap,4,Low
1120,P016,Deployment,Team Building,2025-11-05 13:41 - 2025-11-05 14:00,partial overlap,19,Medium
1121,P016,One-on-One,Operations Check,2025-11-10 15:15 - 2025-11-10 15:30,partial overlap,15,Medium
1122,P016,Design Review,Team Building,2025-11-06 14:29 - 2025-11-06 14:50,containment,21,Medium
1123,P016,Deployment,Code Review,2025-11-09 13:34 - 2025-11-09 14:00,partial overlap,26,Medium
1124,P016,Design Review,One-on-One,2025-11-08 15:37 - 2025-11-08 16:00,partial overlap,23,Medium
1125,P016,Client Visit,One-on-One,2025-11-08 15:49 - 2025-11-08 16:00,partial overlap,11,Low
1126,P016,Product Demo,Code Review,2025-11-07 12:15 - 2025-11-07 12:45,containment,30,Medium
1127,P016,Design Review,One-on-One,2025-11-14 08:45 - 2025-11-14 09:30,containment,45,High
1128,P016,Design Review,One-on-One,2025-11-14 09:30 - 2025-11-14 09:45,partial overlap,15,Medium
1129,P016,One-on-One,Brainstorming,2025-11-09 09:45 - 2025-11-09 10:30,containment,45,High
1130,P016,Project Discussion,Brainstorming,2025-11-09 09:52 - 2025-11-09 10:30,partial overlap,38,Medium
1131,P016,Project Discussion,One-on-One,2025-11-09 09:52 - 2025-11-09 10:30,partial overlap,38,Medium
1132,P016,Design Review,Client Visit,2025-11-08 15:49 - 2025-11-08 16:07,partial overlap,18,Medium
1133,P016,Brainstorming,Client Visit,2025-11-08 16:02 - 2025-11-08 16:17,partial overlap,15,Medium
1134,P016,Brainstorming,Design Review,2025-11-08 16:02 - 2025-11-08 16:07,partial overlap,5,Low
1135,P016,Requirements Analysis,Deployment,2025-11-14 16:00 - 2025-11-14 16:15,containment,15,Medium
1136,P016,Project Discussion,Code Review,2025-11-18 10:15 - 2025-11-18 10:30,containment,15,Medium
1137,P016,Deployment,Training,2025-11-17 18:15 - 2025-11-17 18:30,containment,15,Medium
1138,P016,Brainstorming,One-on-One,2025-11-20 13:39 - 2025-11-20 13:45,partial overlap,6,Low
1139,P016,Requirements Analysis,Client Visit,2025-11-16 12:15 - 2025-11-16 12:45,partial overlap,30,Medium
1140,P016,Testing Acceptance,Requirements Analysis,2025-11-19 09:00 - 2025-11-19 09:15,full overlap,15,Medium
1141,P016,Training,Brainstorming,2025-11-18 12:30 - 2025-11-18 12:45,containment,15,Medium
1142,P016,Testing Acceptance,Product Demo,2025-11-23 17:13 - 2025-11-23 17:40,partial overlap,27,Medium
1143,P017,Client Visit,Brainstorming,2025-10-05 08:35 - 2025-10-05 08:50,containment,15,Medium
1144,P017,Deployment,Team Building,2025-10-14 12:45 - 2025-10-14 13:15,containment,30,Medium
1145,P017,Meeting,Requirements Analysis,2025-10-14 08:39 - 2025-10-14 09:00,partial overlap,21,Medium
1146,P017,Client Visit,Meeting,2025-10-11 14:11 - 2025-10-11 14:30,partial overlap,19,Medium
1147,P017,Design Review,One-on-One,2025-10-12 17:58 - 2025-10-12 18:15,partial overlap,17,Medium
1148,P017,Client Visit,One-on-One,2025-10-12 18:02 - 2025-10-12 18:15,partial overlap,13,Low
1149,P017,Brainstorming,Product Demo,2025-10-18 10:30 - 2025-10-18 11:15,containment,45,High
1150,P017,Brainstorming,Product Demo,2025-10-18 10:41 - 2025-10-18 11:15,partial overlap,34,Medium
1151,P017,Operations Check,Client Visit,2025-10-14 16:30 - 2025-10-14 17:00,partial overlap,30,Medium
1152,P017,Brainstorming,Brainstorming,2025-10-18 10:41 - 2025-10-18 11:15,partial overlap,34,Medium
1153,P017,Operations Check,Code Review,2025-10-20 15:30 - 2025-10-20 15:45,partial overlap,15,Medium
1154,P017,Operations Check,Deployment,2025-10-20 18:25 - 2025-10-20 19:00,partial overlap,35,Medium
1155,P017,Design Review,Product Demo,2025-10-20 16:51 - 2025-10-20 17:30,partial overlap,39,Medium
1156,P017,Team Building,One-on-One,2025-10-22 09:00 - 2025-10-22 09:15,containment,15,Medium
1157,P017,Brainstorming,One-on-One,2025-10-21 10:31 - 2025-10-21 11:00,partial overlap,29,Medium
1158,P017,Testing Acceptance,Testing Acceptance,2025-10-20 09:45 - 2025-10-20 10:00,partial overlap,15,Medium
1159,P017,Design Review,Client Visit,2025-10-12 18:02 - 2025-10-12 18:36,partial overlap,34,Medium
1160,P017,Meeting,Project Discussion,2025-10-27 08:45 - 2025-10-27 09:00,partial overlap,15,Medium
1161,P017,Code Review,Project Discussion,2025-10-27 08:45 - 2025-10-27 09:00,partial overlap,15,Medium
1162,P017,Code Review,Meeting,2025-10-27 08:45 - 2025-10-27 09:15,containment,30,Medium
1163,P017,Client Visit,One-on-One,2025-10-28 09:53 - 2025-10-28 10:15,partial overlap,22,Medium
1164,P017,Product Demo,Meeting,2025-10-29 18:45 - 2025-10-29 19:15,partial overlap,30,Medium
1165,P017,Tech Sharing,Deployment,2025-10-28 11:15 - 2025-10-28 11:30,containment,15,Medium
1166,P017,One-on-One,Tech Sharing,2025-10-26 17:00 - 2025-10-26 17:15,containment,15,Medium
1167,P017,Tech Sharing,Client Visit,2025-10-23 10:33 - 2025-10-23 10:56,containment,23,Medium
1168,P017,Tech Sharing,One-on-One,2025-10-24 17:32 - 2025-10-24 18:00,partial overlap,28,Medium
1169,P017,Deployment,Training,2025-10-30 13:19 - 2025-10-30 13:30,partial overlap,11,Low
1170,P017,Code Review,Meeting,2025-10-25 11:45 - 2025-10-25 12:00,partial overlap,15,Medium
1171,P017,Client Visit,Team Building,2025-10-28 10:15 - 2025-10-28 10:16,partial overlap,1,Low
1172,P017,Client Visit,Testing Acceptance,2025-10-31 16:57 - 2025-10-31 17:30,partial overlap,33,Medium
1173,P017,Tech Sharing,Brainstorming,2025-10-29 09:56 - 2025-10-29 10:45,partial overlap,49,High
1174,P017,Operations Check,Testing Acceptance,2025-11-02 18:30 - 2025-11-02 19:15,partial overlap,45,High
1175,P017,Project Discussion,Deployment,2025-10-29 15:10 - 2025-10-29 15:30,partial overlap,20,Medium
1176,P017,Meeting,Client Visit,2025-11-05 18:15 - 2025-11-05 18:30,partial overlap,15,Medium
1177,P017,Operations Check,Design Review,2025-11-03 15:45 - 2025-11-03 16:15,containment,30,Medium
1178,P017,Testing Acceptance,Testing Acceptance,2025-11-10 15:15 - 2025-11-10 15:20,partial overlap,5,Low
1179,P017,Meeting,Training,2025-11-11 14:00 - 2025-11-11 14:15,partial overlap,15,Medium
1180,P017,Requirements Analysis,Training,2025-11-11 14:00 - 2025-11-11 14:15,partial overlap,15,Medium
1181,P017,Deployment,Project Discussion,2025-11-06 11:45 - 2025-11-06 12:15,containment,30,Medium
1182,P017,Product Demo,Product Demo,2025-11-08 11:30 - 2025-11-08 12:00,containment,30,Medium
1183,P017,Requirements Analysis,Product Demo,2025-11-10 17:35 - 2025-11-10 18:00,partial overlap,25,Medium
1184,P017,Meeting,Code Review,2025-11-13 10:00 - 2025-11-13 10:12,partial overlap,12,Low
1185,P017,Tech Sharing,Code Review,2025-11-13 10:05 - 2025-11-13 10:30,partial overlap,25,Medium
1186,P017,Operations Check,Code Review,2025-11-13 10:16 - 2025-11-13 10:30,partial overlap,14,Low
1187,P017,Meeting,Requirements Analysis,2025-11-11 13:30 - 2025-11-11 14:15,containment,45,High
1188,P017,Code Review,Product Demo,2025-11-09 15:16 - 2025-11-09 15:40,containment,24,Medium
1189,P017,Tech Sharing,Product Demo,2025-11-09 15:35 - 2025-11-09 15:55,containment,20,Medium
1190,P017,Product Demo,Testing Acceptance,2025-11-14 12:15 - 2025-11-14 12:45,containment,30,Medium
1191,P017,Tech Sharing,Testing Acceptance,2025-11-14 12:33 - 2025-11-14 12:58,containment,25,Medium
1192,P017,Training,Design Review,2025-11-16 16:04 - 2025-11-16 16:23,containment,19,Medium
1193,P017,One-on-One,Testing Acceptance,2025-11-10 14:40 - 2025-11-10 15:00,partial overlap,20,Medium
1194,P017,Testing Acceptance,Testing Acceptance,2025-11-10 14:46 - 2025-11-10 15:00,partial overlap,14,Low
1195,P017,Brainstorming,Tech Sharing,2025-11-15 09:24 - 2025-11-15 09:49,containment,25,Medium
1196,P017,Training,Tech Sharing,2025-11-15 09:30 - 2025-11-15 10:00,partial overlap,30,Medium
1197,P017,Tech Sharing,Tech Sharing,2025-11-13 10:45 - 2025-11-13 10:59,partial overlap,14,Low
1198,P017,Operations Check,Tech Sharing,2025-11-13 10:45 - 2025-11-13 11:09,partial overlap,24,Medium
1199,P017,Testing Acceptance,Tech Sharing,2025-11-13 11:04 - 2025-11-13 11:15,partial overlap,11,Low
1200,P017,Meeting,Meeting,2025-11-13 09:13 - 2025-11-13 09:30,partial overlap,17,Medium
1201,P017,Tech Sharing,Code Review,2025-11-09 15:35 - 2025-11-09 15:40,partial overlap,5,Low
1202,P017,Testing Acceptance,One-on-One,2025-11-10 14:46 - 2025-11-10 15:11,partial overlap,25,Medium
1203,P017,Product Demo,Tech Sharing,2025-11-14 12:33 - 2025-11-14 12:45,partial overlap,12,Low
1204,P017,Meeting,Tech Sharing,2025-11-13 10:05 - 2025-11-13 10:12,partial overlap,7,Low
1205,P017,Operations Check,Tech Sharing,2025-11-13 10:16 - 2025-11-13 10:59,partial overlap,43,Medium
1206,P017,Testing Acceptance,Operations Check,2025-11-13 11:04 - 2025-11-13 11:09,partial overlap,5,Low
1207,P017,Training,Brainstorming,2025-11-15 09:30 - 2025-11-15 09:49,partial overlap,19,Medium
1208,P017,Client Visit,Brainstorming,2025-11-18 15:47 - 2025-11-18 16:15,partial overlap,28,Medium
1209,P017,Brainstorming,Project Discussion,2025-11-18 09:30 - 2025-11-18 09:45,partial overlap,15,Medium
1210,P017,One-on-One,Tech Sharing,2025-11-18 12:25 - 2025-11-18 12:30,partial overlap,5,Low
1211,P017,Requirements Analysis,Operations Check,2025-11-20 11:45 - 2025-11-20 12:15,containment,30,Medium
1212,P017,Design Review,Operations Check,2025-11-20 12:00 - 2025-11-20 12:15,partial overlap,15,Medium
1213,P017,Requirements Analysis,Design Review,2025-11-20 12:00 - 2025-11-20 12:15,partial overlap,15,Medium
1214,P017,One-on-One,Deployment,2025-11-20 16:45 - 2025-11-20 17:00,containment,15,Medium
1215,P017,Product Demo,Deployment,2025-11-20 16:56 - 2025-11-20 17:15,partial overlap,19,Medium
1216,P017,Requirements Analysis,Code Review,2025-11-17 14:45 - 2025-11-17 15:00,containment,15,Medium
1217,P017,Deployment,Code Review,2025-11-17 14:57 - 2025-11-17 15:00,partial overlap,3,Low
1218,P017,Deployment,Tech Sharing,2025-11-21 08:40 - 2025-11-21 08:45,partial overlap,5,Low
1219,P017,Deployment,Testing Acceptance,2025-11-17 15:15 - 2025-11-17 15:30,containment,15,Medium
1220,P017,Product Demo,Testing Acceptance,2025-11-17 15:15 - 2025-11-17 15:30,containment,15,Medium
1221,P017,Product Demo,Training,2025-11-20 15:45 - 2025-11-20 16:00,partial overlap,15,Medium
1222,P017,Deployment,Requirements Analysis,2025-11-17 14:57 - 2025-11-17 15:00,partial overlap,3,Low
1223,P017,Product Demo,One-on-One,2025-11-20 16:56 - 2025-11-20 17:00,partial overlap,4,Low
1224,P017,Product Demo,Deployment,2025-11-17 15:08 - 2025-11-17 15:30,containment,22,Medium
1225,P018,Deployment,Testing Acceptance,2025-10-11 12:08 - 2025-10-11 12:45,partial overlap,37,Medium
1226,P018,Deployment,Deployment,2025-10-09 13:46 - 2025-10-09 14:15,containment,29,Medium
1227,P018,Testing Acceptance,Deployment,2025-10-09 13:55 - 2025-10-09 14:22,containment,27,Medium
1228,P018,Tech Sharing,Client Visit,2025-10-11 08:29 - 2025-10-11 09:00,partial overlap,31,Medium
1229,P018,Code Review,Product Demo,2025-10-12 17:15 - 2025-10-12 17:45,containment,30,Medium
1230,P018,Deployment,Testing Acceptance,2025-10-09 13:55 - 2025-10-09 14:15,partial overlap,20,Medium
1231,P018,Team Building,Code Review,2025-10-14 13:45 - 2025-10-14 14:00,partial overlap,15,Medium
1232,P018,Meeting,Design Review,2025-10-19 13:19 - 2025-10-19 14:00,partial overlap,41,Medium
1233,P018,Deployment,Design Review,2025-10-19 13:43 - 2025-10-19 14:00,partial overlap,17,Medium
1234,P018,Design Review,Product Demo,2025-10-21 11:45 - 2025-10-21 12:00,partial overlap,15,Medium
1235,P018,Training,Testing Acceptance,2025-10-17 13:08 - 2025-10-17 13:30,partial overlap,22,Medium
1236,P018,Training,One-on-One,2025-10-23 13:00 - 2025-10-23 13:30,partial overlap,30,Medium
1237,P018,Client Visit,One-on-One,2025-10-23 13:15 - 2025-10-23 13:30,partial overlap,15,Medium
1238,P018,Client Visit,One-on-One,2025-10-23 13:15 - 2025-10-23 13:30,containment,15,Medium
1239,P018,Operations Check,Design Review,2025-10-21 10:15 - 2025-10-21 10:30,partial overlap,15,Medium
1240,P018,Deployment,Operations Check,2025-10-18 14:00 - 2025-10-18 14:30,partial overlap,30,Medium
1241,P018,Code Review,Deployment,2025-10-22 08:30 - 2025-10-22 09:00,full overlap,30,Medium
1242,P018,Deployment,Meeting,2025-10-19 13:43 - 2025-10-19 14:07,partial overlap,24,Medium
1243,P018,Client Visit,Training,2025-10-23 13:15 - 2025-10-23 13:45,containment,30,Medium
1244,P018,Client Visit,Training,2025-10-23 13:15 - 2025-10-23 13:30,containment,15,Medium
1245,P018,Testing Acceptance,One-on-One,2025-10-24 08:00 - 2025-10-24 08:15,containment,15,Medium
1246,P018,Operations Check,Client Visit,2025-10-26 11:45 - 2025-10-26 12:15,containment,30,Medium
1247,P018,Project Discussion,Client Visit,2025-10-26 11:45 - 2025-10-26 12:15,containment,30,Medium
1248,P018,Project Discussion,Client Visit,2025-10-26 12:00 - 2025-10-26 12:15,partial overlap,15,Medium
1249,P018,Client Visit,Client Visit,2025-10-23 13:15 - 2025-10-23 13:30,containment,15,Medium
1250,P018,Meeting,Deployment,2025-10-24 13:15 - 2025-10-24 13:36,partial overlap,21,Medium
1251,P018,Meeting,Code Review,2025-10-24 12:36 - 2025-10-24 12:45,partial overlap,9,Low
1252,P018,Brainstorming,Project Discussion,2025-10-28 12:15 - 2025-10-28 12:30,full overlap,15,Medium
1253,P018,Brainstorming,Tech Sharing,2025-10-23 13:57 - 2025-10-23 14:15,partial overlap,18,Medium
1254,P018,Meeting,Tech Sharing,2025-10-23 14:03 - 2025-10-23 14:15,partial overlap,12,Low
1255,P018,Meeting,Requirements Analysis,2025-10-24 12:45 - 2025-10-24 13:15,containment,30,Medium
1256,P018,Operations Check,Project Discussion,2025-10-26 12:00 - 2025-10-26 12:15,partial overlap,15,Medium
1257,P018,Project Discussion,Project Discussion,2025-10-26 12:00 - 2025-10-26 12:21,partial overlap,21,Medium
1258,P018,Operations Check,Code Review,2025-10-28 16:50 - 2025-10-28 17:00,partial overlap,10,Low
1259,P018,Project Discussion,Operations Check,2025-10-26 11:37 - 2025-10-26 12:15,partial overlap,38,Medium
1260,P018,Product Demo,Meeting,2025-10-27 13:54 - 2025-10-27 14:21,containment,27,Medium
1261,P018,Brainstorming,Meeting,2025-10-23 14:03 - 2025-10-23 14:21,containment,18,Medium
1262,P018,Deployment,Project Discussion,2025-11-02 11:00 - 2025-11-02 11:15,containment,15,Medium
1263,P018,Project Discussion,Meeting,2025-11-05 15:53 - 2025-11-05 16:30,partial overlap,37,Medium
1264,P018,Training,Meeting,2025-11-11 16:15 - 2025-11-11 16:45,partial overlap,30,Medium
1265,P018,Meeting,Tech Sharing,2025-11-15 17:00 - 2025-11-15 17:15,containment,15,Medium
1266,P018,Code Review,Requirements Analysis,2025-11-16 18:00 - 2025-11-16 18:30,containment,30,Medium
1267,P018,Project Discussion,Design Review,2025-11-17 13:30 - 2025-11-17 14:00,partial overlap,30,Medium
1268,P018,Deployment,Design Review,2025-11-17 13:30 - 2025-11-17 13:58,partial overlap,28,Medium
1269,P018,Client Visit,Testing Acceptance,2025-11-16 14:30 - 2025-11-16 15:15,full overlap,45,High
1270,P018,Meeting,Testing Acceptance,2025-11-16 14:45 - 2025-11-16 15:15,partial overlap,30,Medium
1271,P018,One-on-One,Testing Acceptance,2025-11-16 14:54 - 2025-11-16 15:15,partial overlap,21,Medium
1272,P018,Tech Sharing,Testing Acceptance,2025-11-16 14:58 - 2025-11-16 15:15,partial overlap,17,Medium
1273,P018,Client Visit,One-on-One,2025-11-16 14:54 - 2025-11-16 15:15,partial overlap,21,Medium
1274,P018,Meeting,One-on-One,2025-11-16 14:54 - 2025-11-16 15:25,containment,31,Medium
1275,P018,Tech Sharing,One-on-One,2025-11-16 14:58 - 2025-11-16 15:25,partial overlap,27,Medium
1276,P018,Meeting,Client Visit,2025-11-16 14:45 - 2025-11-16 15:15,partial overlap,30,Medium
1277,P018,Tech Sharing,Client Visit,2025-11-16 14:58 - 2025-11-16 15:15,partial overlap,17,Medium
1278,P018,Deployment,Project Discussion,2025-11-17 13:25 - 2025-11-17 13:58,containment,33,Medium
1279,P018,Brainstorming,Product Demo,2025-11-18 15:15 - 2025-11-18 15:30,partial overlap,15,Medium
1280,P018,Code Review,Brainstorming,2025-11-18 14:45 - 2025-11-18 15:15,containment,30,Medium
1281,P018,Tech Sharing,Meeting,2025-11-16 14:58 - 2025-11-16 15:30,partial overlap,32,Medium
1282,P018,Training,Team Building,2025-11-22 12:00 - 2025-11-22 12:15,containment,15,Medium
1283,P018,Project Discussion,Team Building,2025-11-22 12:09 - 2025-11-22 12:15,partial overlap,6,Low
1284,P018,Tech Sharing,Product Demo,2025-11-18 14:08 - 2025-11-18 14:27,containment,19,Medium
1285,P018,Requirements Analysis,Tech Sharing,2025-11-19 18:22 - 2025-11-19 18:45,partial overlap,23,Medium
1286,P018,Project Discussion,Training,2025-11-22 12:09 - 2025-11-22 12:15,partial overlap,6,Low
1287,P018,Brainstorming,Tech Sharing,2025-11-17 19:11 - 2025-11-17 19:15,partial overlap,4,Low
1288,P018,Testing Acceptance,Client Visit,2025-11-20 18:45 - 2025-11-20 19:15,containment,30,Medium
1289,P018,Design Review,Product Demo,2025-11-19 11:30 - 2025-11-19 11:45,partial overlap,15,Medium
1290,P018,Tech Sharing,Product Demo,2025-11-19 11:36 - 2025-11-19 11:45,partial overlap,9,Low
1291,P018,Project Discussion,Brainstorming,2025-11-24 12:20 - 2025-11-24 12:45,partial overlap,25,Medium
1292,P018,Tech Sharing,Design Review,2025-11-19 11:36 - 2025-11-19 12:00,partial overlap,24,Medium
1293,P018,Brainstorming,Design Review,2025-11-19 11:45 - 2025-11-19 12:00,partial overlap,15,Medium
1294,P018,Tech Sharing,Brainstorming,2025-11-19 11:45 - 2025-11-19 12:07,partial overlap,22,Medium
1295,P019,Design Review,Training,2025-10-10 15:48 - 2025-10-10 16:00,partial overlap,12,Low
1296,P019,Design Review,Deployment,2025-10-10 16:00 - 2025-10-10 16:33,partial overlap,33,Medium
1297,P019,Requirements Analysis,Deployment,2025-10-10 16:05 - 2025-10-10 16:44,containment,39,Medium
1298,P019,Requirements Analysis,Deployment,2025-10-10 16:30 - 2025-10-10 17:27,containment,57,High
1299,P019,Product Demo,Deployment,2025-10-10 16:34 - 2025-10-10 17:00,containment,26,Medium
1300,P019,Design Review,One-on-One,2025-10-12 12:15 - 2025-10-12 13:15,containment,60,High
1301,P019,Client Visit,Testing Acceptance,2025-10-16 13:00 - 2025-10-16 13:45,containment,45,High
1302,P019,Requirements Analysis,Design Review,2025-10-10 16:05 - 2025-10-10 16:33,partial overlap,28,Medium
1303,P019,Requirements Analysis,Design Review,2025-10-10 16:30 - 2025-10-10 16:33,partial overlap,3,Low
1304,P019,Requirements Analysis,Requirements Analysis,2025-10-10 16:30 - 2025-10-10 16:44,partial overlap,14,Low
1305,P019,Product Demo,Requirements Analysis,2025-10-10 16:34 - 2025-10-10 16:44,partial overlap,10,Low
1306,P019,Product Demo,Requirements Analysis,2025-10-10 16:34 - 2025-10-10 17:00,containment,26,Medium
1307,P019,Tech Sharing,Tech Sharing,2025-10-17 08:37 - 2025-10-17 08:45,partial overlap,8,Low
1308,P019,Training,Client Visit,2025-10-17 18:55 - 2025-10-17 19:30,partial overlap,35,Medium
1309,P019,Deployment,Deployment,2025-10-20 11:15 - 2025-10-20 11:30,partial overlap,15,Medium
1310,P019,Design Review,Deployment,2025-10-20 11:45 - 2025-10-20 12:00,partial overlap,15,Medium
1311,P019,Design Review,Deployment,2025-10-20 11:45 - 2025-10-20 12:00,partial overlap,15,Medium
1312,P019,Project Discussion,Design Review,2025-10-17 14:30 - 2025-10-17 15:00,partial overlap,30,Medium
1313,P019,Training,One-on-One,2025-10-20 17:30 - 2025-10-20 17:45,partial overlap,15,Medium
1314,P019,One-on-One,Requirements Analysis,2025-10-18 18:15 - 2025-10-18 18:45,containment,30,Medium
1315,P019,Tech Sharing,Testing Acceptance,2025-10-17 09:55 - 2025-10-17 10:10,containment,15,Medium
1316,P019,Code Review,Product Demo,2025-10-23 17:45 - 2025-10-23 18:15,partial overlap,30,Medium
1317,P019,One-on-One,Product Demo,2025-10-23 17:45 - 2025-10-23 18:00,partial overlap,15,Medium
1318,P019,Design Review,Product Demo,2025-10-23 18:03 - 2025-10-23 18:30,partial overlap,27,Medium
1319,P019,Design Review,Design Review,2025-10-20 11:45 - 2025-10-20 12:15,containment,30,Medium
1320,P019,Code Review,Design Review,2025-10-23 18:03 - 2025-10-23 18:15,partial overlap,12,Low
1321,P019,Operations Check,Tech Sharing,2025-10-24 10:45 - 2025-10-24 11:00,containment,15,Medium
1322,P019,Product Demo,Training,2025-10-23 11:05 - 2025-10-23 11:30,partial overlap,25,Medium
1323,P019,Brainstorming,Client Visit,2025-10-27 14:30 - 2025-10-27 14:45,partial overlap,15,Medium
1324,P019,One-on-One,Code Review,2025-10-23 17:30 - 2025-10-23 18:00,containment,30,Medium
1325,P019,Product Demo,Client Visit,2025-10-29 14:00 - 2025-10-29 14:16,partial overlap,16,Medium
1326,P019,Client Visit,Design Review,2025-10-28 11:00 - 2025-10-28 11:15,containment,15,Medium
1327,P019,Product Demo,Design Review,2025-10-28 11:00 - 2025-10-28 11:15,containment,15,Medium
1328,P019,Team Building,Product Demo,2025-10-26 12:00 - 2025-10-26 12:15,partial overlap,15,Medium
1329,P019,Meeting,Testing Acceptance,2025-10-30 08:47 - 2025-10-30 09:00,partial overlap,13,Low
1330,P019,Client Visit,Product Demo,2025-10-28 11:00 - 2025-10-28 11:30,partial overlap,30,Medium
1331,P019,Team Building,Product Demo,2025-10-28 11:15 - 2025-10-28 11:30,containment,15,Medium
1332,P019,Client Visit,Team Building,2025-10-28 11:15 - 2025-10-28 11:30,containment,15,Medium
1333,P019,Training,Brainstorming,2025-10-27 14:45 - 2025-10-27 15:15,partial overlap,30,Medium
1334,P019,One-on-One,Brainstorming,2025-10-27 14:56 - 2025-10-27 15:12,containment,16,Medium
1335,P019,One-on-One,Training,2025-10-27 14:56 - 2025-10-27 15:12,containment,16,Medium
1336,P019,Code Review,Client Visit,2025-11-07 14:25 - 2025-11-07 14:30,partial overlap,5,Low
1337,P019,Meeting,Project Discussion,2025-11-11 08:38 - 2025-11-11 09:19,containment,41,Medium
1338,P019,Client Visit,Brainstorming,2025-11-06 09:45 - 2025-11-06 10:00,partial overlap,15,Medium
1339,P019,Brainstorming,Operations Check,2025-11-07 15:20 - 2025-11-07 15:45,partial overlap,25,Medium
1340,P019,Client Visit,Operations Check,2025-11-07 15:30 - 2025-11-07 15:45,partial overlap,15,Medium
1341,P019,Design Review,Testing Acceptance,2025-11-05 13:29 - 2025-11-05 13:56,containment,27,Medium
1342,P019,Team Building,Deployment,2025-11-08 18:27 - 2025-11-08 19:00,partial overlap,33,Medium
1343,P019,Meeting,Meeting,2025-11-07 12:15 - 2025-11-07 12:30,partial overlap,15,Medium
1344,P019,One-on-One,Operations Check,2025-11-11 18:24 - 2025-11-11 18:48,containment,24,Medium
1345,P019,Client Visit,Tech Sharing,2025-11-09 14:28 - 2025-11-09 14:45,partial overlap,17,Medium
1346,P019,One-on-One,Deployment,2025-11-11 15:30 - 2025-11-11 15:45,partial overlap,15,Medium
1347,P019,Meeting,Code Review,2025-11-14 18:45 - 2025-11-14 19:00,partial overlap,15,Medium
1348,P019,Training,Code Review,2025-11-14 18:45 - 2025-11-14 19:01,partial overlap,16,Medium
1349,P019,Client Visit,Code Review,2025-11-14 09:00 - 2025-11-14 09:30,partial overlap,30,Medium
1350,P019,Testing Acceptance,Code Review,2025-11-14 09:28 - 2025-11-14 09:30,partial overlap,2,Low
1351,P019,Brainstorming,Client Visit,2025-11-07 15:30 - 2025-11-07 15:50,containment,20,Medium
1352,P019,Code Review,Training,2025-11-19 09:39 - 2025-11-19 09:57,containment,18,Medium
1353,P019,Training,Meeting,2025-11-14 18:25 - 2025-11-14 19:00,partial overlap,35,Medium
1354,P019,One-on-One,Meeting,2025-11-16 09:30 - 2025-11-16 10:00,partial overlap,30,Medium
1355,P019,Tech Sharing,Meeting,2025-11-16 09:30 - 2025-11-16 10:00,containment,30,Medium
1356,P019,Client Visit,Design Review,2025-11-15 11:15 - 2025-11-15 11:30,partial overlap,15,Medium
1357,P019,Testing Acceptance,Client Visit,2025-11-14 09:28 - 2025-11-14 09:45,partial overlap,17,Medium
1358,P019,Tech Sharing,One-on-One,2025-11-16 09:30 - 2025-11-16 10:00,containment,30,Medium
1359,P019,Code Review,One-on-One,2025-11-16 10:00 - 2025-11-16 10:15,partial overlap,15,Medium
1360,P019,Meeting,Training,2025-11-22 13:15 - 2025-11-22 13:30,containment,15,Medium
1361,P019,One-on-One,Training,2025-11-22 13:15 - 2025-11-22 13:30,containment,15,Medium
1362,P019,One-on-One,Meeting,2025-11-22 13:00 - 2025-11-22 13:45,full overlap,45,High
1363,P019,Brainstorming,Training,2025-11-21 10:08 - 2025-11-21 10:45,partial overlap,37,Medium
1364,P020,Tech Sharing,Tech Sharing,2025-10-09 09:20 - 2025-10-09 09:41,containment,21,Medium
1365,P020,Requirements Analysis,Testing Acceptance,2025-10-10 08:45 - 2025-10-10 09:00,partial overlap,15,Medium
1366,P020,Deployment,Requirements Analysis,2025-10-16 17:30 - 2025-10-16 17:45,partial overlap,15,Medium
1367,P020,Brainstorming,Requirements Analysis,2025-10-16 17:47 - 2025-10-16 18:00,partial overlap,13,Low
1368,P020,Code Review,Product Demo,2025-10-12 15:49 - 2025-10-12 16:15,partial overlap,26,Medium
1369,P020,Design Review,Deployment,2025-10-12 10:58 - 2025-10-12 11:45,partial overlap,47,High
1370,P020,Testing Acceptance,Team Building,2025-10-14 10:30 - 2025-10-14 11:00,containment,30,Medium
1371,P020,Client Visit,Client Visit,2025-10-19 11:45 - 2025-10-19 12:15,partial overlap,30,Medium
1372,P020,Design Review,Team Building,2025-10-19 15:40 - 2025-10-19 15:58,containment,18,Medium
1373,P020,Meeting,Brainstorming,2025-10-20 12:00 - 2025-10-20 12:15,partial overlap,15,Medium
1374,P020,Requirements Analysis,Code Review,2025-10-19 19:03 - 2025-10-19 19:30,partial overlap,27,Medium
1375,P020,Tech Sharing,Requirements Analysis,2025-10-16 18:29 - 2025-10-16 19:15,partial overlap,46,High
1376,P020,Brainstorming,Requirements Analysis,2025-10-16 18:37 - 2025-10-16 19:15,partial overlap,38,Medium
1377,P020,Tech Sharing,Brainstorming,2025-10-16 18:37 - 2025-10-16 19:25,partial overlap,48,High
1378,P020,Training,Design Review,2025-10-27 09:00 - 2025-10-27 09:30,full overlap,30,Medium
1379,P020,Tech Sharing,One-on-One,2025-10-24 15:30 - 2025-10-24 15:45,containment,15,Medium
1380,P020,Meeting,Code Review,2025-10-28 17:00 - 2025-10-28 17:15,containment,15,Medium
1381,P020,One-on-One,Team Building,2025-10-29 11:45 - 2025-10-29 12:00,partial overlap,15,Medium
1382,P020,Team Building,Testing Acceptance,2025-10-28 18:45 - 2025-10-28 19:15,containment,30,Medium
1383,P020,Deployment,Testing Acceptance,2025-10-28 19:11 - 2025-10-28 19:30,partial overlap,19,Medium
1384,P020,Client Visit,Deployment,2025-10-28 09:00 - 2025-10-28 09:15,containment,15,Medium
1385,P020,Testing Acceptance,Training,2025-10-29 13:15 - 2025-10-29 13:30,partial overlap,15,Medium
1386,P020,Deployment,Team Building,2025-10-28 19:11 - 2025-10-28 19:15,partial overlap,4,Low
1387,P020,Requirements Analysis,Testing Acceptance,2025-10-26 09:45 - 2025-10-26 10:00,containment,15,Medium
1388,P020,Deployment,Client Visit,2025-10-29 16:37 - 2025-10-29 17:15,partial overlap,38,Medium
1389,P020,Tech Sharing,Testing Acceptance,2025-10-29 13:30 - 2025-10-29 13:45,partial overlap,15,Medium
1390,P020,Training,Design Review,2025-11-01 17:15 - 2025-11-01 18:00,containment,45,High
1391,P020,Code Review,Design Review,2025-11-01 17:41 - 2025-11-01 18:00,partial overlap,19,Medium
1392,P020,Code Review,Training,2025-11-01 17:41 - 2025-11-01 18:00,partial overlap,19,Medium
1393,P020,Operations Check,One-on-One,2025-11-07 16:18 - 2025-11-07 16:33,containment,15,Medium
1394,P020,Operations Check,Testing Acceptance,2025-11-04 18:54 - 2025-11-04 19:27,containment,33,Medium
1395,P020,Operations Check,Tech Sharing,2025-11-09 13:15 - 2025-11-09 13:45,partial overlap,30,Medium
1396,P020,Testing Acceptance,Tech Sharing,2025-11-09 13:26 - 2025-11-09 13:45,partial overlap,19,Medium
1397,P020,Product Demo,Tech Sharing,2025-11-11 11:45 - 2025-11-11 12:15,partial overlap,30,Medium
1398,P020,Training,Tech Sharing,2025-11-11 12:00 - 2025-11-11 12:15,partial overlap,15,Medium
1399,P020,Requirements Analysis,Training,2025-11-13 08:15 - 2025-11-13 09:00,containment,45,High
1400,P020,Deployment,Training,2025-11-13 08:23 - 2025-11-13 08:45,containment,22,Medium
1401,P020,Product Demo,Training,2025-11-11 12:00 - 2025-11-11 12:30,partial overlap,30,Medium
1402,P020,Testing Acceptance,Training,2025-11-11 12:27 - 2025-11-11 12:45,partial overlap,18,Medium
1403,P020,Testing Acceptance,Client Visit,2025-11-11 17:45 - 2025-11-11 17:56,partial overlap,11,Low
1404,P020,Testing Acceptance,Operations Check,2025-11-09 13:26 - 2025-11-09 13:54,containment,28,Medium
1405,P020,Design Review,Operations Check,2025-11-15 16:30 - 2025-11-15 16:45,partial overlap,15,Medium
1406,P020,Testing Acceptance,Product Demo,2025-11-11 12:27 - 2025-11-11 12:30,partial overlap,3,Low
1407,P020,Deployment,Requirements Analysis,2025-11-13 08:23 - 2025-11-13 08:45,containment,22,Medium
1408,P020,Testing Acceptance,Testing Acceptance,2025-11-11 17:06 - 2025-11-11 17:45,partial overlap,39,Medium
1409,P020,Requirements Analysis,One-on-One,2025-11-15 09:15 - 2025-11-15 09:30,partial overlap,15,Medium
1410,P020,Code Review,Brainstorming,2025-11-17 18:00 - 2025-11-17 18:45,containment,45,High
1411,P020,One-on-One,Brainstorming,2025-11-17 18:30 - 2025-11-17 18:45,containment,15,Medium
1412,P020,Code Review,One-on-One,2025-11-17 18:30 - 2025-11-17 18:45,containment,15,Medium
1413,P020,Project Discussion,Deployment,2025-11-15 11:00 - 2025-11-15 11:15,partial overlap,15,Medium
1414,P020,Project Discussion,Tech Sharing,2025-11-19 09:14 - 2025-11-19 09:45,partial overlap,31,Medium
1415,P020,Deployment,Deployment,2025-11-20 15:45 - 2025-11-20 16:15,containment,30,Medium
1416,P021,Project Discussion,Team Building,2025-11-01 10:30 - 2025-11-01 11:00,partial overlap,30,Medium
1417,P021,Operations Check,Training,2025-11-11 18:45 - 2025-11-11 19:15,full overlap,30,Medium
1418,P021,Deployment,Training,2025-11-11 18:45 - 2025-11-11 19:15,full overlap,30,Medium
1419,P021,Deployment,Project Discussion,2025-11-12 12:52 - 2025-11-12 13:00,partial overlap,8,Low
1420,P021,Testing Acceptance,Design Review,2025-11-08 09:45 - 2025-11-08 10:15,partial overlap,30,Medium
1421,P021,One-on-One,Client Visit,2025-11-08 13:45 - 2025-11-08 14:30,containment,45,High
1422,P021,Deployment,Operations Check,2025-11-11 18:45 - 2025-11-11 19:15,full overlap,30,Medium
1423,P021,Team Building,One-on-One,2025-11-14 11:45 - 2025-11-14 12:00,partial overlap,15,Medium
1424,P021,Team Building,Deployment,2025-11-15 18:40 - 2025-11-15 19:00,partial overlap,20,Medium
1425,P021,Product Demo,Operations Check,2025-11-09 11:56 - 2025-11-09 12:30,partial overlap,34,Medium
1426,P021,Tech Sharing,Product Demo,2025-11-10 10:23 - 2025-11-10 11:00,partial overlap,37,Medium
1427,P021,Client Visit,Code Review,2025-11-13 13:15 - 2025-11-13 13:38,partial overlap,23,Medium
1428,P021,Client Visit,Team Building,2025-11-13 10:15 - 2025-11-13 11:00,containment,45,High
1429,P021,Training,Team Building,2025-11-13 10:37 - 2025-11-13 10:54,containment,17,Medium
1430,P021,Design Review,One-on-One,2025-11-15 14:15 - 2025-11-15 14:30,containment,15,Medium
1431,P021,Training,Client Visit,2025-11-13 10:37 - 2025-11-13 10:54,containment,17,Medium
1432,P021,Deployment,Testing Acceptance,2025-11-20 09:30 - 2025-11-20 09:45,containment,15,Medium
1433,P021,Client Visit,Testing Acceptance,2025-11-19 08:57 - 2025-11-19 09:15,partial overlap,18,Medium
1434,P021,Meeting,One-on-One,2025-11-15 08:45 - 2025-11-15 09:15,full overlap,30,Medium
1435,P021,Deployment,Team Building,2025-11-17 18:59 - 2025-11-17 19:15,partial overlap,16,Medium
1436,P021,Team Building,Training,2025-11-22 09:10 - 2025-11-22 09:30,partial overlap,20,Medium
1437,P021,Code Review,Design Review,2025-11-22 13:25 - 2025-11-22 14:00,partial overlap,35,Medium
1438,P022,One-on-One,Operations Check,2025-11-02 14:30 - 2025-11-02 15:15,containment,45,High
1439,P022,Training,Team Building,2025-11-01 10:47 - 2025-11-01 11:00,partial overlap,13,Low
1440,P022,Team Building,One-on-One,2025-11-02 15:30 - 2025-11-02 15:45,partial overlap,15,Medium
1441,P022,Operations Check,Testing Acceptance,2025-11-06 13:15 - 2025-11-06 13:45,partial overlap,30,Medium
1442,P022,Project Discussion,Testing Acceptance,2025-11-06 13:39 - 2025-11-06 14:15,partial overlap,36,Medium
1443,P022,Operations Check,Project Discussion,2025-11-06 13:39 - 2025-11-06 13:45,partial overlap,6,Low
1444,P022,Team Building,Team Building,2025-11-08 15:27 - 2025-11-08 16:15,partial overlap,48,High
1445,P022,Product Demo,Tech Sharing,2025-11-05 11:40 - 2025-11-05 12:11,containment,31,Medium
1446,P022,One-on-One,Code Review,2025-11-07 13:34 - 2025-11-07 13:45,partial overlap,11,Low
1447,P022,Training,Client Visit,2025-11-09 14:09 - 2025-11-09 14:30,partial overlap,21,Medium
1448,P022,Project Discussion,Training,2025-11-10 08:45 - 2025-11-10 09:15,partial overlap,30,Medium
1449,P022,Brainstorming,Training,2025-11-10 08:56 - 2025-11-10 09:30,partial overlap,34,Medium
1450,P022,Client Visit,Meeting,2025-11-14 16:45 - 2025-11-14 17:00,partial overlap,15,Medium
1451,P022,Product Demo,Testing Acceptance,2025-11-14 12:38 - 2025-11-14 12:55,containment,17,Medium
1452,P022,Training,Testing Acceptance,2025-11-14 13:00 - 2025-11-14 13:15,partial overlap,15,Medium
1453,P022,Meeting,Requirements Analysis,2025-11-13 12:12 - 2025-11-13 12:15,partial overlap,3,Low
1454,P022,Brainstorming,Project Discussion,2025-11-10 08:56 - 2025-11-10 09:15,partial overlap,19,Medium
1455,P022,Code Review,Operations Check,2025-11-12 15:15 - 2025-11-12 15:45,containment,30,Medium
1456,P022,Design Review,Operations Check,2025-11-12 15:35 - 2025-11-12 15:45,partial overlap,10,Low
1457,P022,Project Discussion,Client Visit,2025-11-14 18:45 - 2025-11-14 19:00,partial overlap,15,Medium
1458,P022,Design Review,Code Review,2025-11-12 15:35 - 2025-11-12 15:45,partial overlap,10,Low
1459,P022,Brainstorming,Meeting,2025-11-16 12:11 - 2025-11-16 12:15,partial overlap,4,Low
1460,P022,Code Review,Tech Sharing,2025-11-18 14:42 - 2025-11-18 14:45,partial overlap,3,Low
1461,P022,Operations Check,Design Review,2025-11-20 15:45 - 2025-11-20 16:00,containment,15,Medium
1462,P022,Operations Check,Design Review,2025-11-20 15:45 - 2025-11-20 15:59,partial overlap,14,Low
1463,P022,Design Review,Design Review,2025-11-20 15:45 - 2025-11-20 16:00,containment,15,Medium
1464,P022,Design Review,Meeting,2025-11-15 10:32 - 2025-11-15 10:45,partial overlap,13,Low
1465,P022,Brainstorming,Project Discussion,2025-11-16 12:30 - 2025-11-16 13:03,partial overlap,33,Medium
1466,P022,Product Demo,Training,2025-11-20 10:43 - 2025-11-20 11:00,partial overlap,17,Medium
1467,P022,Training,Training,2025-11-20 10:45 - 2025-11-20 11:00,partial overlap,15,Medium
1468,P022,One-on-One,Code Review,2025-11-17 10:30 - 2025-11-17 10:45,containment,15,Medium
1469,P022,Operations Check,Project Discussion,2025-11-19 14:12 - 2025-11-19 14:37,containment,25,Medium
1470,P022,Client Visit,Team Building,2025-11-17 13:15 - 2025-11-17 13:30,partial overlap,15,Medium
1471,P022,Design Review,Code Review,2025-11-18 10:52 - 2025-11-18 11:00,partial overlap,8,Low
1472,P022,Operations Check,Operations Check,2025-11-20 15:30 - 2025-11-20 15:59,containment,29,Medium
1473,P022,Design Review,Operations Check,2025-11-20 15:36 - 2025-11-20 16:00,partial overlap,24,Medium
1474,P022,Product Demo,Training,2025-11-20 10:45 - 2025-11-20 11:21,partial overlap,36,Medium
1475,P022,Design Review,Operations Check,2025-11-20 15:36 - 2025-11-20 15:59,partial overlap,23,Medium
1476,P023,Requirements Analysis,Product Demo,2025-11-09 18:30 - 2025-11-09 19:15,containment,45,High
1477,P023,Brainstorming,One-on-One,2025-11-07 08:30 - 2025-11-07 08:45,partial overlap,15,Medium
1478,P023,Project Discussion,Product Demo,2025-11-13 13:00 - 2025-11-13 13:15,containment,15,Medium
1479,P023,Operations Check,Testing Acceptance,2025-11-13 10:37 - 2025-11-13 11:05,containment,28,Medium
1480,P023,Brainstorming,Operations Check,2025-11-14 13:45 - 2025-11-14 14:30,containment,45,High
1481,P023,Design Review,Product Demo,2025-11-16 12:00 - 2025-11-16 12:15,partial overlap,15,Medium
1482,P023,Design Review,Team Building,2025-11-15 09:15 - 2025-11-15 09:30,containment,15,Medium
1483,P023,Code Review,Team Building,2025-11-17 10:52 - 2025-11-17 11:30,partial overlap,38,Medium
1484,P023,Requirements Analysis,Code Review,2025-11-19 18:45 - 2025-11-19 19:15,partial overlap,30,Medium
1485,P023,Requirements Analysis,Code Review,2025-11-19 18:45 - 2025-11-19 19:15,partial overlap,30,Medium
1486,P023,Testing Acceptance,Brainstorming,2025-11-16 15:05 - 2025-11-16 15:15,partial overlap,10,Low
1487,P023,Brainstorming,Tech Sharing,2025-11-17 14:56 - 2025-11-17 15:15,partial overlap,19,Medium
1488,P023,Testing Acceptance,Project Discussion,2025-11-17 18:00 - 2025-11-17 18:15,containment,15,Medium
1489,P023,Code Review,One-on-One,2025-11-15 13:44 - 2025-11-15 14:15,partial overlap,31,Medium
1490,P023,Requirements Analysis,Requirements Analysis,2025-11-19 18:45 - 2025-11-19 19:30,full overlap,45,High
1491,P023,Training,Testing Acceptance,2025-11-24 12:14 - 2025-11-24 12:45,partial overlap,31,Medium
1492,P023,Training,Testing Acceptance,2025-11-16 15:17 - 2025-11-16 15:41,partial overlap,24,Medium
1493,P024,Requirements Analysis,Team Building,2025-10-30 18:20 - 2025-10-30 19:00,containment,40,Medium
1494,P024,Product Demo,Team Building,2025-10-30 18:36 - 2025-10-30 19:31,containment,55,High
1495,P024,Team Building,Deployment,2025-10-27 14:08 - 2025-10-27 14:43,containment,35,Medium
1496,P024,Brainstorming,Tech Sharing,2025-11-03 10:37 - 2025-11-03 11:07,containment,30,Medium
1497,P024,One-on-One,Tech Sharing,2025-11-03 10:57 - 2025-11-03 11:15,partial overlap,18,Medium
1498,P024,Deployment,Tech Sharing,2025-11-08 15:15 - 2025-11-08 15:30,partial overlap,15,Medium
1499,P024,Requirements Analysis,Product Demo,2025-10-30 18:36 - 2025-10-30 19:00,partial overlap,24,Medium
1500,P024,Brainstorming,One-on-One,2025-11-03 10:57 - 2025-11-03 11:07,partial overlap,10,Low
1501,P024,Tech Sharing,Product Demo,2025-11-11 10:15 - 2025-11-11 10:30,partial overlap,15,Medium
1502,P024,Training,Training,2025-11-08 17:00 - 2025-11-08 17:30,containment,30,Medium
1503,P024,Testing Acceptance,Testing Acceptance,2025-11-17 14:30 - 2025-11-17 14:45,partial overlap,15,Medium
1504,P024,Team Building,Testing Acceptance,2025-11-17 14:30 - 2025-11-17 14:45,partial overlap,15,Medium
1505,P024,Team Building,Code Review,2025-11-12 18:52 - 2025-11-12 19:13,containment,21,Medium
1506,P024,Testing Acceptance,Team Building,2025-11-17 14:15 - 2025-11-17 14:45,containment,30,Medium
1507,P024,Tech Sharing,Requirements Analysis,2025-11-20 14:30 - 2025-11-20 14:45,partial overlap,15,Medium
1508,P024,Code Review,Deployment,2025-11-15 15:30 - 2025-11-15 15:45,containment,15,Medium
1509,P024,Training,Client Visit,2025-11-20 08:15 - 2025-11-20 08:30,containment,15,Medium
1510,P024,Brainstorming,Requirements Analysis,2025-11-19 15:59 - 2025-11-19 16:00,partial overlap,1,Low
1511,P024,Project Discussion,Training,2025-11-17 18:30 - 2025-11-17 18:45,containment,15,Medium
1512,P024,One-on-One,Tech Sharing,2025-11-18 09:15 - 2025-11-18 09:30,partial overlap,15,Medium
1513,P024,Requirements Analysis,Meeting,2025-11-21 09:13 - 2025-11-21 09:15,partial overlap,2,Low
1514,P024,Project Discussion,Testing Acceptance,2025-11-23 15:55 - 2025-11-23 16:15,partial overlap,20,Medium
1515,P024,Design Review,Training,2025-11-25 14:33 - 2025-11-25 14:45,partial overlap,12,Low
1516,P024,Requirements Analysis,Product Demo,2025-11-21 09:21 - 2025-11-21 10:03,partial overlap,42,Medium
1517,P025,Requirements Analysis,Requirements Analysis,2025-11-03 09:40 - 2025-11-03 10:00,partial overlap,20,Medium
1518,P025,Code Review,Meeting,2025-11-04 08:30 - 2025-11-04 08:45,partial overlap,15,Medium
1519,P025,Deployment,Project Discussion,2025-11-15 11:45 - 2025-11-15 12:15,partial overlap,30,Medium
1520,P025,Meeting,Project Discussion,2025-11-15 11:45 - 2025-11-15 12:15,containment,30,Medium
1521,P025,Meeting,Deployment,2025-11-15 11:45 - 2025-11-15 12:15,containment,30,Medium
1522,P025,Testing Acceptance,Operations Check,2025-11-10 10:37 - 2025-11-10 10:45,partial overlap,8,Low
1523,P025,Tech Sharing,Tech Sharing,2025-11-16 08:30 - 2025-11-16 08:45,partial overlap,15,Medium
1524,P025,Testing Acceptance,Tech Sharing,2025-11-14 14:30 - 2025-11-14 15:00,full overlap,30,Medium
1525,P025,Meeting,Tech Sharing,2025-11-14 14:45 - 2025-11-14 15:00,containment,15,Medium
1526,P025,Operations Check,Design Review,2025-11-18 08:15 - 2025-11-18 08:30,partial overlap,15,Medium
1527,P025,One-on-One,Design Review,2025-11-18 08:24 - 2025-11-18 08:30,partial overlap,6,Low
1528,P025,Meeting,Testing Acceptance,2025-11-14 14:45 - 2025-11-14 15:00,containment,15,Medium
1529,P025,Product Demo,Code Review,2025-11-21 10:15 - 2025-11-21 10:45,partial overlap,30,Medium
1530,P025,Project Discussion,Code Review,2025-11-21 10:30 - 2025-11-21 11:00,containment,30,Medium
1531,P025,Brainstorming,Code Review,2025-11-21 10:34 - 2025-11-21 11:00,partial overlap,26,Medium
1532,P025,Operations Check,Code Review,2025-11-21 10:38 - 2025-11-21 11:00,partial overlap,22,Medium
1533,P025,Operations Check,One-on-One,2025-11-18 08:45 - 2025-11-18 09:00,containment,15,Medium
1534,P025,One-on-One,One-on-One,2025-11-18 08:45 - 2025-11-18 08:52,partial overlap,7,Low
1535,P025,Design Review,Brainstorming,2025-11-21 13:02 - 2025-11-21 13:15,partial overlap,13,Low
1536,P025,Product Demo,Project Discussion,2025-11-21 10:30 - 2025-11-21 10:45,partial overlap,15,Medium
1537,P025,Brainstorming,Project Discussion,2025-11-21 10:34 - 2025-11-21 11:00,partial overlap,26,Medium
1538,P025,Operations Check,Project Discussion,2025-11-21 10:38 - 2025-11-21 11:00,partial overlap,22,Medium
1539,P025,Product Demo,Tech Sharing,2025-11-21 10:00 - 2025-11-21 10:15,partial overlap,15,Medium
1540,P025,Training,Project Discussion,2025-11-22 14:01 - 2025-11-22 14:22,containment,21,Medium
1541,P025,One-on-One,Project Discussion,2025-11-22 14:24 - 2025-11-22 14:30,partial overlap,6,Low
1542,P025,Client Visit,Project Discussion,2025-11-22 14:26 - 2025-11-22 14:30,partial overlap,4,Low
1543,P025,Brainstorming,Product Demo,2025-11-21 10:34 - 2025-11-21 10:45,partial overlap,11,Low
1544,P025,Operations Check,Product Demo,2025-11-21 10:38 - 2025-11-21 10:45,partial overlap,7,Low
1545,P025,One-on-One,Operations Check,2025-11-18 08:24 - 2025-11-18 08:52,containment,28,Medium
1546,P025,Brainstorming,Operations Check,2025-11-21 10:38 - 2025-11-21 11:12,containment,34,Medium
1547,P025,One-on-One,Client Visit,2025-11-22 14:26 - 2025-11-22 14:46,containment,20,Medium
1548,P026,Meeting,Team Building,2025-11-04 12:15 - 2025-11-04 13:00,containment,45,High
1549,P026,Testing Acceptance,Team Building,2025-11-07 15:09 - 2025-11-07 15:45,partial overlap,36,Medium
1550,P026,One-on-One,Project Discussion,2025-11-10 17:58 - 2025-11-10 18:15,partial overlap,17,Medium
1551,P026,Testing Acceptance,Testing Acceptance,2025-11-07 09:11 - 2025-11-07 10:00,partial overlap,49,High
1552,P026,Project Discussion,Team Building,2025-11-09 16:52 - 2025-11-09 17:07,containment,15,Medium
1553,P026,One-on-One,Team Building,2025-11-09 17:07 - 2025-11-09 17:45,partial overlap,38,Medium
1554,P026,Tech Sharing,Product Demo,2025-11-13 10:30 - 2025-11-13 10:45,containment,15,Medium
1555,P026,One-on-One,Product Demo,2025-11-13 10:44 - 2025-11-13 11:00,partial overlap,16,Medium
1556,P026,Code Review,Testing Acceptance,2025-11-16 15:30 - 2025-11-16 16:00,partial overlap,30,Medium
1557,P026,Requirements Analysis,Testing Acceptance,2025-11-16 15:30 - 2025-11-16 15:39,partial overlap,9,Low
1558,P026,Design Review,Testing Acceptance,2025-11-16 15:30 - 2025-11-16 15:45,containment,15,Medium
1559,P026,Client Visit,Testing Acceptance,2025-11-16 15:41 - 2025-11-16 16:15,partial overlap,34,Medium
1560,P026,Training,Testing Acceptance,2025-11-16 15:45 - 2025-11-16 16:15,partial overlap,30,Medium
1561,P026,Training,Testing Acceptance,2025-11-16 15:46 - 2025-11-16 16:05,containment,19,Medium
1562,P026,Product Demo,Tech Sharing,2025-11-16 12:15 - 2025-11-16 12:43,partial overlap,28,Medium
1563,P026,Requirements Analysis,Code Review,2025-11-16 15:23 - 2025-11-16 15:39,containment,16,Medium
1564,P026,Design Review,Code Review,2025-11-16 15:30 - 2025-11-16 15:45,containment,15,Medium
1565,P026,Client Visit,Code Review,2025-11-16 15:41 - 2025-11-16 16:00,partial overlap,19,Medium
1566,P026,Training,Code Review,2025-11-16 15:45 - 2025-11-16 16:00,partial overlap,15,Medium
1567,P026,Training,Code Review,2025-11-16 15:46 - 2025-11-16 16:00,partial overlap,14,Low
1568,P026,Tech Sharing,One-on-One,2025-11-13 10:44 - 2025-11-13 10:45,partial overlap,1,Low
1569,P026,Design Review,Requirements Analysis,2025-11-16 15:30 - 2025-11-16 15:39,partial overlap,9,Low
1570,P026,Client Visit,Training,2025-11-16 15:46 - 2025-11-16 16:05,containment,19,Medium
1571,P026,Training,Training,2025-11-16 15:46 - 2025-11-16 16:05,containment,19,Medium
1572,P026,Design Review,Client Visit,2025-11-16 15:41 - 2025-11-16 15:45,partial overlap,4,Low
1573,P026,Training,Client Visit,2025-11-16 15:45 - 2025-11-16 16:27,partial overlap,42,Medium
1574,P026,Meeting,Testing Acceptance,2025-11-17 13:30 - 2025-11-17 13:45,partial overlap,15,Medium
1575,P026,Product Demo,Client Visit,2025-11-16 12:05 - 2025-11-16 12:15,partial overlap,10,Low
1576,P026,Tech Sharing,Team Building,2025-11-16 17:00 - 2025-11-16 17:16,partial overlap,16,Medium
1577,P026,Tech Sharing,Team Building,2025-11-16 17:30 - 2025-11-16 17:45,partial overlap,15,Medium
1578,P026,Tech Sharing,Tech Sharing,2025-11-16 16:59 - 2025-11-16 17:00,partial overlap,1,Low
1579,P026,Meeting,Code Review,2025-11-19 16:15 - 2025-11-19 16:30,containment,15,Medium
1580,P026,Requirements Analysis,Deployment,2025-11-17 15:08 - 2025-11-17 15:35,containment,27,Medium
1581,P027,Product Demo,Training,2025-11-02 12:40 - 2025-11-02 13:15,containment,35,Medium
1582,P027,Testing Acceptance,Code Review,2025-11-05 09:00 - 2025-11-05 09:30,containment,30,Medium
1583,P027,One-on-One,Design Review,2025-11-04 09:30 - 2025-11-04 10:00,partial overlap,30,Medium
1584,P027,Meeting,Training,2025-11-10 17:00 - 2025-11-10 17:15,partial overlap,15,Medium
1585,P027,Product Demo,Training,2025-11-10 17:00 - 2025-11-10 17:45,containment,45,High
1586,P027,Client Visit,Design Review,2025-11-11 18:45 - 2025-11-11 19:00,partial overlap,15,Medium
1587,P027,One-on-One,Tech Sharing,2025-11-11 11:30 - 2025-11-11 12:15,containment,45,High
1588,P027,Meeting,Tech Sharing,2025-11-11 12:15 - 2025-11-11 12:30,partial overlap,15,Medium
1589,P027,Product Demo,Meeting,2025-11-10 17:00 - 2025-11-10 17:15,partial overlap,15,Medium
1590,P027,One-on-One,Code Review,2025-11-08 18:00 - 2025-11-08 18:30,containment,30,Medium
1591,P027,Design Review,Product Demo,2025-11-14 17:15 - 2025-11-14 17:30,partial overlap,15,Medium
1592,P027,Design Review,Product Demo,2025-11-14 17:26 - 2025-11-14 18:15,partial overlap,49,High
1593,P027,Team Building,Product Demo,2025-11-14 18:00 - 2025-11-14 18:15,partial overlap,15,Medium
1594,P027,Brainstorming,Requirements Analysis,2025-11-14 15:15 - 2025-11-14 15:30,partial overlap,15,Medium
1595,P027,Meeting,Operations Check,2025-11-16 12:00 - 2025-11-16 12:04,partial overlap,4,Low
1596,P027,Tech Sharing,Operations Check,2025-11-16 12:07 - 2025-11-16 12:38,containment,31,Medium
1597,P027,Design Review,Design Review,2025-11-14 17:26 - 2025-11-14 17:30,partial overlap,4,Low
1598,P027,Team Building,Design Review,2025-11-14 18:00 - 2025-11-14 18:19,partial overlap,19,Medium
1599,P027,Meeting,Training,2025-11-16 11:30 - 2025-11-16 11:45,partial overlap,15,Medium
1600,P027,Testing Acceptance,Design Review,2025-11-19 16:15 - 2025-11-19 16:30,partial overlap,15,Medium
1601,P027,Requirements Analysis,Design Review,2025-11-15 13:15 - 2025-11-15 13:30,full overlap,15,Medium
1602,P027,Product Demo,Tech Sharing,2025-11-17 14:43 - 2025-11-17 14:45,partial overlap,2,Low
1603,P027,Operations Check,Project Discussion,2025-11-19 11:15 - 2025-11-19 11:45,partial overlap,30,Medium
1604,P027,Brainstorming,Project Discussion,2025-11-20 13:08 - 2025-11-20 13:15,partial overlap,7,Low
1605,P027,Meeting,Meeting,2025-11-19 10:15 - 2025-11-19 10:30,containment,15,Medium
1606,P027,Design Review,One-on-One,2025-11-21 14:45 - 2025-11-21 15:00,containment,15,Medium
1607,P027,One-on-One,One-on-One,2025-11-21 14:52 - 2025-11-21 15:00,partial overlap,8,Low
1608,P027,Team Building,Product Demo,2025-11-16 15:26 - 2025-11-16 16:00,partial overlap,34,Medium
1609,P027,One-on-One,Design Review,2025-11-21 14:52 - 2025-11-21 15:15,partial overlap,23,Medium
1610,P027,One-on-One,Code Review,2025-11-22 17:12 - 2025-11-22 17:15,partial overlap,3,Low
1611,P028,Testing Acceptance,Tech Sharing,2025-11-08 18:30 - 2025-11-08 19:00,containment,30,Medium
1612,P028,Code Review,Design Review,2025-11-12 18:00 - 2025-11-12 18:30,containment,30,Medium
1613,P028,Meeting,Operations Check,2025-11-13 16:45 - 2025-11-13 17:15,containment,30,Medium
1614,P028,Client Visit,Operations Check,2025-11-13 17:15 - 2025-11-13 17:30,containment,15,Medium
1615,P028,Brainstorming,Tech Sharing,2025-11-13 13:00 - 2025-11-13 13:15,partial overlap,15,Medium
1616,P028,Design Review,Testing Acceptance,2025-11-16 18:15 - 2025-11-16 18:30,partial overlap,15,Medium
1617,P028,Testing Acceptance,Brainstorming,2025-11-16 16:57 - 2025-11-16 17:15,partial overlap,18,Medium
1618,P028,Deployment,Design Review,2025-11-16 15:00 - 2025-11-16 15:15,containment,15,Medium
1619,P028,Testing Acceptance,Product Demo,2025-11-19 11:45 - 2025-11-19 12:00,containment,15,Medium
1620,P028,Client Visit,Design Review,2025-11-18 11:19 - 2025-11-18 11:45,partial overlap,26,Medium
1621,P028,One-on-One,Deployment,2025-11-21 09:30 - 2025-11-21 09:45,partial overlap,15,Medium
1622,P028,Testing Acceptance,Tech Sharing,2025-11-17 18:00 - 2025-11-17 18:15,containment,15,Medium
1623,P028,Client Visit,Tech Sharing,2025-11-17 18:12 - 2025-11-17 18:15,partial overlap,3,Low
1624,P028,Client Visit,Testing Acceptance,2025-11-17 18:12 - 2025-11-17 18:15,partial overlap,3,Low
1625,P028,Product Demo,Requirements Analysis,2025-11-21 12:15 - 2025-11-21 12:30,full overlap,15,Medium
1626,P028,Deployment,Testing Acceptance,2025-11-21 18:35 - 2025-11-21 18:45,partial overlap,10,Low
1627,P028,Design Review,Client Visit,2025-11-22 17:30 - 2025-11-22 17:45,containment,15,Medium
1628,P028,Operations Check,Code Review,2025-11-20 17:03 - 2025-11-20 17:15,partial overlap,12,Low
1629,P028,One-on-One,Client Visit,2025-11-13 17:39 - 2025-11-13 17:54,containment,15,Medium
1630,P028,Team Building,Deployment,2025-11-21 18:55 - 2025-11-21 19:22,partial overlap,27,Medium
1631,P029,Project Discussion,Product Demo,2025-11-04 17:15 - 2025-11-04 17:30,partial overlap,15,Medium
1632,P029,Design Review,Product Demo,2025-11-04 17:30 - 2025-11-04 18:00,partial overlap,30,Medium
1633,P029,Operations Check,Team Building,2025-11-04 15:47 - 2025-11-04 16:18,containment,31,Medium
1634,P029,Team Building,Team Building,2025-11-04 15:56 - 2025-11-04 16:38,containment,42,Medium
1635,P029,Project Discussion,Team Building,2025-11-04 16:30 - 2025-11-04 17:00,partial overlap,30,Medium
1636,P029,Team Building,Training,2025-11-07 13:45 - 2025-11-07 14:00,partial overlap,15,Medium
1637,P029,Product Demo,Training,2025-11-07 08:13 - 2025-11-07 08:28,containment,15,Medium
1638,P029,Team Building,Project Discussion,2025-11-04 16:30 - 2025-11-04 16:38,partial overlap,8,Low
1639,P029,Operations Check,Team Building,2025-11-04 15:56 - 2025-11-04 16:18,partial overlap,22,Medium
1640,P029,Deployment,One-on-One,2025-11-09 10:30 - 2025-11-09 10:45,partial overlap,15,Medium
1641,P029,Brainstorming,Testing Acceptance,2025-11-11 17:50 - 2025-11-11 18:15,partial overlap,25,Medium
1642,P029,Team Building,Code Review,2025-11-10 08:38 - 2025-11-10 08:55,containment,17,Medium
1643,P029,Design Review,Code Review,2025-11-10 08:45 - 2025-11-10 09:00,partial overlap,15,Medium
1644,P029,Operations Check,Testing Acceptance,2025-11-12 17:00 - 2025-11-12 17:45,containment,45,High
1645,P029,Brainstorming,Requirements Analysis,2025-11-15 16:54 - 2025-11-15 17:15,partial overlap,21,Medium
1646,P029,Tech Sharing,Design Review,2025-11-14 09:00 - 2025-11-14 09:15,partial overlap,15,Medium
1647,P029,Design Review,Team Building,2025-11-10 08:45 - 2025-11-10 08:55,partial overlap,10,Low
1648,P029,Deployment,Brainstorming,2025-11-16 15:08 - 2025-11-16 15:30,containment,22,Medium
1649,P029,Project Discussion,Team Building,2025-11-19 12:00 - 2025-11-19 12:15,containment,15,Medium
1650,P029,Operations Check,Testing Acceptance,2025-11-20 16:30 - 2025-11-20 16:36,partial overlap,6,Low
1651,P029,Training,Operations Check,2025-11-21 18:15 - 2025-11-21 18:22,partial overlap,7,Low
1652,P029,Brainstorming,Tech Sharing,2025-11-16 10:30 - 2025-11-16 10:45,partial overlap,15,Medium
1653,P029,Design Review,Tech Sharing,2025-11-16 10:30 - 2025-11-16 10:59,partial overlap,29,Medium
1654,P029,Product Demo,Tech Sharing,2025-11-16 10:30 - 2025-11-16 11:00,containment,30,Medium
1655,P029,Design Review,Brainstorming,2025-11-16 10:09 - 2025-11-16 10:45,partial overlap,36,Medium
1656,P029,Product Demo,Brainstorming,2025-11-16 10:15 - 2025-11-16 10:45,partial overlap,30,Medium
1657,P029,Training,Code Review,2025-11-21 17:25 - 2025-11-21 17:45,partial overlap,20,Medium
1658,P029,Design Review,Product Demo,2025-11-16 10:15 - 2025-11-16 10:59,partial overlap,44,Medium
1659,P029,Design Review,Tech Sharing,2025-11-20 09:00 - 2025-11-20 09:30,containment,30,Medium
1660,P029,Operations Check,Code Review,2025-11-20 15:54 - 2025-11-20 16:30,partial overlap,36,Medium
1661,P029,One-on-One,Operations Check,2025-11-22 16:21 - 2025-11-22 16:30,partial overlap,9,Low
1662,P029,Operations Check,Operations Check,2025-11-22 16:28 - 2025-11-22 16:30,partial overlap,2,Low
1663,P029,Operations Check,One-on-One,2025-11-22 16:28 - 2025-11-22 17:04,containment,36,Medium
1664,P030,Testing Acceptance,Tech Sharing,2025-11-05 17:08 - 2025-11-05 17:30,partial overlap,22,Medium
1665,P030,Requirements Analysis,Design Review,2025-11-07 14:45 - 2025-11-07 15:30,partial overlap,45,High
1666,P030,Design Review,Team Building,2025-11-08 16:00 - 2025-11-08 16:30,containment,30,Medium
1667,P030,Requirements Analysis,Team Building,2025-11-08 16:16 - 2025-11-08 17:14,containment,58,High
1668,P030,Design Review,Requirements Analysis,2025-11-08 16:16 - 2025-11-08 16:30,partial overlap,14,Low
1669,P030,Requirements Analysis,Design Review,2025-11-09 13:45 - 2025-11-09 14:15,partial overlap,30,Medium
1670,P030,Design Review,Training,2025-11-05 16:08 - 2025-11-05 16:15,partial overlap,7,Low
1671,P030,Design Review,Project Discussion,2025-11-13 17:08 - 2025-11-13 17:45,partial overlap,37,Medium
1672,P030,Tech Sharing,Project Discussion,2025-11-13 17:30 - 2025-11-13 17:45,partial overlap,15,Medium
1673,P030,One-on-One,Training,2025-11-11 14:30 - 2025-11-11 15:00,containment,30,Medium
1674,P030,Brainstorming,Team Building,2025-11-12 16:30 - 2025-11-12 17:15,containment,45,High
1675,P030,Design Review,Tech Sharing,2025-11-13 17:30 - 2025-11-13 17:59,partial overlap,29,Medium
1676,P030,Project Discussion,Design Review,2025-11-13 09:39 - 2025-11-13 10:00,partial overlap,21,Medium
1677,P030,Training,Design Review,2025-11-13 09:50 - 2025-11-13 10:00,partial overlap,10,Low
1678,P030,Project Discussion,Training,2025-11-13 09:50 - 2025-11-13 10:39,partial overlap,49,High
1679,P030,Training,Code Review,2025-11-17 15:30 - 2025-11-17 15:45,containment,15,Medium
1680,P030,Design Review,Deployment,2025-11-17 09:30 - 2025-11-17 09:45,containment,15,Medium
1681,P030,One-on-One,Training,2025-11-17 15:59 - 2025-11-17 16:15,partial overlap,16,Medium
1682,P030,Operations Check,Tech Sharing,2025-11-20 09:11 - 2025-11-20 09:28,containment,17,Medium
1683,P030,Product Demo,Tech Sharing,2025-11-17 18:15 - 2025-11-17 18:45,full overlap,30,Medium
1684,P030,Training,Design Review,2025-11-23 08:56 - 2025-11-23 09:00,partial overlap,4,Low
1685,P030,Brainstorming,Product Demo,2025-11-18 18:30 - 2025-11-18 18:45,containment,15,Medium
1686,P030,Meeting,Code Review,2025-11-24 10:15 - 2025-11-24 10:45,containment,30,Medium
1687,P031,Operations Check,Deployment,2025-11-01 16:00 - 2025-11-01 16:15,partial overlap,15,Medium
1688,P031,Design Review,Operations Check,2025-10-30 11:39 - 2025-10-30 12:00,partial overlap,21,Medium
1689,P031,Deployment,Testing Acceptance,2025-11-08 11:30 - 2025-11-08 11:45,partial overlap,15,Medium
1690,P031,Code Review,Team Building,2025-11-07 16:10 - 2025-11-07 16:52,containment,42,Medium
1691,P031,Testing Acceptance,Code Review,2025-11-10 08:30 - 2025-11-10 09:15,containment,45,High
1692,P031,Requirements Analysis,Client Visit,2025-11-10 14:15 - 2025-11-10 14:30,partial overlap,15,Medium
1693,P031,Client Visit,Tech Sharing,2025-11-07 11:09 - 2025-11-07 11:15,partial overlap,6,Low
1694,P031,Brainstorming,One-on-One,2025-11-05 16:42 - 2025-11-05 17:00,containment,18,Medium
1695,P031,Requirements Analysis,Project Discussion,2025-11-08 09:36 - 2025-11-08 09:59,containment,23,Medium
1696,P031,Product Demo,Code Review,2025-11-12 09:30 - 2025-11-12 09:45,partial overlap,15,Medium
1697,P031,Brainstorming,Deployment,2025-11-16 15:00 - 2025-11-16 15:15,containment,15,Medium
1698,P031,Product Demo,Project Discussion,2025-11-10 11:13 - 2025-11-10 11:45,partial overlap,32,Medium
1699,P031,Project Discussion,Brainstorming,2025-11-15 18:14 - 2025-11-15 18:49,containment,35,Medium
1700,P031,Tech Sharing,Tech Sharing,2025-11-19 10:45 - 2025-11-19 11:15,partial overlap,30,Medium
1701,P031,Requirements Analysis,Tech Sharing,2025-11-21 09:15 - 2025-11-21 09:45,partial overlap,30,Medium
1702,P031,Requirements Analysis,Testing Acceptance,2025-11-20 17:45 - 2025-11-20 18:15,partial overlap,30,Medium
1703,P031,Tech Sharing,Code Review,2025-11-24 15:57 - 2025-11-24 16:30,partial overlap,33,Medium
1704,P031,Code Review,Deployment,2025-11-22 09:37 - 2025-11-22 10:00,partial overlap,23,Medium
1705,P032,Team Building,Client Visit,2025-11-01 12:30 - 2025-11-01 13:15,full overlap,45,High
1706,P032,Code Review,Client Visit,2025-11-01 12:54 - 2025-11-01 13:14,containment,20,Medium
1707,P032,Project Discussion,Requirements Analysis,2025-11-02 17:53 - 2025-11-02 18:15,partial overlap,22,Medium
1708,P032,Code Review,Team Building,2025-11-01 12:54 - 2025-11-01 13:14,containment,20,Medium
1709,P032,Operations Check,Operations Check,2025-11-02 14:15 - 2025-11-02 14:45,partial overlap,30,Medium
1710,P032,Team Building,Team Building,2025-11-09 13:30 - 2025-11-09 14:15,containment,45,High
1711,P032,Tech Sharing,Deployment,2025-11-11 12:59 - 2025-11-11 13:00,partial overlap,1,Low
1712,P032,Testing Acceptance,Brainstorming,2025-11-08 15:22 - 2025-11-08 16:00,partial overlap,38,Medium
1713,P032,Tech Sharing,Brainstorming,2025-11-10 18:32 - 2025-11-10 18:59,containment,27,Medium
1714,P032,Design Review,Testing Acceptance,2025-11-10 10:30 - 2025-11-10 11:00,partial overlap,30,Medium
1715,P032,Testing Acceptance,Requirements Analysis,2025-11-09 10:37 - 2025-11-09 10:57,containment,20,Medium
1716,P032,Design Review,Requirements Analysis,2025-11-09 10:44 - 2025-11-09 11:00,partial overlap,16,Medium
1717,P032,Operations Check,Deployment,2025-11-12 08:30 - 2025-11-12 09:15,containment,45,High
1718,P032,Client Visit,Team Building,2025-11-13 13:40 - 2025-11-13 14:00,partial overlap,20,Medium
1719,P032,One-on-One,Brainstorming,2025-11-12 15:45 - 2025-11-12 16:15,containment,30,Medium
1720,P032,Project Discussion,Project Discussion,2025-11-16 09:00 - 2025-11-16 09:45,containment,45,High
1721,P032,Brainstorming,Project Discussion,2025-11-16 09:09 - 2025-11-16 09:45,partial overlap,36,Medium
1722,P032,Brainstorming,Project Discussion,2025-11-16 09:09 - 2025-11-16 09:45,partial overlap,36,Medium
1723,P032,Requirements Analysis,Requirements Analysis,2025-11-14 15:57 - 2025-11-14 16:15,partial overlap,18,Medium
1724,P032,Testing Acceptance,Design Review,2025-11-09 10:44 - 2025-11-09 10:57,partial overlap,13,Low
1725,P032,Meeting,Deployment,2025-11-19 17:15 - 2025-11-19 17:45,partial overlap,30,Medium
1726,P032,Meeting,Training,2025-11-20 09:22 - 2025-11-20 10:00,containment,38,Medium
1727,P032,Training,Operations Check,2025-11-15 18:30 - 2025-11-15 18:45,containment,15,Medium
1728,P032,Product Demo,Operations Check,2025-11-15 18:48 - 2025-11-15 19:00,partial overlap,12,Low
1729,P032,Client Visit,Code Review,2025-11-19 18:28 - 2025-11-19 18:30,partial overlap,2,Low
1730,P032,Design Review,Team Building,2025-11-20 18:14 - 2025-11-20 18:15,partial overlap,1,Low
1731,P032,Team Building,Product Demo,2025-11-22 16:45 - 2025-11-22 17:00,containment,15,Medium
1732,P032,Operations Check,Meeting,2025-11-22 11:00 - 2025-11-22 11:30,containment,30,Medium
1733,P032,Testing Acceptance,Meeting,2025-11-22 11:00 - 2025-11-22 11:30,containment,30,Medium
1734,P032,Team Building,Training,2025-11-21 17:05 - 2025-11-21 17:30,partial overlap,25,Medium
1735,P032,Team Building,Testing Acceptance,2025-11-21 17:30 - 2025-11-21 18:00,containment,30,Medium
1736,P032,Team Building,Testing Acceptance,2025-11-23 15:08 - 2025-11-23 15:30,partial overlap,22,Medium
1737,P032,Meeting,Testing Acceptance,2025-11-18 18:54 - 2025-11-18 19:30,partial overlap,36,Medium
1738,P032,Testing Acceptance,Operations Check,2025-11-22 10:52 - 2025-11-22 11:30,partial overlap,38,Medium
1739,P033,Product Demo,Code Review,2025-10-30 17:00 - 2025-10-30 17:45,partial overlap,45,High
1740,P033,Deployment,Tech Sharing,2025-11-05 10:00 - 2025-11-05 10:15,partial overlap,15,Medium
1741,P033,Tech Sharing,Project Discussion,2025-11-07 16:30 - 2025-11-07 17:00,partial overlap,30,Medium
1742,P033,Deployment,Design Review,2025-11-09 09:15 - 2025-11-09 09:45,partial overlap,30,Medium
1743,P033,One-on-One,Meeting,2025-11-09 12:45 - 2025-11-09 13:15,full overlap,30,Medium
1744,P033,Code Review,Brainstorming,2025-11-08 13:15 - 2025-11-08 14:00,full overlap,45,High
1745,P033,Project Discussion,Brainstorming,2025-11-08 13:15 - 2025-11-08 14:00,full overlap,45,High
1746,P033,Code Review,Operations Check,2025-11-12 17:45 - 2025-11-12 18:00,partial overlap,15,Medium
1747,P033,Project Discussion,Code Review,2025-11-08 13:15 - 2025-11-08 14:00,full overlap,45,High
1748,P033,Brainstorming,Requirements Analysis,2025-11-15 10:39 - 2025-11-15 11:00,partial overlap,21,Medium
1749,P033,Training,Client Visit,2025-11-09 17:43 - 2025-11-09 18:00,partial overlap,17,Medium
1750,P033,Client Visit,Brainstorming,2025-11-16 10:45 - 2025-11-16 11:00,containment,15,Medium
1751,P033,Team Building,Brainstorming,2025-11-16 11:15 - 2025-11-16 11:30,partial overlap,15,Medium
1752,P033,Operations Check,Deployment,2025-11-16 18:00 - 2025-11-16 18:15,containment,15,Medium
1753,P033,Client Visit,Deployment,2025-11-16 18:19 - 2025-11-16 19:00,partial overlap,41,Medium
1754,P033,Client Visit,Deployment,2025-11-16 18:28 - 2025-11-16 18:43,containment,15,Medium
1755,P033,Training,Brainstorming,2025-11-15 11:00 - 2025-11-15 11:27,partial overlap,27,Medium
1756,P033,Project Discussion,Brainstorming,2025-11-15 11:00 - 2025-11-15 11:15,containment,15,Medium
1757,P033,Client Visit,Brainstorming,2025-11-15 11:21 - 2025-11-15 11:27,partial overlap,6,Low
1758,P033,Project Discussion,Team Building,2025-11-16 11:30 - 2025-11-16 11:45,containment,15,Medium
1759,P033,Project Discussion,Training,2025-11-15 11:00 - 2025-11-15 11:15,containment,15,Medium
1760,P033,Client Visit,Training,2025-11-15 11:21 - 2025-11-15 11:53,containment,32,Medium
1761,P033,Brainstorming,Training,2025-11-15 11:30 - 2025-11-15 11:57,partial overlap,27,Medium
1762,P033,Client Visit,Client Visit,2025-11-16 18:28 - 2025-11-16 18:43,containment,15,Medium
1763,P033,Tech Sharing,Product Demo,2025-11-13 15:45 - 2025-11-13 16:00,partial overlap,15,Medium
1764,P033,Requirements Analysis,Requirements Analysis,2025-11-18 11:06 - 2025-11-18 11:45,partial overlap,39,Medium
1765,P033,Client Visit,Requirements Analysis,2025-11-18 11:30 - 2025-11-18 11:45,partial overlap,15,Medium
1766,P033,Training,One-on-One,2025-11-17 17:42 - 2025-11-17 17:45,partial overlap,3,Low
1767,P033,Deployment,One-on-One,2025-11-17 17:44 - 2025-11-17 17:45,partial overlap,1,Low
1768,P033,Requirements Analysis,Deployment,2025-11-20 15:45 - 2025-11-20 16:00,containment,15,Medium
1769,P033,Operations Check,Code Review,2025-11-20 13:00 - 2025-11-20 13:15,partial overlap,15,Medium
1770,P033,Team Building,Testing Acceptance,2025-11-15 12:32 - 2025-11-15 12:45,partial overlap,13,Low
1771,P033,Client Visit,Brainstorming,2025-11-15 11:30 - 2025-11-15 11:53,partial overlap,23,Medium
1772,P033,Client Visit,Deployment,2025-11-15 17:24 - 2025-11-15 17:30,partial overlap,6,Low
1773,P033,Team Building,Operations Check,2025-11-23 10:45 - 2025-11-23 11:00,partial overlap,15,Medium
1774,P033,Design Review,Code Review,2025-11-21 11:06 - 2025-11-21 11:15,partial overlap,9,Low
1775,P033,Requirements Analysis,Client Visit,2025-11-18 11:30 - 2025-11-18 12:00,partial overlap,30,Medium
1776,P033,Team Building,Deployment,2025-11-20 11:24 - 2025-11-20 11:30,partial overlap,6,Low
1777,P033,Client Visit,Training,2025-11-19 12:15 - 2025-11-19 12:30,partial overlap,15,Medium
1778,P033,Deployment,Training,2025-11-17 17:44 - 2025-11-17 18:20,partial overlap,36,Medium
1779,P034,Team Building,Training,2025-10-29 12:30 - 2025-10-29 13:00,containment,30,Medium
1780,P034,Training,Deployment,2025-10-31 11:44 - 2025-10-31 12:06,containment,22,Medium
1781,P034,Training,Code Review,2025-11-03 11:15 - 2025-11-03 11:30,partial overlap,15,Medium
1782,P034,Meeting,Tech Sharing,2025-11-08 11:00 - 2025-11-08 11:30,partial overlap,30,Medium
1783,P034,Product Demo,Tech Sharing,2025-11-08 11:00 - 2025-11-08 11:31,partial overlap,31,Medium
1784,P034,Code Review,Tech Sharing,2025-11-08 11:15 - 2025-11-08 12:00,containment,45,High
1785,P034,Code Review,Deployment,2025-11-10 12:30 - 2025-11-10 13:00,containment,30,Medium
1786,P034,Meeting,Code Review,2025-11-08 11:15 - 2025-11-08 11:30,partial overlap,15,Medium
1787,P034,Product Demo,Code Review,2025-11-08 11:15 - 2025-11-08 11:31,partial overlap,16,Medium
1788,P034,Requirements Analysis,Client Visit,2025-11-10 10:06 - 2025-11-10 10:45,partial overlap,39,Medium
1789,P034,One-on-One,Code Review,2025-11-08 08:39 - 2025-11-08 09:00,partial overlap,21,Medium
1790,P034,Deployment,Testing Acceptance,2025-11-14 09:15 - 2025-11-14 09:45,containment,30,Medium
1791,P034,Code Review,Meeting,2025-11-08 10:35 - 2025-11-08 11:00,containment,25,Medium
1792,P034,Product Demo,Meeting,2025-11-08 10:52 - 2025-11-08 11:30,partial overlap,38,Medium
1793,P034,Team Building,Project Discussion,2025-11-15 11:37 - 2025-11-15 11:45,partial overlap,8,Low
1794,P034,Client Visit,Requirements Analysis,2025-11-12 12:30 - 2025-11-12 13:00,containment,30,Medium
1795,P034,Design Review,Testing Acceptance,2025-11-17 14:13 - 2025-11-17 14:57,containment,44,Medium
1796,P034,Training,Testing Acceptance,2025-11-17 14:30 - 2025-11-17 15:00,containment,30,Medium
1797,P034,Product Demo,Code Review,2025-11-08 10:52 - 2025-11-08 11:00,partial overlap,8,Low
1798,P034,Testing Acceptance,Team Building,2025-11-15 12:15 - 2025-11-15 12:37,partial overlap,22,Medium
1799,P034,Training,Design Review,2025-11-17 14:30 - 2025-11-17 14:57,partial overlap,27,Medium
1800,P034,Product Demo,Brainstorming,2025-11-17 17:45 - 2025-11-17 18:15,partial overlap,30,Medium
1801,P034,Project Discussion,Operations Check,2025-11-21 18:45 - 2025-11-21 19:15,containment,30,Medium
1802,P034,Client Visit,Meeting,2025-11-19 09:25 - 2025-11-19 09:30,partial overlap,5,Low
1803,P034,Client Visit,Code Review,2025-11-18 09:00 - 2025-11-18 09:15,partial overlap,15,Medium
1804,P034,Requirements Analysis,Code Review,2025-11-18 09:14 - 2025-11-18 09:45,partial overlap,31,Medium
1805,P034,Deployment,Code Review,2025-11-18 09:15 - 2025-11-18 09:45,partial overlap,30,Medium
1806,P034,One-on-One,Code Review,2025-11-18 09:23 - 2025-11-18 09:45,partial overlap,22,Medium
1807,P034,Requirements Analysis,Client Visit,2025-11-18 09:14 - 2025-11-18 09:15,partial overlap,1,Low
1808,P034,Product Demo,Testing Acceptance,2025-11-23 09:12 - 2025-11-23 09:15,partial overlap,3,Low
1809,P034,Requirements Analysis,Deployment,2025-11-18 09:15 - 2025-11-18 09:49,partial overlap,34,Medium
1810,P034,One-on-One,Deployment,2025-11-18 09:23 - 2025-11-18 09:53,containment,30,Medium
1811,P034,Meeting,Deployment,2025-11-18 09:48 - 2025-11-18 10:00,partial overlap,12,Low
1812,P034,Requirements Analysis,One-on-One,2025-11-18 09:23 - 2025-11-18 09:49,partial overlap,26,Medium
1813,P034,Meeting,One-on-One,2025-11-18 09:48 - 2025-11-18 09:53,partial overlap,5,Low
1814,P034,Requirements Analysis,Meeting,2025-11-18 09:48 - 2025-11-18 09:49,partial overlap,1,Low
1815,P035,Deployment,Deployment,2025-11-03 09:15 - 2025-11-03 09:30,partial overlap,15,Medium
1816,P035,Meeting,Training,2025-11-04 11:30 - 2025-11-04 11:45,partial overlap,15,Medium
1817,P035,Meeting,One-on-One,2025-11-07 18:45 - 2025-11-07 19:15,partial overlap,30,Medium
1818,P035,Client Visit,Product Demo,2025-11-10 16:30 - 2025-11-10 17:00,containment,30,Medium
1819,P035,Product Demo,Product Demo,2025-11-11 11:20 - 2025-11-11 11:30,partial overlap,10,Low
1820,P035,Operations Check,Tech Sharing,2025-11-10 10:15 - 2025-11-10 10:30,partial overlap,15,Medium
1821,P035,Project Discussion,Tech Sharing,2025-11-10 10:15 - 2025-11-10 10:39,partial overlap,24,Medium
1822,P035,Brainstorming,Meeting,2025-11-13 18:00 - 2025-11-13 18:15,partial overlap,15,Medium
1823,P035,Requirements Analysis,Testing Acceptance,2025-11-12 12:21 - 2025-11-12 13:00,partial overlap,39,Medium
1824,P035,Code Review,Testing Acceptance,2025-11-10 09:39 - 2025-11-10 10:08,containment,29,Medium
1825,P035,Operations Check,Testing Acceptance,2025-11-10 09:45 - 2025-11-10 10:15,partial overlap,30,Medium
1826,P035,Project Discussion,Testing Acceptance,2025-11-10 09:53 - 2025-11-10 10:15,partial overlap,22,Medium
1827,P035,Code Review,Operations Check,2025-11-10 09:45 - 2025-11-10 10:08,partial overlap,23,Medium
1828,P035,Project Discussion,Operations Check,2025-11-10 09:53 - 2025-11-10 10:30,partial overlap,37,Medium
1829,P035,Product Demo,Meeting,2025-11-11 11:30 - 2025-11-11 12:10,partial overlap,40,Medium
1830,P035,Brainstorming,Testing Acceptance,2025-11-17 16:15 - 2025-11-17 16:30,partial overlap,15,Medium
1831,P035,Project Discussion,Code Review,2025-11-10 09:53 - 2025-11-10 10:08,partial overlap,15,Medium
1832,P035,Design Review,Training,2025-11-17 14:15 - 2025-11-17 14:30,partial overlap,15,Medium
1833,P035,Operations Check,Meeting,2025-11-19 13:45 - 2025-11-19 14:00,containment,15,Medium
1834,P035,Testing Acceptance,Brainstorming,2025-11-20 17:00 - 2025-11-20 17:15,partial overlap,15,Medium
1835,P035,Meeting,Brainstorming,2025-11-20 17:15 - 2025-11-20 17:30,containment,15,Medium
1836,P035,Operations Check,Brainstorming,2025-11-20 17:15 - 2025-11-20 17:30,partial overlap,15,Medium
1837,P035,Operations Check,Meeting,2025-11-20 17:15 - 2025-11-20 17:30,containment,15,Medium
1838,P035,Tech Sharing,Tech Sharing,2025-11-17 10:27 - 2025-11-17 10:45,partial overlap,18,Medium
1839,P036,Project Discussion,Design Review,2025-11-02 12:05 - 2025-11-02 12:34,containment,29,Medium
1840,P036,Training,Meeting,2025-11-01 16:00 - 2025-11-01 16:30,containment,30,Medium
1841,P036,Requirements Analysis,Meeting,2025-11-01 16:00 - 2025-11-01 16:30,containment,30,Medium
1842,P036,Deployment,Training,2025-11-04 17:00 - 2025-11-04 18:00,partial overlap,60,High
1843,P036,Code Review,Tech Sharing,2025-11-03 11:30 - 2025-11-03 12:00,containment,30,Medium
1844,P036,Requirements Analysis,Training,2025-11-01 15:46 - 2025-11-01 16:30,partial overlap,44,Medium
1845,P036,Project Discussion,Testing Acceptance,2025-11-11 09:49 - 2025-11-11 10:15,partial overlap,26,Medium
1846,P036,Client Visit,Design Review,2025-11-12 10:15 - 2025-11-12 10:45,partial overlap,30,Medium
1847,P036,Product Demo,Testing Acceptance,2025-11-10 13:15 - 2025-11-10 14:00,containment,45,High
1848,P036,Team Building,Testing Acceptance,2025-11-10 13:45 - 2025-11-10 14:00,partial overlap,15,Medium
1849,P036,Training,Design Review,2025-11-11 17:00 - 2025-11-11 17:15,partial overlap,15,Medium
1850,P036,Client Visit,Team Building,2025-11-09 08:45 - 2025-11-09 09:00,partial overlap,15,Medium
1851,P036,Product Demo,Team Building,2025-11-10 13:45 - 2025-11-10 14:00,partial overlap,15,Medium
1852,P036,Project Discussion,Brainstorming,2025-11-11 10:30 - 2025-11-11 10:39,partial overlap,9,Low
1853,P036,Requirements Analysis,Brainstorming,2025-11-11 10:30 - 2025-11-11 11:00,partial overlap,30,Medium
1854,P036,Code Review,Brainstorming,2025-11-11 10:32 - 2025-11-11 11:15,partial overlap,43,Medium
1855,P036,Project Discussion,Requirements Analysis,2025-11-11 10:15 - 2025-11-11 10:39,partial overlap,24,Medium
1856,P036,Code Review,Requirements Analysis,2025-11-11 10:32 - 2025-11-11 11:00,partial overlap,28,Medium
1857,P036,Deployment,Tech Sharing,2025-11-17 18:00 - 2025-11-17 18:15,containment,15,Medium
1858,P036,Project Discussion,Code Review,2025-11-11 10:32 - 2025-11-11 10:39,partial overlap,7,Low
1859,P036,Operations Check,Code Review,2025-11-18 18:28 - 2025-11-18 18:45,partial overlap,17,Medium
1860,P036,Meeting,Project Discussion,2025-11-18 08:15 - 2025-11-18 08:45,partial overlap,30,Medium
1861,P036,Deployment,Testing Acceptance,2025-11-14 18:45 - 2025-11-14 19:00,partial overlap,15,Medium
1862,P036,Product Demo,Team Building,2025-11-16 18:15 - 2025-11-16 18:30,containment,15,Medium
1863,P036,One-on-One,One-on-One,2025-11-18 12:37 - 2025-11-18 12:45,partial overlap,8,Low
1864,P036,Project Discussion,Product Demo,2025-11-16 18:40 - 2025-11-16 18:45,partial overlap,5,Low
1865,P036,Tech Sharing,Tech Sharing,2025-11-20 16:30 - 2025-11-20 16:45,containment,15,Medium
1866,P036,Code Review,Project Discussion,2025-11-20 08:45 - 2025-11-20 09:15,full overlap,30,Medium
1867,P036,Project Discussion,Meeting,2025-11-17 18:36 - 2025-11-17 19:00,partial overlap,24,Medium
1868,P036,Tech Sharing,Product Demo,2025-11-22 08:20 - 2025-11-22 08:30,partial overlap,10,Low
1869,P036,Testing Acceptance,Training,2025-11-18 15:15 - 2025-11-18 15:30,partial overlap,15,Medium
1870,P036,Tech Sharing,Tech Sharing,2025-11-20 15:56 - 2025-11-20 16:15,partial overlap,19,Medium
1871,P037,Tech Sharing,Team Building,2025-11-03 16:00 - 2025-11-03 16:30,containment,30,Medium
1872,P037,Product Demo,Code Review,2025-11-02 10:21 - 2025-11-02 10:40,containment,19,Medium
1873,P037,Code Review,Code Review,2025-11-10 14:15 - 2025-11-10 14:30,partial overlap,15,Medium
1874,P037,Design Review,Code Review,2025-11-10 14:33 - 2025-11-10 15:15,partial overlap,42,Medium
1875,P037,One-on-One,Tech Sharing,2025-11-10 17:15 - 2025-11-10 17:45,partial overlap,30,Medium
1876,P037,Design Review,Brainstorming,2025-11-11 10:39 - 2025-11-11 11:15,partial overlap,36,Medium
1877,P037,Client Visit,Client Visit,2025-11-09 09:30 - 2025-11-09 09:45,partial overlap,15,Medium
1878,P037,Design Review,Tech Sharing,2025-11-11 11:15 - 2025-11-11 11:37,partial overlap,22,Medium
1879,P037,One-on-One,Code Review,2025-11-14 14:15 - 2025-11-14 14:30,containment,15,Medium
1880,P037,Product Demo,Meeting,2025-11-15 08:30 - 2025-11-15 08:45,partial overlap,15,Medium
1881,P037,Project Discussion,One-on-One,2025-11-13 12:27 - 2025-11-13 12:30,partial overlap,3,Low
1882,P037,Requirements Analysis,Deployment,2025-11-13 15:14 - 2025-11-13 15:30,partial overlap,16,Medium
1883,P037,Testing Acceptance,Training,2025-11-20 13:45 - 2025-11-20 14:00,partial overlap,15,Medium
1884,P037,Meeting,Client Visit,2025-11-19 15:15 - 2025-11-19 15:30,containment,15,Medium
1885,P037,Project Discussion,Team Building,2025-11-18 10:45 - 2025-11-18 11:00,partial overlap,15,Medium
1886,P037,Tech Sharing,One-on-One,2025-11-22 12:30 - 2025-11-22 13:00,containment,30,Medium
1887,P037,Design Review,Testing Acceptance,2025-11-20 14:10 - 2025-11-20 14:30,partial overlap,20,Medium
1888,P038,Operations Check,Code Review,2025-11-01 12:24 - 2025-11-01 13:00,partial overlap,36,Medium
1889,P038,Brainstorming,Testing Acceptance,2025-10-31 09:13 - 2025-10-31 10:03,containment,50,High
1890,P038,Design Review,Tech Sharing,2025-11-03 16:15 - 2025-11-03 16:59,containment,44,Medium
1891,P038,Team Building,Requirements Analysis,2025-11-08 14:45 - 2025-11-08 15:15,containment,30,Medium
1892,P038,Product Demo,One-on-One,2025-11-16 18:00 - 2025-11-16 18:15,containment,15,Medium
1893,P038,Training,Design Review,2025-11-13 10:54 - 2025-11-13 11:15,partial overlap,21,Medium
1894,P038,Team Building,Client Visit,2025-11-20 13:00 - 2025-11-20 13:30,partial overlap,30,Medium
1895,P038,Client Visit,Code Review,2025-11-18 09:06 - 2025-11-18 09:15,partial overlap,9,Low
1896,P038,Requirements Analysis,Code Review,2025-11-22 12:15 - 2025-11-22 12:30,partial overlap,15,Medium
1897,P038,One-on-One,Project Discussion,2025-11-25 11:00 - 2025-11-25 11:15,full overlap,15,Medium
1898,P039,Training,Project Discussion,2025-11-02 18:01 - 2025-11-02 18:29,containment,28,Medium
1899,P039,Design Review,Meeting,2025-10-31 14:09 - 2025-10-31 14:30,partial overlap,21,Medium
1900,P039,Tech Sharing,Deployment,2025-11-05 17:00 - 2025-11-05 18:00,containment,60,High
1901,P039,Deployment,Deployment,2025-11-05 17:12 - 2025-11-05 18:01,containment,49,High
1902,P039,Meeting,One-on-One,2025-11-03 08:30 - 2025-11-03 09:15,full overlap,45,High
1903,P039,Operations Check,One-on-One,2025-11-03 08:58 - 2025-11-03 09:15,partial overlap,17,Medium
1904,P039,Tech Sharing,Training,2025-11-03 15:51 - 2025-11-03 16:51,containment,60,High
1905,P039,Operations Check,Meeting,2025-11-03 08:58 - 2025-11-03 09:15,partial overlap,17,Medium
1906,P039,Tech Sharing,Deployment,2025-11-05 17:12 - 2025-11-05 18:00,partial overlap,48,High
1907,P039,Training,Project Discussion,2025-11-07 18:24 - 2025-11-07 18:45,partial overlap,21,Medium
1908,P039,Project Discussion,Code Review,2025-11-08 10:05 - 2025-11-08 10:45,partial overlap,40,Medium
1909,P039,Requirements Analysis,Testing Acceptance,2025-11-11 11:45 - 2025-11-11 12:15,containment,30,Medium
1910,P039,Meeting,Code Review,2025-11-13 13:15 - 2025-11-13 13:45,full overlap,30,Medium
1911,P039,Meeting,Code Review,2025-11-13 13:26 - 2025-11-13 13:45,partial overlap,19,Medium
1912,P039,Meeting,Meeting,2025-11-13 13:26 - 2025-11-13 13:45,partial overlap,19,Medium
1913,P039,Operations Check,Team Building,2025-11-15 13:57 - 2025-11-15 14:38,containment,41,Medium
1914,P039,Code Review,Code Review,2025-11-14 15:00 - 2025-11-14 15:30,containment,30,Medium
1915,P039,Training,Requirements Analysis,2025-11-17 17:15 - 2025-11-17 17:30,partial overlap,15,Medium
1916,P039,Code Review,Deployment,2025-11-20 17:30 - 2025-11-20 17:45,containment,15,Medium
1917,P039,Tech Sharing,Code Review,2025-11-15 15:45 - 2025-11-15 16:00,containment,15,Medium
1918,P039,Project Discussion,Product Demo,2025-11-14 08:57 - 2025-11-14 09:00,partial overlap,3,Low
1919,P039,Operations Check,Project Discussion,2025-11-16 09:15 - 2025-11-16 09:30,containment,15,Medium
1920,P039,Training,Training,2025-11-21 11:12 - 2025-11-21 11:30,partial overlap,18,Medium
1921,P040,Product Demo,Requirements Analysis,2025-10-31 15:30 - 2025-10-31 16:00,containment,30,Medium
1922,P040,Training,Requirements Analysis,2025-10-31 15:30 - 2025-10-31 16:00,full overlap,30,Medium
1923,P040,Code Review,Code Review,2025-11-04 13:42 - 2025-11-04 13:58,containment,16,Medium
1924,P040,Product Demo,Training,2025-10-31 15:30 - 2025-10-31 16:00,containment,30,Medium
1925,P040,Product Demo,Deployment,2025-11-07 17:45 - 2025-11-07 18:15,partial overlap,30,Medium
1926,P040,Product Demo,Operations Check,2025-11-03 10:41 - 2025-11-03 11:15,partial overlap,34,Medium
1927,P040,Code Review,Operations Check,2025-11-03 10:49 - 2025-11-03 11:10,containment,21,Medium
1928,P040,Testing Acceptance,Requirements Analysis,2025-11-06 13:45 - 2025-11-06 14:00,partial overlap,15,Medium
1929,P040,Code Review,Product Demo,2025-11-03 10:49 - 2025-11-03 11:10,containment,21,Medium
1930,P040,Meeting,Requirements Analysis,2025-11-10 16:45 - 2025-11-10 17:30,partial overlap,45,High
1931,P040,Team Building,Code Review,2025-11-10 14:45 - 2025-11-10 15:00,partial overlap,15,Medium
1932,P040,Meeting,Operations Check,2025-11-08 17:29 - 2025-11-08 17:45,partial overlap,16,Medium
1933,P040,Deployment,Design Review,2025-11-10 18:15 - 2025-11-10 19:00,containment,45,High
1934,P040,Team Building,Operations Check,2025-11-09 16:34 - 2025-11-09 16:57,containment,23,Medium
1935,P040,Training,One-on-One,2025-11-11 16:15 - 2025-11-11 16:30,partial overlap,15,Medium
1936,P040,Project Discussion,Client Visit,2025-11-09 10:15 - 2025-11-09 10:30,partial overlap,15,Medium
1937,P040,Tech Sharing,Client Visit,2025-11-09 10:15 - 2025-11-09 10:38,partial overlap,23,Medium
1938,P040,Team Building,Client Visit,2025-11-09 10:26 - 2025-11-09 10:45,partial overlap,19,Medium
1939,P040,Operations Check,Deployment,2025-11-15 10:00 - 2025-11-15 10:15,partial overlap,15,Medium
1940,P040,Operations Check,Deployment,2025-11-15 10:07 - 2025-11-15 10:31,containment,24,Medium
1941,P040,Testing Acceptance,Deployment,2025-11-15 08:41 - 2025-11-15 09:30,partial overlap,49,High
1942,P040,Project Discussion,Product Demo,2025-11-15 08:00 - 2025-11-15 08:15,containment,15,Medium
1943,P040,Tech Sharing,Project Discussion,2025-11-09 10:10 - 2025-11-09 10:30,partial overlap,20,Medium
1944,P040,Team Building,Project Discussion,2025-11-09 10:26 - 2025-11-09 10:30,partial overlap,4,Low
1945,P040,Operations Check,Product Demo,2025-11-15 18:30 - 2025-11-15 19:00,partial overlap,30,Medium
1946,P040,Tech Sharing,Team Building,2025-11-09 10:26 - 2025-11-09 10:38,partial overlap,12,Low
1947,P040,Operations Check,Operations Check,2025-11-15 10:07 - 2025-11-15 10:15,partial overlap,8,Low
1948,P040,One-on-One,Requirements Analysis,2025-11-18 08:30 - 2025-11-18 09:00,partial overlap,30,Medium
1949,P040,Tech Sharing,Project Discussion,2025-11-16 12:54 - 2025-11-16 13:00,partial overlap,6,Low
1950,P040,Brainstorming,Training,2025-11-18 13:00 - 2025-11-18 13:15,partial overlap,15,Medium
1951,P040,Code Review,Brainstorming,2025-11-17 11:24 - 2025-11-17 12:00,partial overlap,36,Medium
1952,P040,Tech Sharing,Brainstorming,2025-11-17 11:24 - 2025-11-17 11:46,containment,22,Medium
1953,P040,Brainstorming,Training,2025-11-20 11:30 - 2025-11-20 11:45,containment,15,Medium
1954,P040,Project Discussion,Code Review,2025-11-18 15:30 - 2025-11-18 15:45,partial overlap,15,Medium
1955,P040,Project Discussion,Deployment,2025-11-19 15:23 - 2025-11-19 15:30,partial overlap,7,Low
1956,P040,Tech Sharing,Code Review,2025-11-17 11:24 - 2025-11-17 11:46,containment,22,Medium
1957,P041,Product Demo,Code Review,2025-11-04 11:00 - 2025-11-04 11:15,partial overlap,15,Medium
1958,P041,Training,Code Review,2025-11-04 11:00 - 2025-11-04 11:30,partial overlap,30,Medium
1959,P041,Project Discussion,Code Review,2025-11-04 11:26 - 2025-11-04 12:07,containment,41,Medium
1960,P041,Operations Check,Product Demo,2025-11-04 10:15 - 2025-11-04 10:45,containment,30,Medium
1961,P041,Training,Product Demo,2025-11-04 10:45 - 2025-11-04 11:15,partial overlap,30,Medium
1962,P041,Operations Check,Project Discussion,2025-11-07 12:08 - 2025-11-07 12:25,containment,17,Medium
1963,P041,Deployment,Project Discussion,2025-11-07 12:45 - 2025-11-07 13:15,partial overlap,30,Medium
1964,P041,Project Discussion,Training,2025-11-04 11:26 - 2025-11-04 11:30,partial overlap,4,Low
1965,P041,Design Review,Tech Sharing,2025-11-11 09:00 - 2025-11-11 09:30,containment,30,Medium
1966,P041,Team Building,Requirements Analysis,2025-11-09 15:15 - 2025-11-09 15:30,partial overlap,15,Medium
1967,P041,Requirements Analysis,Requirements Analysis,2025-11-09 15:15 - 2025-11-09 15:36,partial overlap,21,Medium
1968,P041,Deployment,Requirements Analysis,2025-11-09 15:15 - 2025-11-09 15:45,full overlap,30,Medium
1969,P041,Brainstorming,Brainstorming,2025-11-11 12:23 - 2025-11-11 12:45,partial overlap,22,Medium
1970,P041,Code Review,Brainstorming,2025-11-11 12:26 - 2025-11-11 12:45,partial overlap,19,Medium
1971,P041,Requirements Analysis,Team Building,2025-11-09 15:11 - 2025-11-09 15:30,partial overlap,19,Medium
1972,P041,Deployment,Team Building,2025-11-09 15:15 - 2025-11-09 15:30,partial overlap,15,Medium
1973,P041,Requirements Analysis,Deployment,2025-11-09 15:15 - 2025-11-09 15:36,partial overlap,21,Medium
1974,P041,Code Review,Operations Check,2025-11-15 09:45 - 2025-11-15 10:15,partial overlap,30,Medium
1975,P041,One-on-One,Team Building,2025-11-14 10:45 - 2025-11-14 11:15,partial overlap,30,Medium
1976,P041,Tech Sharing,One-on-One,2025-11-14 19:10 - 2025-11-14 19:15,partial overlap,5,Low
1977,P041,Code Review,Brainstorming,2025-11-11 12:26 - 2025-11-11 13:02,partial overlap,36,Medium
1978,P041,Deployment,Brainstorming,2025-11-16 09:07 - 2025-11-16 09:15,partial overlap,8,Low
1979,P041,One-on-One,Meeting,2025-11-19 11:30 - 2025-11-19 12:00,containment,30,Medium
1980,P041,Training,Design Review,2025-11-19 13:45 - 2025-11-19 14:15,containment,30,Medium
1981,P041,Brainstorming,Code Review,2025-11-20 08:15 - 2025-11-20 08:45,containment,30,Medium
1982,P041,Training,Requirements Analysis,2025-11-15 13:16 - 2025-11-15 13:30,partial overlap,14,Low
1983,P041,Testing Acceptance,Requirements Analysis,2025-11-16 17:29 - 2025-11-16 17:30,partial overlap,1,Low
1984,P041,Code Review,Requirements Analysis,2025-11-14 11:48 - 2025-11-14 12:15,partial overlap,27,Medium
1985,P042,Product Demo,Testing Acceptance,2025-11-02 15:15 - 2025-11-02 15:30,partial overlap,15,Medium
1986,P042,Tech Sharing,Meeting,2025-11-04 09:23 - 2025-11-04 10:15,containment,52,High
1987,P042,Testing Acceptance,Testing Acceptance,2025-11-06 18:00 - 2025-11-06 18:15,partial overlap,15,Medium
1988,P042,Design Review,Deployment,2025-11-07 11:45 - 2025-11-07 12:00,partial overlap,15,Medium
1989,P042,Brainstorming,Team Building,2025-11-11 18:30 - 2025-11-11 18:45,partial overlap,15,Medium
1990,P042,Code Review,Training,2025-11-06 15:30 - 2025-11-06 16:00,containment,30,Medium
1991,P042,Requirements Analysis,Client Visit,2025-11-10 16:30 - 2025-11-10 16:45,partial overlap,15,Medium
1992,P042,Brainstorming,Design Review,2025-11-07 12:03 - 2025-11-07 12:30,partial overlap,27,Medium
1993,P042,Team Building,Design Review,2025-11-08 15:45 - 2025-11-08 16:15,containment,30,Medium
1994,P042,Design Review,Design Review,2025-11-08 16:14 - 2025-11-08 16:15,partial overlap,1,Low
1995,P042,Operations Check,Client Visit,2025-11-11 09:15 - 2025-11-11 09:30,partial overlap,15,Medium
1996,P042,Product Demo,Client Visit,2025-11-11 09:24 - 2025-11-11 09:30,partial overlap,6,Low
1997,P042,Design Review,Team Building,2025-11-08 16:14 - 2025-11-08 16:15,partial overlap,1,Low
1998,P042,Operations Check,Client Visit,2025-11-11 09:30 - 2025-11-11 09:45,partial overlap,15,Medium
1999,P042,Product Demo,Client Visit,2025-11-11 09:30 - 2025-11-11 10:00,containment,30,Medium
2000,P042,Code Review,Client Visit,2025-11-11 09:45 - 2025-11-11 10:00,partial overlap,15,Medium
2001,P042,Design Review,One-on-One,2025-11-08 17:00 - 2025-11-08 17:12,partial overlap,12,Low
2002,P042,Meeting,Tech Sharing,2025-11-15 13:15 - 2025-11-15 13:45,partial overlap,30,Medium
2003,P042,Product Demo,Operations Check,2025-11-11 09:24 - 2025-11-11 09:45,partial overlap,21,Medium
2004,P042,Code Review,Product Demo,2025-11-11 09:45 - 2025-11-11 10:17,partial overlap,32,Medium
2005,P042,Training,Client Visit,2025-11-19 16:45 - 2025-11-19 17:15,containment,30,Medium
2006,P042,Deployment,Client Visit,2025-11-19 17:11 - 2025-11-19 17:30,partial overlap,19,Medium
2007,P042,Design Review,Training,2025-11-19 12:36 - 2025-11-19 12:45,partial overlap,9,Low
2008,P042,Deployment,Training,2025-11-19 17:11 - 2025-11-19 17:15,partial overlap,4,Low
2009,P042,Client Visit,Requirements Analysis,2025-11-18 13:15 - 2025-11-18 13:30,containment,15,Medium
2010,P042,One-on-One,Design Review,2025-11-18 15:30 - 2025-11-18 15:45,containment,15,Medium
2011,P042,Requirements Analysis,Project Discussion,2025-11-21 18:30 - 2025-11-21 18:46,partial overlap,16,Medium
2012,P042,Operations Check,One-on-One,2025-11-18 15:15 - 2025-11-18 15:23,partial overlap,8,Low
2013,P042,Design Review,Requirements Analysis,2025-11-17 18:00 - 2025-11-17 18:30,containment,30,Medium
2014,P042,Requirements Analysis,Requirements Analysis,2025-11-17 18:27 - 2025-11-17 18:30,partial overlap,3,Low
2015,P042,Operations Check,Deployment,2025-11-18 14:38 - 2025-11-18 14:45,partial overlap,7,Low
2016,P042,One-on-One,Product Demo,2025-11-19 09:45 - 2025-11-19 10:00,partial overlap,15,Medium
2017,P042,Requirements Analysis,Design Review,2025-11-17 18:27 - 2025-11-17 18:45,partial overlap,18,Medium
2018,P042,Team Building,Training,2025-11-18 10:30 - 2025-11-18 10:45,containment,15,Medium
2019,P042,Client Visit,Training,2025-11-18 10:30 - 2025-11-18 11:00,full overlap,30,Medium
2020,P042,Client Visit,Team Building,2025-11-18 10:30 - 2025-11-18 10:45,containment,15,Medium
2021,P043,Testing Acceptance,Deployment,2025-11-01 14:14 - 2025-11-01 14:30,partial overlap,16,Medium
2022,P043,Client Visit,Team Building,2025-11-07 15:45 - 2025-11-07 16:15,containment,30,Medium
2023,P043,Testing Acceptance,One-on-One,2025-11-08 11:45 - 2025-11-08 12:15,partial overlap,30,Medium
2024,P043,Code Review,Training,2025-11-10 15:00 - 2025-11-10 15:23,partial overlap,23,Medium
2025,P043,Brainstorming,Training,2025-11-10 15:00 - 2025-11-10 15:14,partial overlap,14,Low
2026,P043,Tech Sharing,Brainstorming,2025-11-12 09:00 - 2025-11-12 09:45,containment,45,High
2027,P043,Design Review,Brainstorming,2025-11-12 09:12 - 2025-11-12 09:45,partial overlap,33,Medium
2028,P043,Deployment,Testing Acceptance,2025-11-09 08:54 - 2025-11-09 09:43,containment,49,High
2029,P043,Brainstorming,Meeting,2025-11-16 13:00 - 2025-11-16 13:30,containment,30,Medium
2030,P043,Code Review,Deployment,2025-11-10 14:37 - 2025-11-10 14:45,partial overlap,8,Low
2031,P043,Brainstorming,Deployment,2025-11-10 14:39 - 2025-11-10 14:45,partial overlap,6,Low
2032,P043,Design Review,Tech Sharing,2025-11-12 09:12 - 2025-11-12 09:56,containment,44,Medium
2033,P043,Client Visit,Design Review,2025-11-14 14:30 - 2025-11-14 14:45,partial overlap,15,Medium
2034,P043,Testing Acceptance,Design Review,2025-11-14 14:30 - 2025-11-14 14:45,partial overlap,15,Medium
2035,P043,Brainstorming,Design Review,2025-11-14 14:37 - 2025-11-14 14:45,partial overlap,8,Low
2036,P043,Code Review,Brainstorming,2025-11-10 14:39 - 2025-11-10 15:14,containment,35,Medium
2037,P043,Client Visit,Requirements Analysis,2025-11-18 17:00 - 2025-11-18 17:15,partial overlap,15,Medium
2038,P043,Client Visit,Requirements Analysis,2025-11-18 17:00 - 2025-11-18 17:21,partial overlap,21,Medium
2039,P043,Project Discussion,Requirements Analysis,2025-11-18 17:00 - 2025-11-18 17:14,partial overlap,14,Low
2040,P043,Testing Acceptance,Client Visit,2025-11-14 14:30 - 2025-11-14 15:00,full overlap,30,Medium
2041,P043,Brainstorming,Client Visit,2025-11-14 14:37 - 2025-11-14 15:00,partial overlap,23,Medium
2042,P043,Requirements Analysis,Client Visit,2025-11-14 14:45 - 2025-11-14 15:00,containment,15,Medium
2043,P043,Client Visit,Code Review,2025-11-19 10:00 - 2025-11-19 10:15,containment,15,Medium
2044,P043,Brainstorming,Testing Acceptance,2025-11-14 14:37 - 2025-11-14 15:00,partial overlap,23,Medium
2045,P043,Requirements Analysis,Testing Acceptance,2025-11-14 14:45 - 2025-11-14 15:00,containment,15,Medium
2046,P043,Training,Requirements Analysis,2025-11-17 11:45 - 2025-11-17 12:00,partial overlap,15,Medium
2047,P043,Brainstorming,Requirements Analysis,2025-11-14 14:45 - 2025-11-14 15:00,containment,15,Medium
2048,P043,Client Visit,Training,2025-11-17 12:01 - 2025-11-17 12:15,partial overlap,14,Low
2049,P043,Code Review,Training,2025-11-17 12:10 - 2025-11-17 12:15,partial overlap,5,Low
2050,P043,Product Demo,Brainstorming,2025-11-21 08:45 - 2025-11-21 09:00,partial overlap,15,Medium
2051,P043,Testing Acceptance,Meeting,2025-11-23 08:07 - 2025-11-23 08:30,partial overlap,23,Medium
2052,P043,One-on-One,Testing Acceptance,2025-11-23 18:14 - 2025-11-23 18:30,partial overlap,16,Medium
2053,P043,Client Visit,Client Visit,2025-11-18 16:38 - 2025-11-18 17:15,partial overlap,37,Medium
2054,P043,Project Discussion,Client Visit,2025-11-18 16:50 - 2025-11-18 17:14,containment,24,Medium
2055,P043,Client Visit,Code Review,2025-11-17 12:10 - 2025-11-17 12:28,containment,18,Medium
2056,P043,Project Discussion,Client Visit,2025-11-18 16:50 - 2025-11-18 17:14,containment,24,Medium
2057,P044,Operations Check,Training,2025-10-27 14:04 - 2025-10-27 14:25,containment,21,Medium
2058,P044,Design Review,Brainstorming,2025-11-02 16:30 - 2025-11-02 16:45,partial overlap,15,Medium
2059,P044,Training,Training,2025-11-04 15:41 - 2025-11-04 16:17,containment,36,Medium
2060,P044,Client Visit,Testing Acceptance,2025-11-08 11:45 - 2025-11-08 12:15,containment,30,Medium
2061,P044,Design Review,Product Demo,2025-11-11 12:15 - 2025-11-11 13:00,full overlap,45,High
2062,P044,Team Building,Deployment,2025-11-08 14:58 - 2025-11-08 15:15,partial overlap,17,Medium
2063,P044,Requirements Analysis,Requirements Analysis,2025-11-05 16:47 - 2025-11-05 17:15,partial overlap,28,Medium
2064,P044,Testing Acceptance,Requirements Analysis,2025-11-05 16:54 - 2025-11-05 17:15,partial overlap,21,Medium
2065,P044,Client Visit,Project Discussion,2025-11-07 15:00 - 2025-11-07 15:30,containment,30,Medium
2066,P044,Project Discussion,Tech Sharing,2025-11-12 09:00 - 2025-11-12 10:00,full overlap,60,High
2067,P044,Requirements Analysis,Code Review,2025-11-14 18:00 - 2025-11-14 18:30,partial overlap,30,Medium
2068,P044,Code Review,Code Review,2025-11-16 08:45 - 2025-11-16 09:00,partial overlap,15,Medium
2069,P044,Meeting,Code Review,2025-11-16 09:00 - 2025-11-16 09:30,containment,30,Medium
2070,P044,Requirements Analysis,Testing Acceptance,2025-11-05 16:54 - 2025-11-05 17:20,partial overlap,26,Medium
2071,P044,Operations Check,Team Building,2025-11-17 17:43 - 2025-11-17 17:45,partial overlap,2,Low
2072,P044,Code Review,One-on-One,2025-11-19 11:15 - 2025-11-19 11:30,partial overlap,15,Medium
2073,P044,Training,Code Review,2025-11-18 15:45 - 2025-11-18 16:15,containment,30,Medium
2074,P044,Team Building,Code Review,2025-11-18 16:01 - 2025-11-18 16:22,containment,21,Medium
2075,P044,Project Discussion,Code Review,2025-11-19 11:32 - 2025-11-19 11:45,partial overlap,13,Low
2076,P044,Tech Sharing,Design Review,2025-11-17 12:00 - 2025-11-17 12:15,partial overlap,15,Medium
2077,P044,One-on-One,Testing Acceptance,2025-11-18 11:45 - 2025-11-18 11:53,partial overlap,8,Low
2078,P044,Tech Sharing,One-on-One,2025-11-21 17:00 - 2025-11-21 17:15,partial overlap,15,Medium
2079,P044,Code Review,Code Review,2025-11-16 18:30 - 2025-11-16 18:45,partial overlap,15,Medium
2080,P044,Requirements Analysis,Requirements Analysis,2025-11-22 16:00 - 2025-11-22 16:15,full overlap,15,Medium
2081,P044,Tech Sharing,Deployment,2025-11-21 17:30 - 2025-11-21 17:45,containment,15,Medium
2082,P044,Team Building,Training,2025-11-18 16:01 - 2025-11-18 16:15,partial overlap,14,Low
2083,P044,Tech Sharing,Design Review,2025-11-22 17:00 - 2025-11-22 17:07,partial overlap,7,Low
2084,P044,One-on-One,Deployment,2025-11-19 09:07 - 2025-11-19 09:15,partial overlap,8,Low
2085,P044,One-on-One,Operations Check,2025-11-18 11:03 - 2025-11-18 11:32,partial overlap,29,Medium
2086,P044,Tech Sharing,Testing Acceptance,2025-11-22 16:19 - 2025-11-22 16:37,containment,18,Medium
2087,P045,One-on-One,Code Review,2025-11-06 08:36 - 2025-11-06 09:00,partial overlap,24,Medium
2088,P045,Project Discussion,Tech Sharing,2025-11-08 16:10 - 2025-11-08 16:52,containment,42,Medium
2089,P045,Team Building,Tech Sharing,2025-11-08 16:28 - 2025-11-08 17:00,containment,32,Medium
2090,P045,Code Review,Brainstorming,2025-11-10 10:15 - 2025-11-10 10:22,partial overlap,7,Low
2091,P045,Operations Check,Brainstorming,2025-11-10 10:15 - 2025-11-10 11:00,containment,45,High
2092,P045,Tech Sharing,Brainstorming,2025-11-10 10:42 - 2025-11-10 11:00,partial overlap,18,Medium
2093,P045,Team Building,Testing Acceptance,2025-11-14 15:12 - 2025-11-14 15:45,partial overlap,33,Medium
2094,P045,Operations Check,Design Review,2025-11-10 17:06 - 2025-11-10 17:22,containment,16,Medium
2095,P045,Client Visit,Design Review,2025-11-10 17:15 - 2025-11-10 17:45,containment,30,Medium
2096,P045,Design Review,Training,2025-11-13 09:45 - 2025-11-13 10:15,partial overlap,30,Medium
2097,P045,Requirements Analysis,Training,2025-11-13 10:00 - 2025-11-13 10:30,partial overlap,30,Medium
2098,P045,Design Review,Requirements Analysis,2025-11-13 10:00 - 2025-11-13 10:15,partial overlap,15,Medium
2099,P045,Code Review,Product Demo,2025-11-10 09:40 - 2025-11-10 10:00,partial overlap,20,Medium
2100,P045,Operations Check,Client Visit,2025-11-10 17:15 - 2025-11-10 17:22,partial overlap,7,Low
2101,P045,Code Review,Operations Check,2025-11-10 10:00 - 2025-11-10 10:22,partial overlap,22,Medium
2102,P045,Tech Sharing,Operations Check,2025-11-10 10:42 - 2025-11-10 11:00,partial overlap,18,Medium
2103,P045,Team Building,Project Discussion,2025-11-08 16:28 - 2025-11-08 16:52,partial overlap,24,Medium
2104,P045,Requirements Analysis,Tech Sharing,2025-11-15 12:15 - 2025-11-15 12:30,containment,15,Medium
2105,P045,Code Review,Training,2025-11-19 11:30 - 2025-11-19 11:45,containment,15,Medium
2106,P045,Client Visit,Deployment,2025-11-17 16:15 - 2025-11-17 16:30,containment,15,Medium
2107,P045,Training,Deployment,2025-11-17 16:15 - 2025-11-17 16:30,containment,15,Medium
2108,P045,Team Building,Brainstorming,2025-11-18 17:31 - 2025-11-18 17:45,partial overlap,14,Low
2109,P045,Training,Client Visit,2025-11-17 16:08 - 2025-11-17 16:45,containment,37,Medium
2110,P046,Code Review,Meeting,2025-10-27 10:27 - 2025-10-27 11:15,partial overlap,48,High
2111,P046,Tech Sharing,Requirements Analysis,2025-11-09 09:15 - 2025-11-09 09:45,containment,30,Medium
2112,P046,Operations Check,Requirements Analysis,2025-11-11 15:13 - 2025-11-11 15:43,containment,30,Medium
2113,P046,Client Visit,Requirements Analysis,2025-11-11 15:15 - 2025-11-11 15:45,partial overlap,30,Medium
2114,P046,Testing Acceptance,Operations Check,2025-11-09 12:28 - 2025-11-09 13:00,partial overlap,32,Medium
2115,P046,One-on-One,Training,2025-11-10 11:49 - 2025-11-10 12:06,containment,17,Medium
2116,P046,Deployment,Meeting,2025-11-11 08:45 - 2025-11-11 09:15,containment,30,Medium
2117,P046,Tech Sharing,Project Discussion,2025-11-08 08:30 - 2025-11-08 08:45,partial overlap,15,Medium
2118,P046,Operations Check,Client Visit,2025-11-11 15:15 - 2025-11-11 15:43,partial overlap,28,Medium
2119,P046,Deployment,Meeting,2025-11-14 14:38 - 2025-11-14 15:04,containment,26,Medium
2120,P046,Code Review,Meeting,2025-11-14 14:49 - 2025-11-14 15:12,containment,23,Medium
2121,P046,Code Review,Product Demo,2025-11-12 11:47 - 2025-11-12 12:15,partial overlap,28,Medium
2122,P046,Requirements Analysis,Team Building,2025-11-14 08:38 - 2025-11-14 09:15,partial overlap,37,Medium
2123,P046,One-on-One,Team Building,2025-11-14 08:41 - 2025-11-14 09:15,partial overlap,34,Medium
2124,P046,Project Discussion,Meeting,2025-11-16 14:45 - 2025-11-16 15:30,containment,45,High
2125,P046,Code Review,Meeting,2025-11-16 14:55 - 2025-11-16 15:30,partial overlap,35,Medium
2126,P046,Requirements Analysis,Meeting,2025-11-16 15:11 - 2025-11-16 15:30,partial overlap,19,Medium
2127,P046,Project Discussion,Code Review,2025-11-16 14:55 - 2025-11-16 15:30,partial overlap,35,Medium
2128,P046,Requirements Analysis,Code Review,2025-11-16 15:11 - 2025-11-16 15:35,containment,24,Medium
2129,P046,One-on-One,Requirements Analysis,2025-11-14 08:41 - 2025-11-14 09:23,containment,42,Medium
2130,P046,Code Review,Deployment,2025-11-14 14:49 - 2025-11-14 15:04,partial overlap,15,Medium
2131,P046,Training,Meeting,2025-11-18 11:45 - 2025-11-18 12:00,partial overlap,15,Medium
2132,P046,Code Review,Design Review,2025-11-18 08:45 - 2025-11-18 09:00,partial overlap,15,Medium
2133,P046,Brainstorming,Meeting,2025-11-15 13:50 - 2025-11-15 14:00,partial overlap,10,Low
2134,P046,Brainstorming,Deployment,2025-11-15 14:00 - 2025-11-15 14:08,partial overlap,8,Low
2135,P046,Deployment,Deployment,2025-11-15 14:14 - 2025-11-15 14:15,partial overlap,1,Low
2136,P046,Testing Acceptance,Tech Sharing,2025-11-16 16:22 - 2025-11-16 16:45,partial overlap,23,Medium
2137,P046,Tech Sharing,Meeting,2025-11-18 15:13 - 2025-11-18 15:30,partial overlap,17,Medium
2138,P046,Requirements Analysis,Project Discussion,2025-11-16 15:11 - 2025-11-16 15:30,partial overlap,19,Medium
2139,P046,Testing Acceptance,Client Visit,2025-11-19 17:15 - 2025-11-19 17:30,containment,15,Medium
2140,P046,Code Review,Client Visit,2025-11-19 17:23 - 2025-11-19 17:30,partial overlap,7,Low
2141,P046,Deployment,Product Demo,2025-11-20 08:45 - 2025-11-20 09:00,partial overlap,15,Medium
2142,P046,Code Review,Testing Acceptance,2025-11-19 17:23 - 2025-11-19 17:30,partial overlap,7,Low
2143,P046,Deployment,Design Review,2025-11-25 11:43 - 2025-11-25 11:45,partial overlap,2,Low
2144,P046,Tech Sharing,Deployment,2025-11-15 14:19 - 2025-11-15 14:41,containment,22,Medium
2145,P046,Client Visit,Deployment,2025-11-25 12:09 - 2025-11-25 12:19,partial overlap,10,Low
2146,P047,Meeting,Operations Check,2025-11-03 16:00 - 2025-11-03 16:30,containment,30,Medium
2147,P047,Deployment,Code Review,2025-10-29 15:05 - 2025-10-29 15:43,containment,38,Medium
2148,P047,Brainstorming,Training,2025-11-03 12:58 - 2025-11-03 13:58,containment,60,High
2149,P047,Client Visit,Project Discussion,2025-11-11 10:30 - 2025-11-11 11:15,containment,45,High
2150,P047,Deployment,Deployment,2025-11-06 11:08 - 2025-11-06 11:15,partial overlap,7,Low
2151,P047,Training,Requirements Analysis,2025-11-09 11:05 - 2025-11-09 11:30,containment,25,Medium
2152,P047,Client Visit,Requirements Analysis,2025-11-09 11:17 - 2025-11-09 11:45,partial overlap,28,Medium
2153,P047,Project Discussion,Training,2025-11-11 08:30 - 2025-11-11 09:15,containment,45,High
2154,P047,Brainstorming,Deployment,2025-11-14 08:45 - 2025-11-14 09:15,containment,30,Medium
2155,P047,Testing Acceptance,Deployment,2025-11-14 08:57 - 2025-11-14 09:14,containment,17,Medium
2156,P047,Requirements Analysis,Meeting,2025-11-13 12:23 - 2025-11-13 12:45,containment,22,Medium
2157,P047,Client Visit,Meeting,2025-11-13 12:30 - 2025-11-13 12:45,containment,15,Medium
2158,P047,Operations Check,Brainstorming,2025-11-16 14:30 - 2025-11-16 14:45,partial overlap,15,Medium
2159,P047,One-on-One,Brainstorming,2025-11-16 15:00 - 2025-11-16 15:30,containment,30,Medium
2160,P047,Testing Acceptance,Tech Sharing,2025-11-14 11:59 - 2025-11-14 12:14,containment,15,Medium
2161,P047,Training,Tech Sharing,2025-11-14 17:45 - 2025-11-14 18:00,partial overlap,15,Medium
2162,P047,Tech Sharing,Tech Sharing,2025-11-14 18:30 - 2025-11-14 18:45,partial overlap,15,Medium
2163,P047,Project Discussion,Meeting,2025-11-16 13:15 - 2025-11-16 13:45,partial overlap,30,Medium
2164,P047,Design Review,Operations Check,2025-11-17 17:45 - 2025-11-17 18:15,partial overlap,30,Medium
2165,P047,Client Visit,Training,2025-11-09 11:17 - 2025-11-09 11:30,partial overlap,13,Low
2166,P047,Client Visit,Requirements Analysis,2025-11-13 12:30 - 2025-11-13 12:45,containment,15,Medium
2167,P047,Testing Acceptance,Brainstorming,2025-11-14 08:57 - 2025-11-14 09:14,containment,17,Medium
2168,P047,Team Building,Team Building,2025-11-18 18:29 - 2025-11-18 18:30,partial overlap,1,Low
2169,P047,Design Review,Team Building,2025-11-15 11:15 - 2025-11-15 11:45,partial overlap,30,Medium
2170,P047,Tech Sharing,Team Building,2025-11-15 11:15 - 2025-11-15 11:32,partial overlap,17,Medium
2171,P047,Tech Sharing,Design Review,2025-11-15 11:08 - 2025-11-15 11:32,containment,24,Medium
2172,P047,Design Review,Meeting,2025-11-23 09:15 - 2025-11-23 09:30,containment,15,Medium
2173,P047,Project Discussion,Tech Sharing,2025-11-22 13:12 - 2025-11-22 13:30,partial overlap,18,Medium
2174,P047,Team Building,Project Discussion,2025-11-18 18:30 - 2025-11-18 19:15,containment,45,High
2175,P048,Meeting,Project Discussion,2025-11-02 19:06 - 2025-11-02 19:15,partial overlap,9,Low
2176,P048,Testing Acceptance,Meeting,2025-11-01 17:05 - 2025-11-01 17:45,containment,40,Medium
2177,P048,Product Demo,One-on-One,2025-11-04 14:00 - 2025-11-04 14:30,partial overlap,30,Medium
2178,P048,Testing Acceptance,One-on-One,2025-11-07 16:30 - 2025-11-07 16:45,partial overlap,15,Medium
2179,P048,Product Demo,Brainstorming,2025-11-10 14:12 - 2025-11-10 14:57,containment,45,High
2180,P048,Code Review,Testing Acceptance,2025-11-08 11:45 - 2025-11-08 12:00,partial overlap,15,Medium
2181,P048,Product Demo,Client Visit,2025-11-08 18:48 - 2025-11-08 19:00,partial overlap,12,Low
2182,P048,Code Review,Meeting,2025-11-14 17:00 - 2025-11-14 17:15,partial overlap,15,Medium
2183,P048,Client Visit,Brainstorming,2025-11-13 13:01 - 2025-11-13 13:15,partial overlap,14,Low
2184,P048,Testing Acceptance,Design Review,2025-11-11 14:15 - 2025-11-11 14:30,partial overlap,15,Medium
2185,P048,Client Visit,One-on-One,2025-11-10 16:15 - 2025-11-10 17:15,full overlap,60,High
2186,P048,Team Building,One-on-One,2025-11-10 16:28 - 2025-11-10 17:12,containment,44,Medium
2187,P048,Team Building,Client Visit,2025-11-10 16:28 - 2025-11-10 17:12,containment,44,Medium
2188,P048,Project Discussion,Client Visit,2025-11-13 13:25 - 2025-11-13 13:40,partial overlap,15,Medium
2189,P048,Code Review,Training,2025-11-16 09:30 - 2025-11-16 10:00,partial overlap,30,Medium
2190,P048,Tech Sharing,Brainstorming,2025-11-18 08:30 - 2025-11-18 08:45,containment,15,Medium
2191,P048,Project Discussion,Brainstorming,2025-11-18 08:30 - 2025-11-18 09:15,full overlap,45,High
2192,P048,Design Review,Tech Sharing,2025-11-20 13:36 - 2025-11-20 14:00,partial overlap,24,Medium
2193,P048,Code Review,Tech Sharing,2025-11-20 13:40 - 2025-11-20 14:00,partial overlap,20,Medium
2194,P048,Brainstorming,Tech Sharing,2025-11-17 13:15 - 2025-11-17 13:30,containment,15,Medium
2195,P048,Code Review,Tech Sharing,2025-11-17 13:15 - 2025-11-17 13:30,containment,15,Medium
2196,P048,Brainstorming,Tech Sharing,2025-11-17 13:00 - 2025-11-17 13:15,containment,15,Medium
2197,P048,Code Review,Brainstorming,2025-11-17 13:15 - 2025-11-17 13:30,partial overlap,15,Medium
2198,P048,Client Visit,Team Building,2025-11-19 09:14 - 2025-11-19 09:30,containment,16,Medium
2199,P048,Brainstorming,Team Building,2025-11-19 09:15 - 2025-11-19 09:45,containment,30,Medium
2200,P048,Team Building,Training,2025-11-22 17:00 - 2025-11-22 17:15,partial overlap,15,Medium
2201,P048,Client Visit,Brainstorming,2025-11-19 09:15 - 2025-11-19 09:30,partial overlap,15,Medium
2202,P048,Project Discussion,Tech Sharing,2025-11-18 08:30 - 2025-11-18 08:45,containment,15,Medium
2203,P048,Product Demo,Deployment,2025-11-22 10:13 - 2025-11-22 10:15,partial overlap,2,Low
2204,P048,Product Demo,Product Demo,2025-11-22 10:18 - 2025-11-22 10:32,partial overlap,14,Low
2205,P048,Design Review,Code Review,2025-11-20 13:40 - 2025-11-20 14:03,containment,23,Medium
2206,P049,Code Review,Client Visit,2025-10-29 09:25 - 2025-10-29 09:30,partial overlap,5,Low
2207,P049,Brainstorming,Brainstorming,2025-10-31 12:45 - 2025-10-31 13:15,containment,30,Medium
2208,P049,Product Demo,Tech Sharing,2025-11-05 10:30 - 2025-11-05 10:45,partial overlap,15,Medium
2209,P049,Meeting,Meeting,2025-11-02 08:41 - 2025-11-02 09:00,partial overlap,19,Medium
2210,P049,Requirements Analysis,Meeting,2025-11-02 08:52 - 2025-11-02 09:00,partial overlap,8,Low
2211,P049,Meeting,Requirements Analysis,2025-11-02 08:52 - 2025-11-02 09:25,partial overlap,33,Medium
2212,P049,Meeting,Product Demo,2025-11-09 09:45 - 2025-11-09 10:00,partial overlap,15,Medium
2213,P049,Product Demo,Testing Acceptance,2025-11-11 11:45 - 2025-11-11 12:00,partial overlap,15,Medium
2214,P049,Product Demo,Team Building,2025-11-08 14:20 - 2025-11-08 15:15,partial overlap,55,High
2215,P049,Client Visit,Team Building,2025-11-08 14:32 - 2025-11-08 15:15,partial overlap,43,Medium
2216,P049,Testing Acceptance,Requirements Analysis,2025-11-07 09:30 - 2025-11-07 10:00,partial overlap,30,Medium
2217,P049,Design Review,Client Visit,2025-11-08 12:30 - 2025-11-08 12:45,partial overlap,15,Medium
2218,P049,Training,Project Discussion,2025-11-06 16:45 - 2025-11-06 17:00,partial overlap,15,Medium
2219,P049,Client Visit,Meeting,2025-11-13 15:30 - 2025-11-13 16:00,containment,30,Medium
2220,P049,Project Discussion,Meeting,2025-11-13 15:30 - 2025-11-13 16:00,containment,30,Medium
2221,P049,Training,Meeting,2025-11-13 15:45 - 2025-11-13 16:00,partial overlap,15,Medium
2222,P049,Project Discussion,Product Demo,2025-11-11 12:05 - 2025-11-11 12:31,containment,26,Medium
2223,P049,Product Demo,One-on-One,2025-11-13 11:53 - 2025-11-13 12:17,containment,24,Medium
2224,P049,Code Review,Design Review,2025-11-16 12:30 - 2025-11-16 12:45,partial overlap,15,Medium
2225,P049,Client Visit,Project Discussion,2025-11-13 15:30 - 2025-11-13 16:00,partial overlap,30,Medium
2226,P049,Training,Project Discussion,2025-11-13 15:45 - 2025-11-13 16:15,containment,30,Medium
2227,P049,Client Visit,Product Demo,2025-11-08 14:32 - 2025-11-08 15:18,partial overlap,46,High
2228,P049,Product Demo,One-on-One,2025-11-12 18:32 - 2025-11-12 19:00,partial overlap,28,Medium
2229,P049,Project Discussion,Training,2025-11-16 10:45 - 2025-11-16 11:00,containment,15,Medium
2230,P049,Training,Client Visit,2025-11-13 15:45 - 2025-11-13 16:00,partial overlap,15,Medium
2231,P049,Team Building,Meeting,2025-11-21 16:15 - 2025-11-21 16:30,containment,15,Medium
2232,P049,Testing Acceptance,Tech Sharing,2025-11-20 08:55 - 2025-11-20 09:00,partial overlap,5,Low
2233,P049,Team Building,Product Demo,2025-11-20 14:19 - 2025-11-20 14:45,partial overlap,26,Medium
2234,P049,Client Visit,Product Demo,2025-11-20 14:43 - 2025-11-20 14:45,partial overlap,2,Low
2235,P049,Testing Acceptance,Project Discussion,2025-11-17 15:30 - 2025-11-17 15:45,containment,15,Medium
2236,P049,Team Building,Meeting,2025-11-20 15:00 - 2025-11-20 15:13,partial overlap,13,Low
2237,P049,Client Visit,Meeting,2025-11-20 15:00 - 2025-11-20 15:30,containment,30,Medium
2238,P049,Team Building,Team Building,2025-11-21 16:42 - 2025-11-21 16:45,partial overlap,3,Low
2239,P049,Testing Acceptance,Tech Sharing,2025-11-20 09:15 - 2025-11-20 09:38,partial overlap,23,Medium
2240,P049,Meeting,Team Building,2025-11-24 08:30 - 2025-11-24 09:00,partial overlap,30,Medium
2241,P049,Client Visit,Team Building,2025-11-20 14:43 - 2025-11-20 15:13,partial overlap,30,Medium
2242,P050,Meeting,Client Visit,2025-11-04 09:28 - 2025-11-04 09:45,partial overlap,17,Medium
2243,P050,Team Building,Deployment,2025-11-06 11:30 - 2025-11-06 12:00,partial overlap,30,Medium
2244,P050,Project Discussion,Deployment,2025-11-06 11:45 - 2025-11-06 12:15,containment,30,Medium
2245,P050,Team Building,Project Discussion,2025-11-06 11:45 - 2025-11-06 12:00,partial overlap,15,Medium
2246,P050,Operations Check,Deployment,2025-11-09 09:45 - 2025-11-09 10:30,full overlap,45,High
2247,P050,Operations Check,Code Review,2025-11-07 14:15 - 2025-11-07 14:45,partial overlap,30,Medium
2248,P050,Requirements Analysis,Product Demo,2025-11-07 17:00 - 2025-11-07 17:30,partial overlap,30,Medium
2249,P050,Meeting,Client Visit,2025-11-07 08:54 - 2025-11-07 09:15,containment,21,Medium
2250,P050,Operations Check,Code Review,2025-11-11 10:00 - 2025-11-11 10:30,partial overlap,30,Medium
2251,P050,Design Review,Code Review,2025-11-11 10:09 - 2025-11-11 10:30,partial overlap,21,Medium
2252,P050,Product Demo,Code Review,2025-11-11 10:22 - 2025-11-11 10:30,partial overlap,8,Low
2253,P050,Design Review,Operations Check,2025-11-11 10:09 - 2025-11-11 10:43,containment,34,Medium
2254,P050,Product Demo,Operations Check,2025-11-11 10:22 - 2025-11-11 10:45,partial overlap,23,Medium
2255,P050,Deployment,Operations Check,2025-11-11 10:35 - 2025-11-11 10:45,partial overlap,10,Low
2256,P050,Design Review,Operations Check,2025-11-13 12:14 - 2025-11-13 12:45,partial overlap,31,Medium
2257,P050,Operations Check,Design Review,2025-11-13 16:15 - 2025-11-13 16:30,containment,15,Medium
2258,P050,Design Review,Design Review,2025-11-14 12:15 - 2025-11-14 12:45,partial overlap,30,Medium
2259,P050,Design Review,Product Demo,2025-11-11 10:22 - 2025-11-11 10:43,partial overlap,21,Medium
2260,P050,Deployment,Product Demo,2025-11-11 10:35 - 2025-11-11 10:52,partial overlap,17,Medium
2261,P050,Deployment,Design Review,2025-11-11 10:35 - 2025-11-11 10:43,partial overlap,8,Low
2262,P050,One-on-One,Testing Acceptance,2025-11-15 14:00 - 2025-11-15 14:15,containment,15,Medium
2263,P050,Meeting,Testing Acceptance,2025-11-17 18:45 - 2025-11-17 19:00,partial overlap,15,Medium
2264,P050,Client Visit,Design Review,2025-11-17 16:39 - 2025-11-17 16:45,partial overlap,6,Low
2265,P050,One-on-One,Code Review,2025-11-16 14:55 - 2025-11-16 15:30,partial overlap,35,Medium
2266,P050,Training,Code Review,2025-11-16 15:08 - 2025-11-16 15:27,containment,19,Medium
2267,P050,Code Review,Code Review,2025-11-16 15:26 - 2025-11-16 15:30,partial overlap,4,Low
2268,P050,Product Demo,Product Demo,2025-11-18 16:15 - 2025-11-18 16:30,partial overlap,15,Medium
2269,P050,Project Discussion,Product Demo,2025-11-18 16:27 - 2025-11-18 16:45,partial overlap,18,Medium
2270,P050,Project Discussion,Product Demo,2025-11-18 16:27 - 2025-11-18 16:30,partial overlap,3,Low
2271,P050,Tech Sharing,Training,2025-11-17 09:50 - 2025-11-17 10:15,partial overlap,25,Medium
2272,P050,Testing Acceptance,Training,2025-11-17 10:08 - 2025-11-17 10:15,partial overlap,7,Low
2273,P050,Project Discussion,Testing Acceptance,2025-11-18 17:00 - 2025-11-18 17:24,partial overlap,24,Medium
2274,P050,Testing Acceptance,Meeting,2025-11-17 10:30 - 2025-11-17 11:00,containment,30,Medium
2275,P050,Training,One-on-One,2025-11-16 15:08 - 2025-11-16 15:27,containment,19,Medium
2276,P050,Code Review,One-on-One,2025-11-16 15:26 - 2025-11-16 15:50,partial overlap,24,Medium
2277,P050,Testing Acceptance,Tech Sharing,2025-11-17 10:08 - 2025-11-17 10:23,partial overlap,15,Medium
2278,P050,Code Review,Training,2025-11-16 15:26 - 2025-11-16 15:27,partial overlap,1,Low
2279,P051,Product Demo,Team Building,2025-11-01 19:10 - 2025-11-01 19:57,containment,47,High
2280,P051,Operations Check,Product Demo,2025-10-31 12:00 - 2025-10-31 12:15,partial overlap,15,Medium
2281,P051,Testing Acceptance,Requirements Analysis,2025-11-04 15:15 - 2025-11-04 15:30,partial overlap,15,Medium
2282,P051,Testing Acceptance,One-on-One,2025-11-03 10:21 - 2025-11-03 11:00,partial overlap,39,Medium
2283,P051,Project Discussion,Training,2025-11-09 13:12 - 2025-11-09 13:30,partial overlap,18,Medium
2284,P051,Training,Training,2025-11-09 13:19 - 2025-11-09 13:30,partial overlap,11,Low
2285,P051,One-on-One,Operations Check,2025-11-09 15:15 - 2025-11-09 15:45,partial overlap,30,Medium
2286,P051,Client Visit,Client Visit,2025-11-07 16:26 - 2025-11-07 17:00,partial overlap,34,Medium
2287,P051,Team Building,Client Visit,2025-11-12 10:30 - 2025-11-12 10:45,partial overlap,15,Medium
2288,P051,Project Discussion,Code Review,2025-11-12 16:15 - 2025-11-12 17:00,full overlap,45,High
2289,P051,Code Review,Code Review,2025-11-12 16:29 - 2025-11-12 17:00,partial overlap,31,Medium
2290,P051,Code Review,Meeting,2025-11-12 17:00 - 2025-11-12 17:14,partial overlap,14,Low
2291,P051,Requirements Analysis,Requirements Analysis,2025-11-10 16:23 - 2025-11-10 16:45,partial overlap,22,Medium
2292,P051,Requirements Analysis,Requirements Analysis,2025-11-10 16:28 - 2025-11-10 16:45,partial overlap,17,Medium
2293,P051,Operations Check,Requirements Analysis,2025-11-10 16:40 - 2025-11-10 16:45,partial overlap,5,Low
2294,P051,Requirements Analysis,Deployment,2025-11-10 16:45 - 2025-11-10 16:54,partial overlap,9,Low
2295,P051,Requirements Analysis,Deployment,2025-11-10 16:45 - 2025-11-10 17:16,partial overlap,31,Medium
2296,P051,Operations Check,Deployment,2025-11-10 16:45 - 2025-11-10 17:12,partial overlap,27,Medium
2297,P051,Operations Check,Design Review,2025-11-13 15:19 - 2025-11-13 15:30,partial overlap,11,Low
2298,P051,Requirements Analysis,Product Demo,2025-11-15 14:00 - 2025-11-15 14:15,partial overlap,15,Medium
2299,P051,Project Discussion,Product Demo,2025-11-15 14:14 - 2025-11-15 14:15,partial overlap,1,Low
2300,P051,Project Discussion,Requirements Analysis,2025-11-15 14:14 - 2025-11-15 14:43,containment,29,Medium
2301,P051,Testing Acceptance,Meeting,2025-11-15 17:45 - 2025-11-15 18:15,containment,30,Medium
2302,P051,One-on-One,Meeting,2025-11-15 17:50 - 2025-11-15 18:15,partial overlap,25,Medium
2303,P051,Code Review,Project Discussion,2025-11-12 16:29 - 2025-11-12 17:00,partial overlap,31,Medium
2304,P051,Requirements Analysis,Operations Check,2025-11-10 16:40 - 2025-11-10 16:54,partial overlap,14,Low
2305,P051,Requirements Analysis,Operations Check,2025-11-10 16:40 - 2025-11-10 17:12,containment,32,Medium
2306,P051,Training,Project Discussion,2025-11-09 13:19 - 2025-11-09 13:43,partial overlap,24,Medium
2307,P051,Requirements Analysis,Requirements Analysis,2025-11-10 16:28 - 2025-11-10 16:54,partial overlap,26,Medium
2308,P051,One-on-One,Operations Check,2025-11-17 17:30 - 2025-11-17 17:45,containment,15,Medium
2309,P051,Deployment,Operations Check,2025-11-17 17:30 - 2025-11-17 17:45,full overlap,15,Medium
2310,P051,Deployment,One-on-One,2025-11-17 17:30 - 2025-11-17 17:45,containment,15,Medium
2311,P051,Product Demo,One-on-One,2025-11-17 17:55 - 2025-11-17 18:00,partial overlap,5,Low
2312,P051,Meeting,Meeting,2025-11-15 11:30 - 2025-11-15 11:45,partial overlap,15,Medium
2313,P051,One-on-One,Testing Acceptance,2025-11-15 17:50 - 2025-11-15 18:15,partial overlap,25,Medium
2314,P051,Code Review,Testing Acceptance,2025-11-19 10:45 - 2025-11-19 11:00,containment,15,Medium
2315,P051,Team Building,Product Demo,2025-11-15 12:46 - 2025-11-15 13:00,partial overlap,14,Low
2316,P051,Brainstorming,Training,2025-11-23 08:23 - 2025-11-23 08:30,partial overlap,7,Low
2317,P052,Testing Acceptance,Tech Sharing,2025-11-07 16:23 - 2025-11-07 16:30,partial overlap,7,Low
2318,P052,Brainstorming,Brainstorming,2025-11-10 13:45 - 2025-11-10 14:00,partial overlap,15,Medium
2319,P052,Project Discussion,Requirements Analysis,2025-11-12 11:37 - 2025-11-12 12:15,partial overlap,38,Medium
2320,P052,Design Review,Testing Acceptance,2025-11-14 12:00 - 2025-11-14 12:30,containment,30,Medium
2321,P052,Project Discussion,Project Discussion,2025-11-16 15:45 - 2025-11-16 16:00,partial overlap,15,Medium
2322,P052,One-on-One,Project Discussion,2025-11-16 15:45 - 2025-11-16 16:30,full overlap,45,High
2323,P052,Meeting,Deployment,2025-11-15 09:30 - 2025-11-15 09:45,containment,15,Medium
2324,P052,Team Building,Training,2025-11-15 16:45 - 2025-11-15 17:15,containment,30,Medium
2325,P052,Deployment,Training,2025-11-15 17:30 - 2025-11-15 17:45,partial overlap,15,Medium
2326,P052,One-on-One,Project Discussion,2025-11-16 15:45 - 2025-11-16 16:00,partial overlap,15,Medium
2327,P052,Team Building,Meeting,2025-11-16 17:23 - 2025-11-16 17:30,partial overlap,7,Low
2328,P052,Requirements Analysis,Design Review,2025-11-16 12:00 - 2025-11-16 12:15,partial overlap,15,Medium
2329,P052,Product Demo,Design Review,2025-11-16 12:07 - 2025-11-16 12:45,partial overlap,38,Medium
2330,P052,Testing Acceptance,Deployment,2025-11-19 18:45 - 2025-11-19 19:00,partial overlap,15,Medium
2331,P052,Project Discussion,Training,2025-11-19 17:00 - 2025-11-19 17:10,partial overlap,10,Low
2332,P052,Product Demo,Requirements Analysis,2025-11-16 12:07 - 2025-11-16 12:15,partial overlap,8,Low
2333,P052,Testing Acceptance,Tech Sharing,2025-11-17 09:30 - 2025-11-17 10:00,full overlap,30,Medium
2334,P052,Meeting,Design Review,2025-11-21 15:00 - 2025-11-21 15:15,containment,15,Medium
2335,P052,Product Demo,Design Review,2025-11-21 15:08 - 2025-11-21 15:15,partial overlap,7,Low
2336,P052,Product Demo,Meeting,2025-11-21 15:08 - 2025-11-21 15:15,partial overlap,7,Low
2337,P052,Requirements Analysis,Testing Acceptance,2025-11-22 17:43 - 2025-11-22 18:00,partial overlap,17,Medium
2338,P052,Operations Check,Testing Acceptance,2025-11-20 17:26 - 2025-11-20 17:30,partial overlap,4,Low
2339,P053,Training,Tech Sharing,2025-11-04 11:00 - 2025-11-04 12:00,containment,60,High
2340,P053,Team Building,Design Review,2025-11-06 11:45 - 2025-11-06 12:15,containment,30,Medium
2341,P053,Meeting,Design Review,2025-11-06 12:00 - 2025-11-06 12:15,partial overlap,15,Medium
2342,P053,Training,Requirements Analysis,2025-11-05 08:00 - 2025-11-05 08:30,containment,30,Medium
2343,P053,Meeting,Team Building,2025-11-06 12:00 - 2025-11-06 13:00,containment,60,High
2344,P053,Requirements Analysis,Requirements Analysis,2025-11-04 18:14 - 2025-11-04 18:15,partial overlap,1,Low
2345,P053,Deployment,Code Review,2025-11-06 18:15 - 2025-11-06 19:00,containment,45,High
2346,P053,Requirements Analysis,Training,2025-11-11 13:20 - 2025-11-11 14:00,partial overlap,40,Medium
2347,P053,Code Review,Brainstorming,2025-11-13 08:45 - 2025-11-13 09:00,partial overlap,15,Medium
2348,P053,Operations Check,Brainstorming,2025-11-13 08:57 - 2025-11-13 09:00,partial overlap,3,Low
2349,P053,Deployment,Deployment,2025-11-14 15:15 - 2025-11-14 15:30,partial overlap,15,Medium
2350,P053,Design Review,Deployment,2025-11-14 15:15 - 2025-11-14 16:00,full overlap,45,High
2351,P053,Meeting,Deployment,2025-11-14 14:30 - 2025-11-14 14:45,partial overlap,15,Medium
2352,P053,Design Review,Deployment,2025-11-14 15:15 - 2025-11-14 15:30,partial overlap,15,Medium
2353,P053,Product Demo,Requirements Analysis,2025-11-13 12:45 - 2025-11-13 13:00,partial overlap,15,Medium
2354,P053,Tech Sharing,Requirements Analysis,2025-11-13 12:53 - 2025-11-13 13:15,partial overlap,22,Medium
2355,P053,Operations Check,Code Review,2025-11-13 08:57 - 2025-11-13 09:15,partial overlap,18,Medium
2356,P053,Product Demo,Tech Sharing,2025-11-13 12:53 - 2025-11-13 13:00,partial overlap,7,Low
2357,P053,Operations Check,Training,2025-11-21 16:15 - 2025-11-21 16:30,partial overlap,15,Medium
2358,P053,Deployment,Project Discussion,2025-11-18 18:45 - 2025-11-18 19:00,containment,15,Medium
2359,P053,Code Review,Team Building,2025-11-19 17:00 - 2025-11-19 17:45,full overlap,45,High
2360,P053,Tech Sharing,Product Demo,2025-11-18 08:30 - 2025-11-18 08:45,containment,15,Medium
2361,P053,Code Review,Training,2025-11-19 10:00 - 2025-11-19 10:30,containment,30,Medium
2362,P053,Training,Testing Acceptance,2025-11-20 11:35 - 2025-11-20 11:45,partial overlap,10,Low
2363,P054,Code Review,Client Visit,2025-11-03 12:30 - 2025-11-03 13:00,partial overlap,30,Medium
2364,P054,Testing Acceptance,Client Visit,2025-11-03 12:36 - 2025-11-03 13:00,partial overlap,24,Medium
2365,P054,Product Demo,Deployment,2025-11-01 09:44 - 2025-11-01 10:30,containment,46,High
2366,P054,Testing Acceptance,Code Review,2025-11-03 12:36 - 2025-11-03 13:25,containment,49,High
2367,P054,One-on-One,Operations Check,2025-11-07 11:15 - 2025-11-07 12:00,containment,45,High
2368,P054,Meeting,Brainstorming,2025-11-05 16:37 - 2025-11-05 17:14,containment,37,Medium
2369,P054,Testing Acceptance,Brainstorming,2025-11-05 16:49 - 2025-11-05 17:10,containment,21,Medium
2370,P054,Meeting,Testing Acceptance,2025-11-05 16:49 - 2025-11-05 17:10,containment,21,Medium
2371,P054,Meeting,Testing Acceptance,2025-11-05 12:08 - 2025-11-05 12:47,containment,39,Medium
2372,P054,Design Review,Design Review,2025-11-12 12:38 - 2025-11-12 12:45,partial overlap,7,Low
2373,P054,Design Review,Meeting,2025-11-11 11:15 - 2025-11-11 11:30,partial overlap,15,Medium
2374,P054,Meeting,Team Building,2025-11-09 15:45 - 2025-11-09 16:30,partial overlap,45,High
2375,P054,Brainstorming,Client Visit,2025-11-13 09:45 - 2025-11-13 10:15,containment,30,Medium
2376,P054,One-on-One,Client Visit,2025-11-13 09:45 - 2025-11-13 10:15,containment,30,Medium
2377,P054,Brainstorming,One-on-One,2025-11-13 09:45 - 2025-11-13 10:15,partial overlap,30,Medium
2378,P054,Deployment,Training,2025-11-14 11:00 - 2025-11-14 11:30,partial overlap,30,Medium
2379,P054,Design Review,One-on-One,2025-11-12 12:45 - 2025-11-12 13:15,containment,30,Medium
2380,P054,Product Demo,Code Review,2025-11-16 14:45 - 2025-11-16 15:15,full overlap,30,Medium
2381,P054,Team Building,One-on-One,2025-11-15 18:30 - 2025-11-15 18:45,partial overlap,15,Medium
2382,P054,Deployment,Design Review,2025-11-18 12:00 - 2025-11-18 12:15,containment,15,Medium
2383,P054,Design Review,Deployment,2025-11-20 08:51 - 2025-11-20 09:11,containment,20,Medium
2384,P054,Tech Sharing,Training,2025-11-19 18:30 - 2025-11-19 19:00,containment,30,Medium
2385,P054,Team Building,Code Review,2025-11-16 08:30 - 2025-11-16 08:45,partial overlap,15,Medium
2386,P054,Testing Acceptance,Code Review,2025-11-16 08:51 - 2025-11-16 09:10,containment,19,Medium
2387,P054,One-on-One,Brainstorming,2025-11-18 09:28 - 2025-11-18 09:45,partial overlap,17,Medium
2388,P054,Training,Tech Sharing,2025-11-22 12:14 - 2025-11-22 12:15,partial overlap,1,Low
2389,P055,Training,Training,2025-11-04 11:30 - 2025-11-04 12:00,containment,30,Medium
2390,P055,Project Discussion,Training,2025-11-04 11:30 - 2025-11-04 12:00,containment,30,Medium
2391,P055,Project Discussion,Training,2025-11-04 11:39 - 2025-11-04 11:58,containment,19,Medium
2392,P055,Brainstorming,Brainstorming,2025-11-01 11:15 - 2025-11-01 11:45,partial overlap,30,Medium
2393,P055,Project Discussion,Training,2025-11-04 11:27 - 2025-11-04 12:04,containment,37,Medium
2394,P055,Project Discussion,Training,2025-11-04 11:39 - 2025-11-04 11:58,containment,19,Medium
2395,P055,Project Discussion,Project Discussion,2025-11-04 11:39 - 2025-11-04 11:58,containment,19,Medium
2396,P055,Deployment,Deployment,2025-11-06 08:30 - 2025-11-06 08:45,partial overlap,15,Medium
2397,P055,Testing Acceptance,Deployment,2025-11-06 08:45 - 2025-11-06 09:15,partial overlap,30,Medium
2398,P055,Training,Client Visit,2025-11-07 13:42 - 2025-11-07 14:00,partial overlap,18,Medium
2399,P055,Tech Sharing,Training,2025-11-11 14:00 - 2025-11-11 14:30,containment,30,Medium
2400,P055,Deployment,Requirements Analysis,2025-11-12 15:00 - 2025-11-12 15:15,partial overlap,15,Medium
2401,P055,Team Building,Product Demo,2025-11-15 13:23 - 2025-11-15 13:46,containment,23,Medium
2402,P055,Client Visit,Product Demo,2025-11-15 13:33 - 2025-11-15 13:51,containment,18,Medium
2403,P055,Operations Check,Deployment,2025-11-12 15:23 - 2025-11-12 15:45,partial overlap,22,Medium
2404,P055,Client Visit,Team Building,2025-11-15 13:33 - 2025-11-15 13:46,partial overlap,13,Low
2405,P055,Team Building,Project Discussion,2025-11-19 11:30 - 2025-11-19 11:45,partial overlap,15,Medium
2406,P055,One-on-One,Training,2025-11-16 11:00 - 2025-11-16 11:15,partial overlap,15,Medium
2407,P055,One-on-One,Code Review,2025-11-17 14:53 - 2025-11-17 15:30,partial overlap,37,Medium
2408,P055,Deployment,One-on-One,2025-11-16 11:21 - 2025-11-16 11:45,partial overlap,24,Medium
2409,P055,Meeting,Client Visit,2025-11-21 15:45 - 2025-11-21 16:00,partial overlap,15,Medium
2410,P056,Client Visit,Operations Check,2025-11-03 09:15 - 2025-11-03 09:30,partial overlap,15,Medium
2411,P056,Deployment,Project Discussion,2025-11-07 13:30 - 2025-11-07 14:00,partial overlap,30,Medium
2412,P056,Operations Check,Meeting,2025-11-06 17:30 - 2025-11-06 18:00,containment,30,Medium
2413,P056,One-on-One,Meeting,2025-11-06 17:41 - 2025-11-06 18:00,partial overlap,19,Medium
2414,P056,One-on-One,Operations Check,2025-11-06 17:41 - 2025-11-06 18:15,partial overlap,34,Medium
2415,P056,Product Demo,Team Building,2025-11-11 18:30 - 2025-11-11 19:00,partial overlap,30,Medium
2416,P056,Project Discussion,Requirements Analysis,2025-11-13 17:15 - 2025-11-13 17:45,full overlap,30,Medium
2417,P056,Requirements Analysis,Testing Acceptance,2025-11-10 09:48 - 2025-11-10 10:00,partial overlap,12,Low
2418,P056,Training,Client Visit,2025-11-09 18:30 - 2025-11-09 18:45,partial overlap,15,Medium
2419,P056,Requirements Analysis,Code Review,2025-11-10 10:15 - 2025-11-10 10:16,partial overlap,1,Low
2420,P056,One-on-One,Client Visit,2025-11-14 11:30 - 2025-11-14 11:45,partial overlap,15,Medium
2421,P056,Project Discussion,One-on-One,2025-11-16 16:26 - 2025-11-16 17:00,partial overlap,34,Medium
2422,P056,Client Visit,Requirements Analysis,2025-11-17 18:24 - 2025-11-17 18:30,partial overlap,6,Low
2423,P056,Brainstorming,Deployment,2025-11-14 14:37 - 2025-11-14 14:53,containment,16,Medium
2424,P056,Deployment,Design Review,2025-11-19 16:25 - 2025-11-19 16:30,partial overlap,5,Low
2425,P056,Deployment,Meeting,2025-11-20 16:14 - 2025-11-20 16:30,containment,16,Medium
2426,P056,Meeting,Requirements Analysis,2025-11-20 09:45 - 2025-11-20 10:00,partial overlap,15,Medium
2427,P056,Operations Check,One-on-One,2025-11-23 09:02 - 2025-11-23 09:15,partial overlap,13,Low
2428,P056,Testing Acceptance,One-on-One,2025-11-23 09:07 - 2025-11-23 09:15,partial overlap,8,Low
2429,P056,Requirements Analysis,Operations Check,2025-11-20 18:30 - 2025-11-20 18:45,full overlap,15,Medium
2430,P056,Testing Acceptance,Operations Check,2025-11-23 09:07 - 2025-11-23 09:50,partial overlap,43,Medium
2431,P057,Client Visit,Testing Acceptance,2025-10-29 10:52 - 2025-10-29 11:37,containment,45,High
2432,P057,Training,Deployment,2025-11-05 18:59 - 2025-11-05 19:58,containment,59,High
2433,P057,Client Visit,Code Review,2025-10-30 10:34 - 2025-10-30 10:45,partial overlap,11,Low
2434,P057,Requirements Analysis,Tech Sharing,2025-11-07 16:15 - 2025-11-07 16:30,partial overlap,15,Medium
2435,P057,Design Review,One-on-One,2025-11-04 12:58 - 2025-11-04 13:30,containment,32,Medium
2436,P057,Training,Design Review,2025-11-09 14:45 - 2025-11-09 15:30,partial overlap,45,High
2437,P057,Team Building,Design Review,2025-11-09 14:57 - 2025-11-09 15:30,partial overlap,33,Medium
2438,P057,Training,Training,2025-11-08 17:30 - 2025-11-08 17:45,partial overlap,15,Medium
2439,P057,Product Demo,Training,2025-11-08 18:00 - 2025-11-08 18:30,containment,30,Medium
2440,P057,Product Demo,Tech Sharing,2025-11-11 11:42 - 2025-11-11 12:00,partial overlap,18,Medium
2441,P057,Tech Sharing,Brainstorming,2025-11-06 13:45 - 2025-11-06 14:15,containment,30,Medium
2442,P057,Training,Project Discussion,2025-11-08 10:30 - 2025-11-08 11:30,full overlap,60,High
2443,P057,Deployment,One-on-One,2025-11-09 14:05 - 2025-11-09 14:29,containment,24,Medium
2444,P057,Training,Product Demo,2025-11-14 17:30 - 2025-11-14 17:45,partial overlap,15,Medium
2445,P057,Deployment,Tech Sharing,2025-11-11 18:07 - 2025-11-11 18:45,partial overlap,38,Medium
2446,P057,Team Building,Training,2025-11-09 14:57 - 2025-11-09 15:41,containment,44,Medium
2447,P057,Testing Acceptance,One-on-One,2025-11-15 17:00 - 2025-11-15 17:30,partial overlap,30,Medium
2448,P057,Design Review,Product Demo,2025-11-11 12:05 - 2025-11-11 12:24,containment,19,Medium
2449,P057,Operations Check,Meeting,2025-11-15 10:45 - 2025-11-15 11:00,containment,15,Medium
2450,P057,Deployment,Design Review,2025-11-14 16:20 - 2025-11-14 16:30,partial overlap,10,Low
2451,P057,Design Review,Meeting,2025-11-18 14:30 - 2025-11-18 14:45,containment,15,Medium
2452,P057,Team Building,Meeting,2025-11-18 14:36 - 2025-11-18 15:15,partial overlap,39,Medium
2453,P057,Testing Acceptance,Meeting,2025-11-18 14:39 - 2025-11-18 15:15,partial overlap,36,Medium
2454,P057,Training,One-on-One,2025-11-14 11:45 - 2025-11-14 12:00,containment,15,Medium
2455,P057,Project Discussion,Deployment,2025-11-18 11:15 - 2025-11-18 11:30,containment,15,Medium
2456,P057,Training,Team Building,2025-11-14 11:09 - 2025-11-14 11:30,partial overlap,21,Medium
2457,P057,Team Building,Design Review,2025-11-18 14:36 - 2025-11-18 14:45,partial overlap,9,Low
2458,P057,Testing Acceptance,Design Review,2025-11-18 14:39 - 2025-11-18 14:45,partial overlap,6,Low
2459,P057,Requirements Analysis,Operations Check,2025-11-22 14:10 - 2025-11-22 14:15,partial overlap,5,Low
2460,P057,Team Building,Testing Acceptance,2025-11-18 14:39 - 2025-11-18 15:21,containment,42,Medium
2461,P058,Design Review,Design Review,2025-11-03 11:15 - 2025-11-03 11:45,containment,30,Medium
2462,P058,Project Discussion,Requirements Analysis,2025-11-04 08:15 - 2025-11-04 08:45,full overlap,30,Medium
2463,P058,Testing Acceptance,Deployment,2025-11-11 17:45 - 2025-11-11 18:00,partial overlap,15,Medium
2464,P058,Code Review,Deployment,2025-11-11 17:51 - 2025-11-11 18:15,partial overlap,24,Medium
2465,P058,One-on-One,Deployment,2025-11-09 09:45 - 2025-11-09 10:00,partial overlap,15,Medium
2466,P058,Code Review,Testing Acceptance,2025-11-11 17:51 - 2025-11-11 18:00,partial overlap,9,Low
2467,P058,Deployment,Testing Acceptance,2025-11-14 12:15 - 2025-11-14 12:45,containment,30,Medium
2468,P058,Tech Sharing,Testing Acceptance,2025-11-14 12:36 - 2025-11-14 13:00,partial overlap,24,Medium
2469,P058,Client Visit,Deployment,2025-11-15 18:45 - 2025-11-15 19:00,partial overlap,15,Medium
2470,P058,Client Visit,Brainstorming,2025-11-15 16:15 - 2025-11-15 16:45,partial overlap,30,Medium
2471,P058,Design Review,Client Visit,2025-11-15 18:00 - 2025-11-15 18:30,partial overlap,30,Medium
2472,P058,Product Demo,Client Visit,2025-11-15 18:11 - 2025-11-15 18:28,containment,17,Medium
2473,P058,Training,Operations Check,2025-11-13 15:15 - 2025-11-13 15:45,containment,30,Medium
2474,P058,Requirements Analysis,Operations Check,2025-11-13 15:39 - 2025-11-13 15:45,partial overlap,6,Low
2475,P058,Brainstorming,Team Building,2025-11-17 10:00 - 2025-11-17 10:30,containment,30,Medium
2476,P058,Product Demo,Team Building,2025-11-17 10:21 - 2025-11-17 10:45,partial overlap,24,Medium
2477,P058,Tech Sharing,Deployment,2025-11-14 12:36 - 2025-11-14 12:45,partial overlap,9,Low
2478,P058,Requirements Analysis,Training,2025-11-13 15:39 - 2025-11-13 16:00,partial overlap,21,Medium
2479,P058,Team Building,Deployment,2025-11-18 14:30 - 2025-11-18 14:45,partial overlap,15,Medium
2480,P058,Requirements Analysis,Tech Sharing,2025-11-13 09:11 - 2025-11-13 09:15,partial overlap,4,Low
2481,P058,Product Demo,Design Review,2025-11-15 18:11 - 2025-11-15 18:28,containment,17,Medium
2482,P058,Product Demo,Brainstorming,2025-11-17 10:21 - 2025-11-17 10:30,partial overlap,9,Low
2483,P058,Requirements Analysis,Brainstorming,2025-11-18 12:30 - 2025-11-18 12:45,containment,15,Medium
2484,P058,Code Review,Requirements Analysis,2025-11-21 11:45 - 2025-11-21 12:00,partial overlap,15,Medium
2485,P058,Meeting,Operations Check,2025-11-22 15:54 - 2025-11-22 16:15,containment,21,Medium
2486,P058,Meeting,Code Review,2025-11-21 11:15 - 2025-11-21 11:45,containment,30,Medium
2487,P058,Team Building,Training,2025-11-24 10:57 - 2025-11-24 11:00,partial overlap,3,Low
2488,P058,Testing Acceptance,Client Visit,2025-11-19 14:45 - 2025-11-19 15:00,full overlap,15,Medium
2489,P058,Team Building,Tech Sharing,2025-11-24 16:50 - 2025-11-24 17:07,containment,17,Medium
2490,P058,Brainstorming,Meeting,2025-11-19 15:30 - 2025-11-19 15:33,partial overlap,3,Low
2491,P058,Team Building,Meeting,2025-11-23 15:09 - 2025-11-23 15:30,partial overlap,21,Medium
2492,P059,Brainstorming,Training,2025-11-02 12:15 - 2025-11-02 12:45,partial overlap,30,Medium
2493,P059,Requirements Analysis,Testing Acceptance,2025-10-31 09:54 - 2025-10-31 10:30,partial overlap,36,Medium
2494,P059,Project Discussion,Client Visit,2025-11-08 13:45 - 2025-11-08 14:00,partial overlap,15,Medium
2495,P059,Meeting,Code Review,2025-11-04 13:34 - 2025-11-04 13:45,partial overlap,11,Low
2496,P059,Meeting,Team Building,2025-11-12 15:58 - 2025-11-12 16:15,containment,17,Medium
2497,P059,Deployment,Team Building,2025-11-12 16:00 - 2025-11-12 16:30,partial overlap,30,Medium
2498,P059,Team Building,Team Building,2025-11-12 16:14 - 2025-11-12 16:30,partial overlap,16,Medium
2499,P059,Operations Check,Meeting,2025-11-14 10:00 - 2025-11-14 10:15,partial overlap,15,Medium
2500,P059,Team Building,Meeting,2025-11-14 10:00 - 2025-11-14 10:45,containment,45,High
2501,P059,Deployment,Meeting,2025-11-14 10:26 - 2025-11-14 10:45,partial overlap,19,Medium
2502,P059,Team Building,Operations Check,2025-11-14 10:00 - 2025-11-14 10:15,partial overlap,15,Medium
2503,P059,Deployment,Team Building,2025-11-14 10:26 - 2025-11-14 10:55,containment,29,Medium
2504,P059,Meeting,Deployment,2025-11-12 16:00 - 2025-11-12 16:15,partial overlap,15,Medium
2505,P059,Team Building,Deployment,2025-11-12 16:14 - 2025-11-12 17:00,partial overlap,46,High
2506,P059,Meeting,Product Demo,2025-11-13 12:30 - 2025-11-13 13:15,containment,45,High
2507,P059,Code Review,Product Demo,2025-11-13 12:52 - 2025-11-13 13:15,partial overlap,23,Medium
2508,P059,Requirements Analysis,Training,2025-11-13 10:30 - 2025-11-13 11:00,partial overlap,30,Medium
2509,P059,Code Review,Meeting,2025-11-13 12:52 - 2025-11-13 13:26,containment,34,Medium
2510,P059,Team Building,Meeting,2025-11-12 16:14 - 2025-11-12 16:15,partial overlap,1,Low
2511,P059,Tech Sharing,Team Building,2025-11-15 17:30 - 2025-11-15 17:45,containment,15,Medium
2512,P059,Design Review,Brainstorming,2025-11-15 18:00 - 2025-11-15 18:17,partial overlap,17,Medium
2513,P059,Requirements Analysis,Brainstorming,2025-11-15 18:00 - 2025-11-15 18:21,partial overlap,21,Medium
2514,P059,Project Discussion,Deployment,2025-11-19 16:45 - 2025-11-19 17:15,containment,30,Medium
2515,P059,Project Discussion,Testing Acceptance,2025-11-15 08:30 - 2025-11-15 08:45,partial overlap,15,Medium
2516,P059,Design Review,Tech Sharing,2025-11-15 17:46 - 2025-11-15 18:00,partial overlap,14,Low
2517,P059,Requirements Analysis,Tech Sharing,2025-11-15 17:47 - 2025-11-15 18:00,partial overlap,13,Low
2518,P059,Code Review,Team Building,2025-11-15 09:35 - 2025-11-15 09:45,partial overlap,10,Low
2519,P059,Code Review,Tech Sharing,2025-11-22 13:45 - 2025-11-22 14:15,partial overlap,30,Medium
2520,P059,Tech Sharing,Tech Sharing,2025-11-22 13:54 - 2025-11-22 14:30,partial overlap,36,Medium
2521,P059,Team Building,Tech Sharing,2025-11-22 14:07 - 2025-11-22 14:30,partial overlap,23,Medium
2522,P059,Brainstorming,Product Demo,2025-11-21 10:45 - 2025-11-21 11:00,containment,15,Medium
2523,P059,Tech Sharing,Code Review,2025-11-22 13:54 - 2025-11-22 14:15,partial overlap,21,Medium
2524,P059,Team Building,Code Review,2025-11-22 14:07 - 2025-11-22 14:15,partial overlap,8,Low
2525,P059,Project Discussion,Code Review,2025-11-15 09:56 - 2025-11-15 10:21,partial overlap,25,Medium
2526,P059,Tech Sharing,Team Building,2025-11-22 14:07 - 2025-11-22 14:38,partial overlap,31,Medium
2527,P059,Requirements Analysis,Design Review,2025-11-15 17:47 - 2025-11-15 18:17,partial overlap,30,Medium
2528,P060,One-on-One,One-on-One,2025-10-30 13:45 - 2025-10-30 14:00,partial overlap,15,Medium
2529,P060,Testing Acceptance,Team Building,2025-10-27 08:39 - 2025-10-27 08:45,partial overlap,6,Low
2530,P060,Requirements Analysis,One-on-One,2025-11-04 11:25 - 2025-11-04 12:00,partial overlap,35,Medium
2531,P060,Team Building,Requirements Analysis,2025-11-07 15:15 - 2025-11-07 16:00,partial overlap,45,High
2532,P060,Testing Acceptance,Testing Acceptance,2025-11-06 15:19 - 2025-11-06 15:45,partial overlap,26,Medium
2533,P060,One-on-One,Requirements Analysis,2025-11-07 10:15 - 2025-11-07 10:30,partial overlap,15,Medium
2534,P060,Testing Acceptance,Requirements Analysis,2025-11-07 16:45 - 2025-11-07 17:00,partial overlap,15,Medium
2535,P060,One-on-One,Training,2025-11-06 11:35 - 2025-11-06 12:02,containment,27,Medium
2536,P060,Design Review,Testing Acceptance,2025-11-09 08:15 - 2025-11-09 08:30,partial overlap,15,Medium
2537,P060,Deployment,Testing Acceptance,2025-11-09 08:15 - 2025-11-09 08:45,containment,30,Medium
2538,P060,Tech Sharing,Client Visit,2025-11-06 18:58 - 2025-11-06 19:24,containment,26,Medium
2539,P060,Operations Check,Tech Sharing,2025-11-14 15:15 - 2025-11-14 15:45,partial overlap,30,Medium
2540,P060,Tech Sharing,Deployment,2025-11-12 15:10 - 2025-11-12 15:30,partial overlap,20,Medium
2541,P060,Deployment,Design Review,2025-11-09 08:08 - 2025-11-09 08:30,partial overlap,22,Medium
2542,P060,Operations Check,Project Discussion,2025-11-12 13:45 - 2025-11-12 14:15,partial overlap,30,Medium
2543,P060,Team Building,Project Discussion,2025-11-12 13:45 - 2025-11-12 14:11,partial overlap,26,Medium
2544,P060,Team Building,Operations Check,2025-11-12 13:23 - 2025-11-12 14:11,containment,48,High
2545,P060,Design Review,Code Review,2025-11-14 18:45 - 2025-11-14 19:00,containment,15,Medium
2546,P060,Training,Code Review,2025-11-14 18:52 - 2025-11-14 19:00,partial overlap,8,Low
2547,P060,Training,Design Review,2025-11-14 18:52 - 2025-11-14 19:08,containment,16,Medium
2548,P060,Operations Check,Design Review,2025-11-14 19:14 - 2025-11-14 19:30,partial overlap,16,Medium
2549,P060,Code Review,Training,2025-11-13 08:22 - 2025-11-13 08:45,partial overlap,23,Medium
2550,P060,Tech Sharing,Training,2025-11-19 14:15 - 2025-11-19 15:00,full overlap,45,High
2551,P060,Deployment,Training,2025-11-19 14:30 - 2025-11-19 15:00,partial overlap,30,Medium
2552,P060,Tech Sharing,Deployment,2025-11-19 14:30 - 2025-11-19 15:00,partial overlap,30,Medium
2553,P060,Deployment,Deployment,2025-11-20 14:59 - 2025-11-20 15:15,partial overlap,16,Medium
2554,P061,Code Review,Brainstorming,2025-10-27 11:55 - 2025-10-27 12:30,partial overlap,35,Medium
2555,P061,Operations Check,Design Review,2025-10-31 17:07 - 2025-10-31 17:42,containment,35,Medium
2556,P061,Design Review,Training,2025-11-03 17:15 - 2025-11-03 18:30,partial overlap,75,High
2557,P061,Product Demo,Training,2025-11-03 17:15 - 2025-11-03 18:11,partial overlap,56,High
2558,P061,Product Demo,Design Review,2025-11-03 17:14 - 2025-11-03 18:11,containment,57,High
2559,P061,Meeting,Client Visit,2025-11-08 14:00 - 2025-11-08 14:30,containment,30,Medium
2560,P061,Project Discussion,Client Visit,2025-11-08 14:00 - 2025-11-08 14:15,partial overlap,15,Medium
2561,P061,Project Discussion,Meeting,2025-11-08 13:45 - 2025-11-08 14:15,containment,30,Medium
2562,P061,Meeting,Client Visit,2025-11-08 11:00 - 2025-11-08 11:30,containment,30,Medium
2563,P061,Product Demo,Meeting,2025-11-08 16:45 - 2025-11-08 17:00,partial overlap,15,Medium
2564,P061,Operations Check,Operations Check,2025-11-15 11:45 - 2025-11-15 12:30,full overlap,45,High
2565,P061,Product Demo,Brainstorming,2025-11-14 18:00 - 2025-11-14 18:15,partial overlap,15,Medium
2566,P061,One-on-One,Brainstorming,2025-11-14 18:17 - 2025-11-14 18:30,partial overlap,13,Low
2567,P061,Deployment,Testing Acceptance,2025-11-13 09:13 - 2025-11-13 09:39,containment,26,Medium
2568,P061,Design Review,Testing Acceptance,2025-11-13 09:28 - 2025-11-13 09:45,partial overlap,17,Medium
2569,P061,Meeting,Product Demo,2025-11-17 18:30 - 2025-11-17 19:00,containment,30,Medium
2570,P061,Design Review,Deployment,2025-11-13 09:28 - 2025-11-13 09:39,partial overlap,11,Low
2571,P061,Team Building,Brainstorming,2025-11-19 16:54 - 2025-11-19 17:15,partial overlap,21,Medium
2572,P061,Requirements Analysis,Brainstorming,2025-11-19 17:00 - 2025-11-19 17:15,partial overlap,15,Medium
2573,P061,Team Building,Tech Sharing,2025-11-19 17:45 - 2025-11-19 17:52,partial overlap,7,Low
2574,P061,One-on-One,Tech Sharing,2025-11-19 17:45 - 2025-11-19 18:00,containment,15,Medium
2575,P061,Design Review,Tech Sharing,2025-11-19 17:45 - 2025-11-19 18:00,containment,15,Medium
2576,P061,Team Building,One-on-One,2025-11-19 17:30 - 2025-11-19 17:52,partial overlap,22,Medium
2577,P061,Requirements Analysis,One-on-One,2025-11-19 17:30 - 2025-11-19 17:45,partial overlap,15,Medium
2578,P061,Design Review,One-on-One,2025-11-19 17:30 - 2025-11-19 18:00,containment,30,Medium
2579,P061,Code Review,Product Demo,2025-11-17 13:30 - 2025-11-17 13:45,partial overlap,15,Medium
2580,P061,Product Demo,Product Demo,2025-11-17 13:42 - 2025-11-17 14:15,partial overlap,33,Medium
2581,P061,One-on-One,Code Review,2025-11-20 15:45 - 2025-11-20 16:15,containment,30,Medium
2582,P061,Product Demo,Code Review,2025-11-17 13:42 - 2025-11-17 13:45,partial overlap,3,Low
2583,P061,Training,Product Demo,2025-11-18 16:45 - 2025-11-18 17:15,containment,30,Medium
2584,P061,Meeting,Training,2025-11-16 15:00 - 2025-11-16 15:15,partial overlap,15,Medium
2585,P061,Team Building,Design Review,2025-11-19 17:30 - 2025-11-19 17:52,partial overlap,22,Medium
2586,P061,Requirements Analysis,Design Review,2025-11-19 17:30 - 2025-11-19 17:45,partial overlap,15,Medium
2587,P061,Product Demo,Training,2025-11-17 14:30 - 2025-11-17 14:32,partial overlap,2,Low
2588,P061,Code Review,Requirements Analysis,2025-11-20 17:52 - 2025-11-20 18:15,partial overlap,23,Medium
2589,P061,Design Review,One-on-One,2025-11-22 18:39 - 2025-11-22 19:00,containment,21,Medium
2590,P061,Operations Check,Tech Sharing,2025-11-18 11:11 - 2025-11-18 11:30,partial overlap,19,Medium
2591,P061,Training,Meeting,2025-11-24 15:13 - 2025-11-24 15:15,partial overlap,2,Low
2592,P061,Team Building,Requirements Analysis,2025-11-19 17:00 - 2025-11-19 17:45,containment,45,High
2593,P061,Tech Sharing,Project Discussion,2025-11-20 12:26 - 2025-11-20 12:46,containment,20,Medium
2594,P061,Code Review,Code Review,2025-11-20 18:22 - 2025-11-20 18:30,partial overlap,8,Low
2595,P062,Requirements Analysis,Tech Sharing,2025-11-01 08:15 - 2025-11-01 08:30,partial overlap,15,Medium
2596,P062,Project Discussion,Team Building,2025-11-04 09:30 - 2025-11-04 10:00,partial overlap,30,Medium
2597,P062,Requirements Analysis,Tech Sharing,2025-10-30 12:35 - 2025-10-30 12:45,partial overlap,10,Low
2598,P062,Operations Check,Tech Sharing,2025-11-04 16:00 - 2025-11-04 16:15,partial overlap,15,Medium
2599,P062,Testing Acceptance,Deployment,2025-11-11 16:00 - 2025-11-11 16:15,partial overlap,15,Medium
2600,P062,Deployment,Project Discussion,2025-11-08 13:45 - 2025-11-08 14:00,partial overlap,15,Medium
2601,P062,Meeting,Project Discussion,2025-11-10 10:45 - 2025-11-10 11:15,partial overlap,30,Medium
2602,P062,Code Review,Project Discussion,2025-11-10 11:11 - 2025-11-10 11:15,partial overlap,4,Low
2603,P062,Deployment,Brainstorming,2025-11-08 14:00 - 2025-11-08 14:30,containment,30,Medium
2604,P062,Design Review,Product Demo,2025-11-10 08:45 - 2025-11-10 09:15,containment,30,Medium
2605,P062,Code Review,Meeting,2025-11-10 11:11 - 2025-11-10 11:30,partial overlap,19,Medium
2606,P062,Testing Acceptance,Product Demo,2025-11-17 16:00 - 2025-11-17 16:15,partial overlap,15,Medium
2607,P062,Brainstorming,Product Demo,2025-11-17 16:00 - 2025-11-17 16:15,partial overlap,15,Medium
2608,P062,One-on-One,Operations Check,2025-11-18 12:40 - 2025-11-18 12:58,containment,18,Medium
2609,P062,Training,Operations Check,2025-11-18 13:00 - 2025-11-18 13:15,partial overlap,15,Medium
2610,P062,Requirements Analysis,Testing Acceptance,2025-11-19 17:45 - 2025-11-19 18:30,full overlap,45,High
2611,P062,Testing Acceptance,Testing Acceptance,2025-11-19 17:53 - 2025-11-19 18:30,partial overlap,37,Medium
2612,P062,Project Discussion,Testing Acceptance,2025-11-19 18:05 - 2025-11-19 18:30,partial overlap,25,Medium
2613,P062,Code Review,Operations Check,2025-11-14 15:10 - 2025-11-14 15:45,partial overlap,35,Medium
2614,P062,Brainstorming,Testing Acceptance,2025-11-17 16:00 - 2025-11-17 16:30,containment,30,Medium
2615,P062,One-on-One,Operations Check,2025-11-22 13:15 - 2025-11-22 13:30,containment,15,Medium
2616,P062,Requirements Analysis,One-on-One,2025-11-21 13:45 - 2025-11-21 14:00,partial overlap,15,Medium
2617,P062,Code Review,Requirements Analysis,2025-11-21 14:00 - 2025-11-21 14:30,containment,30,Medium
2618,P062,Code Review,Design Review,2025-11-24 14:50 - 2025-11-24 15:28,containment,38,Medium
2619,P062,Deployment,Design Review,2025-11-24 15:15 - 2025-11-24 15:30,partial overlap,15,Medium
2620,P062,Testing Acceptance,Requirements Analysis,2025-11-19 17:53 - 2025-11-19 18:30,partial overlap,37,Medium
2621,P062,Project Discussion,Requirements Analysis,2025-11-19 18:05 - 2025-11-19 18:30,partial overlap,25,Medium
2622,P062,Code Review,Deployment,2025-11-24 15:15 - 2025-11-24 15:28,partial overlap,13,Low
2623,P062,Project Discussion,Testing Acceptance,2025-11-19 18:05 - 2025-11-19 18:35,partial overlap,30,Medium
2624,P063,Brainstorming,Training,2025-11-04 14:00 - 2025-11-04 14:30,containment,30,Medium
2625,P063,Testing Acceptance,Training,2025-11-04 14:15 - 2025-11-04 14:36,containment,21,Medium
2626,P063,Testing Acceptance,Brainstorming,2025-11-04 14:15 - 2025-11-04 14:30,partial overlap,15,Medium
2627,P063,Requirements Analysis,Training,2025-11-11 11:45 - 2025-11-11 12:30,containment,45,High
2628,P063,Testing Acceptance,Team Building,2025-11-07 12:54 - 2025-11-07 13:30,partial overlap,36,Medium
2629,P063,Team Building,Team Building,2025-11-07 13:11 - 2025-11-07 13:27,containment,16,Medium
2630,P063,Deployment,Team Building,2025-11-13 10:45 - 2025-11-13 11:00,containment,15,Medium
2631,P063,Tech Sharing,Design Review,2025-11-10 17:03 - 2025-11-10 17:15,partial overlap,12,Low
2632,P063,Design Review,Training,2025-11-13 12:15 - 2025-11-13 12:45,partial overlap,30,Medium
2633,P063,Code Review,Training,2025-11-13 12:30 - 2025-11-13 13:00,containment,30,Medium
2634,P063,Project Discussion,Tech Sharing,2025-11-14 11:45 - 2025-11-14 12:00,containment,15,Medium
2635,P063,Design Review,Code Review,2025-11-13 12:30 - 2025-11-13 12:45,partial overlap,15,Medium
2636,P063,Client Visit,Client Visit,2025-11-11 15:04 - 2025-11-11 15:45,partial overlap,41,Medium
2637,P063,Team Building,Testing Acceptance,2025-11-07 13:11 - 2025-11-07 13:27,containment,16,Medium
2638,P063,Tech Sharing,Requirements Analysis,2025-11-12 14:24 - 2025-11-12 14:30,partial overlap,6,Low
2639,P063,Meeting,Requirements Analysis,2025-11-12 14:29 - 2025-11-12 14:30,partial overlap,1,Low
2640,P063,Tech Sharing,Requirements Analysis,2025-11-21 10:15 - 2025-11-21 10:45,containment,30,Medium
2641,P063,Client Visit,Requirements Analysis,2025-11-21 10:26 - 2025-11-21 10:52,containment,26,Medium
2642,P063,One-on-One,Client Visit,2025-11-18 10:00 - 2025-11-18 10:15,full overlap,15,Medium
2643,P063,Client Visit,Tech Sharing,2025-11-21 10:26 - 2025-11-21 10:45,partial overlap,19,Medium
2644,P063,Testing Acceptance,Product Demo,2025-11-19 18:28 - 2025-11-19 19:00,partial overlap,32,Medium
2645,P063,Training,Project Discussion,2025-11-20 10:30 - 2025-11-20 10:45,containment,15,Medium
2646,P063,Meeting,Project Discussion,2025-11-24 12:14 - 2025-11-24 12:15,partial overlap,1,Low
2647,P063,Meeting,Product Demo,2025-11-24 18:22 - 2025-11-24 18:30,partial overlap,8,Low
2648,P063,Team Building,Code Review,2025-11-24 09:52 - 2025-11-24 10:09,containment,17,Medium
2649,P063,Meeting,Tech Sharing,2025-11-12 14:29 - 2025-11-12 14:45,containment,16,Medium
2650,P064,Code Review,Deployment,2025-11-01 13:48 - 2025-11-01 14:14,containment,26,Medium
2651,P064,Brainstorming,Tech Sharing,2025-10-31 15:30 - 2025-10-31 16:00,partial overlap,30,Medium
2652,P064,Tech Sharing,Requirements Analysis,2025-11-03 18:00 - 2025-11-03 18:05,partial overlap,5,Low
2653,P064,Design Review,Requirements Analysis,2025-11-03 18:00 - 2025-11-03 18:13,partial overlap,13,Low
2654,P064,Meeting,Meeting,2025-11-02 11:30 - 2025-11-02 12:00,containment,30,Medium
2655,P064,Tech Sharing,Product Demo,2025-11-03 17:22 - 2025-11-03 17:45,partial overlap,23,Medium
2656,P064,Design Review,Tech Sharing,2025-11-03 17:49 - 2025-11-03 18:05,partial overlap,16,Medium
2657,P064,One-on-One,Brainstorming,2025-11-10 13:00 - 2025-11-10 13:30,partial overlap,30,Medium
2658,P064,One-on-One,Brainstorming,2025-11-06 17:30 - 2025-11-06 17:54,partial overlap,24,Medium
2659,P064,Code Review,Testing Acceptance,2025-11-04 15:57 - 2025-11-04 16:15,partial overlap,18,Medium
2660,P064,Testing Acceptance,Training,2025-11-04 12:12 - 2025-11-04 12:30,partial overlap,18,Medium
2661,P064,One-on-One,Team Building,2025-11-08 11:00 - 2025-11-08 11:30,partial overlap,30,Medium
2662,P064,Requirements Analysis,Product Demo,2025-11-08 13:45 - 2025-11-08 14:15,containment,30,Medium
2663,P064,Client Visit,Product Demo,2025-11-08 14:12 - 2025-11-08 14:15,partial overlap,3,Low
2664,P064,One-on-One,Product Demo,2025-11-06 16:58 - 2025-11-06 17:15,partial overlap,17,Medium
2665,P064,Client Visit,Requirements Analysis,2025-11-08 14:12 - 2025-11-08 14:30,partial overlap,18,Medium
2666,P064,Deployment,Project Discussion,2025-11-09 17:02 - 2025-11-09 17:17,containment,15,Medium
2667,P064,Deployment,Code Review,2025-11-12 11:00 - 2025-11-12 11:15,partial overlap,15,Medium
2668,P064,Product Demo,Code Review,2025-11-11 18:53 - 2025-11-11 19:20,containment,27,Medium
2669,P064,Deployment,Requirements Analysis,2025-11-13 18:54 - 2025-11-13 19:15,partial overlap,21,Medium
2670,P064,Testing Acceptance,Operations Check,2025-11-17 15:52 - 2025-11-17 16:00,partial overlap,8,Low
2671,P064,Product Demo,Code Review,2025-11-16 12:30 - 2025-11-16 13:00,partial overlap,30,Medium
2672,P064,Project Discussion,Meeting,2025-11-19 09:15 - 2025-11-19 09:30,containment,15,Medium
2673,P064,Deployment,Project Discussion,2025-11-16 08:21 - 2025-11-16 08:30,partial overlap,9,Low
2674,P064,Requirements Analysis,Training,2025-11-17 17:45 - 2025-11-17 18:00,containment,15,Medium
2675,P064,Code Review,Training,2025-11-22 16:38 - 2025-11-22 17:00,containment,22,Medium
2676,P064,Design Review,Training,2025-11-22 16:56 - 2025-11-22 17:00,partial overlap,4,Low
2677,P064,Product Demo,Design Review,2025-11-19 18:22 - 2025-11-19 19:00,partial overlap,38,Medium
2678,P064,Training,Testing Acceptance,2025-11-19 13:41 - 2025-11-19 13:45,partial overlap,4,Low
2679,P064,Team Building,Testing Acceptance,2025-11-21 09:15 - 2025-11-21 09:45,containment,30,Medium
2680,P064,One-on-One,Requirements Analysis,2025-11-17 17:30 - 2025-11-17 17:45,containment,15,Medium
2681,P064,Brainstorming,Requirements Analysis,2025-11-24 17:35 - 2025-11-24 18:00,partial overlap,25,Medium
2682,P064,Code Review,Design Review,2025-11-22 16:56 - 2025-11-22 17:00,partial overlap,4,Low
2683,P065,Project Discussion,Project Discussion,2025-11-04 10:56 - 2025-11-04 11:15,partial overlap,19,Medium
2684,P065,Training,Product Demo,2025-11-04 17:45 - 2025-11-04 18:10,containment,25,Medium
2685,P065,Code Review,Brainstorming,2025-11-05 11:11 - 2025-11-05 11:29,containment,18,Medium
2686,P065,Client Visit,Code Review,2025-11-08 11:15 - 2025-11-08 11:30,partial overlap,15,Medium
2687,P065,Product Demo,Meeting,2025-11-12 15:07 - 2025-11-12 15:24,containment,17,Medium
2688,P065,Project Discussion,Meeting,2025-11-12 15:30 - 2025-11-12 15:45,partial overlap,15,Medium
2689,P065,Training,One-on-One,2025-11-09 14:45 - 2025-11-09 15:00,partial overlap,15,Medium
2690,P065,Deployment,Code Review,2025-11-10 15:29 - 2025-11-10 15:45,partial overlap,16,Medium
2691,P065,Deployment,Requirements Analysis,2025-11-13 11:15 - 2025-11-13 11:30,containment,15,Medium
2692,P065,Project Discussion,Project Discussion,2025-11-17 08:24 - 2025-11-17 08:30,partial overlap,6,Low
2693,P065,Project Discussion,Brainstorming,2025-11-17 08:30 - 2025-11-17 08:54,partial overlap,24,Medium
2694,P065,Tech Sharing,Training,2025-11-18 14:30 - 2025-11-18 14:45,containment,15,Medium
2695,P065,Design Review,Training,2025-11-18 14:37 - 2025-11-18 14:45,partial overlap,8,Low
2696,P065,One-on-One,Code Review,2025-11-19 11:15 - 2025-11-19 11:30,containment,15,Medium
2697,P065,Requirements Analysis,Requirements Analysis,2025-11-17 14:30 - 2025-11-17 15:00,containment,30,Medium
2698,P065,Project Discussion,Meeting,2025-11-15 11:45 - 2025-11-15 12:00,containment,15,Medium
2699,P065,Meeting,Meeting,2025-11-20 13:00 - 2025-11-20 13:30,containment,30,Medium
2700,P065,Testing Acceptance,Deployment,2025-11-20 18:15 - 2025-11-20 18:30,partial overlap,15,Medium
2701,P065,Code Review,Training,2025-11-18 15:45 - 2025-11-18 16:00,full overlap,15,Medium
2702,P065,Meeting,Brainstorming,2025-11-20 12:42 - 2025-11-20 13:00,partial overlap,18,Medium
2703,P065,Product Demo,One-on-One,2025-11-17 10:30 - 2025-11-17 10:45,full overlap,15,Medium
2704,P065,One-on-One,Requirements Analysis,2025-11-19 12:45 - 2025-11-19 12:48,partial overlap,3,Low
2705,P065,Deployment,Meeting,2025-11-21 09:12 - 2025-11-21 09:15,partial overlap,3,Low
2706,P065,Tech Sharing,Product Demo,2025-11-17 18:30 - 2025-11-17 18:45,containment,15,Medium
2707,P065,Design Review,Tech Sharing,2025-11-18 14:37 - 2025-11-18 15:00,partial overlap,23,Medium
2708,P065,Project Discussion,Client Visit,2025-11-23 14:00 - 2025-11-23 14:15,containment,15,Medium
2709,P065,Project Discussion,Testing Acceptance,2025-11-20 18:35 - 2025-11-20 18:45,partial overlap,10,Low
2710,P066,Operations Check,Client Visit,2025-10-31 08:00 - 2025-10-31 08:45,containment,45,High
2711,P066,Client Visit,Design Review,2025-11-04 18:12 - 2025-11-04 18:32,containment,20,Medium
2712,P066,Training,Design Review,2025-11-04 18:30 - 2025-11-04 18:53,containment,23,Medium
2713,P066,Product Demo,Testing Acceptance,2025-11-06 14:45 - 2025-11-06 14:46,partial overlap,1,Low
2714,P066,Training,Client Visit,2025-11-04 18:30 - 2025-11-04 18:32,partial overlap,2,Low
2715,P066,Operations Check,One-on-One,2025-11-11 14:45 - 2025-11-11 15:15,containment,30,Medium
2716,P066,Product Demo,Testing Acceptance,2025-11-06 13:58 - 2025-11-06 14:30,partial overlap,32,Medium
2717,P066,Tech Sharing,Team Building,2025-11-12 15:15 - 2025-11-12 15:30,partial overlap,15,Medium
2718,P066,Code Review,Team Building,2025-11-12 15:15 - 2025-11-12 15:30,partial overlap,15,Medium
2719,P066,Team Building,Operations Check,2025-11-12 12:46 - 2025-11-12 13:00,partial overlap,14,Low
2720,P066,Team Building,Deployment,2025-11-13 09:15 - 2025-11-13 09:45,partial overlap,30,Medium
2721,P066,Deployment,Operations Check,2025-11-10 17:12 - 2025-11-10 18:00,partial overlap,48,High
2722,P066,One-on-One,Client Visit,2025-11-11 09:30 - 2025-11-11 09:45,partial overlap,15,Medium
2723,P066,Tech Sharing,Code Review,2025-11-12 14:45 - 2025-11-12 15:30,containment,45,High
2724,P066,Requirements Analysis,Code Review,2025-11-12 14:45 - 2025-11-12 15:13,partial overlap,28,Medium
2725,P066,Meeting,Deployment,2025-11-16 18:30 - 2025-11-16 18:45,containment,15,Medium
2726,P066,Design Review,Deployment,2025-11-16 18:36 - 2025-11-16 18:45,partial overlap,9,Low
2727,P066,Design Review,Testing Acceptance,2025-11-14 18:15 - 2025-11-14 18:30,containment,15,Medium
2728,P066,Requirements Analysis,Tech Sharing,2025-11-12 14:42 - 2025-11-12 15:13,containment,31,Medium
2729,P066,Testing Acceptance,Team Building,2025-11-13 10:00 - 2025-11-13 10:15,containment,15,Medium
2730,P066,Design Review,Meeting,2025-11-16 18:36 - 2025-11-16 18:45,partial overlap,9,Low
2731,P066,Project Discussion,Brainstorming,2025-11-23 11:23 - 2025-11-23 11:30,partial overlap,7,Low
2732,P066,Training,Team Building,2025-11-19 17:39 - 2025-11-19 17:45,partial overlap,6,Low
2733,P066,Brainstorming,Code Review,2025-11-20 09:06 - 2025-11-20 09:30,partial overlap,24,Medium
2734,P067,Client Visit,Deployment,2025-10-28 16:51 - 2025-10-28 17:16,containment,25,Medium
2735,P067,Design Review,Training,2025-11-01 11:45 - 2025-11-01 12:30,containment,45,High
2736,P067,Testing Acceptance,Project Discussion,2025-11-06 17:00 - 2025-11-06 17:45,partial overlap,45,High
2737,P067,Project Discussion,Testing Acceptance,2025-11-11 14:00 - 2025-11-11 14:30,containment,30,Medium
2738,P067,Testing Acceptance,Operations Check,2025-11-09 08:48 - 2025-11-09 09:00,partial overlap,12,Low
2739,P067,Deployment,Operations Check,2025-11-09 08:59 - 2025-11-09 09:00,partial overlap,1,Low
2740,P067,Testing Acceptance,Client Visit,2025-11-08 18:45 - 2025-11-08 19:00,partial overlap,15,Medium
2741,P067,Tech Sharing,Product Demo,2025-11-12 15:51 - 2025-11-12 16:15,partial overlap,24,Medium
2742,P067,Testing Acceptance,Brainstorming,2025-11-12 10:00 - 2025-11-12 10:15,partial overlap,15,Medium
2743,P067,Operations Check,One-on-One,2025-11-15 18:15 - 2025-11-15 18:45,partial overlap,30,Medium
2744,P067,Product Demo,Training,2025-11-14 09:00 - 2025-11-14 09:45,containment,45,High
2745,P067,Tech Sharing,Code Review,2025-11-16 14:30 - 2025-11-16 15:00,partial overlap,30,Medium
2746,P067,Testing Acceptance,Deployment,2025-11-09 08:59 - 2025-11-09 09:30,partial overlap,31,Medium
2747,P067,One-on-One,Meeting,2025-11-18 18:30 - 2025-11-18 18:45,partial overlap,15,Medium
2748,P067,Training,Tech Sharing,2025-11-16 14:15 - 2025-11-16 14:30,containment,15,Medium
2749,P067,Product Demo,Training,2025-11-17 08:43 - 2025-11-17 09:00,partial overlap,17,Medium
2750,P068,Tech Sharing,Requirements Analysis,2025-11-05 08:45 - 2025-11-05 09:00,partial overlap,15,Medium
2751,P068,One-on-One,Testing Acceptance,2025-11-10 16:32 - 2025-11-10 16:45,partial overlap,13,Low
2752,P068,Meeting,Testing Acceptance,2025-11-08 14:15 - 2025-11-08 14:30,partial overlap,15,Medium
2753,P068,Requirements Analysis,Project Discussion,2025-11-11 16:30 - 2025-11-11 16:45,partial overlap,15,Medium
2754,P068,Meeting,Requirements Analysis,2025-11-11 11:30 - 2025-11-11 11:45,partial overlap,15,Medium
2755,P068,Testing Acceptance,Requirements Analysis,2025-11-11 11:30 - 2025-11-11 11:35,partial overlap,5,Low
2756,P068,Design Review,Tech Sharing,2025-11-16 17:30 - 2025-11-16 18:00,partial overlap,30,Medium
2757,P068,Training,Testing Acceptance,2025-11-16 11:30 - 2025-11-16 11:45,partial overlap,15,Medium
2758,P068,Tech Sharing,Testing Acceptance,2025-11-16 11:30 - 2025-11-16 12:30,full overlap,60,High
2759,P068,Testing Acceptance,Testing Acceptance,2025-11-16 11:40 - 2025-11-16 12:13,containment,33,Medium
2760,P068,Training,Tech Sharing,2025-11-16 11:30 - 2025-11-16 11:45,partial overlap,15,Medium
2761,P068,Testing Acceptance,Tech Sharing,2025-11-16 11:40 - 2025-11-16 12:13,containment,33,Medium
2762,P068,Testing Acceptance,Meeting,2025-11-11 11:14 - 2025-11-11 11:35,containment,21,Medium
2763,P068,Testing Acceptance,Training,2025-11-16 11:40 - 2025-11-16 11:45,partial overlap,5,Low
2764,P068,Product Demo,Client Visit,2025-11-14 08:17 - 2025-11-14 08:45,partial overlap,28,Medium
2765,P068,Project Discussion,Team Building,2025-11-20 11:30 - 2025-11-20 11:45,containment,15,Medium
2766,P068,Tech Sharing,Product Demo,2025-11-21 11:00 - 2025-11-21 11:30,partial overlap,30,Medium
2767,P068,Tech Sharing,Project Discussion,2025-11-20 18:15 - 2025-11-20 18:45,partial overlap,30,Medium
2768,P068,Operations Check,Requirements Analysis,2025-11-14 16:06 - 2025-11-14 16:15,partial overlap,9,Low
2769,P068,Design Review,Code Review,2025-11-15 15:32 - 2025-11-15 16:00,partial overlap,28,Medium
2770,P068,One-on-One,Code Review,2025-11-15 15:41 - 2025-11-15 16:00,partial overlap,19,Medium
2771,P068,Code Review,One-on-One,2025-11-20 10:15 - 2025-11-20 10:30,partial overlap,15,Medium
2772,P068,Requirements Analysis,Meeting,2025-11-19 11:58 - 2025-11-19 12:15,partial overlap,17,Medium
2773,P068,Training,Design Review,2025-11-17 12:06 - 2025-11-17 12:15,partial overlap,9,Low
2774,P068,Requirements Analysis,Requirements Analysis,2025-11-19 12:45 - 2025-11-19 12:46,partial overlap,1,Low
2775,P068,Client Visit,Requirements Analysis,2025-11-19 12:45 - 2025-11-19 12:53,partial overlap,8,Low
2776,P068,Code Review,Meeting,2025-11-24 12:30 - 2025-11-24 12:45,containment,15,Medium
2777,P068,Team Building,Brainstorming,2025-11-21 15:41 - 2025-11-21 15:56,containment,15,Medium
2778,P068,One-on-One,Design Review,2025-11-15 15:41 - 2025-11-15 16:03,containment,22,Medium
2779,P068,Client Visit,Requirements Analysis,2025-11-19 12:24 - 2025-11-19 12:46,partial overlap,22,Medium
2780,P069,Project Discussion,Operations Check,2025-11-02 16:30 - 2025-11-02 16:45,partial overlap,15,Medium
2781,P069,Training,Deployment,2025-10-31 09:52 - 2025-10-31 10:20,containment,28,Medium
2782,P069,Brainstorming,Deployment,2025-10-31 10:13 - 2025-10-31 10:54,containment,41,Medium
2783,P069,Brainstorming,Training,2025-10-31 10:13 - 2025-10-31 10:20,partial overlap,7,Low
2784,P069,Brainstorming,Design Review,2025-11-06 08:45 - 2025-11-06 09:15,partial overlap,30,Medium
2785,P069,Client Visit,Code Review,2025-11-11 18:15 - 2025-11-11 18:30,partial overlap,15,Medium
2786,P069,Team Building,Brainstorming,2025-11-11 08:00 - 2025-11-11 08:45,containment,45,High
2787,P069,Client Visit,Testing Acceptance,2025-11-12 16:30 - 2025-11-12 16:45,partial overlap,15,Medium
2788,P069,Meeting,Testing Acceptance,2025-11-12 16:30 - 2025-11-12 17:13,partial overlap,43,Medium
2789,P069,Tech Sharing,Testing Acceptance,2025-11-12 16:47 - 2025-11-12 17:30,partial overlap,43,Medium
2790,P069,Deployment,Client Visit,2025-11-12 15:45 - 2025-11-12 16:15,partial overlap,30,Medium
2791,P069,Operations Check,Client Visit,2025-11-12 15:58 - 2025-11-12 16:26,containment,28,Medium
2792,P069,Meeting,Client Visit,2025-11-12 16:26 - 2025-11-12 16:45,partial overlap,19,Medium
2793,P069,Operations Check,Deployment,2025-11-12 15:58 - 2025-11-12 16:15,partial overlap,17,Medium
2794,P069,Client Visit,Testing Acceptance,2025-11-17 10:00 - 2025-11-17 10:30,partial overlap,30,Medium
2795,P069,Brainstorming,Brainstorming,2025-11-16 09:15 - 2025-11-16 09:45,containment,30,Medium
2796,P069,Meeting,Tech Sharing,2025-11-12 16:47 - 2025-11-12 17:13,partial overlap,26,Medium
2797,P069,Product Demo,Operations Check,2025-11-14 13:09 - 2025-11-14 13:30,partial overlap,21,Medium
2798,P069,Meeting,Project Discussion,2025-11-18 09:30 - 2025-11-18 09:45,containment,15,Medium
2799,P069,One-on-One,Deployment,2025-11-17 13:45 - 2025-11-17 14:15,full overlap,30,Medium
2800,P069,Training,One-on-One,2025-11-21 17:00 - 2025-11-21 17:15,containment,15,Medium
2801,P069,Code Review,Design Review,2025-11-17 16:40 - 2025-11-17 17:12,containment,32,Medium
2802,P069,Training,Operations Check,2025-11-19 16:59 - 2025-11-19 17:00,partial overlap,1,Low
2803,P069,Operations Check,Testing Acceptance,2025-11-19 12:00 - 2025-11-19 12:15,containment,15,Medium
2804,P069,Requirements Analysis,Operations Check,2025-11-19 11:40 - 2025-11-19 11:55,containment,15,Medium
2805,P069,Design Review,Client Visit,2025-11-19 08:11 - 2025-11-19 08:15,partial overlap,4,Low
2806,P070,Operations Check,Product Demo,2025-10-31 10:15 - 2025-10-31 10:45,partial overlap,30,Medium
2807,P070,Meeting,Testing Acceptance,2025-11-09 08:15 - 2025-11-09 09:00,containment,45,High
2808,P070,Requirements Analysis,Testing Acceptance,2025-11-09 08:28 - 2025-11-09 09:00,partial overlap,32,Medium
2809,P070,Client Visit,Tech Sharing,2025-11-08 09:30 - 2025-11-08 09:45,partial overlap,15,Medium
2810,P070,Product Demo,Requirements Analysis,2025-11-11 18:00 - 2025-11-11 18:30,partial overlap,30,Medium
2811,P070,Brainstorming,One-on-One,2025-11-10 11:41 - 2025-11-10 12:15,partial overlap,34,Medium
2812,P070,Design Review,Code Review,2025-11-05 14:01 - 2025-11-05 14:30,partial overlap,29,Medium
2813,P070,Deployment,Operations Check,2025-11-12 13:45 - 2025-11-12 14:00,partial overlap,15,Medium
2814,P070,Meeting,Tech Sharing,2025-11-12 10:30 - 2025-11-12 11:00,partial overlap,30,Medium
2815,P070,Tech Sharing,One-on-One,2025-11-10 13:15 - 2025-11-10 13:45,partial overlap,30,Medium
2816,P070,Code Review,Client Visit,2025-11-14 18:00 - 2025-11-14 18:15,containment,15,Medium
2817,P070,Requirements Analysis,Meeting,2025-11-09 08:28 - 2025-11-09 09:15,partial overlap,47,High
2818,P070,Team Building,Deployment,2025-11-15 15:30 - 2025-11-15 15:45,partial overlap,15,Medium
2819,P070,Training,Brainstorming,2025-11-13 12:41 - 2025-11-13 12:45,partial overlap,4,Low
2820,P070,Team Building,Brainstorming,2025-11-21 15:34 - 2025-11-21 16:00,partial overlap,26,Medium
2821,P070,Training,Team Building,2025-11-18 17:43 - 2025-11-18 17:45,partial overlap,2,Low
2822,P070,Deployment,Meeting,2025-11-17 11:45 - 2025-11-17 12:00,containment,15,Medium
2823,P070,Testing Acceptance,Training,2025-11-23 15:45 - 2025-11-23 16:00,containment,15,Medium
2824,P070,One-on-One,Tech Sharing,2025-11-23 11:41 - 2025-11-23 11:45,partial overlap,4,Low
2825,P070,Operations Check,Tech Sharing,2025-11-23 11:43 - 2025-11-23 11:45,partial overlap,2,Low
2826,P070,Testing Acceptance,Deployment,2025-11-25 18:47 - 2025-11-25 19:00,partial overlap,13,Low
2827,P070,Training,One-on-One,2025-11-18 12:45 - 2025-11-18 13:00,partial overlap,15,Medium
2828,P070,Project Discussion,Training,2025-11-18 12:15 - 2025-11-18 12:38,partial overlap,23,Medium
2829,P070,Brainstorming,Testing Acceptance,2025-11-25 19:16 - 2025-11-25 19:38,containment,22,Medium
2830,P070,Operations Check,One-on-One,2025-11-23 11:43 - 2025-11-23 12:18,partial overlap,35,Medium
2831,P071,Meeting,Brainstorming,2025-11-02 11:00 - 2025-11-02 11:15,partial overlap,15,Medium
2832,P071,Deployment,Meeting,2025-11-02 10:15 - 2025-11-02 10:30,partial overlap,15,Medium
2833,P071,Requirements Analysis,Meeting,2025-11-05 11:06 - 2025-11-05 11:26,containment,20,Medium
2834,P071,Brainstorming,Project Discussion,2025-11-09 18:18 - 2025-11-09 19:15,containment,57,High
2835,P071,Tech Sharing,Project Discussion,2025-11-09 18:24 - 2025-11-09 19:10,containment,46,High
2836,P071,Client Visit,Meeting,2025-11-06 13:36 - 2025-11-06 13:45,partial overlap,9,Low
2837,P071,Tech Sharing,Brainstorming,2025-11-09 18:24 - 2025-11-09 19:10,containment,46,High
2838,P071,Design Review,Operations Check,2025-11-07 08:19 - 2025-11-07 08:30,partial overlap,11,Low
2839,P071,Product Demo,Tech Sharing,2025-11-10 13:30 - 2025-11-10 14:00,containment,30,Medium
2840,P071,Requirements Analysis,Tech Sharing,2025-11-10 13:55 - 2025-11-10 14:00,partial overlap,5,Low
2841,P071,Training,Project Discussion,2025-11-10 10:15 - 2025-11-10 10:30,partial overlap,15,Medium
2842,P071,Operations Check,Brainstorming,2025-11-11 16:30 - 2025-11-11 16:45,partial overlap,15,Medium
2843,P071,Requirements Analysis,Product Demo,2025-11-10 13:55 - 2025-11-10 14:00,partial overlap,5,Low
2844,P071,Deployment,Requirements Analysis,2025-11-14 18:00 - 2025-11-14 18:15,containment,15,Medium
2845,P071,Product Demo,Code Review,2025-11-16 13:38 - 2025-11-16 14:00,partial overlap,22,Medium
2846,P071,Testing Acceptance,Code Review,2025-11-19 09:55 - 2025-11-19 10:15,partial overlap,20,Medium
2847,P071,Team Building,Code Review,2025-11-19 10:00 - 2025-11-19 10:15,partial overlap,15,Medium
2848,P071,Requirements Analysis,Code Review,2025-11-19 10:08 - 2025-11-19 10:15,partial overlap,7,Low
2849,P071,Operations Check,Product Demo,2025-11-17 12:00 - 2025-11-17 12:15,containment,15,Medium
2850,P071,Operations Check,Product Demo,2025-11-17 12:00 - 2025-11-17 12:15,containment,15,Medium
2851,P071,Code Review,Meeting,2025-11-17 09:03 - 2025-11-17 09:30,partial overlap,27,Medium
2852,P071,Operations Check,Operations Check,2025-11-17 11:52 - 2025-11-17 12:15,partial overlap,23,Medium
2853,P071,Team Building,Team Building,2025-11-18 13:45 - 2025-11-18 14:30,full overlap,45,High
2854,P071,Testing Acceptance,Design Review,2025-11-15 08:15 - 2025-11-15 08:30,containment,15,Medium
2855,P071,Code Review,Testing Acceptance,2025-11-17 10:00 - 2025-11-17 10:03,partial overlap,3,Low
2856,P071,Operations Check,Operations Check,2025-11-17 12:30 - 2025-11-17 12:31,partial overlap,1,Low
2857,P071,Training,Tech Sharing,2025-11-23 09:15 - 2025-11-23 09:45,containment,30,Medium
2858,P071,Team Building,Tech Sharing,2025-11-23 09:25 - 2025-11-23 09:45,partial overlap,20,Medium
2859,P071,Team Building,Training,2025-11-23 09:25 - 2025-11-23 10:00,partial overlap,35,Medium
2860,P071,Project Discussion,Training,2025-11-23 09:45 - 2025-11-23 10:00,partial overlap,15,Medium
2861,P071,Testing Acceptance,Product Demo,2025-11-21 13:55 - 2025-11-21 14:15,partial overlap,20,Medium
2862,P071,Testing Acceptance,Team Building,2025-11-19 10:00 - 2025-11-19 10:45,containment,45,High
2863,P071,Requirements Analysis,Team Building,2025-11-19 10:08 - 2025-11-19 10:28,containment,20,Medium
2864,P071,Team Building,Project Discussion,2025-11-23 09:45 - 2025-11-23 10:15,containment,30,Medium
2865,P071,Testing Acceptance,Requirements Analysis,2025-11-19 10:08 - 2025-11-19 10:28,containment,20,Medium
2866,P071,Design Review,Design Review,2025-11-18 11:36 - 2025-11-18 11:57,containment,21,Medium
2867,P072,Testing Acceptance,Testing Acceptance,2025-11-01 18:10 - 2025-11-01 18:37,containment,27,Medium
2868,P072,Training,Meeting,2025-10-31 17:28 - 2025-10-31 17:45,partial overlap,17,Medium
2869,P072,Brainstorming,Operations Check,2025-10-30 14:39 - 2025-10-30 15:00,partial overlap,21,Medium
2870,P072,Operations Check,Tech Sharing,2025-11-06 18:08 - 2025-11-06 18:29,containment,21,Medium
2871,P072,Brainstorming,Team Building,2025-11-06 12:27 - 2025-11-06 12:30,partial overlap,3,Low
2872,P072,Project Discussion,Team Building,2025-11-11 10:30 - 2025-11-11 11:00,containment,30,Medium
2873,P072,Operations Check,Meeting,2025-11-12 10:30 - 2025-11-12 11:00,containment,30,Medium
2874,P072,Deployment,Meeting,2025-11-12 10:45 - 2025-11-12 11:00,partial overlap,15,Medium
2875,P072,Brainstorming,Operations Check,2025-11-13 10:00 - 2025-11-13 10:30,partial overlap,30,Medium
2876,P072,Training,Operations Check,2025-11-15 17:15 - 2025-11-15 17:30,containment,15,Medium
2877,P072,Code Review,One-on-One,2025-11-13 15:28 - 2025-11-13 15:45,partial overlap,17,Medium
2878,P072,Team Building,Requirements Analysis,2025-11-16 08:30 - 2025-11-16 08:45,containment,15,Medium
2879,P072,Brainstorming,Training,2025-11-13 09:52 - 2025-11-13 10:00,partial overlap,8,Low
2880,P072,Deployment,Operations Check,2025-11-12 10:45 - 2025-11-12 11:00,partial overlap,15,Medium
2881,P072,Testing Acceptance,Client Visit,2025-11-19 11:53 - 2025-11-19 12:00,partial overlap,7,Low
2882,P072,Tech Sharing,Operations Check,2025-11-20 17:53 - 2025-11-20 18:00,partial overlap,7,Low
2883,P072,Project Discussion,Meeting,2025-11-15 12:00 - 2025-11-15 12:30,partial overlap,30,Medium
2884,P072,Product Demo,Meeting,2025-11-15 12:26 - 2025-11-15 12:30,partial overlap,4,Low
2885,P072,Requirements Analysis,Project Discussion,2025-11-18 12:15 - 2025-11-18 12:30,full overlap,15,Medium
2886,P072,Product Demo,Project Discussion,2025-11-15 12:26 - 2025-11-15 12:45,partial overlap,19,Medium
2887,P072,Requirements Analysis,Design Review,2025-11-19 17:15 - 2025-11-19 17:30,partial overlap,15,Medium
2888,P072,Team Building,Requirements Analysis,2025-11-20 10:45 - 2025-11-20 11:15,partial overlap,30,Medium
2889,P072,Meeting,Deployment,2025-11-21 11:38 - 2025-11-21 12:00,partial overlap,22,Medium
2890,P072,Requirements Analysis,Meeting,2025-11-21 08:25 - 2025-11-21 08:30,partial overlap,5,Low
2891,P073,Tech Sharing,Product Demo,2025-10-27 09:24 - 2025-10-27 09:52,containment,28,Medium
2892,P073,Code Review,Client Visit,2025-10-31 11:30 - 2025-10-31 11:45,partial overlap,15,Medium
2893,P073,Training,Product Demo,2025-11-02 11:32 - 2025-11-02 12:15,containment,43,Medium
2894,P073,Testing Acceptance,Deployment,2025-11-04 08:26 - 2025-11-04 08:44,containment,18,Medium
2895,P073,Product Demo,Meeting,2025-11-03 12:08 - 2025-11-03 12:37,containment,29,Medium
2896,P073,Requirements Analysis,Code Review,2025-10-31 11:50 - 2025-10-31 12:12,containment,22,Medium
2897,P073,Testing Acceptance,Code Review,2025-11-02 15:00 - 2025-11-02 15:30,containment,30,Medium
2898,P073,Testing Acceptance,Product Demo,2025-11-05 15:45 - 2025-11-05 16:15,containment,30,Medium
2899,P073,Testing Acceptance,Product Demo,2025-11-09 08:00 - 2025-11-09 08:30,containment,30,Medium
2900,P073,Product Demo,Operations Check,2025-11-08 13:59 - 2025-11-08 14:15,partial overlap,16,Medium
2901,P073,Operations Check,Training,2025-11-08 09:15 - 2025-11-08 10:00,containment,45,High
2902,P073,Meeting,Tech Sharing,2025-11-13 15:52 - 2025-11-13 16:15,partial overlap,23,Medium
2903,P073,Brainstorming,Operations Check,2025-11-14 09:00 - 2025-11-14 09:15,containment,15,Medium
2904,P073,Project Discussion,Design Review,2025-11-11 17:13 - 2025-11-11 17:30,partial overlap,17,Medium
2905,P073,Deployment,One-on-One,2025-11-13 09:15 - 2025-11-13 09:30,partial overlap,15,Medium
2906,P073,Project Discussion,One-on-One,2025-11-11 17:30 - 2025-11-11 17:56,partial overlap,26,Medium
2907,P073,Testing Acceptance,Deployment,2025-11-17 15:00 - 2025-11-17 15:15,partial overlap,15,Medium
2908,P073,Brainstorming,Product Demo,2025-11-08 14:25 - 2025-11-08 14:28,partial overlap,3,Low
2909,P073,Testing Acceptance,Brainstorming,2025-11-08 14:55 - 2025-11-08 15:10,partial overlap,15,Medium
2910,P073,Tech Sharing,Operations Check,2025-11-17 14:15 - 2025-11-17 14:45,containment,30,Medium
2911,P073,Operations Check,Operations Check,2025-11-17 14:30 - 2025-11-17 14:45,containment,15,Medium
2912,P073,Testing Acceptance,Operations Check,2025-11-17 14:30 - 2025-11-17 14:45,partial overlap,15,Medium
2913,P073,Project Discussion,Brainstorming,2025-11-18 15:45 - 2025-11-18 16:15,partial overlap,30,Medium
2914,P073,Tech Sharing,Operations Check,2025-11-17 14:30 - 2025-11-17 14:45,containment,15,Medium
2915,P073,Testing Acceptance,Operations Check,2025-11-17 14:30 - 2025-11-17 14:45,containment,15,Medium
2916,P073,Project Discussion,Tech Sharing,2025-11-18 11:00 - 2025-11-18 11:15,containment,15,Medium
2917,P073,Tech Sharing,Testing Acceptance,2025-11-17 14:30 - 2025-11-17 14:45,partial overlap,15,Medium
2918,P073,One-on-One,Requirements Analysis,2025-11-24 08:43 - 2025-11-24 09:00,partial overlap,17,Medium
2919,P073,Operations Check,Requirements Analysis,2025-11-24 08:45 - 2025-11-24 09:00,containment,15,Medium
2920,P073,One-on-One,Operations Check,2025-11-24 08:45 - 2025-11-24 09:00,containment,15,Medium
2921,P074,Team Building,Team Building,2025-10-28 14:15 - 2025-10-28 14:30,partial overlap,15,Medium
2922,P074,Requirements Analysis,Team Building,2025-11-01 09:30 - 2025-11-01 10:30,containment,60,High
2923,P074,Product Demo,Client Visit,2025-11-03 16:51 - 2025-11-03 17:34,containment,43,Medium
2924,P074,Deployment,Requirements Analysis,2025-11-07 16:15 - 2025-11-07 16:30,partial overlap,15,Medium
2925,P074,Client Visit,Requirements Analysis,2025-11-07 16:15 - 2025-11-07 16:20,partial overlap,5,Low
2926,P074,Requirements Analysis,Requirements Analysis,2025-11-08 15:15 - 2025-11-08 15:45,containment,30,Medium
2927,P074,One-on-One,Requirements Analysis,2025-11-08 15:15 - 2025-11-08 15:45,containment,30,Medium
2928,P074,Meeting,Requirements Analysis,2025-11-08 15:35 - 2025-11-08 15:45,partial overlap,10,Low
2929,P074,Project Discussion,Client Visit,2025-11-06 14:30 - 2025-11-06 15:00,containment,30,Medium
2930,P074,One-on-One,Requirements Analysis,2025-11-08 15:15 - 2025-11-08 16:15,full overlap,60,High
2931,P074,Meeting,Requirements Analysis,2025-11-08 15:35 - 2025-11-08 16:13,containment,38,Medium
2932,P074,Client Visit,Testing Acceptance,2025-11-07 08:59 - 2025-11-07 09:14,containment,15,Medium
2933,P074,Deployment,Project Discussion,2025-11-08 09:35 - 2025-11-08 10:11,containment,36,Medium
2934,P074,Client Visit,Deployment,2025-11-07 15:51 - 2025-11-07 16:20,containment,29,Medium
2935,P074,Meeting,One-on-One,2025-11-08 15:35 - 2025-11-08 16:13,containment,38,Medium
2936,P074,Requirements Analysis,Client Visit,2025-11-13 14:00 - 2025-11-13 14:15,containment,15,Medium
2937,P074,Design Review,Team Building,2025-11-14 17:15 - 2025-11-14 17:26,partial overlap,11,Low
2938,P074,Operations Check,Requirements Analysis,2025-11-11 18:30 - 2025-11-11 19:00,partial overlap,30,Medium
2939,P074,Project Discussion,Deployment,2025-11-16 12:45 - 2025-11-16 13:30,full overlap,45,High
2940,P074,Operations Check,Deployment,2025-11-16 12:54 - 2025-11-16 13:12,containment,18,Medium
2941,P074,One-on-One,Deployment,2025-11-16 12:55 - 2025-11-16 13:27,containment,32,Medium
2942,P074,Requirements Analysis,Deployment,2025-11-16 13:09 - 2025-11-16 13:30,partial overlap,21,Medium
2943,P074,Requirements Analysis,Requirements Analysis,2025-11-16 13:30 - 2025-11-16 13:39,partial overlap,9,Low
2944,P074,Meeting,Tech Sharing,2025-11-18 15:00 - 2025-11-18 15:15,containment,15,Medium
2945,P074,Operations Check,Tech Sharing,2025-11-18 15:06 - 2025-11-18 15:15,partial overlap,9,Low
2946,P074,Operations Check,Meeting,2025-11-18 15:06 - 2025-11-18 15:30,partial overlap,24,Medium
2947,P074,Design Review,Tech Sharing,2025-11-14 16:35 - 2025-11-14 16:45,partial overlap,10,Low
2948,P074,Operations Check,Project Discussion,2025-11-16 12:54 - 2025-11-16 13:12,containment,18,Medium
2949,P074,One-on-One,Project Discussion,2025-11-16 12:55 - 2025-11-16 13:27,containment,32,Medium
2950,P074,Requirements Analysis,Project Discussion,2025-11-16 13:09 - 2025-11-16 13:30,partial overlap,21,Medium
2951,P074,Meeting,Team Building,2025-11-18 11:45 - 2025-11-18 12:00,containment,15,Medium
2952,P074,Team Building,Requirements Analysis,2025-11-19 18:15 - 2025-11-19 18:30,containment,15,Medium
2953,P074,Design Review,Project Discussion,2025-11-18 10:30 - 2025-11-18 10:45,containment,15,Medium
2954,P074,Project Discussion,Project Discussion,2025-11-18 10:30 - 2025-11-18 10:43,partial overlap,13,Low
2955,P074,Design Review,Team Building,2025-11-17 13:30 - 2025-11-17 14:00,containment,30,Medium
2956,P074,Operations Check,Team Building,2025-11-23 09:10 - 2025-11-23 09:30,partial overlap,20,Medium
2957,P074,Product Demo,One-on-One,2025-11-19 15:44 - 2025-11-19 15:45,partial overlap,1,Low
2958,P074,Meeting,Client Visit,2025-11-18 18:30 - 2025-11-18 19:00,full overlap,30,Medium
2959,P074,Testing Acceptance,Deployment,2025-11-24 17:00 - 2025-11-24 17:30,containment,30,Medium
2960,P074,Project Discussion,Design Review,2025-11-18 10:22 - 2025-11-18 10:43,containment,21,Medium
2961,P074,One-on-One,Deployment,2025-11-24 17:30 - 2025-11-24 17:45,containment,15,Medium
2962,P074,One-on-One,Operations Check,2025-11-16 12:55 - 2025-11-16 13:12,partial overlap,17,Medium
2963,P074,Requirements Analysis,Operations Check,2025-11-16 13:09 - 2025-11-16 13:12,partial overlap,3,Low
2964,P074,Requirements Analysis,One-on-One,2025-11-16 13:09 - 2025-11-16 13:27,partial overlap,18,Medium
2965,P075,Design Review,Brainstorming,2025-10-30 15:48 - 2025-10-30 16:15,partial overlap,27,Medium
2966,P075,One-on-One,Client Visit,2025-10-31 17:07 - 2025-10-31 17:30,partial overlap,23,Medium
2967,P075,Client Visit,Product Demo,2025-10-30 18:30 - 2025-10-30 19:02,containment,32,Medium
2968,P075,Brainstorming,Product Demo,2025-11-05 08:58 - 2025-11-05 09:15,partial overlap,17,Medium
2969,P075,Team Building,Training,2025-11-08 13:45 - 2025-11-08 14:30,containment,45,High
2970,P075,Team Building,Training,2025-11-08 14:11 - 2025-11-08 14:30,partial overlap,19,Medium
2971,P075,Tech Sharing,Design Review,2025-11-04 14:14 - 2025-11-04 14:30,partial overlap,16,Medium
2972,P075,Deployment,Operations Check,2025-11-04 18:44 - 2025-11-04 19:30,partial overlap,46,High
2973,P075,Team Building,Team Building,2025-11-08 14:11 - 2025-11-08 14:30,partial overlap,19,Medium
2974,P075,Brainstorming,Operations Check,2025-11-13 12:45 - 2025-11-13 13:30,containment,45,High
2975,P075,Deployment,Meeting,2025-11-14 08:00 - 2025-11-14 09:00,full overlap,60,High
2976,P075,One-on-One,Meeting,2025-11-14 16:00 - 2025-11-14 16:30,containment,30,Medium
2977,P075,Client Visit,One-on-One,2025-11-15 17:45 - 2025-11-15 18:00,partial overlap,15,Medium
2978,P075,Design Review,Tech Sharing,2025-11-16 10:30 - 2025-11-16 10:45,containment,15,Medium
2979,P075,One-on-One,Requirements Analysis,2025-11-14 11:56 - 2025-11-14 12:15,partial overlap,19,Medium
2980,P075,Training,Team Building,2025-11-16 15:37 - 2025-11-16 16:00,containment,23,Medium
2981,P075,Client Visit,Tech Sharing,2025-11-21 12:00 - 2025-11-21 12:15,partial overlap,15,Medium
2982,P075,Tech Sharing,Requirements Analysis,2025-11-17 17:37 - 2025-11-17 18:15,partial overlap,38,Medium
2983,P075,Brainstorming,Meeting,2025-11-20 09:00 - 2025-11-20 09:15,partial overlap,15,Medium
2984,P076,Requirements Analysis,Client Visit,2025-10-30 17:46 - 2025-10-30 18:00,partial overlap,14,Low
2985,P076,Requirements Analysis,Design Review,2025-11-02 15:00 - 2025-11-02 15:45,containment,45,High
2986,P076,Brainstorming,Design Review,2025-11-02 15:45 - 2025-11-02 16:00,partial overlap,15,Medium
2987,P076,Deployment,Client Visit,2025-11-07 17:00 - 2025-11-07 17:30,containment,30,Medium
2988,P076,Team Building,Project Discussion,2025-11-11 13:25 - 2025-11-11 14:00,partial overlap,35,Medium
2989,P076,Brainstorming,Design Review,2025-11-08 09:03 - 2025-11-08 09:30,partial overlap,27,Medium
2990,P076,One-on-One,Design Review,2025-11-08 09:15 - 2025-11-08 09:30,partial overlap,15,Medium
2991,P076,One-on-One,Operations Check,2025-11-13 14:45 - 2025-11-13 15:15,partial overlap,30,Medium
2992,P076,Testing Acceptance,Brainstorming,2025-11-09 12:30 - 2025-11-09 13:15,partial overlap,45,High
2993,P076,Requirements Analysis,Brainstorming,2025-11-09 12:40 - 2025-11-09 13:15,partial overlap,35,Medium
2994,P076,Brainstorming,One-on-One,2025-11-08 09:15 - 2025-11-08 09:44,partial overlap,29,Medium
2995,P076,Requirements Analysis,Requirements Analysis,2025-11-12 09:43 - 2025-11-12 10:15,partial overlap,32,Medium
2996,P076,Requirements Analysis,Testing Acceptance,2025-11-09 12:40 - 2025-11-09 13:30,partial overlap,50,High
2997,P076,One-on-One,Brainstorming,2025-11-16 16:15 - 2025-11-16 16:30,partial overlap,15,Medium
2998,P076,Requirements Analysis,Brainstorming,2025-11-16 16:20 - 2025-11-16 16:50,containment,30,Medium
2999,P076,Requirements Analysis,Brainstorming,2025-11-16 16:27 - 2025-11-16 16:43,containment,16,Medium
3000,P076,Meeting,Brainstorming,2025-11-16 16:45 - 2025-11-16 17:00,partial overlap,15,Medium
3001,P076,Code Review,Testing Acceptance,2025-11-16 11:15 - 2025-11-16 11:24,partial overlap,9,Low
3002,P076,Code Review,Deployment,2025-11-16 10:36 - 2025-11-16 11:00,partial overlap,24,Medium
3003,P076,Code Review,Design Review,2025-11-19 17:45 - 2025-11-19 18:00,full overlap,15,Medium
3004,P076,Requirements Analysis,One-on-One,2025-11-16 16:20 - 2025-11-16 16:30,partial overlap,10,Low
3005,P076,Requirements Analysis,One-on-One,2025-11-16 16:27 - 2025-11-16 16:30,partial overlap,3,Low
3006,P076,Requirements Analysis,Meeting,2025-11-16 16:45 - 2025-11-16 16:50,partial overlap,5,Low
3007,P076,Training,Client Visit,2025-11-20 10:30 - 2025-11-20 11:00,containment,30,Medium
3008,P076,Client Visit,Requirements Analysis,2025-11-23 14:00 - 2025-11-23 14:06,partial overlap,6,Low
3009,P076,Client Visit,Team Building,2025-11-23 13:13 - 2025-11-23 13:45,partial overlap,32,Medium
3010,P076,Requirements Analysis,Requirements Analysis,2025-11-16 16:27 - 2025-11-16 16:43,containment,16,Medium
3011,P077,Requirements Analysis,Requirements Analysis,2025-11-02 14:32 - 2025-11-02 14:48,containment,16,Medium
3012,P077,Requirements Analysis,Training,2025-10-31 09:30 - 2025-10-31 10:26,containment,56,High
3013,P077,One-on-One,Meeting,2025-11-04 15:30 - 2025-11-04 16:15,containment,45,High
3014,P077,Training,Tech Sharing,2025-11-08 13:30 - 2025-11-08 14:00,containment,30,Medium
3015,P077,Brainstorming,Tech Sharing,2025-11-08 14:30 - 2025-11-08 14:45,partial overlap,15,Medium
3016,P077,One-on-One,Meeting,2025-11-11 15:45 - 2025-11-11 16:00,partial overlap,15,Medium
3017,P077,One-on-One,Requirements Analysis,2025-11-11 16:15 - 2025-11-11 16:30,partial overlap,15,Medium
3018,P077,Meeting,Product Demo,2025-11-15 19:05 - 2025-11-15 19:15,partial overlap,10,Low
3019,P077,Testing Acceptance,Operations Check,2025-11-16 10:00 - 2025-11-16 10:45,containment,45,High
3020,P077,Design Review,Operations Check,2025-11-16 10:30 - 2025-11-16 11:00,containment,30,Medium
3021,P077,Product Demo,Operations Check,2025-11-16 10:30 - 2025-11-16 10:45,containment,15,Medium
3022,P077,Testing Acceptance,Design Review,2025-11-16 10:30 - 2025-11-16 10:45,partial overlap,15,Medium
3023,P077,Product Demo,Design Review,2025-11-16 10:30 - 2025-11-16 10:45,containment,15,Medium
3024,P077,Meeting,Training,2025-11-14 09:16 - 2025-11-14 09:50,containment,34,Medium
3025,P077,Requirements Analysis,Brainstorming,2025-11-16 08:15 - 2025-11-16 08:30,full overlap,15,Medium
3026,P077,Brainstorming,Deployment,2025-11-16 16:27 - 2025-11-16 17:00,partial overlap,33,Medium
3027,P077,Team Building,Product Demo,2025-11-14 16:58 - 2025-11-14 17:30,partial overlap,32,Medium
3028,P077,Testing Acceptance,Operations Check,2025-11-20 11:00 - 2025-11-20 11:15,partial overlap,15,Medium
3029,P077,Brainstorming,Operations Check,2025-11-20 11:07 - 2025-11-20 11:30,partial overlap,23,Medium
3030,P077,Requirements Analysis,Operations Check,2025-11-20 11:23 - 2025-11-20 11:30,partial overlap,7,Low
3031,P077,Product Demo,Product Demo,2025-11-17 15:21 - 2025-11-17 15:45,partial overlap,24,Medium
3032,P077,Tech Sharing,One-on-One,2025-11-20 08:53 - 2025-11-20 09:15,partial overlap,22,Medium
3033,P077,Testing Acceptance,Product Demo,2025-11-16 10:30 - 2025-11-16 10:45,containment,15,Medium
3034,P077,One-on-One,Tech Sharing,2025-11-24 13:45 - 2025-11-24 14:15,containment,30,Medium
3035,P077,Brainstorming,Testing Acceptance,2025-11-20 11:07 - 2025-11-20 11:15,partial overlap,8,Low
3036,P077,Team Building,Deployment,2025-11-21 18:43 - 2025-11-21 19:00,partial overlap,17,Medium
3037,P077,Brainstorming,Requirements Analysis,2025-11-20 11:23 - 2025-11-20 12:01,containment,38,Medium
3038,P078,Operations Check,Code Review,2025-10-30 11:30 - 2025-10-30 11:45,partial overlap,15,Medium
3039,P078,One-on-One,Code Review,2025-10-30 11:41 - 2025-10-30 11:45,partial overlap,4,Low
3040,P078,One-on-One,Operations Check,2025-10-30 11:41 - 2025-10-30 12:13,containment,32,Medium
3041,P078,Design Review,Meeting,2025-11-08 18:15 - 2025-11-08 18:30,partial overlap,15,Medium
3042,P078,Team Building,Operations Check,2025-11-01 09:50 - 2025-11-01 10:15,partial overlap,25,Medium
3043,P078,Deployment,Operations Check,2025-11-01 09:53 - 2025-11-01 10:15,partial overlap,22,Medium
3044,P078,Project Discussion,Client Visit,2025-11-09 12:00 - 2025-11-09 12:15,partial overlap,15,Medium
3045,P078,One-on-One,Client Visit,2025-11-09 12:09 - 2025-11-09 12:15,partial overlap,6,Low
3046,P078,One-on-One,Project Discussion,2025-11-09 12:09 - 2025-11-09 12:40,containment,31,Medium
3047,P078,Meeting,Project Discussion,2025-11-09 12:30 - 2025-11-09 12:45,partial overlap,15,Medium
3048,P078,Meeting,One-on-One,2025-11-09 12:30 - 2025-11-09 12:40,partial overlap,10,Low
3049,P078,Deployment,Team Building,2025-11-01 09:53 - 2025-11-01 10:23,containment,30,Medium
3050,P078,Product Demo,Meeting,2025-11-09 13:15 - 2025-11-09 13:30,partial overlap,15,Medium
3051,P078,Tech Sharing,Project Discussion,2025-11-12 16:15 - 2025-11-12 16:30,partial overlap,15,Medium
3052,P078,One-on-One,One-on-One,2025-11-12 12:45 - 2025-11-12 13:15,containment,30,Medium
3053,P078,Testing Acceptance,Requirements Analysis,2025-11-08 15:36 - 2025-11-08 16:09,containment,33,Medium
3054,P078,Operations Check,Team Building,2025-11-11 13:55 - 2025-11-11 14:15,partial overlap,20,Medium
3055,P078,Deployment,Requirements Analysis,2025-11-16 15:45 - 2025-11-16 16:00,containment,15,Medium
3056,P078,Requirements Analysis,Requirements Analysis,2025-11-16 16:00 - 2025-11-16 16:15,partial overlap,15,Medium
3057,P078,Product Demo,Deployment,2025-11-19 14:30 - 2025-11-19 14:45,containment,15,Medium
3058,P078,Requirements Analysis,Deployment,2025-11-18 15:15 - 2025-11-18 15:30,partial overlap,15,Medium
3059,P078,Operations Check,Deployment,2025-11-18 15:15 - 2025-11-18 15:30,partial overlap,15,Medium
3060,P078,Client Visit,Product Demo,2025-11-20 09:15 - 2025-11-20 09:45,full overlap,30,Medium
3061,P078,Operations Check,Requirements Analysis,2025-11-18 14:45 - 2025-11-18 15:30,full overlap,45,High
3062,P078,Operations Check,One-on-One,2025-11-21 18:15 - 2025-11-21 18:30,containment,15,Medium
3063,P078,Training,One-on-One,2025-11-21 18:29 - 2025-11-21 18:45,partial overlap,16,Medium
3064,P078,Deployment,Brainstorming,2025-11-21 15:15 - 2025-11-21 15:45,partial overlap,30,Medium
3065,P078,Project Discussion,Brainstorming,2025-11-21 15:15 - 2025-11-21 15:30,containment,15,Medium
3066,P078,Training,Operations Check,2025-11-21 18:29 - 2025-11-21 18:30,partial overlap,1,Low
3067,P078,Deployment,Project Discussion,2025-11-21 15:15 - 2025-11-21 15:30,containment,15,Medium
3068,P078,Client Visit,Brainstorming,2025-11-17 18:45 - 2025-11-17 19:00,containment,15,Medium
3069,P079,Design Review,Design Review,2025-11-05 12:30 - 2025-11-05 13:15,full overlap,45,High
3070,P079,Operations Check,Brainstorming,2025-11-07 10:00 - 2025-11-07 10:30,containment,30,Medium
3071,P079,Requirements Analysis,One-on-One,2025-11-06 16:45 - 2025-11-06 17:15,containment,30,Medium
3072,P079,Brainstorming,One-on-One,2025-11-06 16:45 - 2025-11-06 17:15,containment,30,Medium
3073,P079,Brainstorming,Requirements Analysis,2025-11-06 16:45 - 2025-11-06 17:15,partial overlap,30,Medium
3074,P079,Design Review,Tech Sharing,2025-11-05 13:37 - 2025-11-05 14:00,partial overlap,23,Medium
3075,P079,Training,Requirements Analysis,2025-11-13 15:15 - 2025-11-13 16:00,containment,45,High
3076,P079,Operations Check,Requirements Analysis,2025-11-13 16:00 - 2025-11-13 16:15,partial overlap,15,Medium
3077,P079,Design Review,Tech Sharing,2025-11-10 16:30 - 2025-11-10 16:45,partial overlap,15,Medium
3078,P079,Training,One-on-One,2025-11-16 14:30 - 2025-11-16 14:45,partial overlap,15,Medium
3079,P079,Training,One-on-One,2025-11-16 14:30 - 2025-11-16 14:45,containment,15,Medium
3080,P079,Team Building,One-on-One,2025-11-16 14:45 - 2025-11-16 15:15,partial overlap,30,Medium
3081,P079,Deployment,Product Demo,2025-11-13 09:15 - 2025-11-13 09:45,containment,30,Medium
3082,P079,Code Review,Product Demo,2025-11-13 09:20 - 2025-11-13 09:45,partial overlap,25,Medium
3083,P079,One-on-One,Product Demo,2025-11-15 12:30 - 2025-11-15 13:00,containment,30,Medium
3084,P079,One-on-One,One-on-One,2025-11-17 11:30 - 2025-11-17 11:45,partial overlap,15,Medium
3085,P079,One-on-One,Code Review,2025-11-17 09:00 - 2025-11-17 09:45,full overlap,45,High
3086,P079,Code Review,One-on-One,2025-11-17 12:00 - 2025-11-17 12:15,containment,15,Medium
3087,P079,Code Review,Deployment,2025-11-13 09:20 - 2025-11-13 09:45,partial overlap,25,Medium
3088,P079,Meeting,Meeting,2025-11-19 17:30 - 2025-11-19 17:45,partial overlap,15,Medium
3089,P079,Training,Training,2025-11-16 14:30 - 2025-11-16 14:45,containment,15,Medium
3090,P079,Deployment,Brainstorming,2025-11-20 16:54 - 2025-11-20 17:15,partial overlap,21,Medium
3091,P079,Design Review,Client Visit,2025-11-22 18:06 - 2025-11-22 18:30,partial overlap,24,Medium
3092,P079,Training,Training,2025-11-20 13:45 - 2025-11-20 14:15,containment,30,Medium
3093,P079,Client Visit,Training,2025-11-20 14:00 - 2025-11-20 14:15,containment,15,Medium
3094,P079,One-on-One,Operations Check,2025-11-18 15:45 - 2025-11-18 16:00,containment,15,Medium
3095,P079,Deployment,Operations Check,2025-11-18 15:51 - 2025-11-18 16:00,partial overlap,9,Low
3096,P079,Deployment,One-on-One,2025-11-20 17:30 - 2025-11-20 17:33,partial overlap,3,Low
3097,P079,Deployment,One-on-One,2025-11-18 15:51 - 2025-11-18 16:11,containment,20,Medium
3098,P079,Requirements Analysis,One-on-One,2025-11-18 16:08 - 2025-11-18 16:30,partial overlap,22,Medium
3099,P079,Training,Requirements Analysis,2025-11-22 11:55 - 2025-11-22 12:00,partial overlap,5,Low
3100,P079,Training,Client Visit,2025-11-20 14:00 - 2025-11-20 14:15,containment,15,Medium
3101,P079,Requirements Analysis,Deployment,2025-11-18 16:08 - 2025-11-18 16:11,partial overlap,3,Low
3102,P080,Testing Acceptance,Client Visit,2025-11-02 18:30 - 2025-11-02 19:00,containment,30,Medium
3103,P080,Operations Check,Deployment,2025-11-04 16:45 - 2025-11-04 17:15,containment,30,Medium
3104,P080,Requirements Analysis,Code Review,2025-11-07 14:00 - 2025-11-07 14:15,partial overlap,15,Medium
3105,P080,Operations Check,Brainstorming,2025-11-08 15:38 - 2025-11-08 15:55,containment,17,Medium
3106,P080,Code Review,Brainstorming,2025-11-08 15:45 - 2025-11-08 16:15,partial overlap,30,Medium
3107,P080,Client Visit,Product Demo,2025-11-08 17:30 - 2025-11-08 18:15,full overlap,45,High
3108,P080,Project Discussion,Product Demo,2025-11-08 17:45 - 2025-11-08 18:01,containment,16,Medium
3109,P080,Design Review,Product Demo,2025-11-08 17:50 - 2025-11-08 18:11,containment,21,Medium
3110,P080,Client Visit,Product Demo,2025-11-08 18:04 - 2025-11-08 18:15,partial overlap,11,Low
3111,P080,Code Review,Operations Check,2025-11-08 15:45 - 2025-11-08 15:55,partial overlap,10,Low
3112,P080,Client Visit,Project Discussion,2025-11-08 17:45 - 2025-11-08 18:01,containment,16,Medium
3113,P080,Design Review,Project Discussion,2025-11-08 17:50 - 2025-11-08 18:01,partial overlap,11,Low
3114,P080,Client Visit,Client Visit,2025-11-08 18:04 - 2025-11-08 18:15,partial overlap,11,Low
3115,P080,Design Review,Client Visit,2025-11-08 18:04 - 2025-11-08 18:11,partial overlap,7,Low
3116,P080,Operations Check,Meeting,2025-11-07 17:00 - 2025-11-07 17:15,partial overlap,15,Medium
3117,P080,Product Demo,Design Review,2025-11-05 13:16 - 2025-11-05 13:30,partial overlap,14,Low
3118,P080,Testing Acceptance,Team Building,2025-11-07 12:15 - 2025-11-07 12:30,partial overlap,15,Medium
3119,P080,Meeting,Team Building,2025-11-07 12:25 - 2025-11-07 12:30,partial overlap,5,Low
3120,P080,Deployment,Requirements Analysis,2025-11-10 15:45 - 2025-11-10 16:15,containment,30,Medium
3121,P080,Design Review,Requirements Analysis,2025-11-10 16:07 - 2025-11-10 16:15,partial overlap,8,Low
3122,P080,Testing Acceptance,Deployment,2025-11-12 14:00 - 2025-11-12 14:15,partial overlap,15,Medium
3123,P080,Requirements Analysis,Deployment,2025-11-12 14:11 - 2025-11-12 14:30,partial overlap,19,Medium
3124,P080,Meeting,Testing Acceptance,2025-11-07 12:25 - 2025-11-07 12:51,containment,26,Medium
3125,P080,Deployment,Requirements Analysis,2025-11-07 14:30 - 2025-11-07 15:00,containment,30,Medium
3126,P080,One-on-One,Requirements Analysis,2025-11-07 14:36 - 2025-11-07 15:00,partial overlap,24,Medium
3127,P080,One-on-One,Deployment,2025-11-07 14:36 - 2025-11-07 15:00,partial overlap,24,Medium
3128,P080,Design Review,Client Visit,2025-11-08 17:50 - 2025-11-08 18:11,containment,21,Medium
3129,P080,Requirements Analysis,Testing Acceptance,2025-11-12 14:11 - 2025-11-12 14:15,partial overlap,4,Low
3130,P080,Design Review,Deployment,2025-11-10 16:07 - 2025-11-10 16:15,partial overlap,8,Low
3131,P080,Training,Code Review,2025-11-17 17:00 - 2025-11-17 17:15,containment,15,Medium
3132,P080,Requirements Analysis,Code Review,2025-11-14 08:15 - 2025-11-14 08:30,partial overlap,15,Medium
3133,P080,Deployment,Meeting,2025-11-12 10:41 - 2025-11-12 10:45,partial overlap,4,Low
3134,P080,Operations Check,One-on-One,2025-11-14 11:45 - 2025-11-14 12:15,partial overlap,30,Medium
3135,P080,Project Discussion,One-on-One,2025-11-14 11:45 - 2025-11-14 12:04,containment,19,Medium
3136,P080,Project Discussion,Product Demo,2025-11-19 18:30 - 2025-11-19 18:31,partial overlap,1,Low
3137,P080,Team Building,Client Visit,2025-11-19 09:30 - 2025-11-19 09:45,containment,15,Medium
3138,P080,Testing Acceptance,Product Demo,2025-11-18 13:45 - 2025-11-18 14:00,containment,15,Medium
3139,P080,Testing Acceptance,Product Demo,2025-11-18 14:12 - 2025-11-18 14:30,partial overlap,18,Medium
3140,P080,Project Discussion,Operations Check,2025-11-14 11:45 - 2025-11-14 12:04,containment,19,Medium
3141,P080,Tech Sharing,Meeting,2025-11-21 16:00 - 2025-11-21 16:15,containment,15,Medium
3142,P080,Code Review,Project Discussion,2025-11-18 08:45 - 2025-11-18 09:00,containment,15,Medium
3143,P080,Testing Acceptance,Client Visit,2025-11-21 11:13 - 2025-11-21 11:15,partial overlap,2,Low
3144,P080,Project Discussion,Team Building,2025-11-19 17:40 - 2025-11-19 18:30,containment,50,High
3145,P081,Code Review,Code Review,2025-11-01 16:45 - 2025-11-01 17:30,partial overlap,45,High
3146,P081,Operations Check,Code Review,2025-11-01 16:46 - 2025-11-01 17:30,partial overlap,44,Medium
3147,P081,Team Building,Meeting,2025-11-02 10:15 - 2025-11-02 11:00,containment,45,High
3148,P081,Operations Check,Code Review,2025-11-01 16:46 - 2025-11-01 17:38,containment,52,High
3149,P081,Training,Code Review,2025-11-07 10:15 - 2025-11-07 10:30,partial overlap,15,Medium
3150,P081,Project Discussion,Code Review,2025-11-07 10:35 - 2025-11-07 10:58,containment,23,Medium
3151,P081,Team Building,Requirements Analysis,2025-11-04 17:58 - 2025-11-04 18:30,partial overlap,32,Medium
3152,P081,Design Review,Requirements Analysis,2025-11-04 17:59 - 2025-11-04 18:30,partial overlap,31,Medium
3153,P081,Client Visit,Requirements Analysis,2025-11-04 18:14 - 2025-11-04 18:30,partial overlap,16,Medium
3154,P081,Training,Operations Check,2025-11-06 10:00 - 2025-11-06 10:45,containment,45,High
3155,P081,Deployment,Brainstorming,2025-11-08 12:12 - 2025-11-08 12:33,containment,21,Medium
3156,P081,Client Visit,Brainstorming,2025-11-08 14:26 - 2025-11-08 15:00,partial overlap,34,Medium
3157,P081,Code Review,Requirements Analysis,2025-11-14 10:30 - 2025-11-14 10:45,partial overlap,15,Medium
3158,P081,Operations Check,Requirements Analysis,2025-11-14 10:35 - 2025-11-14 11:03,containment,28,Medium
3159,P081,Project Discussion,Requirements Analysis,2025-11-14 10:55 - 2025-11-14 11:15,partial overlap,20,Medium
3160,P081,Product Demo,Requirements Analysis,2025-11-14 11:00 - 2025-11-14 11:15,partial overlap,15,Medium
3161,P081,Operations Check,Code Review,2025-11-14 10:35 - 2025-11-14 10:45,partial overlap,10,Low
3162,P081,Tech Sharing,Operations Check,2025-11-09 10:40 - 2025-11-09 11:00,partial overlap,20,Medium
3163,P081,Tech Sharing,Operations Check,2025-11-09 10:55 - 2025-11-09 11:00,partial overlap,5,Low
3164,P081,Product Demo,Design Review,2025-11-17 09:30 - 2025-11-17 10:00,partial overlap,30,Medium
3165,P081,Deployment,Design Review,2025-11-17 09:45 - 2025-11-17 10:15,partial overlap,30,Medium
3166,P081,Operations Check,Project Discussion,2025-11-14 10:55 - 2025-11-14 11:03,partial overlap,8,Low
3167,P081,Product Demo,Project Discussion,2025-11-14 11:00 - 2025-11-14 11:22,containment,22,Medium
3168,P081,Team Building,Design Review,2025-11-04 17:59 - 2025-11-04 18:31,partial overlap,32,Medium
3169,P081,Client Visit,Design Review,2025-11-04 18:14 - 2025-11-04 18:37,containment,23,Medium
3170,P081,Tech Sharing,Tech Sharing,2025-11-09 10:55 - 2025-11-09 11:08,partial overlap,13,Low
3171,P081,Operations Check,Product Demo,2025-11-14 11:00 - 2025-11-14 11:03,partial overlap,3,Low
3172,P081,Product Demo,Deployment,2025-11-17 09:45 - 2025-11-17 10:00,partial overlap,15,Medium
3173,P081,Client Visit,Team Building,2025-11-04 18:14 - 2025-11-04 18:31,partial overlap,17,Medium
3174,P081,Requirements Analysis,Deployment,2025-11-18 15:15 - 2025-11-18 15:17,partial overlap,2,Low
3175,P081,Project Discussion,Meeting,2025-11-17 17:45 - 2025-11-17 18:00,partial overlap,15,Medium
3176,P081,Client Visit,Meeting,2025-11-17 17:53 - 2025-11-17 18:00,partial overlap,7,Low
3177,P081,Requirements Analysis,Deployment,2025-11-18 14:30 - 2025-11-18 15:15,containment,45,High
3178,P081,Testing Acceptance,Code Review,2025-11-19 17:45 - 2025-11-19 18:00,containment,15,Medium
3179,P081,Meeting,Training,2025-11-21 13:15 - 2025-11-21 13:45,partial overlap,30,Medium
3180,P081,Client Visit,Project Discussion,2025-11-17 17:53 - 2025-11-17 18:08,containment,15,Medium
3181,P081,Client Visit,Operations Check,2025-11-25 19:09 - 2025-11-25 19:15,partial overlap,6,Low
3182,P081,Operations Check,Project Discussion,2025-11-18 12:23 - 2025-11-18 12:45,partial overlap,22,Medium
3183,P081,Code Review,Client Visit,2025-11-25 19:25 - 2025-11-25 19:51,partial overlap,26,Medium
3184,P082,Tech Sharing,Code Review,2025-11-03 12:15 - 2025-11-03 12:30,partial overlap,15,Medium
3185,P082,Meeting,One-on-One,2025-10-27 13:21 - 2025-10-27 13:49,containment,28,Medium
3186,P082,Client Visit,Design Review,2025-11-02 16:34 - 2025-11-02 17:03,containment,29,Medium
3187,P082,One-on-One,Design Review,2025-11-02 17:00 - 2025-11-02 17:15,partial overlap,15,Medium
3188,P082,Project Discussion,Code Review,2025-11-04 09:30 - 2025-11-04 09:45,partial overlap,15,Medium
3189,P082,Client Visit,One-on-One,2025-11-02 17:00 - 2025-11-02 17:03,partial overlap,3,Low
3190,P082,Testing Acceptance,Training,2025-11-05 14:56 - 2025-11-05 15:30,containment,34,Medium
3191,P082,Project Discussion,Code Review,2025-11-04 09:08 - 2025-11-04 09:30,partial overlap,22,Medium
3192,P082,Project Discussion,Code Review,2025-11-07 11:45 - 2025-11-07 12:15,containment,30,Medium
3193,P082,Operations Check,One-on-One,2025-11-11 17:55 - 2025-11-11 18:30,partial overlap,35,Medium
3194,P082,Operations Check,Training,2025-11-11 18:45 - 2025-11-11 18:53,partial overlap,8,Low
3195,P082,Project Discussion,Product Demo,2025-11-10 09:28 - 2025-11-10 09:30,partial overlap,2,Low
3196,P082,Team Building,Team Building,2025-11-12 18:45 - 2025-11-12 19:15,partial overlap,30,Medium
3197,P082,Client Visit,Design Review,2025-11-10 12:00 - 2025-11-10 12:30,partial overlap,30,Medium
3198,P082,Code Review,Design Review,2025-11-10 12:06 - 2025-11-10 12:30,partial overlap,24,Medium
3199,P082,Brainstorming,Design Review,2025-11-10 12:20 - 2025-11-10 12:30,partial overlap,10,Low
3200,P082,Code Review,Client Visit,2025-11-10 12:06 - 2025-11-10 12:35,containment,29,Medium
3201,P082,Brainstorming,Client Visit,2025-11-10 12:20 - 2025-11-10 12:45,containment,25,Medium
3202,P082,Brainstorming,Code Review,2025-11-10 12:20 - 2025-11-10 12:35,partial overlap,15,Medium
3203,P082,Client Visit,Product Demo,2025-11-15 13:15 - 2025-11-15 13:56,partial overlap,41,Medium
3204,P082,Training,Meeting,2025-11-19 14:35 - 2025-11-19 14:55,containment,20,Medium
3205,P082,Code Review,Meeting,2025-11-19 14:57 - 2025-11-19 15:00,partial overlap,3,Low
3206,P082,Client Visit,Requirements Analysis,2025-11-15 13:04 - 2025-11-15 13:15,partial overlap,11,Low
3207,P082,Requirements Analysis,Requirements Analysis,2025-11-17 17:30 - 2025-11-17 17:45,containment,15,Medium
3208,P082,Deployment,Requirements Analysis,2025-11-19 11:00 - 2025-11-19 11:15,partial overlap,15,Medium
3209,P082,Deployment,Operations Check,2025-11-19 10:30 - 2025-11-19 10:45,partial overlap,15,Medium
3210,P082,Training,Client Visit,2025-11-15 19:12 - 2025-11-15 19:30,partial overlap,18,Medium
3211,P082,Training,Training,2025-11-25 11:14 - 2025-11-25 11:45,partial overlap,31,Medium
3212,P083,Testing Acceptance,Tech Sharing,2025-11-02 16:16 - 2025-11-02 17:00,partial overlap,44,Medium
3213,P083,Project Discussion,Product Demo,2025-11-01 16:40 - 2025-11-01 17:15,partial overlap,35,Medium
3214,P083,Tech Sharing,Brainstorming,2025-11-04 08:57 - 2025-11-04 09:36,containment,39,Medium
3215,P083,Code Review,One-on-One,2025-11-12 10:45 - 2025-11-12 11:15,containment,30,Medium
3216,P083,Requirements Analysis,One-on-One,2025-11-12 10:45 - 2025-11-12 11:15,containment,30,Medium
3217,P083,Code Review,Requirements Analysis,2025-11-12 10:45 - 2025-11-12 11:15,partial overlap,30,Medium
3218,P083,Code Review,Deployment,2025-11-14 18:15 - 2025-11-14 18:45,partial overlap,30,Medium
3219,P083,Deployment,Deployment,2025-11-14 18:40 - 2025-11-14 19:00,partial overlap,20,Medium
3220,P083,Design Review,Deployment,2025-11-14 18:45 - 2025-11-14 19:00,partial overlap,15,Medium
3221,P083,Meeting,Deployment,2025-11-14 18:58 - 2025-11-14 19:00,partial overlap,2,Low
3222,P083,Requirements Analysis,Tech Sharing,2025-11-12 13:38 - 2025-11-12 14:15,partial overlap,37,Medium
3223,P083,Design Review,Deployment,2025-11-09 12:15 - 2025-11-09 12:30,partial overlap,15,Medium
3224,P083,Deployment,Design Review,2025-11-14 18:45 - 2025-11-14 19:28,partial overlap,43,Medium
3225,P083,Meeting,Design Review,2025-11-14 18:58 - 2025-11-14 19:19,containment,21,Medium
3226,P083,Testing Acceptance,Client Visit,2025-11-11 17:24 - 2025-11-11 17:45,partial overlap,21,Medium
3227,P083,Deployment,Operations Check,2025-11-14 08:45 - 2025-11-14 09:00,containment,15,Medium
3228,P083,Meeting,Meeting,2025-11-15 11:30 - 2025-11-15 11:45,partial overlap,15,Medium
3229,P083,Training,Meeting,2025-11-17 15:42 - 2025-11-17 16:00,partial overlap,18,Medium
3230,P083,Code Review,Deployment,2025-11-14 18:40 - 2025-11-14 18:45,partial overlap,5,Low
3231,P083,Meeting,Deployment,2025-11-14 18:58 - 2025-11-14 19:19,containment,21,Medium
3232,P083,One-on-One,Code Review,2025-11-16 09:30 - 2025-11-16 09:45,containment,15,Medium
3233,P083,Tech Sharing,Tech Sharing,2025-11-19 14:00 - 2025-11-19 14:30,containment,30,Medium
3234,P083,Requirements Analysis,Tech Sharing,2025-11-18 13:30 - 2025-11-18 13:45,partial overlap,15,Medium
3235,P083,Tech Sharing,Brainstorming,2025-11-14 10:27 - 2025-11-14 11:00,partial overlap,33,Medium
3236,P083,Training,Training,2025-11-17 08:15 - 2025-11-17 08:45,partial overlap,30,Medium
3237,P083,One-on-One,Brainstorming,2025-11-21 16:15 - 2025-11-21 16:45,containment,30,Medium
3238,P083,Testing Acceptance,Tech Sharing,2025-11-15 14:43 - 2025-11-15 15:06,containment,23,Medium
3239,P083,Deployment,Tech Sharing,2025-11-15 14:58 - 2025-11-15 15:15,partial overlap,17,Medium
3240,P083,One-on-One,Brainstorming,2025-11-18 18:45 - 2025-11-18 19:15,full overlap,30,Medium
3241,P083,Product Demo,Brainstorming,2025-11-18 18:50 - 2025-11-18 19:15,partial overlap,25,Medium
3242,P083,Product Demo,One-on-One,2025-11-18 18:50 - 2025-11-18 19:15,partial overlap,25,Medium
3243,P083,One-on-One,Meeting,2025-11-20 09:30 - 2025-11-20 09:45,containment,15,Medium
3244,P083,One-on-One,Meeting,2025-11-20 09:43 - 2025-11-20 10:15,partial overlap,32,Medium
3245,P083,Tech Sharing,Tech Sharing,2025-11-20 17:10 - 2025-11-20 17:30,partial overlap,20,Medium
3246,P083,One-on-One,One-on-One,2025-11-20 09:43 - 2025-11-20 09:45,partial overlap,2,Low
3247,P083,Testing Acceptance,Deployment,2025-11-15 14:58 - 2025-11-15 15:06,partial overlap,8,Low
3248,P084,Operations Check,Training,2025-11-06 12:30 - 2025-11-06 12:45,partial overlap,15,Medium
3249,P084,Project Discussion,Project Discussion,2025-11-03 11:38 - 2025-11-03 12:00,partial overlap,22,Medium
3250,P084,Operations Check,Project Discussion,2025-11-11 17:14 - 2025-11-11 17:30,partial overlap,16,Medium
3251,P084,Deployment,Tech Sharing,2025-11-06 15:09 - 2025-11-06 15:27,containment,18,Medium
3252,P084,Design Review,Tech Sharing,2025-11-07 10:06 - 2025-11-07 10:30,partial overlap,24,Medium
3253,P084,Team Building,Brainstorming,2025-11-13 18:30 - 2025-11-13 19:00,containment,30,Medium
3254,P084,Tech Sharing,One-on-One,2025-11-09 14:30 - 2025-11-09 15:00,containment,30,Medium
3255,P084,Testing Acceptance,One-on-One,2025-11-09 13:30 - 2025-11-09 14:15,partial overlap,45,High
3256,P084,Tech Sharing,Meeting,2025-11-17 10:42 - 2025-11-17 11:00,partial overlap,18,Medium
3257,P084,Code Review,Tech Sharing,2025-11-16 11:30 - 2025-11-16 12:00,containment,30,Medium
3258,P084,Code Review,Design Review,2025-11-16 14:15 - 2025-11-16 14:30,containment,15,Medium
3259,P084,Project Discussion,Requirements Analysis,2025-11-17 12:30 - 2025-11-17 12:45,containment,15,Medium
3260,P084,Operations Check,Design Review,2025-11-21 15:15 - 2025-11-21 15:30,containment,15,Medium
3261,P084,Client Visit,One-on-One,2025-11-18 18:30 - 2025-11-18 18:45,partial overlap,15,Medium
3262,P084,Operations Check,One-on-One,2025-11-22 09:01 - 2025-11-22 09:30,partial overlap,29,Medium
3263,P084,Brainstorming,One-on-One,2025-11-22 09:09 - 2025-11-22 09:30,partial overlap,21,Medium
3264,P084,Requirements Analysis,Tech Sharing,2025-11-23 16:18 - 2025-11-23 16:30,partial overlap,12,Low
3265,P084,Code Review,One-on-One,2025-11-21 09:45 - 2025-11-21 10:00,containment,15,Medium
3266,P084,Meeting,Tech Sharing,2025-11-24 11:03 - 2025-11-24 11:30,partial overlap,27,Medium
3267,P084,Meeting,Code Review,2025-11-21 10:00 - 2025-11-21 10:15,partial overlap,15,Medium
3268,P084,Tech Sharing,Code Review,2025-11-21 10:08 - 2025-11-21 10:15,partial overlap,7,Low
3269,P084,Tech Sharing,Meeting,2025-11-21 10:08 - 2025-11-21 10:30,partial overlap,22,Medium
3270,P084,Training,Brainstorming,2025-11-20 10:50 - 2025-11-20 11:23,containment,33,Medium
3271,P084,Operations Check,Brainstorming,2025-11-22 09:09 - 2025-11-22 09:48,containment,39,Medium
3272,P085,Requirements Analysis,Code Review,2025-11-04 15:00 - 2025-11-04 15:45,containment,45,High
3273,P085,Testing Acceptance,Code Review,2025-11-04 15:30 - 2025-11-04 16:00,partial overlap,30,Medium
3274,P085,Requirements Analysis,Testing Acceptance,2025-11-04 15:30 - 2025-11-04 15:45,partial overlap,15,Medium
3275,P085,Client Visit,Project Discussion,2025-11-01 08:22 - 2025-11-01 08:30,partial overlap,8,Low
3276,P085,Meeting,One-on-One,2025-11-09 08:11 - 2025-11-09 08:37,containment,26,Medium
3277,P085,Team Building,Requirements Analysis,2025-11-10 10:15 - 2025-11-10 11:00,partial overlap,45,High
3278,P085,Operations Check,Team Building,2025-11-12 14:45 - 2025-11-12 15:15,containment,30,Medium
3279,P085,Deployment,Product Demo,2025-11-07 14:15 - 2025-11-07 15:00,containment,45,High
3280,P085,Product Demo,Project Discussion,2025-11-13 14:30 - 2025-11-13 15:00,containment,30,Medium
3281,P085,Training,Meeting,2025-11-10 12:51 - 2025-11-10 13:14,containment,23,Medium
3282,P085,Code Review,Meeting,2025-11-10 13:09 - 2025-11-10 13:15,partial overlap,6,Low
3283,P085,Design Review,Testing Acceptance,2025-11-13 10:15 - 2025-11-13 11:00,full overlap,45,High
3284,P085,Code Review,One-on-One,2025-11-11 18:00 - 2025-11-11 18:30,partial overlap,30,Medium
3285,P085,Tech Sharing,One-on-One,2025-11-15 15:15 - 2025-11-15 15:30,containment,15,Medium
3286,P085,Requirements Analysis,Operations Check,2025-11-13 15:45 - 2025-11-13 16:30,containment,45,High
3287,P085,Testing Acceptance,Deployment,2025-11-17 18:06 - 2025-11-17 18:25,containment,19,Medium
3288,P085,Code Review,Training,2025-11-10 13:09 - 2025-11-10 13:14,partial overlap,5,Low
3289,P085,Client Visit,Team Building,2025-11-19 17:30 - 2025-11-19 17:45,partial overlap,15,Medium
3290,P085,Tech Sharing,Team Building,2025-11-19 17:30 - 2025-11-19 18:00,full overlap,30,Medium
3291,P085,One-on-One,Team Building,2025-11-19 17:56 - 2025-11-19 18:00,partial overlap,4,Low
3292,P085,One-on-One,Product Demo,2025-11-20 11:30 - 2025-11-20 11:57,partial overlap,27,Medium
3293,P085,Code Review,Product Demo,2025-11-20 11:30 - 2025-11-20 11:45,containment,15,Medium
3294,P085,One-on-One,Design Review,2025-11-19 18:15 - 2025-11-19 18:31,partial overlap,16,Medium
3295,P085,Design Review,Requirements Analysis,2025-11-14 18:36 - 2025-11-14 18:45,partial overlap,9,Low
3296,P085,One-on-One,Meeting,2025-11-20 11:07 - 2025-11-20 11:30,partial overlap,23,Medium
3297,P085,Code Review,Design Review,2025-11-21 17:20 - 2025-11-21 17:30,partial overlap,10,Low
3298,P085,One-on-One,Code Review,2025-11-20 11:30 - 2025-11-20 11:45,containment,15,Medium
3299,P085,Requirements Analysis,Team Building,2025-11-22 11:45 - 2025-11-22 12:00,partial overlap,15,Medium
3300,P085,Tech Sharing,Client Visit,2025-11-19 17:30 - 2025-11-19 17:45,partial overlap,15,Medium
3301,P085,One-on-One,Deployment,2025-11-20 15:50 - 2025-11-20 16:15,partial overlap,25,Medium
3302,P085,Code Review,Client Visit,2025-11-25 17:53 - 2025-11-25 18:12,containment,19,Medium
3303,P085,One-on-One,Tech Sharing,2025-11-19 17:56 - 2025-11-19 18:00,partial overlap,4,Low
3304,P086,Deployment,Client Visit,2025-11-02 15:00 - 2025-11-02 15:45,containment,45,High
3305,P086,Testing Acceptance,Meeting,2025-10-30 13:00 - 2025-10-30 13:45,containment,45,High
3306,P086,Tech Sharing,Project Discussion,2025-11-07 17:30 - 2025-11-07 18:00,partial overlap,30,Medium
3307,P086,Meeting,Deployment,2025-11-10 17:45 - 2025-11-10 18:00,partial overlap,15,Medium
3308,P086,Training,Design Review,2025-11-10 11:34 - 2025-11-10 12:00,partial overlap,26,Medium
3309,P086,Requirements Analysis,Design Review,2025-11-09 14:30 - 2025-11-09 15:00,containment,30,Medium
3310,P086,Project Discussion,Tech Sharing,2025-11-12 12:30 - 2025-11-12 13:15,full overlap,45,High
3311,P086,Training,Tech Sharing,2025-11-21 09:48 - 2025-11-21 10:15,partial overlap,27,Medium
3312,P086,Operations Check,Deployment,2025-11-16 18:54 - 2025-11-16 19:30,partial overlap,36,Medium
3313,P086,Training,Client Visit,2025-11-18 09:45 - 2025-11-18 10:15,partial overlap,30,Medium
3314,P086,Testing Acceptance,Client Visit,2025-11-18 10:07 - 2025-11-18 10:30,partial overlap,23,Medium
3315,P086,Code Review,Requirements Analysis,2025-11-21 12:00 - 2025-11-21 12:30,full overlap,30,Medium
3316,P086,Team Building,Design Review,2025-11-23 12:00 - 2025-11-23 12:09,partial overlap,9,Low
3317,P086,Deployment,Product Demo,2025-11-20 18:45 - 2025-11-20 19:15,containment,30,Medium
3318,P086,Team Building,Team Building,2025-11-23 11:45 - 2025-11-23 12:00,containment,15,Medium
3319,P086,Testing Acceptance,Training,2025-11-18 10:07 - 2025-11-18 10:15,partial overlap,8,Low
3320,P086,Team Building,Code Review,2025-11-24 15:41 - 2025-11-24 16:15,partial overlap,34,Medium
3321,P087,Code Review,Training,2025-11-01 13:04 - 2025-11-01 13:29,containment,25,Medium
3322,P087,Requirements Analysis,Design Review,2025-10-30 09:11 - 2025-10-30 10:00,partial overlap,49,High
3323,P087,Project Discussion,Tech Sharing,2025-11-03 18:44 - 2025-11-03 19:31,containment,47,High
3324,P087,Design Review,Tech Sharing,2025-11-03 18:53 - 2025-11-03 19:51,containment,58,High
3325,P087,Design Review,Project Discussion,2025-11-03 18:53 - 2025-11-03 19:31,partial overlap,38,Medium
3326,P087,Meeting,Code Review,2025-11-12 11:15 - 2025-11-12 11:30,partial overlap,15,Medium
3327,P087,Operations Check,Code Review,2025-11-12 11:15 - 2025-11-12 11:45,containment,30,Medium
3328,P087,One-on-One,Testing Acceptance,2025-11-05 11:00 - 2025-11-05 11:15,partial overlap,15,Medium
3329,P087,Testing Acceptance,Testing Acceptance,2025-11-05 11:17 - 2025-11-05 12:00,partial overlap,43,Medium
3330,P087,Operations Check,Meeting,2025-11-12 11:05 - 2025-11-12 11:30,partial overlap,25,Medium
3331,P087,Product Demo,Product Demo,2025-11-06 13:16 - 2025-11-06 14:00,partial overlap,44,Medium
3332,P087,Project Discussion,Design Review,2025-11-14 09:27 - 2025-11-14 09:45,partial overlap,18,Medium
3333,P087,Operations Check,Product Demo,2025-11-13 09:09 - 2025-11-13 09:15,partial overlap,6,Low
3334,P087,Requirements Analysis,Meeting,2025-11-14 11:15 - 2025-11-14 12:15,full overlap,60,High
3335,P087,Product Demo,Project Discussion,2025-11-12 12:27 - 2025-11-12 12:30,partial overlap,3,Low
3336,P087,Team Building,Training,2025-11-13 11:20 - 2025-11-13 11:40,containment,20,Medium
3337,P087,One-on-One,Meeting,2025-11-19 16:30 - 2025-11-19 16:45,containment,15,Medium
3338,P087,Product Demo,Operations Check,2025-11-17 13:00 - 2025-11-17 13:15,containment,15,Medium
3339,P087,Training,Team Building,2025-11-17 15:30 - 2025-11-17 15:45,partial overlap,15,Medium
3340,P087,Client Visit,Design Review,2025-11-18 15:30 - 2025-11-18 15:45,containment,15,Medium
3341,P087,Project Discussion,Project Discussion,2025-11-20 09:45 - 2025-11-20 10:15,full overlap,30,Medium
3342,P087,Code Review,Design Review,2025-11-19 15:00 - 2025-11-19 15:15,partial overlap,15,Medium
3343,P087,Code Review,Product Demo,2025-11-17 13:24 - 2025-11-17 13:45,partial overlap,21,Medium
3344,P087,Project Discussion,Product Demo,2025-11-17 13:37 - 2025-11-17 13:45,partial overlap,8,Low
3345,P087,Team Building,Deployment,2025-11-19 11:00 - 2025-11-19 11:15,containment,15,Medium
3346,P087,Code Review,Operations Check,2025-11-17 13:45 - 2025-11-17 13:50,partial overlap,5,Low
3347,P087,Project Discussion,Operations Check,2025-11-17 13:45 - 2025-11-17 14:11,partial overlap,26,Medium
3348,P087,Project Discussion,Code Review,2025-11-17 13:37 - 2025-11-17 13:50,partial overlap,13,Low
3349,P088,Deployment,Team Building,2025-11-03 12:45 - 2025-11-03 13:15,partial overlap,30,Medium
3350,P088,Brainstorming,Product Demo,2025-11-03 11:00 - 2025-11-03 11:30,partial overlap,30,Medium
3351,P088,Tech Sharing,Project Discussion,2025-11-01 09:38 - 2025-11-01 10:00,partial overlap,22,Medium
3352,P088,Meeting,Project Discussion,2025-11-01 09:53 - 2025-11-01 10:00,partial overlap,7,Low
3353,P088,Team Building,Project Discussion,2025-11-01 09:56 - 2025-11-01 10:00,partial overlap,4,Low
3354,P088,Design Review,Testing Acceptance,2025-11-07 10:15 - 2025-11-07 10:30,partial overlap,15,Medium
3355,P088,Training,Testing Acceptance,2025-11-07 10:15 - 2025-11-07 10:45,partial overlap,30,Medium
3356,P088,Meeting,Meeting,2025-11-08 18:27 - 2025-11-08 19:12,containment,45,High
3357,P088,Design Review,Deployment,2025-11-05 09:47 - 2025-11-05 10:33,containment,46,High
3358,P088,Meeting,Tech Sharing,2025-11-01 09:53 - 2025-11-01 10:28,containment,35,Medium
3359,P088,Team Building,Tech Sharing,2025-11-01 09:56 - 2025-11-01 10:35,partial overlap,39,Medium
3360,P088,Tech Sharing,Tech Sharing,2025-11-01 10:10 - 2025-11-01 10:35,partial overlap,25,Medium
3361,P088,Meeting,Team Building,2025-11-01 09:56 - 2025-11-01 10:28,partial overlap,32,Medium
3362,P088,Tech Sharing,Team Building,2025-11-01 10:10 - 2025-11-01 10:36,containment,26,Medium
3363,P088,Tech Sharing,Meeting,2025-11-01 10:10 - 2025-11-01 10:28,partial overlap,18,Medium
3364,P088,Training,Design Review,2025-11-07 09:45 - 2025-11-07 10:30,partial overlap,45,High
3365,P088,Testing Acceptance,Product Demo,2025-11-11 17:15 - 2025-11-11 17:45,partial overlap,30,Medium
3366,P088,Design Review,Product Demo,2025-11-11 17:15 - 2025-11-11 17:52,partial overlap,37,Medium
3367,P088,Training,Product Demo,2025-11-14 18:14 - 2025-11-14 18:45,partial overlap,31,Medium
3368,P088,Training,Product Demo,2025-11-14 18:41 - 2025-11-14 18:45,partial overlap,4,Low
3369,P088,Design Review,Testing Acceptance,2025-11-11 17:07 - 2025-11-11 17:45,partial overlap,38,Medium
3370,P088,Deployment,Brainstorming,2025-11-15 09:15 - 2025-11-15 09:45,containment,30,Medium
3371,P088,Requirements Analysis,Brainstorming,2025-11-15 09:45 - 2025-11-15 10:00,partial overlap,15,Medium
3372,P088,One-on-One,Brainstorming,2025-11-15 17:29 - 2025-11-15 18:00,partial overlap,31,Medium
3373,P088,Training,Training,2025-11-14 18:41 - 2025-11-14 19:07,partial overlap,26,Medium
3374,P088,One-on-One,Product Demo,2025-11-13 14:23 - 2025-11-13 14:43,containment,20,Medium
3375,P088,Meeting,Training,2025-11-17 08:30 - 2025-11-17 08:45,partial overlap,15,Medium
3376,P088,One-on-One,Product Demo,2025-11-18 08:45 - 2025-11-18 09:00,containment,15,Medium
3377,P088,Requirements Analysis,Product Demo,2025-11-18 08:52 - 2025-11-18 09:00,partial overlap,8,Low
3378,P088,Deployment,Operations Check,2025-11-17 18:49 - 2025-11-17 19:05,containment,16,Medium
3379,P088,Brainstorming,Testing Acceptance,2025-11-19 16:45 - 2025-11-19 17:00,partial overlap,15,Medium
3380,P088,Project Discussion,Meeting,2025-11-17 08:57 - 2025-11-17 09:15,partial overlap,18,Medium
3381,P088,Client Visit,Meeting,2025-11-17 08:58 - 2025-11-17 09:15,partial overlap,17,Medium
3382,P088,Project Discussion,Requirements Analysis,2025-11-21 16:11 - 2025-11-21 16:44,containment,33,Medium
3383,P088,Requirements Analysis,One-on-One,2025-11-18 08:52 - 2025-11-18 09:15,partial overlap,23,Medium
3384,P088,Code Review,Operations Check,2025-11-23 12:15 - 2025-11-23 12:30,partial overlap,15,Medium
3385,P088,Client Visit,Project Discussion,2025-11-17 08:58 - 2025-11-17 09:20,containment,22,Medium
3386,P089,Product Demo,Deployment,2025-10-29 11:30 - 2025-10-29 11:45,partial overlap,15,Medium
3387,P089,Design Review,Testing Acceptance,2025-11-04 12:15 - 2025-11-04 12:30,partial overlap,15,Medium
3388,P089,Project Discussion,Testing Acceptance,2025-11-04 12:15 - 2025-11-04 12:16,partial overlap,1,Low
3389,P089,Project Discussion,Design Review,2025-11-04 12:01 - 2025-11-04 12:16,containment,15,Medium
3390,P089,Testing Acceptance,Brainstorming,2025-11-06 18:45 - 2025-11-06 19:15,containment,30,Medium
3391,P089,Testing Acceptance,Code Review,2025-11-07 11:00 - 2025-11-07 11:15,partial overlap,15,Medium
3392,P089,Requirements Analysis,One-on-One,2025-11-06 08:56 - 2025-11-06 09:27,containment,31,Medium
3393,P089,Brainstorming,Operations Check,2025-11-10 11:23 - 2025-11-10 12:00,partial overlap,37,Medium
3394,P089,Client Visit,One-on-One,2025-11-09 08:00 - 2025-11-09 08:30,containment,30,Medium
3395,P089,Deployment,Tech Sharing,2025-11-14 12:15 - 2025-11-14 12:30,partial overlap,15,Medium
3396,P089,Project Discussion,Client Visit,2025-11-13 18:45 - 2025-11-13 19:15,partial overlap,30,Medium
3397,P089,Brainstorming,Brainstorming,2025-11-10 12:00 - 2025-11-10 12:08,partial overlap,8,Low
3398,P089,Design Review,Requirements Analysis,2025-11-15 10:45 - 2025-11-15 11:15,containment,30,Medium
3399,P089,Brainstorming,Requirements Analysis,2025-11-12 11:48 - 2025-11-12 12:15,partial overlap,27,Medium
3400,P089,Team Building,Testing Acceptance,2025-11-17 14:00 - 2025-11-17 14:15,partial overlap,15,Medium
3401,P089,Team Building,Testing Acceptance,2025-11-17 14:28 - 2025-11-17 15:00,partial overlap,32,Medium
3402,P089,Design Review,One-on-One,2025-11-14 15:15 - 2025-11-14 15:30,partial overlap,15,Medium
3403,P089,Deployment,Tech Sharing,2025-11-19 12:00 - 2025-11-19 12:15,partial overlap,15,Medium
3404,P089,Product Demo,One-on-One,2025-11-20 17:15 - 2025-11-20 17:30,partial overlap,15,Medium
3405,P089,Training,Product Demo,2025-11-15 16:06 - 2025-11-15 16:15,partial overlap,9,Low
3406,P089,One-on-One,Tech Sharing,2025-11-18 11:11 - 2025-11-18 11:30,partial overlap,19,Medium
3407,P089,Project Discussion,Meeting,2025-11-21 13:00 - 2025-11-21 13:30,partial overlap,30,Medium
3408,P089,Design Review,Meeting,2025-11-21 13:11 - 2025-11-21 13:30,partial overlap,19,Medium
3409,P089,Operations Check,Operations Check,2025-11-18 13:45 - 2025-11-18 13:54,partial overlap,9,Low
3410,P089,Operations Check,Operations Check,2025-11-23 11:13 - 2025-11-23 11:15,partial overlap,2,Low
3411,P089,One-on-One,Operations Check,2025-11-16 13:29 - 2025-11-16 13:58,containment,29,Medium
3412,P089,Project Discussion,Requirements Analysis,2025-11-21 10:30 - 2025-11-21 11:00,full overlap,30,Medium
3413,P089,One-on-One,Meeting,2025-11-18 11:45 - 2025-11-18 12:08,partial overlap,23,Medium
3414,P089,Design Review,Project Discussion,2025-11-21 13:11 - 2025-11-21 13:38,containment,27,Medium
3415,P089,Deployment,Project Discussion,2025-11-21 13:30 - 2025-11-21 13:45,containment,15,Medium
3416,P089,Operations Check,Brainstorming,2025-11-18 13:35 - 2025-11-18 13:45,partial overlap,10,Low
3417,P089,Design Review,Deployment,2025-11-21 13:30 - 2025-11-21 13:38,partial overlap,8,Low
3418,P090,Tech Sharing,Team Building,2025-11-01 17:39 - 2025-11-01 18:10,containment,31,Medium
3419,P090,Client Visit,Deployment,2025-11-05 16:38 - 2025-11-05 17:15,partial overlap,37,Medium
3420,P090,Deployment,Design Review,2025-11-04 16:05 - 2025-11-04 16:45,partial overlap,40,Medium
3421,P090,Meeting,Training,2025-11-06 16:00 - 2025-11-06 16:30,partial overlap,30,Medium
3422,P090,Project Discussion,Training,2025-11-06 16:28 - 2025-11-06 17:00,partial overlap,32,Medium
3423,P090,Deployment,Client Visit,2025-11-11 08:45 - 2025-11-11 09:15,full overlap,30,Medium
3424,P090,Product Demo,Testing Acceptance,2025-11-09 14:15 - 2025-11-09 14:45,containment,30,Medium
3425,P090,Product Demo,Testing Acceptance,2025-11-09 14:25 - 2025-11-09 14:45,partial overlap,20,Medium
3426,P090,Project Discussion,Brainstorming,2025-11-08 16:59 - 2025-11-08 17:00,partial overlap,1,Low
3427,P090,Client Visit,Deployment,2025-11-13 16:38 - 2025-11-13 17:00,partial overlap,22,Medium
3428,P090,Project Discussion,Meeting,2025-11-06 16:28 - 2025-11-06 16:30,partial overlap,2,Low
3429,P090,Product Demo,Product Demo,2025-11-09 14:25 - 2025-11-09 14:45,partial overlap,20,Medium
3430,P090,Design Review,Meeting,2025-11-14 17:00 - 2025-11-14 17:15,partial overlap,15,Medium
3431,P090,Product Demo,Meeting,2025-11-14 17:19 - 2025-11-14 17:42,containment,23,Medium
3432,P090,Project Discussion,Code Review,2025-11-15 10:39 - 2025-11-15 10:54,containment,15,Medium
3433,P090,Client Visit,Training,2025-11-17 15:45 - 2025-11-17 16:29,partial overlap,44,Medium
3434,P090,Requirements Analysis,Requirements Analysis,2025-11-12 10:12 - 2025-11-12 10:30,containment,18,Medium
3435,P090,Team Building,Tech Sharing,2025-11-20 16:00 - 2025-11-20 16:45,full overlap,45,High
3436,P090,Tech Sharing,Tech Sharing,2025-11-20 16:28 - 2025-11-20 16:45,partial overlap,17,Medium
3437,P090,Design Review,Design Review,2025-11-14 16:30 - 2025-11-14 17:00,containment,30,Medium
3438,P090,Code Review,Design Review,2025-11-19 13:29 - 2025-11-19 13:30,partial overlap,1,Low
3439,P090,Brainstorming,Deployment,2025-11-20 08:45 - 2025-11-20 09:00,partial overlap,15,Medium
3440,P090,Design Review,Brainstorming,2025-11-21 13:00 - 2025-11-21 13:15,partial overlap,15,Medium
3441,P090,Operations Check,Brainstorming,2025-11-21 13:14 - 2025-11-21 13:15,partial overlap,1,Low
3442,P090,One-on-One,Tech Sharing,2025-11-21 10:40 - 2025-11-21 10:57,containment,17,Medium
3443,P090,One-on-One,Training,2025-11-23 08:45 - 2025-11-23 09:00,partial overlap,15,Medium
3444,P090,Tech Sharing,Team Building,2025-11-20 16:28 - 2025-11-20 16:45,partial overlap,17,Medium
3445,P090,Training,Design Review,2025-11-17 15:30 - 2025-11-17 15:45,containment,15,Medium
3446,P090,Client Visit,Design Review,2025-11-17 15:36 - 2025-11-17 15:45,partial overlap,9,Low
3447,P090,Operations Check,Meeting,2025-11-17 12:30 - 2025-11-17 13:00,full overlap,30,Medium
3448,P090,Client Visit,Training,2025-11-17 15:36 - 2025-11-17 15:45,partial overlap,9,Low
3449,P090,Deployment,Training,2025-11-20 12:15 - 2025-11-20 12:45,partial overlap,30,Medium
3450,P090,Operations Check,Design Review,2025-11-21 13:14 - 2025-11-21 13:44,containment,30,Medium
3451,P091,Requirements Analysis,Requirements Analysis,2025-10-31 10:45 - 2025-10-31 11:00,partial overlap,15,Medium
3452,P091,Client Visit,Requirements Analysis,2025-10-31 11:07 - 2025-10-31 11:45,partial overlap,38,Medium
3453,P091,Deployment,Requirements Analysis,2025-10-31 09:55 - 2025-10-31 10:42,containment,47,High
3454,P091,Brainstorming,One-on-One,2025-11-08 17:00 - 2025-11-08 17:30,containment,30,Medium
3455,P091,Testing Acceptance,One-on-One,2025-11-08 11:59 - 2025-11-08 12:00,partial overlap,1,Low
3456,P091,One-on-One,Team Building,2025-11-11 10:15 - 2025-11-11 10:45,containment,30,Medium
3457,P091,Requirements Analysis,Operations Check,2025-11-11 12:45 - 2025-11-11 13:15,partial overlap,30,Medium
3458,P091,Design Review,Operations Check,2025-11-11 13:00 - 2025-11-11 13:15,partial overlap,15,Medium
3459,P091,Tech Sharing,Deployment,2025-11-10 14:10 - 2025-11-10 14:15,partial overlap,5,Low
3460,P091,Operations Check,Brainstorming,2025-11-14 17:55 - 2025-11-14 18:30,partial overlap,35,Medium
3461,P091,Testing Acceptance,Team Building,2025-11-08 12:30 - 2025-11-08 12:46,partial overlap,16,Medium
3462,P091,Training,Training,2025-11-09 18:10 - 2025-11-09 18:45,partial overlap,35,Medium
3463,P091,Requirements Analysis,Design Review,2025-11-11 13:00 - 2025-11-11 13:45,containment,45,High
3464,P091,Deployment,Requirements Analysis,2025-11-16 10:00 - 2025-11-16 10:15,containment,15,Medium
3465,P091,Brainstorming,Testing Acceptance,2025-11-15 13:41 - 2025-11-15 13:45,partial overlap,4,Low
3466,P091,Brainstorming,Requirements Analysis,2025-11-17 18:50 - 2025-11-17 19:12,containment,22,Medium
3467,P091,Team Building,Design Review,2025-11-14 09:15 - 2025-11-14 09:30,partial overlap,15,Medium
3468,P091,Code Review,Product Demo,2025-11-17 16:00 - 2025-11-17 16:15,partial overlap,15,Medium
3469,P091,Operations Check,Tech Sharing,2025-11-18 13:30 - 2025-11-18 14:00,containment,30,Medium
3470,P091,Project Discussion,Project Discussion,2025-11-19 13:45 - 2025-11-19 14:00,containment,15,Medium
3471,P091,Team Building,Brainstorming,2025-11-18 11:37 - 2025-11-18 12:00,partial overlap,23,Medium
3472,P091,Meeting,Testing Acceptance,2025-11-16 08:27 - 2025-11-16 08:30,partial overlap,3,Low
3473,P091,Meeting,Code Review,2025-11-15 10:00 - 2025-11-15 10:30,containment,30,Medium
3474,P091,Requirements Analysis,Tech Sharing,2025-11-20 12:43 - 2025-11-20 13:06,containment,23,Medium
3475,P091,Design Review,Training,2025-11-20 14:30 - 2025-11-20 14:45,containment,15,Medium
3476,P091,Product Demo,Client Visit,2025-11-19 11:15 - 2025-11-19 11:30,containment,15,Medium
3477,P092,Client Visit,Tech Sharing,2025-10-28 18:23 - 2025-10-28 19:00,partial overlap,37,Medium
3478,P092,Project Discussion,Client Visit,2025-10-30 08:00 - 2025-10-30 08:30,containment,30,Medium
3479,P092,One-on-One,Product Demo,2025-11-03 16:17 - 2025-11-03 16:51,containment,34,Medium
3480,P092,Requirements Analysis,Operations Check,2025-11-08 10:15 - 2025-11-08 10:30,partial overlap,15,Medium
3481,P092,Training,Operations Check,2025-11-08 10:15 - 2025-11-08 11:00,partial overlap,45,High
3482,P092,One-on-One,Operations Check,2025-11-08 10:30 - 2025-11-08 11:00,containment,30,Medium
3483,P092,Training,Requirements Analysis,2025-11-08 10:00 - 2025-11-08 10:30,containment,30,Medium
3484,P092,One-on-One,Training,2025-11-08 10:30 - 2025-11-08 11:00,containment,30,Medium
3485,P092,Team Building,Client Visit,2025-11-11 12:42 - 2025-11-11 13:00,partial overlap,18,Medium
3486,P092,Requirements Analysis,Client Visit,2025-11-11 12:45 - 2025-11-11 13:00,partial overlap,15,Medium
3487,P092,Product Demo,Team Building,2025-11-14 10:15 - 2025-11-14 10:45,partial overlap,30,Medium
3488,P092,Operations Check,Training,2025-11-15 11:15 - 2025-11-15 11:30,partial overlap,15,Medium
3489,P092,Team Building,Requirements Analysis,2025-11-11 12:45 - 2025-11-11 13:07,partial overlap,22,Medium
3490,P092,Requirements Analysis,Testing Acceptance,2025-11-14 15:45 - 2025-11-14 16:15,partial overlap,30,Medium
3491,P092,Testing Acceptance,Operations Check,2025-11-20 08:10 - 2025-11-20 08:29,containment,19,Medium
3492,P092,Project Discussion,Client Visit,2025-11-13 11:35 - 2025-11-13 12:00,partial overlap,25,Medium
3493,P092,Project Discussion,Client Visit,2025-11-13 11:39 - 2025-11-13 12:00,partial overlap,21,Medium
3494,P092,Tech Sharing,One-on-One,2025-11-18 11:15 - 2025-11-18 11:30,partial overlap,15,Medium
3495,P092,One-on-One,Training,2025-11-21 17:56 - 2025-11-21 18:00,partial overlap,4,Low
3496,P092,Code Review,Requirements Analysis,2025-11-16 11:10 - 2025-11-16 11:30,partial overlap,20,Medium
3497,P092,Operations Check,Meeting,2025-11-19 16:15 - 2025-11-19 16:30,full overlap,15,Medium
3498,P092,Testing Acceptance,Client Visit,2025-11-17 14:00 - 2025-11-17 14:15,partial overlap,15,Medium
3499,P092,One-on-One,Testing Acceptance,2025-11-21 18:30 - 2025-11-21 18:34,partial overlap,4,Low
3500,P092,Project Discussion,Project Discussion,2025-11-19 13:15 - 2025-11-19 13:45,containment,30,Medium
3501,P092,Team Building,Client Visit,2025-11-25 15:29 - 2025-11-25 15:45,partial overlap,16,Medium
3502,P092,Team Building,Client Visit,2025-11-25 15:45 - 2025-11-25 16:13,partial overlap,28,Medium
3503,P092,Project Discussion,Project Discussion,2025-11-13 11:39 - 2025-11-13 12:12,partial overlap,33,Medium
3504,P093,Project Discussion,Training,2025-11-05 16:11 - 2025-11-05 16:30,partial overlap,19,Medium
3505,P093,Requirements Analysis,Project Discussion,2025-11-09 17:30 - 2025-11-09 17:45,partial overlap,15,Medium
3506,P093,Testing Acceptance,Deployment,2025-11-08 09:45 - 2025-11-08 10:15,containment,30,Medium
3507,P093,Training,Operations Check,2025-11-12 14:24 - 2025-11-12 14:45,partial overlap,21,Medium
3508,P093,Tech Sharing,Tech Sharing,2025-11-09 14:45 - 2025-11-09 15:15,partial overlap,30,Medium
3509,P093,One-on-One,Training,2025-11-09 16:45 - 2025-11-09 17:15,containment,30,Medium
3510,P093,Requirements Analysis,Training,2025-11-09 17:00 - 2025-11-09 17:15,partial overlap,15,Medium
3511,P093,One-on-One,Requirements Analysis,2025-11-09 17:00 - 2025-11-09 17:15,partial overlap,15,Medium
3512,P093,Training,Testing Acceptance,2025-11-14 17:51 - 2025-11-14 18:45,partial overlap,54,High
3513,P093,Training,Training,2025-11-13 10:45 - 2025-11-13 11:07,containment,22,Medium
3514,P093,Training,Training,2025-11-13 11:15 - 2025-11-13 11:30,partial overlap,15,Medium
3515,P093,Tech Sharing,Product Demo,2025-11-15 12:00 - 2025-11-15 12:15,containment,15,Medium
3516,P093,Tech Sharing,Client Visit,2025-11-11 14:57 - 2025-11-11 15:15,partial overlap,18,Medium
3517,P093,Operations Check,Project Discussion,2025-11-14 13:45 - 2025-11-14 14:00,partial overlap,15,Medium
3518,P093,Deployment,Client Visit,2025-11-19 08:00 - 2025-11-19 08:15,containment,15,Medium
3519,P093,Requirements Analysis,Client Visit,2025-11-18 12:45 - 2025-11-18 13:15,containment,30,Medium
3520,P093,Deployment,Client Visit,2025-11-18 13:06 - 2025-11-18 13:22,containment,16,Medium
3521,P093,Tech Sharing,Design Review,2025-11-18 11:00 - 2025-11-18 11:30,containment,30,Medium
3522,P093,Deployment,Requirements Analysis,2025-11-18 13:06 - 2025-11-18 13:15,partial overlap,9,Low
3523,P093,Client Visit,Brainstorming,2025-11-16 12:32 - 2025-11-16 12:52,containment,20,Medium
3524,P093,Deployment,Tech Sharing,2025-11-23 11:35 - 2025-11-23 11:45,partial overlap,10,Low
3525,P093,One-on-One,Project Discussion,2025-11-23 18:58 - 2025-11-23 19:15,partial overlap,17,Medium
3526,P094,Tech Sharing,Product Demo,2025-10-29 11:45 - 2025-10-29 12:00,partial overlap,15,Medium
3527,P094,Requirements Analysis,Product Demo,2025-10-29 11:45 - 2025-10-29 12:01,partial overlap,16,Medium
3528,P094,Operations Check,Product Demo,2025-10-29 12:45 - 2025-10-29 13:15,partial overlap,30,Medium
3529,P094,Tech Sharing,Design Review,2025-10-29 11:18 - 2025-10-29 11:30,partial overlap,12,Low
3530,P094,Requirements Analysis,Design Review,2025-10-29 11:20 - 2025-10-29 11:30,partial overlap,10,Low
3531,P094,Deployment,One-on-One,2025-11-05 12:58 - 2025-11-05 13:15,partial overlap,17,Medium
3532,P094,Testing Acceptance,Operations Check,2025-11-01 18:45 - 2025-11-01 18:51,partial overlap,6,Low
3533,P094,Operations Check,Operations Check,2025-11-01 19:02 - 2025-11-01 19:42,containment,40,Medium
3534,P094,Testing Acceptance,Tech Sharing,2025-11-01 17:59 - 2025-11-01 18:00,partial overlap,1,Low
3535,P094,Meeting,Code Review,2025-11-05 10:23 - 2025-11-05 10:53,containment,30,Medium
3536,P094,Requirements Analysis,Tech Sharing,2025-10-29 11:20 - 2025-10-29 12:00,partial overlap,40,Medium
3537,P094,Design Review,Design Review,2025-11-07 13:15 - 2025-11-07 14:00,partial overlap,45,High
3538,P094,Team Building,Deployment,2025-11-10 17:45 - 2025-11-10 18:00,partial overlap,15,Medium
3539,P094,Brainstorming,Product Demo,2025-11-10 12:12 - 2025-11-10 12:45,partial overlap,33,Medium
3540,P094,Requirements Analysis,Product Demo,2025-11-10 12:13 - 2025-11-10 12:45,partial overlap,32,Medium
3541,P094,One-on-One,Client Visit,2025-11-09 18:26 - 2025-11-09 18:45,partial overlap,19,Medium
3542,P094,Team Building,Product Demo,2025-11-10 17:00 - 2025-11-10 17:30,containment,30,Medium
3543,P094,One-on-One,Tech Sharing,2025-11-13 16:30 - 2025-11-13 17:15,containment,45,High
3544,P094,Design Review,Testing Acceptance,2025-11-14 08:45 - 2025-11-14 09:00,partial overlap,15,Medium
3545,P094,Requirements Analysis,Testing Acceptance,2025-11-14 08:45 - 2025-11-14 09:15,containment,30,Medium
3546,P094,Operations Check,Design Review,2025-11-12 13:57 - 2025-11-12 14:16,containment,19,Medium
3547,P094,One-on-One,Client Visit,2025-11-15 09:05 - 2025-11-15 09:25,containment,20,Medium
3548,P094,Client Visit,Design Review,2025-11-08 17:11 - 2025-11-08 17:26,containment,15,Medium
3549,P094,Product Demo,Design Review,2025-11-08 17:23 - 2025-11-08 17:30,partial overlap,7,Low
3550,P094,Code Review,Project Discussion,2025-11-16 10:15 - 2025-11-16 10:45,containment,30,Medium
3551,P094,Tech Sharing,Project Discussion,2025-11-13 11:12 - 2025-11-13 11:45,partial overlap,33,Medium
3552,P094,Project Discussion,Training,2025-11-12 18:00 - 2025-11-12 18:30,containment,30,Medium
3553,P094,Requirements Analysis,Brainstorming,2025-11-10 12:13 - 2025-11-10 12:49,containment,36,Medium
3554,P094,Product Demo,Client Visit,2025-11-08 17:23 - 2025-11-08 17:26,partial overlap,3,Low
3555,P094,Code Review,Brainstorming,2025-11-15 08:30 - 2025-11-15 08:52,containment,22,Medium
3556,P094,Requirements Analysis,Design Review,2025-11-14 08:45 - 2025-11-14 09:00,partial overlap,15,Medium
3557,P094,One-on-One,Code Review,2025-11-20 10:41 - 2025-11-20 11:00,partial overlap,19,Medium
3558,P094,Brainstorming,Code Review,2025-11-20 10:45 - 2025-11-20 11:00,partial overlap,15,Medium
3559,P094,Testing Acceptance,Deployment,2025-11-18 17:59 - 2025-11-18 18:15,partial overlap,16,Medium
3560,P094,Testing Acceptance,Operations Check,2025-11-18 18:15 - 2025-11-18 18:17,partial overlap,2,Low
3561,P094,One-on-One,Team Building,2025-11-20 11:00 - 2025-11-20 11:04,partial overlap,4,Low
3562,P094,Brainstorming,Team Building,2025-11-20 11:00 - 2025-11-20 11:15,partial overlap,15,Medium
3563,P094,Operations Check,Team Building,2025-11-20 11:00 - 2025-11-20 11:45,full overlap,45,High
3564,P094,Design Review,Team Building,2025-11-20 11:21 - 2025-11-20 11:45,partial overlap,24,Medium
3565,P094,One-on-One,Brainstorming,2025-11-20 10:45 - 2025-11-20 11:04,partial overlap,19,Medium
3566,P094,Operations Check,Brainstorming,2025-11-20 11:00 - 2025-11-20 11:15,partial overlap,15,Medium
3567,P094,Deployment,Testing Acceptance,2025-11-17 15:14 - 2025-11-17 15:30,partial overlap,16,Medium
3568,P094,Design Review,Requirements Analysis,2025-11-17 13:26 - 2025-11-17 13:45,partial overlap,19,Medium
3569,P094,One-on-One,Operations Check,2025-11-20 11:00 - 2025-11-20 11:04,partial overlap,4,Low
3570,P094,Design Review,Operations Check,2025-11-20 11:21 - 2025-11-20 11:45,partial overlap,24,Medium
3571,P095,Training,Team Building,2025-11-04 17:50 - 2025-11-04 18:10,containment,20,Medium
3572,P095,Deployment,Team Building,2025-11-04 18:30 - 2025-11-04 19:15,partial overlap,45,High
3573,P095,Tech Sharing,Project Discussion,2025-11-03 13:45 - 2025-11-03 14:15,partial overlap,30,Medium
3574,P095,Tech Sharing,Testing Acceptance,2025-11-07 11:00 - 2025-11-07 11:15,partial overlap,15,Medium
3575,P095,Training,Code Review,2025-11-11 16:45 - 2025-11-11 17:00,partial overlap,15,Medium
3576,P095,Training,Client Visit,2025-11-11 10:15 - 2025-11-11 10:45,partial overlap,30,Medium
3577,P095,Operations Check,Tech Sharing,2025-11-11 18:30 - 2025-11-11 18:45,partial overlap,15,Medium
3578,P095,Testing Acceptance,Requirements Analysis,2025-11-12 15:36 - 2025-11-12 16:00,partial overlap,24,Medium
3579,P095,One-on-One,Team Building,2025-11-16 12:15 - 2025-11-16 12:30,partial overlap,15,Medium
3580,P095,One-on-One,Requirements Analysis,2025-11-15 15:32 - 2025-11-15 15:59,containment,27,Medium
3581,P095,Code Review,Design Review,2025-11-17 08:45 - 2025-11-17 09:30,containment,45,High
3582,P095,Operations Check,Design Review,2025-11-17 08:45 - 2025-11-17 09:00,containment,15,Medium
3583,P095,Operations Check,Code Review,2025-11-17 08:45 - 2025-11-17 09:00,containment,15,Medium
3584,P095,Tech Sharing,Code Review,2025-11-17 09:30 - 2025-11-17 09:45,partial overlap,15,Medium
3585,P095,Project Discussion,Code Review,2025-11-17 09:30 - 2025-11-17 09:45,partial overlap,15,Medium
3586,P095,Client Visit,Training,2025-11-15 10:45 - 2025-11-15 11:00,partial overlap,15,Medium
3587,P095,Brainstorming,Client Visit,2025-11-19 15:51 - 2025-11-19 16:15,partial overlap,24,Medium
3588,P095,Project Discussion,Tech Sharing,2025-11-17 09:30 - 2025-11-17 10:00,containment,30,Medium
3589,P095,Testing Acceptance,Tech Sharing,2025-11-17 09:45 - 2025-11-17 10:00,partial overlap,15,Medium
3590,P095,One-on-One,Tech Sharing,2025-11-17 09:53 - 2025-11-17 10:00,partial overlap,7,Low
3591,P095,Meeting,Testing Acceptance,2025-11-18 12:15 - 2025-11-18 12:30,partial overlap,15,Medium
3592,P095,Operations Check,Testing Acceptance,2025-11-18 12:26 - 2025-11-18 12:30,partial overlap,4,Low
3593,P095,Design Review,Testing Acceptance,2025-11-17 16:30 - 2025-11-17 17:00,containment,30,Medium
3594,P095,Testing Acceptance,Testing Acceptance,2025-11-17 16:58 - 2025-11-17 17:00,partial overlap,2,Low
3595,P095,Operations Check,Meeting,2025-11-18 12:26 - 2025-11-18 13:00,partial overlap,34,Medium
3596,P095,Project Discussion,Meeting,2025-11-18 12:30 - 2025-11-18 13:00,partial overlap,30,Medium
3597,P095,One-on-One,Meeting,2025-11-18 12:31 - 2025-11-18 13:00,partial overlap,29,Medium
3598,P095,Meeting,One-on-One,2025-11-16 12:36 - 2025-11-16 12:51,containment,15,Medium
3599,P095,Testing Acceptance,Design Review,2025-11-17 16:58 - 2025-11-17 17:15,partial overlap,17,Medium
3600,P095,One-on-One,Training,2025-11-22 17:15 - 2025-11-22 17:30,partial overlap,15,Medium
3601,P095,Testing Acceptance,Project Discussion,2025-11-17 09:45 - 2025-11-17 10:15,containment,30,Medium
3602,P095,One-on-One,Project Discussion,2025-11-17 09:53 - 2025-11-17 10:15,partial overlap,22,Medium
3603,P095,Tech Sharing,Product Demo,2025-11-22 15:15 - 2025-11-22 15:30,containment,15,Medium
3604,P095,One-on-One,Testing Acceptance,2025-11-17 09:53 - 2025-11-17 10:15,partial overlap,22,Medium
3605,P095,Tech Sharing,Code Review,2025-11-21 11:15 - 2025-11-21 11:30,containment,15,Medium
3606,P095,Meeting,One-on-One,2025-11-23 15:46 - 2025-11-23 16:00,partial overlap,14,Low
3607,P095,Operations Check,Project Discussion,2025-11-18 12:30 - 2025-11-18 13:22,containment,52,High
3608,P095,One-on-One,Project Discussion,2025-11-18 12:31 - 2025-11-18 13:22,partial overlap,51,High
3609,P095,One-on-One,Operations Check,2025-11-18 12:31 - 2025-11-18 13:23,partial overlap,52,High
3610,P096,Client Visit,Team Building,2025-10-30 15:43 - 2025-10-30 16:00,partial overlap,17,Medium
3611,P096,Tech Sharing,Deployment,2025-11-02 11:15 - 2025-11-02 11:45,containment,30,Medium
3612,P096,Training,Product Demo,2025-11-02 13:15 - 2025-11-02 13:30,partial overlap,15,Medium
3613,P096,Requirements Analysis,Requirements Analysis,2025-11-06 15:15 - 2025-11-06 15:45,partial overlap,30,Medium
3614,P096,One-on-One,Project Discussion,2025-11-04 15:02 - 2025-11-04 15:21,containment,19,Medium
3615,P096,Training,Design Review,2025-11-12 16:09 - 2025-11-12 16:41,containment,32,Medium
3616,P096,Requirements Analysis,Design Review,2025-11-12 16:29 - 2025-11-12 17:00,partial overlap,31,Medium
3617,P096,Training,Design Review,2025-11-08 13:41 - 2025-11-08 14:15,containment,34,Medium
3618,P096,Code Review,Operations Check,2025-11-13 11:15 - 2025-11-13 12:00,containment,45,High
3619,P096,Meeting,Meeting,2025-11-14 12:30 - 2025-11-14 12:45,partial overlap,15,Medium
3620,P096,Brainstorming,Testing Acceptance,2025-11-15 14:30 - 2025-11-15 15:15,containment,45,High
3621,P096,Requirements Analysis,Training,2025-11-12 16:29 - 2025-11-12 16:41,partial overlap,12,Low
3622,P096,Product Demo,Deployment,2025-11-16 10:30 - 2025-11-16 10:45,containment,15,Medium
3623,P096,Deployment,Brainstorming,2025-11-17 18:15 - 2025-11-17 18:45,containment,30,Medium
3624,P096,Operations Check,Brainstorming,2025-11-17 18:44 - 2025-11-17 18:45,partial overlap,1,Low
3625,P096,Requirements Analysis,Design Review,2025-11-14 09:30 - 2025-11-14 09:48,partial overlap,18,Medium
3626,P096,Deployment,Meeting,2025-11-18 10:30 - 2025-11-18 11:00,partial overlap,30,Medium
3627,P096,Brainstorming,Meeting,2025-11-18 10:40 - 2025-11-18 11:00,partial overlap,20,Medium
3628,P096,Tech Sharing,Meeting,2025-11-18 10:45 - 2025-11-18 11:00,containment,15,Medium
3629,P096,Requirements Analysis,Meeting,2025-11-14 09:27 - 2025-11-14 09:30,partial overlap,3,Low
3630,P096,Training,One-on-One,2025-11-16 13:05 - 2025-11-16 13:15,partial overlap,10,Low
3631,P096,Operations Check,Deployment,2025-11-17 18:44 - 2025-11-17 19:00,partial overlap,16,Medium
3632,P096,One-on-One,Project Discussion,2025-11-21 10:58 - 2025-11-21 11:30,partial overlap,32,Medium
3633,P096,Testing Acceptance,Operations Check,2025-11-23 09:30 - 2025-11-23 09:45,partial overlap,15,Medium
3634,P096,Deployment,Tech Sharing,2025-11-18 10:45 - 2025-11-18 11:00,containment,15,Medium
3635,P096,Brainstorming,Tech Sharing,2025-11-18 10:45 - 2025-11-18 11:00,containment,15,Medium
3636,P096,Brainstorming,Deployment,2025-11-18 10:40 - 2025-11-18 11:15,partial overlap,35,Medium
3637,P096,One-on-One,Team Building,2025-11-22 15:15 - 2025-11-22 15:30,containment,15,Medium
3638,P096,Product Demo,Operations Check,2025-11-21 08:30 - 2025-11-21 08:45,partial overlap,15,Medium
3639,P097,One-on-One,Operations Check,2025-10-29 16:43 - 2025-10-29 17:15,partial overlap,32,Medium
3640,P097,Testing Acceptance,Tech Sharing,2025-11-03 14:30 - 2025-11-03 14:45,partial overlap,15,Medium
3641,P097,Requirements Analysis,Code Review,2025-11-05 18:30 - 2025-11-05 19:30,containment,60,High
3642,P097,Design Review,Code Review,2025-11-01 08:39 - 2025-11-01 09:15,partial overlap,36,Medium
3643,P097,Team Building,Meeting,2025-11-10 16:00 - 2025-11-10 16:45,containment,45,High
3644,P097,Code Review,Project Discussion,2025-11-12 09:45 - 2025-11-12 09:51,partial overlap,6,Low
3645,P097,Client Visit,Client Visit,2025-11-13 10:35 - 2025-11-13 11:00,partial overlap,25,Medium
3646,P097,Team Building,Deployment,2025-11-12 18:30 - 2025-11-12 19:00,full overlap,30,Medium
3647,P097,Deployment,Requirements Analysis,2025-11-12 11:15 - 2025-11-12 11:30,partial overlap,15,Medium
3648,P097,Code Review,Client Visit,2025-11-12 09:25 - 2025-11-12 09:45,partial overlap,20,Medium
3649,P097,Code Review,Meeting,2025-11-16 11:31 - 2025-11-16 11:57,containment,26,Medium
3650,P097,Operations Check,Tech Sharing,2025-11-11 11:25 - 2025-11-11 12:15,containment,50,High
3651,P097,Operations Check,Tech Sharing,2025-11-11 11:41 - 2025-11-11 12:09,containment,28,Medium
3652,P097,Brainstorming,Tech Sharing,2025-11-11 12:03 - 2025-11-11 12:15,partial overlap,12,Low
3653,P097,One-on-One,Project Discussion,2025-11-13 14:30 - 2025-11-13 14:45,partial overlap,15,Medium
3654,P097,Operations Check,Operations Check,2025-11-11 11:41 - 2025-11-11 12:09,containment,28,Medium
3655,P097,Brainstorming,Operations Check,2025-11-11 12:03 - 2025-11-11 12:09,partial overlap,6,Low
3656,P097,Brainstorming,Operations Check,2025-11-11 12:03 - 2025-11-11 12:15,partial overlap,12,Low
3657,P097,Testing Acceptance,Project Discussion,2025-11-15 17:15 - 2025-11-15 17:30,partial overlap,15,Medium
3658,P097,One-on-One,Team Building,2025-11-20 09:53 - 2025-11-20 10:30,partial overlap,37,Medium
3659,P097,Client Visit,Project Discussion,2025-11-17 18:30 - 2025-11-17 18:45,partial overlap,15,Medium
3660,P097,Team Building,Team Building,2025-11-19 18:00 - 2025-11-19 18:10,partial overlap,10,Low
3661,P097,Testing Acceptance,Deployment,2025-11-21 12:30 - 2025-11-21 13:00,partial overlap,30,Medium
3662,P097,Code Review,Deployment,2025-11-21 12:45 - 2025-11-21 13:00,partial overlap,15,Medium
3663,P097,Code Review,Testing Acceptance,2025-11-21 12:45 - 2025-11-21 13:15,partial overlap,30,Medium
3664,P097,Brainstorming,Meeting,2025-11-20 12:17 - 2025-11-20 12:30,partial overlap,13,Low
3665,P097,Team Building,Project Discussion,2025-11-17 17:15 - 2025-11-17 17:30,containment,15,Medium
3666,P097,Design Review,Product Demo,2025-11-20 15:00 - 2025-11-20 15:15,partial overlap,15,Medium
3667,P097,Meeting,Operations Check,2025-11-23 08:00 - 2025-11-23 08:45,full overlap,45,High
3668,P097,Project Discussion,Operations Check,2025-11-23 08:24 - 2025-11-23 08:45,partial overlap,21,Medium
3669,P097,Project Discussion,Meeting,2025-11-23 08:24 - 2025-11-23 08:45,partial overlap,21,Medium
3670,P098,Brainstorming,One-on-One,2025-11-05 17:47 - 2025-11-05 18:08,containment,21,Medium
3671,P098,Testing Acceptance,Team Building,2025-11-04 11:45 - 2025-11-04 12:15,partial overlap,30,Medium
3672,P098,Testing Acceptance,Client Visit,2025-11-07 15:46 - 2025-11-07 16:30,partial overlap,44,Medium
3673,P098,Tech Sharing,Product Demo,2025-11-12 13:30 - 2025-11-12 13:45,partial overlap,15,Medium
3674,P098,One-on-One,Product Demo,2025-11-12 13:30 - 2025-11-12 13:38,partial overlap,8,Low
3675,P098,Operations Check,Product Demo,2025-11-12 13:30 - 2025-11-12 13:56,partial overlap,26,Medium
3676,P098,Training,Meeting,2025-11-06 09:06 - 2025-11-06 09:31,containment,25,Medium
3677,P098,Tech Sharing,Product Demo,2025-11-08 16:15 - 2025-11-08 16:30,partial overlap,15,Medium
3678,P098,Team Building,Deployment,2025-11-10 13:30 - 2025-11-10 13:45,partial overlap,15,Medium
3679,P098,Project Discussion,Testing Acceptance,2025-11-16 16:09 - 2025-11-16 16:32,containment,23,Medium
3680,P098,Requirements Analysis,Testing Acceptance,2025-11-16 16:30 - 2025-11-16 16:45,partial overlap,15,Medium
3681,P098,Product Demo,Design Review,2025-11-13 18:15 - 2025-11-13 18:45,partial overlap,30,Medium
3682,P098,Testing Acceptance,Design Review,2025-11-13 18:26 - 2025-11-13 19:10,containment,44,Medium
3683,P098,Design Review,Design Review,2025-11-13 18:29 - 2025-11-13 18:53,containment,24,Medium
3684,P098,Team Building,Design Review,2025-11-13 18:31 - 2025-11-13 18:56,containment,25,Medium
3685,P098,Tech Sharing,Design Review,2025-11-13 18:40 - 2025-11-13 18:59,containment,19,Medium
3686,P098,Meeting,One-on-One,2025-11-16 08:30 - 2025-11-16 09:15,full overlap,45,High
3687,P098,Code Review,One-on-One,2025-11-16 08:45 - 2025-11-16 09:15,partial overlap,30,Medium
3688,P098,One-on-One,Tech Sharing,2025-11-12 12:56 - 2025-11-12 13:38,containment,42,Medium
3689,P098,Operations Check,Tech Sharing,2025-11-12 13:18 - 2025-11-12 13:45,partial overlap,27,Medium
3690,P098,Operations Check,One-on-One,2025-11-12 13:18 - 2025-11-12 13:38,partial overlap,20,Medium
3691,P098,Product Demo,Testing Acceptance,2025-11-13 18:26 - 2025-11-13 18:45,partial overlap,19,Medium
3692,P098,Design Review,Testing Acceptance,2025-11-13 18:29 - 2025-11-13 18:53,containment,24,Medium
3693,P098,Team Building,Testing Acceptance,2025-11-13 18:31 - 2025-11-13 18:56,containment,25,Medium
3694,P098,Tech Sharing,Testing Acceptance,2025-11-13 18:40 - 2025-11-13 18:59,containment,19,Medium
3695,P098,Meeting,Code Review,2025-11-16 08:45 - 2025-11-16 09:15,partial overlap,30,Medium
3696,P098,Design Review,Code Review,2025-11-16 09:15 - 2025-11-16 09:34,partial overlap,19,Medium
3697,P098,Brainstorming,Code Review,2025-11-16 09:20 - 2025-11-16 09:34,partial overlap,14,Low
3698,P098,Product Demo,Team Building,2025-11-13 18:31 - 2025-11-13 18:45,partial overlap,14,Low
3699,P098,Design Review,Team Building,2025-11-13 18:31 - 2025-11-13 18:53,partial overlap,22,Medium
3700,P098,Tech Sharing,Team Building,2025-11-13 18:40 - 2025-11-13 18:56,partial overlap,16,Medium
3701,P098,Requirements Analysis,Project Discussion,2025-11-16 16:30 - 2025-11-16 16:32,partial overlap,2,Low
3702,P098,Product Demo,Tech Sharing,2025-11-13 18:40 - 2025-11-13 18:45,partial overlap,5,Low
3703,P098,Design Review,Tech Sharing,2025-11-13 18:40 - 2025-11-13 18:53,partial overlap,13,Low
3704,P098,Design Review,Product Demo,2025-11-13 18:29 - 2025-11-13 18:45,partial overlap,16,Medium
3705,P098,Product Demo,Design Review,2025-11-17 14:15 - 2025-11-17 14:36,partial overlap,21,Medium
3706,P098,Requirements Analysis,Design Review,2025-11-17 14:30 - 2025-11-17 14:45,partial overlap,15,Medium
3707,P098,Product Demo,Requirements Analysis,2025-11-17 14:30 - 2025-11-17 14:36,partial overlap,6,Low
3708,P098,Operations Check,Operations Check,2025-11-20 15:51 - 2025-11-20 16:12,containment,21,Medium
3709,P098,Product Demo,Code Review,2025-11-17 13:39 - 2025-11-17 13:45,partial overlap,6,Low
3710,P098,Project Discussion,One-on-One,2025-11-19 11:40 - 2025-11-19 12:15,partial overlap,35,Medium
3711,P098,Product Demo,Tech Sharing,2025-11-19 16:16 - 2025-11-19 16:45,partial overlap,29,Medium
3712,P098,Requirements Analysis,Tech Sharing,2025-11-19 16:20 - 2025-11-19 16:35,containment,15,Medium
3713,P098,Project Discussion,Team Building,2025-11-19 12:15 - 2025-11-19 12:36,partial overlap,21,Medium
3714,P098,Operations Check,Product Demo,2025-11-17 09:45 - 2025-11-17 09:49,partial overlap,4,Low
3715,P098,Brainstorming,Design Review,2025-11-18 11:15 - 2025-11-18 11:30,containment,15,Medium
3716,P098,Meeting,Design Review,2025-11-18 11:26 - 2025-11-18 11:45,partial overlap,19,Medium
3717,P098,Meeting,Project Discussion,2025-11-17 12:06 - 2025-11-17 12:15,partial overlap,9,Low
3718,P098,Brainstorming,Design Review,2025-11-16 09:20 - 2025-11-16 09:45,partial overlap,25,Medium
3719,P098,Team Building,Product Demo,2025-11-19 14:55 - 2025-11-19 15:15,partial overlap,20,Medium
3720,P098,Meeting,Brainstorming,2025-11-18 11:26 - 2025-11-18 11:30,partial overlap,4,Low
3721,P098,Brainstorming,Tech Sharing,2025-11-20 16:38 - 2025-11-20 17:02,containment,24,Medium
3722,P098,Product Demo,Requirements Analysis,2025-11-19 16:20 - 2025-11-19 16:35,containment,15,Medium
3723,P099,Meeting,Design Review,2025-11-02 18:22 - 2025-11-02 18:58,containment,36,Medium
3724,P099,Project Discussion,Design Review,2025-11-02 18:32 - 2025-11-02 18:48,containment,16,Medium
3725,P099,Client Visit,Testing Acceptance,2025-11-01 10:15 - 2025-11-01 10:45,containment,30,Medium
3726,P099,Deployment,Operations Check,2025-11-05 09:30 - 2025-11-05 10:00,partial overlap,30,Medium
3727,P099,Client Visit,One-on-One,2025-10-29 16:58 - 2025-10-29 17:18,containment,20,Medium
3728,P099,Deployment,Product Demo,2025-11-04 13:43 - 2025-11-04 14:06,containment,23,Medium
3729,P099,Project Discussion,Meeting,2025-11-02 18:32 - 2025-11-02 18:48,containment,16,Medium
3730,P099,Code Review,One-on-One,2025-11-09 17:15 - 2025-11-09 17:36,partial overlap,21,Medium
3731,P099,Code Review,Tech Sharing,2025-11-09 16:42 - 2025-11-09 17:15,partial overlap,33,Medium
3732,P099,Code Review,Testing Acceptance,2025-11-15 14:45 - 2025-11-15 15:15,partial overlap,30,Medium
3733,P099,Testing Acceptance,Operations Check,2025-11-15 10:30 - 2025-11-15 11:00,partial overlap,30,Medium
3734,P099,Requirements Analysis,Team Building,2025-11-13 16:22 - 2025-11-13 16:30,partial overlap,8,Low
3735,P099,Operations Check,Brainstorming,2025-11-12 11:03 - 2025-11-12 11:15,partial overlap,12,Low
3736,P099,Operations Check,Client Visit,2025-11-20 17:45 - 2025-11-20 18:00,containment,15,Medium
3737,P099,Meeting,Testing Acceptance,2025-11-22 14:25 - 2025-11-22 14:30,partial overlap,5,Low
3738,P099,Team Building,Deployment,2025-11-16 08:45 - 2025-11-16 09:00,partial overlap,15,Medium
3739,P099,Requirements Analysis,Deployment,2025-11-16 08:45 - 2025-11-16 09:13,partial overlap,28,Medium
3740,P099,Requirements Analysis,Team Building,2025-11-16 08:41 - 2025-11-16 09:00,partial overlap,19,Medium
3741,P099,Brainstorming,Training,2025-11-24 17:45 - 2025-11-24 18:15,full overlap,30,Medium
3742,P099,Code Review,Training,2025-11-24 17:50 - 2025-11-24 18:15,partial overlap,25,Medium
3743,P099,Code Review,Brainstorming,2025-11-24 17:50 - 2025-11-24 18:15,partial overlap,25,Medium
3744,P099,Training,Product Demo,2025-11-24 16:14 - 2025-11-24 16:45,partial overlap,31,Medium
3745,P100,Training,Training,2025-11-02 14:15 - 2025-11-02 15:30,partial overlap,75,High
3746,P100,Brainstorming,One-on-One,2025-11-06 10:49 - 2025-11-06 11:15,partial overlap,26,Medium
3747,P100,Team Building,One-on-One,2025-11-06 11:02 - 2025-11-06 11:15,partial overlap,13,Low
3748,P100,Team Building,Brainstorming,2025-11-06 11:02 - 2025-11-06 11:43,partial overlap,41,Medium
3749,P100,Design Review,Code Review,2025-11-04 12:59 - 2025-11-04 13:15,partial overlap,16,Medium
3750,P100,Training,Testing Acceptance,2025-11-09 15:45 - 2025-11-09 16:00,partial overlap,15,Medium
3751,P100,Design Review,Client Visit,2025-11-07 11:15 - 2025-11-07 11:30,partial overlap,15,Medium
3752,P100,One-on-One,Design Review,2025-11-09 17:06 - 2025-11-09 17:43,containment,37,Medium
3753,P100,Testing Acceptance,Design Review,2025-11-09 17:19 - 2025-11-09 17:45,partial overlap,26,Medium
3754,P100,Meeting,Design Review,2025-11-09 17:30 - 2025-11-09 17:45,partial overlap,15,Medium
3755,P100,Brainstorming,Code Review,2025-11-12 16:54 - 2025-11-12 17:15,partial overlap,21,Medium
3756,P100,Code Review,Brainstorming,2025-11-15 11:15 - 2025-11-15 11:45,full overlap,30,Medium
3757,P100,One-on-One,Meeting,2025-11-09 17:30 - 2025-11-09 17:43,partial overlap,13,Low
3758,P100,Testing Acceptance,Meeting,2025-11-09 17:30 - 2025-11-09 17:53,partial overlap,23,Medium
3759,P100,Testing Acceptance,Operations Check,2025-11-14 18:15 - 2025-11-14 18:45,containment,30,Medium
3760,P100,Testing Acceptance,One-on-One,2025-11-09 17:19 - 2025-11-09 17:43,partial overlap,24,Medium
3761,P100,Design Review,Requirements Analysis,2025-11-21 10:00 - 2025-11-21 10:15,containment,15,Medium
3762,P100,Training,Testing Acceptance,2025-11-20 11:04 - 2025-11-20 11:22,containment,18,Medium
3763,P100,Project Discussion,Operations Check,2025-11-18 15:30 - 2025-11-18 15:45,containment,15,Medium
3764,P100,Operations Check,Training,2025-11-23 13:45 - 2025-11-23 14:00,containment,15,Medium
3765,P100,Meeting,Training,2025-11-23 12:45 - 2025-11-23 13:00,full overlap,15,Medium
3766,P100,Client Visit,One-on-One,2025-11-24 15:00 - 2025-11-24 15:30,partial overlap,30,Medium
